customer_age,order_amount,previous_orders,previous_returns,previous_refunds,delivery_days,discount_percentage,customer_account_age_days,orders_last_30_days,returns_last_90_days,return_rate,refund_rate,payment_method,product_category,return_risk
49,1424.36,6,0,0,2,7.37,1007,2,0,0.0591,0.023,UPI,Fashion,0
36,2001.68,6,1,1,4,29.38,978,6,3,0.2681,0.166,Cash on Delivery,Accessories,1
34,1716.26,6,1,0,4,11.19,1421,1,0,0.1469,0.0318,UPI,Grocery,0
27,1501.44,8,0,0,6,11.85,1055,6,2,0.0949,0.0168,UPI,Electronics,0
35,2337.69,7,1,0,3,8.45,125,2,2,0.2435,0.0432,UPI,Home,0
29,1704.64,5,0,0,3,9.51,688,3,0,0.0576,0.0404,UPI,Home,0
28,1406.01,9,0,0,4,16.92,655,0,2,0.1853,0.0399,UPI,Fashion,0
31,1020.59,6,3,2,3,19.47,191,3,3,0.5209,0.3202,Cash on Delivery,Beauty,1
38,947.32,7,0,0,3,24.78,430,2,0,0.0609,0.0433,UPI,Accessories,0
20,2639.74,2,0,0,3,5.25,317,3,0,0.1139,0.0911,Credit Card,Beauty,0
21,2466.63,16,0,0,4,6.71,1113,1,1,0.0865,0.007,Debit Card,Electronics,1
35,2552.64,3,0,0,6,17.97,757,2,2,0.2113,0.0611,UPI,Beauty,1
37,2232.04,3,1,1,5,20.12,490,10,2,0.3302,0.3218,Credit Card,Beauty,1
34,1436.25,6,0,0,3,7.99,794,3,1,0.1035,0.0102,Cash on Delivery,Fashion,0
34,1079.81,6,0,0,3,20.82,391,2,1,0.1136,0.0576,UPI,Home,0
37,1052.78,9,0,0,5,6.11,291,3,2,0.0908,0.0269,UPI,Fashion,0
51,2355.96,7,0,0,3,12.86,1287,4,1,0.1139,0.0426,Net Banking,Electronics,0
35,987.03,4,0,0,3,14.14,1166,3,1,0.1175,0.0342,Net Banking,Accessories,0
39,2309.57,5,0,0,5,16.77,1183,2,0,0.063,0.0325,UPI,Home,0
25,1083.39,11,0,0,3,13.92,1140,2,0,0.0378,0.0424,Cash on Delivery,Accessories,0
41,2747.24,8,0,0,4,10.18,1140,1,0,0.0599,0.0431,Debit Card,Home,0
29,1062.97,7,0,0,3,15.37,1071,1,1,0.1003,0.0131,Cash on Delivery,Home,0
35,3681.14,6,0,0,2,6.82,564,3,1,0.0267,0.0768,Debit Card,Accessories,1
33,1105.1,10,0,0,3,6.93,1131,2,0,0.0555,0.0228,Credit Card,Electronics,0
43,1034.67,12,1,0,2,16.92,864,5,1,0.1484,0.0,Cash on Delivery,Electronics,0
22,1041.33,7,0,0,1,9.27,469,1,5,0.3625,0.0356,UPI,Accessories,0
18,3308.42,5,2,0,4,18.12,803,4,1,0.3389,0.0406,Cash on Delivery,Fashion,1
32,2054.82,5,0,0,4,11.46,1526,4,0,0.1028,0.0661,Debit Card,Fashion,0
38,1144.85,7,0,0,4,4.5,947,2,0,0.0067,0.0182,Credit Card,Home,0
35,1390.4,8,0,0,2,23.26,1014,3,0,0.0796,0.0283,Net Banking,Home,0
45,737.99,13,2,0,5,18.53,411,3,1,0.1608,0.047,Net Banking,Fashion,0
38,2340.0,5,3,0,4,14.65,487,4,0,0.4465,0.0566,UPI,Electronics,1
29,2360.78,7,1,0,1,2.3,865,1,1,0.2146,0.0214,Credit Card,Electronics,1
32,2268.16,10,3,3,6,35.99,192,6,1,0.2729,0.2798,Cash on Delivery,Electronics,1
33,592.7,2,0,0,5,24.2,134,2,2,0.1981,0.1039,UPI,Fashion,1
21,2640.0,4,0,0,4,6.47,366,7,1,0.0653,0.055,Cash on Delivery,Grocery,0
18,2888.38,13,0,0,3,0.05,733,0,2,0.1867,0.0417,UPI,Electronics,0
32,1135.47,4,0,0,3,13.68,670,4,0,0.0647,0.0421,Credit Card,Accessories,0
43,1235.91,6,1,0,4,14.81,415,2,0,0.1704,0.0096,Credit Card,Fashion,1
30,1750.74,11,0,0,2,27.54,480,2,1,0.0449,0.0572,Cash on Delivery,Fashion,1
34,811.43,11,0,0,2,13.5,302,1,2,0.1753,0.037,UPI,Fashion,0
38,878.05,8,0,0,4,29.22,591,2,0,0.0332,0.0126,Credit Card,Fashion,0
25,1261.88,10,1,1,1,10.24,736,4,0,0.127,0.125,Cash on Delivery,Fashion,0
25,609.9,11,3,2,2,13.13,323,6,1,0.2308,0.1951,Credit Card,Fashion,1
40,1687.27,7,1,0,3,2.09,768,4,1,0.1812,0.0344,Credit Card,Grocery,0
49,653.25,14,7,0,5,6.73,1499,5,2,0.4551,0.0,Credit Card,Home,0
32,613.1,5,0,0,2,16.82,191,1,0,0.0631,0.0635,UPI,Home,0
24,6023.98,4,0,0,2,32.98,1955,3,0,0.0315,0.0875,UPI,Fashion,0
33,1835.46,11,0,0,6,10.45,1141,2,0,0.0309,0.0301,Debit Card,Electronics,0
18,3101.72,8,0,0,2,2.0,838,3,0,0.0,0.0282,UPI,Electronics,0
36,1573.24,4,1,1,5,23.21,67,2,1,0.2596,0.256,Debit Card,Home,1
37,1339.82,8,1,0,4,6.25,458,0,0,0.0848,0.0325,UPI,Fashion,1
40,1360.52,3,2,2,5,16.22,238,6,3,0.5355,0.5736,Net Banking,Home,1
18,2458.62,8,4,2,4,12.52,75,4,2,0.4312,0.2477,Cash on Delivery,Home,1
38,1111.53,5,0,0,2,14.18,612,1,0,0.0568,0.0753,UPI,Electronics,0
24,1414.68,6,5,0,4,9.11,198,4,1,0.5916,0.0568,Net Banking,Beauty,1
49,576.7,7,0,0,3,24.08,1128,3,1,0.1038,0.0287,Credit Card,Fashion,1
32,1971.81,8,0,0,2,3.01,510,2,1,0.0914,0.0128,UPI,Electronics,0
38,930.11,10,1,1,3,8.28,1186,0,2,0.2866,0.1151,Credit Card,Electronics,0
26,1094.98,6,0,0,1,14.57,793,3,1,0.0965,0.0686,Cash on Delivery,Fashion,0
31,3531.36,11,1,1,3,11.86,791,1,0,0.0633,0.0821,Credit Card,Accessories,0
20,641.76,7,0,0,7,24.03,1129,1,1,0.0904,0.0484,Debit Card,Home,0
29,731.26,5,2,1,6,39.72,454,5,6,0.4591,0.2032,Credit Card,Fashion,0
32,1548.57,5,0,0,2,4.26,391,4,0,0.0733,0.0618,UPI,Grocery,0
31,948.01,13,0,0,3,4.09,660,1,0,0.0136,0.0226,Credit Card,Fashion,0
37,2207.62,8,0,0,2,14.03,739,2,0,0.0606,0.0648,UPI,Electronics,0
28,2648.51,7,1,0,3,1.85,1100,3,1,0.186,0.0246,Credit Card,Electronics,0
22,2125.84,8,2,1,6,28.58,658,2,3,0.3456,0.1555,UPI,Electronics,1
35,1144.84,12,1,0,2,26.31,1431,1,1,0.1496,0.0392,UPI,Electronics,0
22,1086.97,5,2,0,3,19.96,642,6,1,0.2999,0.0522,UPI,Accessories,0
31,511.98,14,2,0,1,11.3,370,5,0,0.1055,0.0187,Credit Card,Grocery,0
31,860.25,6,0,0,2,24.26,797,4,0,0.0506,0.0464,Cash on Delivery,Home,0
35,367.92,10,0,0,2,12.55,352,1,0,0.0288,0.0381,Cash on Delivery,Fashion,0
33,5022.85,4,0,0,3,30.47,142,6,3,0.1545,0.079,Net Banking,Beauty,1
34,1314.39,4,1,0,4,21.64,793,1,1,0.2931,0.0744,Credit Card,Home,1
41,1174.05,8,0,0,2,39.1,1018,2,1,0.107,0.0472,Cash on Delivery,Electronics,0
33,409.81,5,0,0,3,10.5,613,1,0,0.0948,0.0504,UPI,Beauty,1
31,1213.89,6,0,0,2,19.46,1471,3,2,0.1204,0.0,UPI,Beauty,0
32,768.01,9,1,1,2,0.18,1025,3,0,0.1028,0.1368,Credit Card,Fashion,0
28,1311.23,4,0,0,6,4.97,982,3,1,0.0662,0.0529,Net Banking,Fashion,0
42,2004.7,4,0,0,1,14.35,105,3,2,0.1786,0.0553,Credit Card,Beauty,0
31,1290.09,3,0,0,3,10.9,855,1,0,0.0711,0.076,UPI,Fashion,0
52,752.17,6,2,0,4,4.33,1119,4,1,0.3015,0.0382,Cash on Delivery,Electronics,0
26,1746.68,4,0,0,5,19.5,1534,2,1,0.1233,0.081,Debit Card,Home,0
31,2264.46,8,0,0,4,14.49,885,2,0,0.0272,0.0626,Debit Card,Electronics,0
31,3034.96,10,1,1,4,19.56,633,2,0,0.0843,0.0693,Credit Card,Accessories,0
32,1338.09,8,1,0,3,12.99,2452,3,0,0.1358,0.0343,UPI,Fashion,1
31,791.22,12,3,1,1,10.92,872,3,0,0.2011,0.0859,UPI,Home,1
18,3633.29,4,0,0,2,58.31,102,2,1,0.1115,0.075,UPI,Home,0
37,1076.7,12,1,1,7,11.3,735,4,1,0.1471,0.0947,Credit Card,Home,0
19,1489.8,7,0,0,3,8.37,1088,5,0,0.0,0.0688,Cash on Delivery,Fashion,0
43,3658.02,9,0,0,6,1.49,239,2,0,0.0672,0.0286,Net Banking,Accessories,1
40,3900.69,11,0,0,4,8.5,354,2,0,0.0117,0.017,Cash on Delivery,Fashion,0
23,1015.04,14,1,0,1,7.73,201,4,1,0.132,0.0185,UPI,Accessories,0
18,2655.91,6,0,0,3,4.58,232,1,0,0.0329,0.0368,UPI,Electronics,0
25,1674.58,5,0,0,4,25.94,438,3,1,0.1474,0.0224,Debit Card,Electronics,0
32,754.48,5,0,0,4,2.51,613,0,0,0.0947,0.057,UPI,Home,0
57,787.23,15,0,0,1,13.22,596,1,1,0.0561,0.0367,Net Banking,Fashion,0
39,2908.96,7,1,0,4,15.36,747,0,0,0.1651,0.0467,Credit Card,Home,0
18,1714.47,5,1,0,3,11.32,952,3,2,0.2755,0.0728,Cash on Delivery,Grocery,0
28,1321.54,5,0,0,3,3.06,627,1,0,0.0552,0.0637,UPI,Electronics,0
34,1047.05,7,0,0,4,8.36,970,1,0,0.0396,0.0655,Cash on Delivery,Fashion,0
36,1114.76,8,0,0,2,18.08,1526,4,0,0.0324,0.047,Credit Card,Electronics,0
22,1874.82,6,0,0,2,7.77,2116,1,2,0.1835,0.0353,Net Banking,Home,0
28,2206.99,8,2,2,5,22.95,342,6,1,0.2483,0.2554,Credit Card,Beauty,1
33,759.5,5,1,0,3,5.2,1668,3,0,0.2053,0.0403,Cash on Delivery,Electronics,1
28,1096.65,7,0,0,4,26.77,1966,3,1,0.0992,0.0509,UPI,Accessories,0
24,2123.64,11,0,0,3,15.66,757,3,1,0.1066,0.0139,Credit Card,Fashion,0
36,1079.16,6,2,0,4,7.46,256,1,0,0.2419,0.0534,Net Banking,Accessories,0
41,1118.26,9,0,0,3,15.19,719,1,0,0.0344,0.045,Net Banking,Grocery,0
42,651.02,10,0,0,4,9.7,413,1,1,0.0987,0.0566,Credit Card,Electronics,1
39,1528.08,4,0,0,5,12.82,762,4,3,0.2151,0.0914,Credit Card,Beauty,0
33,1274.98,4,0,0,4,36.0,1211,3,0,0.0408,0.0653,Cash on Delivery,Beauty,0
35,2161.93,6,1,1,3,31.97,138,1,3,0.3314,0.1963,Debit Card,Fashion,0
30,1515.11,9,1,0,3,11.59,351,2,0,0.123,0.0,Credit Card,Home,0
32,1861.91,6,1,1,1,19.74,614,4,2,0.2437,0.1663,UPI,Accessories,0
43,950.84,3,0,0,4,24.93,168,4,1,0.1278,0.0719,UPI,Grocery,1
40,1930.9,7,0,0,4,6.79,844,2,0,0.0393,0.0348,Cash on Delivery,Fashion,0
29,1539.03,6,2,1,4,49.2,87,5,3,0.3964,0.1798,Cash on Delivery,Beauty,1
37,1031.1,7,1,0,4,24.37,494,1,0,0.1626,0.0567,UPI,Electronics,0
39,798.28,5,0,0,8,34.94,56,6,2,0.1508,0.0382,UPI,Electronics,1
24,667.41,3,1,1,5,26.14,242,7,1,0.2788,0.3094,Credit Card,Electronics,1
35,712.61,10,0,0,3,1.82,492,1,3,0.2007,0.0196,Credit Card,Home,0
28,800.21,13,0,0,3,8.27,1431,5,0,0.0204,0.0302,Credit Card,Beauty,1
30,780.69,6,0,0,1,20.14,858,2,1,0.1074,0.0093,UPI,Grocery,0
35,954.17,11,0,0,2,12.15,788,3,0,0.0003,0.0169,UPI,Electronics,0
29,3363.13,4,2,0,6,21.33,270,2,3,0.5121,0.0659,Credit Card,Home,0
19,1047.39,7,4,3,7,36.15,534,4,3,0.5431,0.3941,Cash on Delivery,Home,1
56,707.3,8,0,0,3,4.03,1241,1,0,0.0684,0.0226,UPI,Electronics,0
37,1364.07,12,0,0,3,13.48,960,3,0,0.0,0.0316,UPI,Electronics,0
28,1462.59,6,0,0,5,15.37,1228,2,0,0.0719,0.0666,Credit Card,Grocery,0
27,3555.43,10,0,0,2,8.59,727,2,1,0.1067,0.0165,Credit Card,Beauty,0
30,1472.02,11,2,0,4,2.4,1186,1,1,0.1838,0.023,Net Banking,Electronics,0
54,1480.99,9,4,1,3,2.23,270,4,1,0.3795,0.1045,UPI,Beauty,0
36,1707.81,2,2,0,5,32.04,1427,4,2,0.6686,0.0774,Cash on Delivery,Grocery,0
30,955.53,5,1,0,3,18.11,719,1,1,0.264,0.0259,Credit Card,Beauty,0
42,1651.68,12,1,0,3,7.19,919,5,0,0.0334,0.0129,Credit Card,Electronics,0
31,2053.44,11,0,0,3,14.41,612,2,2,0.1606,0.0286,UPI,Grocery,0
36,932.81,8,0,0,2,13.24,735,1,0,0.03,0.038,Credit Card,Electronics,0
28,875.63,3,0,0,1,24.2,419,5,2,0.1355,0.0821,Cash on Delivery,Grocery,0
32,1527.34,3,0,0,3,13.62,805,6,2,0.1367,0.0659,UPI,Fashion,1
41,2274.07,13,2,1,3,3.6,1266,2,1,0.2102,0.1115,Credit Card,Home,1
29,581.86,7,0,0,4,34.11,1287,3,0,0.0203,0.0561,Credit Card,Beauty,0
28,1395.25,10,1,1,3,18.28,917,3,0,0.1216,0.1135,Net Banking,Fashion,0
49,447.55,9,0,0,4,11.18,1569,1,3,0.2508,0.0508,UPI,Accessories,0
43,756.88,6,0,0,4,3.69,402,2,0,0.0546,0.063,Debit Card,Grocery,0
41,835.89,7,0,0,2,11.58,676,0,1,0.1533,0.0194,UPI,Home,0
41,2476.2,6,0,0,5,13.98,690,2,0,0.0679,0.0368,Cash on Delivery,Electronics,0
38,2191.96,8,0,0,3,20.57,1490,1,0,0.0333,0.014,Credit Card,Electronics,0
52,952.71,14,0,0,4,18.35,1026,1,0,0.0335,0.0159,Credit Card,Electronics,0
26,1345.82,4,0,0,4,40.07,405,3,2,0.1421,0.0695,Debit Card,Fashion,1
34,1267.88,13,1,1,2,15.49,1714,4,0,0.0879,0.0721,Debit Card,Fashion,0
39,861.4,13,0,0,4,13.87,280,1,0,0.0292,0.0152,Net Banking,Beauty,0
21,1065.17,8,0,0,2,24.47,932,3,1,0.1014,0.0256,Debit Card,Fashion,0
34,2898.8,5,1,0,3,16.74,301,5,3,0.2778,0.0278,Net Banking,Electronics,0
27,2648.66,5,1,0,4,22.76,797,1,1,0.2697,0.0664,UPI,Grocery,0
23,928.71,8,1,0,3,4.53,125,1,1,0.1657,0.0207,Net Banking,Home,0
45,591.54,8,1,1,3,4.09,486,2,0,0.1263,0.1544,UPI,Beauty,0
18,2326.5,15,2,0,4,26.3,405,3,2,0.1788,0.02,UPI,Accessories,0
30,2563.45,4,1,0,4,16.85,1019,5,1,0.2328,0.0627,UPI,Electronics,0
18,1002.72,8,1,0,5,2.55,1452,0,1,0.1831,0.1011,UPI,Fashion,0
27,1791.02,9,1,0,4,11.95,640,0,0,0.1192,0.0141,UPI,Home,0
30,1193.37,6,0,0,5,2.38,394,3,0,0.03,0.0505,UPI,Electronics,0
46,3226.33,10,1,0,3,17.76,346,6,0,0.1176,0.0588,UPI,Home,1
38,1242.6,9,0,0,3,12.64,1762,1,0,0.023,0.0285,UPI,Fashion,0
32,848.47,6,2,1,2,17.1,1695,5,2,0.3459,0.2143,Cash on Delivery,Electronics,1
27,1114.19,9,0,0,3,7.81,523,3,1,0.1273,0.0342,Credit Card,Fashion,0
44,426.11,4,0,0,3,25.52,72,3,0,0.1045,0.0374,Cash on Delivery,Accessories,0
34,1518.35,4,0,0,4,14.22,558,2,1,0.076,0.0663,UPI,Grocery,0
34,1264.74,11,0,0,2,10.73,274,3,0,0.0171,0.0539,Credit Card,Grocery,0
23,582.91,9,1,0,4,9.31,818,0,0,0.1362,0.0122,UPI,Beauty,0
25,1289.34,7,2,0,3,5.98,774,5,1,0.247,0.035,Debit Card,Grocery,0
27,1919.39,7,1,0,2,5.87,637,0,0,0.135,0.0358,Credit Card,Home,0
34,2328.89,10,0,0,4,16.98,305,3,2,0.1043,0.0205,UPI,Electronics,0
35,656.34,16,2,2,2,11.66,759,4,0,0.1072,0.1414,Net Banking,Electronics,0
48,3511.47,9,1,0,4,16.54,690,3,1,0.1555,0.0477,Credit Card,Beauty,0
37,2114.78,10,0,0,2,31.52,735,3,1,0.0968,0.0655,UPI,Home,0
18,1036.97,10,2,0,3,2.1,594,2,2,0.2928,0.0,UPI,Grocery,0
21,3506.93,5,3,0,4,34.09,77,3,1,0.4623,0.0598,Debit Card,Fashion,0
36,943.5,16,5,1,4,7.18,1142,2,0,0.2484,0.058,Cash on Delivery,Home,0
21,1352.38,8,0,0,3,14.26,1307,1,3,0.2768,0.0483,Debit Card,Home,0
25,1100.97,3,0,0,4,24.1,345,3,1,0.1372,0.0969,Credit Card,Grocery,0
22,416.69,7,3,0,5,28.56,367,3,1,0.3969,0.0346,UPI,Electronics,1
29,5985.31,5,2,0,4,16.12,427,4,3,0.4141,0.07,UPI,Electronics,0
27,1667.66,3,0,0,4,4.01,1099,0,0,0.1352,0.0852,Net Banking,Accessories,0
28,1880.92,7,0,0,3,10.04,1348,2,0,0.0733,0.0313,UPI,Electronics,0
34,2408.39,8,1,1,6,19.19,256,3,1,0.1609,0.1702,Cash on Delivery,Home,1
22,1230.08,11,5,0,5,34.13,2228,2,4,0.5843,0.0221,UPI,Beauty,1
36,1350.05,15,0,0,4,8.14,854,2,1,0.0754,0.0348,UPI,Home,1
21,4066.67,9,0,0,2,15.19,601,1,1,0.0971,0.0078,Credit Card,Fashion,1
37,808.88,8,1,0,4,10.35,1201,1,0,0.0935,0.0388,Cash on Delivery,Home,0
44,1372.85,3,0,0,5,30.39,578,4,2,0.1357,0.0952,UPI,Grocery,1
31,1920.33,3,0,0,5,15.73,213,7,1,0.1232,0.0688,UPI,Electronics,0
54,2451.76,7,0,0,3,23.04,607,4,1,0.0524,0.0415,Credit Card,Fashion,0
22,1039.58,7,0,0,2,5.33,1388,3,1,0.0315,0.034,Credit Card,Beauty,1
31,2826.25,7,3,0,2,19.68,731,1,2,0.4642,0.0512,Cash on Delivery,Beauty,0
18,853.54,11,2,1,4,13.61,494,1,1,0.1995,0.1141,UPI,Electronics,0
37,1302.46,6,3,3,5,24.35,79,3,1,0.456,0.4568,UPI,Electronics,0
18,3870.49,7,2,2,3,37.43,197,5,2,0.2893,0.2903,UPI,Electronics,1
31,3333.22,10,0,0,3,5.49,825,6,0,0.0329,0.0365,UPI,Beauty,0
40,795.52,5,0,0,3,6.2,677,1,0,0.0816,0.0505,Cash on Delivery,Accessories,0
40,1527.83,7,0,0,3,11.81,642,1,0,0.0824,0.061,Net Banking,Beauty,0
35,1871.0,8,0,0,3,3.55,205,2,0,0.0581,0.0064,UPI,Electronics,0
45,773.0,5,1,1,6,16.81,703,10,3,0.2068,0.2352,Debit Card,Accessories,1
42,1609.32,9,1,1,3,10.99,1335,1,0,0.136,0.1274,UPI,Electronics,0
57,1802.25,8,0,0,3,2.76,1330,2,0,0.0667,0.0268,UPI,Home,0
49,1203.19,6,2,1,6,12.0,1002,4,0,0.2325,0.1912,UPI,Accessories,0
29,1059.76,12,0,0,3,2.12,1049,0,0,0.0295,0.0103,UPI,Fashion,0
21,900.09,7,0,0,3,13.47,443,4,2,0.1172,0.0568,UPI,Fashion,1
30,1984.15,8,1,0,1,4.36,132,1,1,0.2111,0.0,UPI,Fashion,1
25,1820.71,8,2,0,2,24.36,873,2,0,0.2,0.058,Credit Card,Beauty,0
38,1312.24,5,2,0,1,10.6,723,3,1,0.3681,0.027,Debit Card,Fashion,0
23,1542.52,6,0,0,5,15.21,862,1,1,0.1146,0.049,UPI,Beauty,0
33,2158.75,11,0,0,6,21.81,103,2,0,0.041,0.0211,Debit Card,Electronics,0
42,811.74,8,1,1,4,30.52,1120,1,0,0.1541,0.1506,UPI,Grocery,0
33,813.95,3,1,0,3,17.35,439,5,3,0.349,0.0247,Credit Card,Beauty,0
25,3749.18,7,0,0,4,10.43,383,3,1,0.0905,0.0311,UPI,Fashion,0
45,1136.17,8,1,0,4,20.73,1861,4,0,0.119,0.0462,Cash on Delivery,Grocery,0
18,2009.22,7,1,0,1,5.01,1624,3,0,0.1752,0.05,Net Banking,Electronics,0
34,601.74,3,0,0,3,39.03,309,7,3,0.1949,0.0805,Cash on Delivery,Electronics,1
31,2274.42,5,0,0,4,17.34,202,4,1,0.1116,0.0544,Debit Card,Grocery,0
34,3904.79,11,0,0,5,18.55,506,1,1,0.1127,0.0,UPI,Home,0
34,517.95,10,0,0,4,27.54,646,1,1,0.0991,0.0031,Credit Card,Home,0
36,839.73,6,1,0,2,5.44,1522,2,0,0.1157,0.0801,Debit Card,Fashion,0
39,2282.59,8,1,0,3,7.17,1168,3,2,0.227,0.0052,Net Banking,Electronics,0
34,1801.87,8,0,0,2,17.83,313,1,0,0.0046,0.0536,UPI,Accessories,1
29,1498.91,5,1,1,7,38.62,94,3,1,0.2261,0.2247,Cash on Delivery,Fashion,1
31,525.95,4,0,0,3,8.57,817,3,0,0.0386,0.0949,Debit Card,Electronics,0
28,2752.02,5,1,1,4,16.88,238,4,1,0.2544,0.2446,Credit Card,Beauty,1
30,966.83,3,0,0,2,15.26,648,5,1,0.1693,0.0524,Credit Card,Accessories,0
28,1492.17,6,0,0,1,3.48,660,3,4,0.2501,0.019,UPI,Home,1
41,2680.67,2,0,0,6,16.63,531,2,0,0.1017,0.0903,Credit Card,Fashion,0
28,1259.53,6,0,0,2,4.96,651,3,0,0.0826,0.0303,UPI,Beauty,0
42,1489.37,10,1,0,4,6.69,1100,3,1,0.1815,0.0119,Credit Card,Electronics,0
34,1111.37,9,2,1,4,8.61,697,6,0,0.1515,0.1236,Net Banking,Home,1
29,1801.69,8,1,0,5,11.99,736,0,0,0.1114,0.0235,UPI,Beauty,0
40,2479.62,6,1,0,2,15.85,1173,2,0,0.1349,0.0577,UPI,Home,0
27,849.4,8,0,0,3,5.58,970,1,0,0.0423,0.0128,UPI,Beauty,1
40,2323.93,9,1,0,3,3.87,1178,4,0,0.0887,0.0393,UPI,Fashion,0
36,1287.76,10,0,0,6,13.18,447,2,0,0.0141,0.0,Credit Card,Home,0
20,2366.15,5,3,1,2,7.26,660,8,2,0.5056,0.1882,Credit Card,Electronics,1
22,1648.24,10,4,3,1,21.72,126,3,1,0.3488,0.2814,Debit Card,Fashion,0
44,1145.34,4,1,1,3,22.93,113,4,3,0.335,0.2356,Credit Card,Grocery,1
29,657.79,3,0,0,3,14.17,782,1,0,0.0572,0.0993,Credit Card,Beauty,0
39,2973.86,10,0,0,5,5.95,768,0,0,0.0827,0.0111,Debit Card,Fashion,0
21,1148.73,5,1,1,5,12.43,258,2,9,0.6425,0.1894,UPI,Electronics,1
39,1025.53,7,1,0,5,24.27,703,1,0,0.1375,0.0073,Credit Card,Grocery,0
21,503.1,3,2,0,5,38.94,490,8,3,0.5173,0.069,Net Banking,Home,1
23,715.23,4,2,1,4,20.38,491,2,1,0.4462,0.1932,Net Banking,Grocery,1
19,1043.98,2,1,0,4,39.21,172,4,4,0.5195,0.0875,UPI,Home,1
44,1027.12,5,1,0,3,35.92,631,1,0,0.2303,0.0934,Credit Card,Grocery,0
43,771.48,4,0,0,5,11.72,1595,2,0,0.0174,0.0787,UPI,Home,0
29,2411.72,9,3,3,3,19.06,232,3,3,0.408,0.3335,UPI,Accessories,1
38,1224.03,9,0,0,3,9.57,592,2,1,0.1197,0.0,UPI,Electronics,0
24,1280.45,4,0,0,1,10.39,1386,1,0,0.0686,0.0393,Credit Card,Home,0
56,704.25,8,0,0,3,23.65,2001,3,2,0.1252,0.0172,Debit Card,Home,0
38,888.72,7,3,1,6,44.09,287,3,0,0.3672,0.1553,Debit Card,Home,0
21,1459.09,7,0,0,4,11.33,390,1,0,0.0694,0.0542,Cash on Delivery,Beauty,0
43,3269.94,8,0,0,4,25.31,307,3,2,0.1443,0.0,Credit Card,Electronics,0
38,2091.16,6,0,0,1,28.33,178,3,1,0.0717,0.0389,UPI,Fashion,0
23,1963.69,6,0,0,4,20.84,1375,4,0,0.0753,0.0326,Net Banking,Accessories,0
24,2253.94,6,2,2,6,15.64,27,4,4,0.4058,0.3276,Cash on Delivery,Fashion,1
33,782.41,5,0,0,2,23.49,1395,4,1,0.0799,0.0066,UPI,Electronics,0
33,1644.71,9,0,0,4,16.71,404,0,1,0.1653,0.0322,Net Banking,Accessories,0
18,2699.69,6,3,3,7,16.18,391,4,2,0.4647,0.4484,Net Banking,Electronics,1
46,5261.61,10,0,0,2,7.73,1189,3,2,0.1602,0.0,Cash on Delivery,Home,0
28,1905.8,11,2,0,5,1.69,483,1,0,0.1337,0.0189,Cash on Delivery,Fashion,1
32,3339.78,6,1,1,2,32.0,799,1,1,0.2196,0.1743,UPI,Grocery,0
18,1352.92,6,1,0,4,20.37,1327,1,0,0.1796,0.0399,Cash on Delivery,Fashion,0
50,665.61,5,0,0,1,3.05,975,4,2,0.1128,0.0181,Credit Card,Fashion,1
31,1112.4,7,3,2,5,13.87,299,8,0,0.3496,0.2925,UPI,Home,1
29,1572.56,3,1,1,7,38.85,597,5,6,0.4838,0.3001,Credit Card,Grocery,1
37,1786.09,6,0,0,5,33.28,268,5,1,0.106,0.0196,UPI,Accessories,1
25,1125.79,10,6,6,8,12.72,338,11,1,0.4246,0.5847,Credit Card,Beauty,1
24,1141.94,6,2,0,4,7.15,454,4,0,0.2191,0.0245,Credit Card,Accessories,0
37,1263.68,11,0,0,6,29.7,828,1,0,0.0211,0.0532,Credit Card,Electronics,0
33,689.05,7,0,0,1,2.83,624,2,0,0.0343,0.0527,Debit Card,Grocery,0
33,1138.49,6,0,0,3,11.47,1181,5,1,0.0645,0.0296,Credit Card,Electronics,0
41,1034.1,9,2,0,6,12.95,960,3,3,0.308,0.0411,UPI,Accessories,0
49,989.34,12,0,0,2,7.88,955,6,0,0.0239,0.0388,Credit Card,Fashion,0
27,2551.17,6,3,1,4,35.7,472,4,3,0.4937,0.169,Debit Card,Accessories,1
36,2443.56,6,1,0,2,18.72,436,1,1,0.2105,0.0424,Debit Card,Beauty,1
40,3190.43,16,1,0,4,21.93,428,1,0,0.063,0.0309,Net Banking,Electronics,0
37,806.08,3,0,0,4,26.17,860,3,1,0.113,0.0409,Credit Card,Accessories,0
43,973.86,6,0,0,2,26.6,1268,1,1,0.0989,0.0565,Debit Card,Accessories,0
30,1037.71,9,1,0,5,7.12,1768,2,0,0.1089,0.0397,UPI,Fashion,0
44,1921.24,6,0,0,2,6.64,235,1,0,0.0777,0.043,Debit Card,Accessories,0
44,1916.86,5,0,0,5,20.08,803,2,1,0.1226,0.0905,UPI,Home,0
44,365.49,7,0,0,3,6.47,1331,1,0,0.0655,0.03,Cash on Delivery,Grocery,0
28,1998.35,8,0,0,4,7.8,1121,0,2,0.2101,0.0,UPI,Grocery,1
32,507.28,4,0,0,5,11.39,939,1,0,0.0522,0.0624,UPI,Home,1
36,1034.86,7,1,0,3,10.84,1319,2,0,0.1297,0.0249,UPI,Accessories,0
28,2263.84,6,2,0,3,26.19,166,6,3,0.3658,0.0639,Credit Card,Beauty,1
22,1747.62,6,1,0,3,5.54,411,4,3,0.3264,0.0525,Credit Card,Grocery,1
48,389.93,10,2,1,5,16.45,1141,0,0,0.1296,0.0883,UPI,Home,0
34,1765.78,8,0,0,4,10.04,1367,2,0,0.0548,0.0198,Credit Card,Beauty,0
37,3425.73,4,0,0,6,9.78,368,2,1,0.1358,0.048,UPI,Beauty,1
29,1364.04,9,0,0,2,12.93,961,1,2,0.1581,0.0116,Credit Card,Home,1
22,2024.32,9,0,0,1,13.46,1188,3,2,0.1196,0.0544,Cash on Delivery,Fashion,0
29,462.27,6,1,1,3,12.04,1245,1,1,0.2294,0.2148,Debit Card,Fashion,0
36,2521.93,7,0,0,3,14.35,220,0,0,0.0396,0.0227,UPI,Home,0
40,810.4,6,0,0,4,11.02,539,4,0,0.0695,0.0427,Cash on Delivery,Accessories,0
35,1850.45,6,0,0,6,28.01,118,2,1,0.0993,0.0599,UPI,Home,0
37,2671.23,7,0,0,5,19.49,1587,2,0,0.0601,0.0503,Debit Card,Home,1
31,759.49,6,0,0,5,11.53,644,4,1,0.0999,0.0356,Credit Card,Fashion,0
30,1529.35,7,0,0,6,17.83,146,10,2,0.0838,0.0266,Cash on Delivery,Beauty,0
38,2785.93,13,0,0,5,13.22,413,2,0,0.0,0.0056,Debit Card,Fashion,0
47,1450.62,15,0,0,3,28.3,386,2,1,0.0712,0.0323,UPI,Home,0
40,602.78,9,0,0,3,17.15,556,3,1,0.0866,0.0528,Cash on Delivery,Home,0
41,1051.16,15,0,0,5,6.75,1368,3,0,0.0171,0.0155,Cash on Delivery,Electronics,0
37,656.14,11,1,0,3,20.75,446,3,0,0.0921,0.0374,Credit Card,Grocery,0
20,1172.47,7,0,0,2,24.8,1702,2,1,0.07,0.0,Credit Card,Fashion,0
25,1160.06,5,1,0,3,5.53,311,5,1,0.2008,0.0551,Debit Card,Accessories,0
26,1435.88,8,3,2,5,30.56,448,2,1,0.3148,0.2532,UPI,Electronics,1
25,2028.55,6,3,1,1,22.95,403,7,3,0.4879,0.1993,Cash on Delivery,Home,1
38,1526.82,10,0,0,2,6.32,2302,0,0,0.0922,0.0484,Credit Card,Beauty,0
34,1230.76,8,1,1,2,27.18,564,3,1,0.2208,0.1886,UPI,Grocery,1
38,563.56,12,0,0,2,4.4,1724,0,1,0.0978,0.039,Debit Card,Home,0
49,2264.71,4,0,0,5,6.56,1589,4,1,0.1453,0.0905,Credit Card,Electronics,0
41,766.21,9,4,0,5,4.93,1585,2,0,0.3181,0.0575,Cash on Delivery,Fashion,0
45,1298.81,11,1,0,4,2.35,756,2,1,0.1227,0.0132,Cash on Delivery,Accessories,0
35,827.5,3,0,0,2,8.66,343,1,0,0.079,0.116,Credit Card,Electronics,0
27,934.0,8,0,0,3,2.1,903,2,0,0.0443,0.0013,Credit Card,Fashion,0
33,1962.6,8,0,0,5,5.26,480,0,1,0.101,0.04,Net Banking,Electronics,1
18,2529.17,4,1,1,4,28.81,241,5,2,0.2937,0.2256,Credit Card,Fashion,1
27,814.76,12,1,0,3,4.33,1593,1,0,0.0827,0.0281,Cash on Delivery,Beauty,0
48,1393.7,11,2,0,3,13.45,876,2,0,0.1289,0.0208,Credit Card,Fashion,0
41,2250.64,5,0,0,3,3.61,805,1,1,0.1341,0.0714,Cash on Delivery,Home,0
39,1775.03,6,0,0,2,3.2,499,2,0,0.0506,0.0692,UPI,Beauty,0
45,1779.77,9,2,2,4,11.15,608,0,3,0.4504,0.2062,Net Banking,Electronics,0
18,1493.28,6,0,0,4,21.55,1078,1,0,0.0637,0.0234,Cash on Delivery,Grocery,0
39,556.55,13,3,1,2,17.71,979,1,1,0.303,0.0763,UPI,Fashion,0
22,2729.32,8,1,1,5,14.37,1189,2,0,0.1217,0.179,UPI,Fashion,1
34,1320.78,11,0,0,4,5.6,1241,2,0,0.0233,0.0219,Debit Card,Beauty,0
31,575.29,5,0,0,4,9.09,1303,2,1,0.0596,0.0597,Debit Card,Home,1
40,1826.06,8,0,0,1,22.73,377,6,0,0.0494,0.0557,UPI,Electronics,0
24,693.38,5,0,0,3,53.01,370,7,1,0.0637,0.0395,Credit Card,Fashion,0
36,1238.35,3,0,0,3,22.07,1005,3,1,0.1441,0.0763,Credit Card,Electronics,0
46,3982.64,11,0,0,3,11.99,967,5,0,0.0004,0.0135,Net Banking,Accessories,0
29,2622.81,6,0,0,4,17.46,303,2,0,0.059,0.045,Cash on Delivery,Home,0
40,808.78,12,2,1,5,20.56,1039,1,1,0.202,0.1172,UPI,Home,0
35,3344.69,5,0,0,4,5.23,1578,1,1,0.1604,0.0426,Credit Card,Grocery,0
19,598.29,8,2,1,1,1.51,1054,3,1,0.2528,0.1568,UPI,Grocery,0
26,1467.0,5,0,0,4,6.22,323,2,0,0.0144,0.0293,Credit Card,Fashion,0
33,664.3,10,0,0,4,17.55,481,0,0,0.0618,0.0335,Credit Card,Home,0
44,1368.97,9,0,0,5,20.32,929,4,1,0.0569,0.0622,Cash on Delivery,Accessories,1
38,1478.45,8,0,0,1,14.52,432,4,1,0.0145,0.0506,Cash on Delivery,Accessories,0
23,2146.7,13,1,0,4,21.05,1100,1,2,0.232,0.0,Debit Card,Accessories,0
33,1351.6,12,0,0,2,26.94,812,0,1,0.0514,0.0282,Net Banking,Home,0
52,1419.42,12,0,0,3,21.14,1286,3,0,0.0609,0.0345,Cash on Delivery,Electronics,0
35,3800.78,6,1,0,2,8.72,675,2,0,0.1125,0.0439,Net Banking,Fashion,0
35,1780.18,7,2,1,4,13.54,406,0,0,0.2417,0.1641,Cash on Delivery,Electronics,1
31,2183.28,10,1,1,3,10.41,942,3,1,0.1631,0.1184,Debit Card,Home,0
38,1999.35,8,1,0,2,10.88,525,1,1,0.194,0.0369,UPI,Fashion,0
41,2022.87,9,0,0,2,8.37,2075,3,0,0.0562,0.0442,UPI,Home,1
30,1815.8,5,1,0,5,16.12,793,5,1,0.2385,0.0358,Credit Card,Grocery,0
39,1150.6,5,0,0,5,25.08,365,2,0,0.0669,0.0304,UPI,Home,0
31,1114.9,4,0,0,2,11.8,1387,3,4,0.2502,0.0772,Debit Card,Fashion,1
36,1116.31,5,1,1,2,24.84,310,2,2,0.288,0.2142,Credit Card,Grocery,0
40,3196.52,6,0,0,1,2.8,661,3,0,0.0668,0.0762,UPI,Grocery,0
36,2300.12,7,3,1,4,19.78,1349,3,2,0.4145,0.1991,UPI,Accessories,0
38,1494.91,6,0,0,1,12.1,668,0,1,0.1828,0.0146,Credit Card,Electronics,0
27,732.87,14,0,0,3,22.13,188,1,0,0.0,0.014,Cash on Delivery,Home,0
27,1203.52,7,0,0,4,14.47,428,2,1,0.1292,0.012,Credit Card,Grocery,0
25,2167.25,4,1,1,3,7.34,363,5,2,0.2398,0.253,Net Banking,Beauty,1
43,883.68,7,0,0,1,10.46,785,2,0,0.0819,0.0266,UPI,Fashion,0
39,4455.66,6,1,1,6,44.29,496,7,4,0.2329,0.1868,UPI,Home,0
29,1263.67,4,2,1,5,18.87,627,3,2,0.4327,0.2501,UPI,Grocery,1
33,1043.94,8,0,0,5,15.85,350,3,0,0.0047,0.0085,Credit Card,Electronics,0
37,441.89,10,2,1,2,26.5,652,3,1,0.2308,0.1307,Credit Card,Accessories,0
31,2776.46,13,0,0,2,14.98,1257,1,0,0.0767,0.0563,UPI,Home,0
42,587.98,6,0,0,4,13.9,1024,1,1,0.1221,0.056,Debit Card,Accessories,0
29,875.58,11,0,0,2,9.73,858,2,0,0.0076,0.0345,Cash on Delivery,Electronics,0
33,972.33,7,2,0,1,2.34,663,0,0,0.2062,0.0204,UPI,Grocery,0
41,563.65,6,3,0,2,28.41,1637,5,2,0.4607,0.0289,UPI,Accessories,0
45,1008.16,10,2,0,2,17.68,872,0,0,0.1544,0.0239,Credit Card,Electronics,1
18,1846.3,8,4,0,5,45.49,321,8,1,0.4022,0.0257,UPI,Home,0
29,1732.02,6,1,0,4,5.31,530,3,1,0.1949,0.0132,Cash on Delivery,Electronics,0
18,1480.99,7,4,2,4,18.06,357,3,4,0.6129,0.2815,Credit Card,Home,0
52,2035.98,5,0,0,3,22.41,1235,3,0,0.0285,0.0439,UPI,Fashion,0
37,1098.32,9,0,0,3,17.38,1070,0,0,0.0205,0.0439,Credit Card,Fashion,1
25,1131.04,9,0,0,5,6.4,480,6,0,0.0279,0.0417,UPI,Beauty,0
37,1796.87,8,0,0,4,1.02,1473,6,0,0.0239,0.0264,Debit Card,Grocery,0
39,2277.61,8,1,1,4,13.39,155,10,1,0.1601,0.1258,Debit Card,Home,1
31,1231.45,12,1,1,3,18.7,886,2,0,0.1508,0.1262,Cash on Delivery,Accessories,0
26,1530.34,4,1,1,3,24.85,637,4,0,0.1752,0.2447,UPI,Electronics,0
38,1472.51,8,0,0,4,10.67,950,0,3,0.321,0.0162,Cash on Delivery,Fashion,0
34,1726.86,14,4,1,1,14.64,1525,2,0,0.1745,0.0686,Cash on Delivery,Accessories,0
35,1438.4,11,0,0,3,4.23,327,1,1,0.1108,0.0061,Credit Card,Accessories,1
19,1297.82,5,1,0,5,14.13,406,1,5,0.5155,0.0353,Debit Card,Fashion,1
18,2847.3,4,1,1,3,36.21,282,8,2,0.2793,0.3037,Credit Card,Home,0
26,1118.13,10,0,0,5,21.6,498,0,0,0.0562,0.029,UPI,Fashion,0
43,1513.42,4,0,0,2,16.01,1537,0,1,0.199,0.0333,UPI,Fashion,1
24,822.38,6,0,0,1,8.66,474,1,1,0.0975,0.0,Debit Card,Fashion,0
24,1087.16,10,0,0,2,4.18,805,1,0,0.0135,0.0271,Debit Card,Fashion,0
26,842.19,3,3,0,2,30.54,229,3,1,0.7268,0.0837,UPI,Electronics,1
32,1563.9,3,0,0,7,43.57,495,6,2,0.1432,0.1093,Credit Card,Beauty,1
37,2311.91,7,1,0,1,5.61,1654,1,0,0.1377,0.0371,UPI,Fashion,0
48,2719.49,11,3,0,4,2.37,402,2,0,0.2292,0.0,Credit Card,Grocery,0
31,1360.43,11,3,0,4,5.52,200,3,1,0.2299,0.0044,UPI,Fashion,0
40,1161.3,9,0,0,3,10.6,370,2,1,0.1053,0.0303,Debit Card,Beauty,0
23,1524.11,6,0,0,6,20.7,964,1,2,0.1681,0.0373,UPI,Fashion,1
44,891.44,6,0,0,3,15.83,799,1,1,0.1127,0.0427,Debit Card,Accessories,0
21,1181.08,8,4,4,5,5.46,537,6,2,0.3852,0.4961,UPI,Home,1
41,1730.43,6,0,0,2,13.74,700,0,0,0.072,0.0428,Debit Card,Accessories,0
25,1642.76,7,1,1,3,16.67,165,4,4,0.2871,0.1738,UPI,Electronics,1
31,1038.1,8,2,1,3,2.24,656,1,1,0.2485,0.1439,Credit Card,Beauty,1
24,1686.91,6,0,0,4,6.92,620,3,1,0.0945,0.027,UPI,Home,0
39,982.23,9,5,1,4,15.27,165,6,3,0.4924,0.132,Credit Card,Fashion,1
18,1445.11,9,0,0,3,2.22,470,3,0,0.0456,0.0303,UPI,Grocery,0
32,4654.31,7,0,0,2,8.02,633,4,0,0.0378,0.0089,UPI,Fashion,0
18,495.33,7,3,3,4,29.36,232,4,0,0.3372,0.4163,Net Banking,Electronics,1
24,2025.75,6,1,1,2,10.77,228,6,1,0.1553,0.1815,UPI,Electronics,0
45,553.15,4,0,0,2,11.71,998,0,1,0.0858,0.0531,UPI,Grocery,0
24,272.97,8,0,0,2,19.33,1177,6,0,0.0445,0.0552,UPI,Home,1
40,443.55,5,1,0,4,8.65,1056,1,0,0.1683,0.0217,Cash on Delivery,Grocery,0
25,575.16,7,2,0,1,16.22,624,4,0,0.2384,0.0398,UPI,Accessories,0
35,575.84,12,2,0,4,6.27,705,7,0,0.1329,0.0508,Credit Card,Beauty,0
40,1152.05,5,0,0,4,16.79,1259,3,2,0.1805,0.0281,UPI,Electronics,0
28,1538.15,11,1,0,4,3.76,1249,2,0,0.135,0.0428,Debit Card,Beauty,0
36,508.32,15,0,0,3,2.02,1978,1,0,0.0707,0.0385,UPI,Fashion,0
30,1050.15,9,2,0,3,5.68,659,3,1,0.1925,0.0103,UPI,Home,1
40,1137.43,7,2,1,4,1.66,353,3,0,0.2376,0.1785,Credit Card,Home,0
36,648.77,6,0,0,4,14.44,833,1,0,0.0638,0.0252,UPI,Grocery,0
35,1244.64,14,1,1,2,9.66,1089,3,0,0.0331,0.0898,Net Banking,Beauty,0
48,2274.13,10,0,0,3,16.51,1304,1,0,0.0674,0.0393,UPI,Beauty,0
40,642.62,10,1,0,4,19.39,583,1,0,0.1119,0.0,UPI,Fashion,0
39,2491.84,6,2,1,5,30.33,341,5,1,0.3274,0.1734,Cash on Delivery,Home,1
28,1030.15,6,0,0,4,13.52,910,1,2,0.1783,0.0146,UPI,Fashion,0
33,925.83,6,0,0,2,8.24,1152,1,0,0.0592,0.044,Debit Card,Accessories,0
33,1141.36,5,0,0,2,43.77,794,4,0,0.0744,0.0516,UPI,Electronics,0
35,743.29,7,0,0,2,19.4,701,3,1,0.0871,0.0171,Net Banking,Fashion,0
57,1093.51,12,0,0,4,5.42,1008,2,0,0.0866,0.0,Net Banking,Fashion,0
37,1642.67,10,1,1,3,4.31,190,2,0,0.1558,0.0976,UPI,Grocery,0
18,1021.02,3,0,0,3,20.29,179,4,0,0.0946,0.0765,Cash on Delivery,Electronics,0
29,802.41,6,0,0,2,30.93,671,2,1,0.1327,0.0542,Credit Card,Beauty,0
18,1338.47,14,0,0,3,7.9,2147,2,0,0.0,0.0,UPI,Electronics,0
33,2357.74,13,3,2,4,32.04,428,6,2,0.2765,0.1587,UPI,Home,1
31,1443.01,8,1,0,4,24.48,975,1,0,0.1077,0.0579,UPI,Electronics,0
18,2067.63,3,0,0,1,25.26,2178,3,0,0.0968,0.1125,UPI,Electronics,0
26,979.01,10,2,0,2,8.42,870,0,2,0.3403,0.0278,Debit Card,Grocery,0
30,970.38,10,3,0,5,37.25,712,3,3,0.3186,0.0429,Cash on Delivery,Electronics,1
20,1664.82,10,2,0,4,12.68,1468,1,2,0.3254,0.0309,Debit Card,Home,0
37,3279.35,4,0,0,1,10.05,618,2,0,0.055,0.0502,Debit Card,Fashion,0
24,3534.25,7,2,2,1,15.96,1104,7,3,0.31,0.2924,Credit Card,Grocery,1
29,2417.17,7,0,0,1,32.56,182,2,3,0.1964,0.0447,UPI,Electronics,0
25,890.92,6,1,0,2,48.84,1577,4,1,0.2272,0.0732,Credit Card,Home,0
34,1899.67,5,1,0,4,3.97,672,1,0,0.203,0.0482,Debit Card,Fashion,0
37,1041.09,9,0,0,4,3.3,541,2,1,0.0962,0.0106,Debit Card,Grocery,0
33,1061.68,11,2,1,2,21.84,1410,4,1,0.2442,0.0923,UPI,Home,0
21,1715.48,9,0,0,4,8.82,462,2,0,0.056,0.0127,Debit Card,Fashion,0
39,915.69,8,1,0,3,16.08,244,2,3,0.2402,0.0505,Net Banking,Grocery,1
51,1375.57,9,1,1,4,10.15,1321,3,0,0.1254,0.1596,Net Banking,Beauty,0
22,894.6,5,1,0,6,11.26,420,3,2,0.2659,0.0329,UPI,Grocery,1
38,1280.73,11,0,0,3,20.95,434,3,0,0.0266,0.0257,UPI,Accessories,0
30,6699.42,8,1,0,5,23.83,1218,3,1,0.1599,0.0003,Debit Card,Beauty,0
21,1300.19,11,0,0,6,6.35,693,1,1,0.0509,0.0,Debit Card,Grocery,0
26,779.4,9,0,0,6,11.63,2768,3,0,0.0363,0.0565,Credit Card,Grocery,0
38,4966.42,4,0,0,3,15.05,1972,4,0,0.0045,0.0906,Credit Card,Accessories,0
44,2315.14,5,0,0,3,12.46,3000,0,0,0.0184,0.0654,UPI,Accessories,0
36,2811.53,10,1,0,2,33.97,402,2,1,0.1287,0.0176,Debit Card,Fashion,0
41,2179.88,10,0,0,5,11.04,791,2,0,0.0203,0.0104,Debit Card,Electronics,0
40,1095.91,9,1,1,4,10.45,243,2,3,0.2512,0.1284,Credit Card,Fashion,1
39,1184.9,12,1,1,4,32.57,1034,5,1,0.1376,0.1121,Credit Card,Grocery,0
20,1435.34,7,3,2,6,28.35,63,2,2,0.4698,0.2755,Debit Card,Accessories,1
28,1117.42,9,1,0,1,5.04,434,0,0,0.1183,0.0216,Debit Card,Fashion,0
36,836.42,8,1,0,1,13.6,818,0,0,0.1468,0.0216,Cash on Delivery,Accessories,0
35,2358.28,7,2,0,2,10.22,320,4,1,0.2726,0.0102,Cash on Delivery,Fashion,0
26,2252.75,9,1,1,2,12.79,158,1,0,0.0869,0.1142,UPI,Home,0
29,3702.52,6,3,3,5,44.73,372,6,1,0.3847,0.4832,UPI,Grocery,1
34,1098.38,8,1,0,3,11.42,168,3,1,0.1699,0.0168,Credit Card,Accessories,0
32,1819.38,8,2,0,1,27.66,100,3,4,0.3722,0.0417,Debit Card,Accessories,0
37,1158.66,9,1,1,5,18.08,474,2,0,0.1319,0.1417,UPI,Fashion,0
30,1378.78,8,4,2,3,22.53,173,2,1,0.4097,0.2607,Credit Card,Home,1
49,1101.61,12,1,1,5,15.59,520,2,0,0.0861,0.0823,UPI,Grocery,0
33,788.46,4,1,1,5,38.45,729,3,3,0.3379,0.2644,UPI,Fashion,1
22,2078.02,6,0,0,4,13.62,1639,1,0,0.0527,0.0305,Credit Card,Beauty,0
38,2928.65,9,0,0,5,15.85,634,1,0,0.0174,0.0468,UPI,Accessories,0
27,2089.56,1,1,0,3,20.14,200,9,1,0.6041,0.1545,Credit Card,Beauty,0
47,1043.34,6,1,0,2,12.68,1093,2,1,0.1818,0.0405,UPI,Home,0
41,3030.1,7,0,0,3,10.9,226,3,1,0.139,0.0597,Debit Card,Electronics,0
41,329.12,7,0,0,3,14.23,951,1,0,0.0233,0.0131,Cash on Delivery,Beauty,1
39,1048.07,4,0,0,1,26.06,914,2,0,0.0723,0.0601,Credit Card,Home,0
46,508.85,12,1,0,3,25.49,1190,2,0,0.059,0.0538,Net Banking,Grocery,1
24,1737.79,6,0,0,3,21.49,891,2,0,0.0671,0.0134,Credit Card,Accessories,0
25,426.79,6,3,0,3,25.52,1188,7,2,0.4681,0.078,Debit Card,Accessories,1
22,1700.71,5,0,0,5,5.92,2078,3,0,0.0334,0.0608,Net Banking,Fashion,0
34,1211.74,9,0,0,2,2.7,656,6,0,0.0557,0.0254,Credit Card,Accessories,0
22,1746.16,8,2,2,6,51.69,174,3,5,0.4561,0.2768,Cash on Delivery,Electronics,1
18,2212.59,6,3,3,7,38.41,1304,3,6,0.6199,0.4495,Credit Card,Accessories,1
18,1677.53,7,0,0,2,6.04,452,1,0,0.0595,0.0311,UPI,Home,1
45,1818.28,8,0,0,2,11.73,1223,1,2,0.1661,0.0256,Credit Card,Fashion,0
45,459.58,8,0,0,4,13.92,959,1,0,0.0247,0.0314,Credit Card,Electronics,0
30,972.12,10,0,0,4,15.62,464,2,0,0.0594,0.0407,Cash on Delivery,Electronics,0
31,2537.75,9,2,2,3,8.93,1104,2,0,0.1711,0.2436,UPI,Home,1
33,826.82,4,0,0,5,19.03,1425,1,0,0.0889,0.0846,Credit Card,Beauty,0
34,2067.22,10,0,0,3,13.47,982,5,1,0.1025,0.0079,Cash on Delivery,Electronics,0
35,1538.77,12,1,0,3,9.64,891,2,0,0.1489,0.0498,Credit Card,Accessories,0
20,1357.39,6,0,0,7,12.76,320,5,1,0.1416,0.0401,UPI,Accessories,1
26,2429.07,2,0,0,3,13.22,233,3,1,0.1828,0.0649,Credit Card,Home,0
39,1304.17,4,0,0,3,2.38,316,1,1,0.0865,0.0521,Cash on Delivery,Fashion,0
32,1072.85,11,0,0,1,8.26,644,2,1,0.0789,0.0,UPI,Home,0
42,384.27,8,1,1,4,9.51,445,4,1,0.1542,0.1533,Cash on Delivery,Beauty,0
18,533.54,8,3,2,5,37.43,767,5,2,0.3755,0.2499,Credit Card,Beauty,0
38,2373.45,12,0,0,1,3.03,1120,3,0,0.0657,0.0314,UPI,Electronics,1
29,782.65,5,0,0,2,16.24,323,3,0,0.0954,0.0557,Debit Card,Beauty,0
18,2279.75,5,3,1,4,15.1,101,1,4,0.6951,0.21,UPI,Home,1
37,2252.27,4,2,0,1,17.34,363,5,2,0.4105,0.0878,Credit Card,Grocery,0
31,984.92,5,1,1,1,41.7,218,2,0,0.165,0.1998,Net Banking,Electronics,0
46,2207.53,8,0,0,3,14.65,342,2,0,0.1005,0.0435,Credit Card,Fashion,0
22,943.34,8,0,0,1,4.48,417,1,1,0.0936,0.0417,UPI,Fashion,1
33,1298.35,10,1,0,3,15.86,502,4,0,0.1068,0.0075,UPI,Fashion,0
25,1466.7,5,3,1,5,42.4,449,4,3,0.5513,0.2412,Net Banking,Fashion,1
47,1376.45,5,2,2,5,13.3,571,5,3,0.3819,0.412,Credit Card,Grocery,1
43,1210.17,7,0,0,4,6.21,387,2,1,0.1234,0.0291,Debit Card,Accessories,0
27,827.8,7,2,0,4,19.42,627,1,1,0.2679,0.0359,UPI,Fashion,0
37,1219.74,6,0,0,3,4.72,664,3,1,0.1305,0.045,Debit Card,Fashion,1
18,1218.89,7,4,0,3,11.92,597,1,4,0.6911,0.0278,Credit Card,Electronics,1
37,2581.88,4,3,0,5,8.15,525,6,3,0.5599,0.0546,Net Banking,Accessories,0
39,1163.29,10,0,0,4,8.59,1331,1,0,0.017,0.0383,Cash on Delivery,Fashion,0
26,1527.76,12,1,0,3,16.9,455,1,1,0.2053,0.0207,Credit Card,Electronics,0
33,2497.03,8,0,0,5,19.45,513,3,1,0.0839,0.0,Net Banking,Fashion,0
28,396.03,7,6,1,4,26.81,175,2,4,0.788,0.1427,Debit Card,Accessories,1
35,821.58,15,5,5,4,17.77,235,4,5,0.4219,0.3044,Debit Card,Electronics,1
30,849.17,11,2,0,6,51.04,448,4,3,0.2918,0.0329,Credit Card,Grocery,1
33,1191.45,10,1,1,3,21.99,1080,2,0,0.1531,0.1253,UPI,Home,0
29,5014.93,6,2,0,3,3.93,1204,2,1,0.3254,0.0347,Credit Card,Home,0
55,978.22,9,1,0,3,23.01,851,5,1,0.1509,0.0386,Debit Card,Accessories,0
27,2157.39,13,0,0,2,14.3,1076,3,0,0.0071,0.0131,Net Banking,Electronics,0
18,2187.96,3,1,0,6,14.76,451,2,1,0.346,0.0853,UPI,Fashion,1
30,1280.94,7,2,1,3,36.23,1133,2,1,0.2479,0.1713,Credit Card,Fashion,0
32,1567.98,7,5,3,4,19.75,116,5,0,0.5274,0.4018,UPI,Beauty,1
18,3875.74,8,4,3,5,23.13,896,5,1,0.464,0.3859,Credit Card,Fashion,0
43,1884.15,8,1,0,2,3.76,236,1,0,0.0972,0.0331,UPI,Fashion,0
30,3453.52,7,0,0,3,25.27,1259,4,1,0.0876,0.0429,Credit Card,Accessories,0
45,1821.77,9,2,0,4,21.41,164,6,0,0.2006,0.0429,Net Banking,Home,0
31,2244.31,4,2,2,3,11.81,288,6,2,0.4576,0.4385,Credit Card,Home,1
24,1240.24,8,3,0,5,10.04,84,0,0,0.2775,0.0243,UPI,Home,0
35,1593.29,10,2,2,3,8.5,771,1,1,0.2276,0.2075,Cash on Delivery,Home,0
40,2685.3,6,0,0,2,29.95,1098,1,2,0.1817,0.0457,Cash on Delivery,Fashion,1
34,1456.77,11,5,2,4,15.36,640,6,3,0.4333,0.1988,Cash on Delivery,Fashion,1
42,1336.29,9,2,0,3,4.84,901,2,2,0.2438,0.0327,Net Banking,Beauty,0
48,4016.68,4,0,0,3,19.09,615,4,0,0.1045,0.0098,Debit Card,Fashion,0
61,489.4,7,0,0,4,9.16,982,2,3,0.185,0.0306,UPI,Grocery,1
36,1364.89,8,0,0,4,22.42,561,1,2,0.2061,0.0415,UPI,Home,1
28,2007.44,10,0,0,5,15.14,2289,3,0,0.0319,0.0376,UPI,Beauty,0
38,1436.36,8,0,0,2,6.0,297,4,0,0.0348,0.0,Debit Card,Fashion,0
32,647.6,6,1,0,4,24.35,1242,0,1,0.2071,0.0707,UPI,Beauty,0
42,150.0,11,3,1,2,3.07,944,2,0,0.2471,0.106,Credit Card,Electronics,0
22,1152.83,9,0,0,4,1.62,789,3,1,0.0716,0.0243,UPI,Home,0
55,711.54,9,1,0,3,7.23,497,6,0,0.0811,0.0245,Cash on Delivery,Beauty,0
20,1313.15,4,1,1,4,20.4,187,9,0,0.2457,0.2748,Credit Card,Accessories,1
42,1090.14,8,0,0,3,1.86,970,2,0,0.0689,0.0229,Cash on Delivery,Grocery,1
19,1551.1,7,2,0,4,18.33,774,1,0,0.2264,0.0392,UPI,Home,0
35,713.79,4,1,1,5,4.3,472,3,2,0.2752,0.2615,Cash on Delivery,Fashion,1
28,880.53,3,0,0,3,10.55,272,2,0,0.1053,0.1257,Debit Card,Electronics,0
41,749.73,6,3,0,6,30.74,1119,0,0,0.3442,0.0575,Net Banking,Electronics,0
45,2894.76,5,0,0,1,18.3,987,1,1,0.1067,0.0421,Debit Card,Beauty,0
23,815.82,7,0,0,3,8.9,451,5,0,0.0,0.0345,UPI,Home,0
40,2059.52,10,0,0,5,6.33,1364,2,1,0.0474,0.0079,Debit Card,Home,0
18,950.19,8,1,1,3,3.1,1322,4,0,0.1071,0.1605,UPI,Beauty,0
33,5638.13,12,4,0,2,31.05,371,4,2,0.2823,0.0179,Net Banking,Beauty,0
44,2275.01,6,0,0,2,13.88,989,1,1,0.1225,0.0424,Cash on Delivery,Fashion,0
29,965.88,1,0,0,3,2.73,1196,0,0,0.1531,0.1302,Credit Card,Electronics,0
20,1239.64,10,1,0,3,6.36,313,1,0,0.1248,0.0769,Cash on Delivery,Accessories,0
35,875.73,9,3,0,3,16.39,197,2,1,0.3465,0.07,UPI,Home,0
29,2802.37,5,0,0,3,13.79,684,2,0,0.0845,0.0803,Debit Card,Accessories,0
40,1206.13,10,0,0,4,9.08,573,3,0,0.0297,0.0357,UPI,Fashion,0
38,1140.24,8,5,3,3,21.1,512,3,2,0.5418,0.3704,Net Banking,Fashion,1
26,1131.08,4,0,0,3,14.0,763,2,0,0.0494,0.0648,Debit Card,Home,0
27,1596.4,8,1,0,3,12.39,1810,1,0,0.1743,0.0791,Credit Card,Accessories,0
18,1690.79,16,0,0,3,27.68,1213,4,0,0.0,0.0296,UPI,Grocery,0
36,1326.66,8,0,0,4,15.36,515,3,0,0.0349,0.0111,Debit Card,Grocery,0
33,473.45,13,0,0,4,27.19,877,1,0,0.0582,0.0475,UPI,Accessories,0
31,531.41,7,1,1,4,44.62,424,8,2,0.1733,0.1906,UPI,Grocery,1
29,893.36,8,4,0,6,33.18,714,5,0,0.3496,0.0396,UPI,Accessories,1
23,1067.07,7,1,0,1,3.41,822,0,0,0.1671,0.0279,Cash on Delivery,Fashion,0
22,825.18,5,0,0,4,43.5,1224,11,5,0.1273,0.045,Credit Card,Fashion,0
36,940.65,15,0,0,4,9.11,1305,0,1,0.1114,0.0215,Credit Card,Grocery,0
43,450.32,5,1,0,4,2.81,1238,6,0,0.2022,0.0483,Debit Card,Grocery,0
32,796.58,7,0,0,3,17.74,760,4,0,0.0,0.0804,Credit Card,Fashion,0
27,542.13,11,7,1,5,14.81,671,6,2,0.5377,0.1239,UPI,Electronics,1
36,2794.12,5,0,0,3,29.99,1095,4,0,0.0198,0.0771,Cash on Delivery,Accessories,0
36,829.76,9,3,0,2,12.86,1429,3,0,0.2579,0.0401,UPI,Beauty,0
23,802.92,7,0,0,3,5.4,1131,0,2,0.2276,0.0274,Debit Card,Fashion,0
53,1783.77,5,0,0,6,13.46,509,0,0,0.1128,0.0396,Credit Card,Grocery,0
30,1526.96,8,0,0,2,11.47,517,3,0,0.0225,0.0439,Cash on Delivery,Fashion,0
40,417.05,10,2,0,2,4.66,276,3,0,0.1433,0.017,Cash on Delivery,Beauty,0
41,1919.66,7,1,1,3,9.9,497,3,0,0.1615,0.1503,UPI,Home,0
33,886.25,5,1,0,2,11.19,533,0,0,0.1974,0.0497,UPI,Beauty,1
39,4338.75,2,0,0,3,8.65,159,1,1,0.1685,0.1031,Cash on Delivery,Grocery,0
36,581.85,10,1,0,1,19.83,396,2,0,0.0693,0.0142,Cash on Delivery,Fashion,0
21,686.56,6,0,0,3,16.59,344,2,1,0.0903,0.0836,UPI,Grocery,1
31,1054.1,8,0,0,3,19.79,2008,1,0,0.0,0.0411,Debit Card,Beauty,0
25,964.37,10,1,1,6,51.25,94,7,2,0.1793,0.1525,Credit Card,Grocery,1
28,1213.0,13,3,0,5,14.44,608,2,1,0.2198,0.0339,Net Banking,Accessories,0
30,1389.11,8,0,0,2,11.86,840,0,0,0.0815,0.0348,UPI,Beauty,0
22,452.7,8,0,0,2,3.68,487,1,0,0.0426,0.0194,Net Banking,Accessories,0
44,1498.74,7,0,0,3,13.71,1686,1,0,0.0288,0.0385,Debit Card,Fashion,0
48,808.4,7,0,0,3,8.91,391,0,0,0.0523,0.0261,Cash on Delivery,Home,0
43,2883.65,8,0,0,2,15.75,139,1,1,0.0999,0.044,Cash on Delivery,Home,0
45,1198.59,10,1,0,1,6.19,740,1,1,0.1567,0.0156,Credit Card,Beauty,1
31,4452.8,10,0,0,3,7.58,1176,3,0,0.0447,0.0,Credit Card,Fashion,0
28,1292.55,8,2,0,3,6.57,593,4,0,0.2104,0.0104,UPI,Electronics,1
27,2455.27,4,1,0,3,8.28,632,1,1,0.3026,0.0478,Cash on Delivery,Electronics,0
40,994.57,7,0,0,1,17.04,1967,3,0,0.1024,0.0492,Credit Card,Fashion,0
36,3224.43,6,0,0,3,14.69,1228,3,0,0.0767,0.0571,UPI,Fashion,0
33,1535.04,10,1,0,6,10.69,885,3,0,0.0854,0.0504,Credit Card,Home,0
46,1078.15,9,0,0,3,21.44,765,4,0,0.0251,0.0115,Credit Card,Home,0
38,1059.16,6,2,0,3,13.77,185,1,0,0.2626,0.0668,Credit Card,Fashion,0
26,939.14,6,0,0,3,34.06,1495,4,0,0.0531,0.0471,UPI,Beauty,1
28,1239.66,2,0,0,3,39.96,769,0,0,0.1268,0.085,Credit Card,Electronics,0
40,1067.7,8,0,0,3,15.4,314,2,2,0.1583,0.0154,Net Banking,Electronics,0
43,967.67,6,0,0,3,11.38,1069,1,3,0.2119,0.0799,Credit Card,Electronics,0
34,723.33,4,2,0,4,34.81,293,3,1,0.3852,0.0614,UPI,Electronics,0
22,2100.56,5,3,1,7,30.55,306,2,7,0.8026,0.2327,Credit Card,Electronics,1
39,1501.1,12,1,0,3,28.21,1252,1,0,0.0763,0.0171,Credit Card,Fashion,0
51,1591.45,6,0,0,5,35.51,621,1,0,0.0934,0.0,UPI,Accessories,0
34,1453.23,5,2,1,5,26.58,589,5,2,0.3512,0.2346,Debit Card,Home,1
49,1302.47,7,0,0,3,5.97,545,1,0,0.0836,0.0214,Credit Card,Home,0
38,422.03,6,0,0,4,6.41,702,3,2,0.1226,0.015,Credit Card,Beauty,0
26,911.12,7,1,0,3,12.62,478,2,0,0.172,0.0729,Credit Card,Grocery,0
22,377.5,6,0,0,3,5.99,384,2,0,0.0521,0.0229,Credit Card,Home,0
31,1583.5,8,1,0,3,13.32,744,3,0,0.1234,0.0307,Credit Card,Beauty,0
41,1171.94,5,1,0,4,5.84,1222,4,2,0.2359,0.0556,Credit Card,Electronics,0
50,800.55,6,1,0,4,6.45,1871,2,1,0.2228,0.0372,Cash on Delivery,Accessories,0
38,906.61,7,1,0,3,6.36,770,4,1,0.1507,0.0429,Debit Card,Accessories,0
45,1061.45,9,0,0,5,8.97,1694,0,1,0.1475,0.0177,UPI,Accessories,0
32,773.56,9,2,0,3,11.48,376,1,0,0.2012,0.0075,UPI,Accessories,0
40,1464.55,9,1,0,2,10.25,1193,1,0,0.1136,0.0076,Cash on Delivery,Home,0
41,1867.8,8,0,0,3,14.33,615,1,0,0.0262,0.0221,UPI,Accessories,0
22,449.24,4,1,1,3,34.17,40,6,4,0.347,0.2935,Cash on Delivery,Electronics,1
18,756.75,8,1,0,5,12.99,2255,5,1,0.1653,0.0,Net Banking,Fashion,0
30,2169.44,4,1,0,4,2.36,513,0,0,0.2143,0.0437,UPI,Beauty,0
43,2443.64,11,0,0,4,9.16,882,3,1,0.0746,0.0339,Cash on Delivery,Home,0
36,525.8,10,0,0,2,23.11,259,0,2,0.1755,0.0,UPI,Grocery,0
23,1458.87,12,0,0,5,15.2,584,1,1,0.0662,0.0128,Credit Card,Beauty,0
18,2218.36,6,1,0,3,5.12,1319,3,0,0.1991,0.0425,UPI,Home,0
31,1740.14,13,4,1,2,7.7,1169,1,0,0.2456,0.0624,UPI,Home,0
33,910.22,8,0,0,2,19.57,887,0,0,0.024,0.0037,UPI,Electronics,0
26,1698.14,4,0,0,5,14.44,1199,2,0,0.066,0.053,UPI,Accessories,0
35,2458.18,4,0,0,2,11.67,729,2,1,0.1067,0.0985,Cash on Delivery,Grocery,0
39,665.53,8,3,0,2,13.36,1785,1,1,0.3783,0.0505,Debit Card,Grocery,0
40,1595.32,8,0,0,3,8.56,247,1,0,0.0479,0.0605,Cash on Delivery,Home,0
18,852.57,11,3,1,6,7.74,871,0,0,0.2146,0.136,UPI,Home,0
27,728.21,4,2,0,2,28.14,43,0,3,0.61,0.0558,UPI,Beauty,1
22,1161.82,10,1,0,3,12.36,280,5,0,0.0695,0.0196,UPI,Home,0
31,1236.41,11,0,0,4,16.03,400,2,2,0.1167,0.0257,UPI,Electronics,0
39,1098.36,12,1,1,4,23.94,557,2,0,0.11,0.0932,Credit Card,Fashion,0
38,2438.03,8,1,0,4,11.81,627,3,1,0.1073,0.0208,UPI,Home,0
38,3235.85,12,1,0,3,13.83,736,0,1,0.1554,0.0509,UPI,Electronics,1
31,1014.81,8,0,0,5,26.65,741,1,0,0.0061,0.016,Cash on Delivery,Electronics,0
31,1728.21,7,3,1,3,32.65,535,0,0,0.3263,0.1298,UPI,Grocery,1
27,1342.53,9,0,0,4,23.61,778,1,0,0.0427,0.0601,UPI,Electronics,0
41,2735.01,8,1,1,6,10.1,338,1,0,0.1441,0.144,UPI,Accessories,0
26,676.87,15,0,0,2,11.5,1242,0,0,0.0189,0.0,Credit Card,Beauty,1
42,797.68,14,0,0,6,8.85,1089,0,0,0.0051,0.0041,Credit Card,Beauty,0
36,1889.8,7,0,0,5,21.45,1771,1,2,0.2073,0.021,UPI,Electronics,0
34,934.12,7,0,0,3,10.17,986,3,2,0.1208,0.0357,Credit Card,Fashion,0
28,594.97,13,0,0,3,1.72,1054,1,0,0.0,0.0307,Credit Card,Accessories,0
22,1353.04,7,0,0,5,14.38,1043,1,1,0.1188,0.0369,UPI,Home,0
34,1230.7,12,3,3,4,28.87,895,5,1,0.1897,0.2378,Credit Card,Home,1
28,2126.64,15,0,0,5,12.5,451,1,0,0.0025,0.0311,Credit Card,Home,0
31,1705.93,7,1,0,4,28.99,867,3,0,0.1718,0.015,UPI,Fashion,0
18,965.87,10,0,0,3,8.18,598,2,1,0.0856,0.0313,UPI,Grocery,0
32,1175.0,10,0,0,1,7.38,918,2,0,0.1029,0.0183,Debit Card,Fashion,0
42,2015.65,9,0,0,5,15.58,1002,6,0,0.0165,0.0276,Credit Card,Fashion,0
39,1255.67,5,2,0,2,7.61,1160,4,0,0.2569,0.0655,Credit Card,Grocery,0
30,1215.26,11,0,0,3,8.87,1040,4,0,0.0554,0.0673,Credit Card,Home,0
34,1053.15,4,2,1,4,6.35,1056,0,0,0.3541,0.252,UPI,Home,0
29,3203.43,9,0,0,3,8.99,621,1,0,0.0231,0.0314,Credit Card,Beauty,0
23,4219.36,9,3,1,6,14.72,220,9,3,0.3276,0.1345,Credit Card,Fashion,1
35,743.66,7,0,0,4,16.15,2768,1,0,0.0591,0.0555,Credit Card,Accessories,1
48,721.88,2,0,0,3,5.64,1016,1,0,0.1469,0.0993,Cash on Delivery,Fashion,0
43,2667.36,9,2,0,2,8.36,802,1,0,0.1563,0.0425,Credit Card,Fashion,0
34,687.35,7,5,0,6,37.55,159,6,0,0.4905,0.0,UPI,Accessories,1
39,1443.46,12,0,0,4,4.63,1431,1,1,0.0543,0.031,Net Banking,Electronics,1
30,2546.03,4,1,0,2,9.04,658,0,1,0.3239,0.0584,Debit Card,Electronics,0
33,630.22,4,2,0,3,14.51,276,4,2,0.4628,0.0642,UPI,Fashion,0
27,1317.71,4,3,3,2,27.32,167,8,3,0.6168,0.6527,UPI,Fashion,1
38,1818.41,7,2,2,7,21.65,319,2,2,0.3359,0.2799,UPI,Home,1
41,809.03,4,1,1,4,39.19,290,3,0,0.2413,0.2535,UPI,Electronics,0
19,1075.52,6,2,0,4,18.04,507,4,0,0.2546,0.0608,Net Banking,Accessories,0
32,2106.25,10,1,1,3,10.19,388,1,0,0.087,0.1105,UPI,Home,0
30,1387.11,4,0,0,5,35.01,304,3,1,0.1178,0.0286,UPI,Electronics,0
39,1223.34,12,0,0,2,5.79,933,3,3,0.1441,0.0276,Debit Card,Grocery,0
41,1301.08,12,2,1,1,25.66,1229,0,0,0.1264,0.0832,Cash on Delivery,Grocery,0
40,1136.03,11,1,0,2,5.65,356,4,0,0.0938,0.0201,Cash on Delivery,Electronics,0
37,1048.25,8,1,1,2,6.87,1083,5,2,0.2125,0.1632,Credit Card,Beauty,1
32,2777.13,5,0,0,4,7.05,1039,2,0,0.0745,0.0864,Cash on Delivery,Grocery,0
39,1702.56,6,0,0,2,8.76,1724,1,0,0.0766,0.0391,Cash on Delivery,Fashion,0
25,2145.84,13,0,0,4,12.84,1351,1,1,0.0996,0.0341,UPI,Fashion,0
26,2477.12,2,2,0,2,7.65,507,4,0,0.6422,0.1003,Net Banking,Electronics,0
35,739.18,13,2,2,3,21.5,624,1,0,0.0854,0.1743,Credit Card,Electronics,0
36,2403.54,5,0,0,2,24.36,659,1,3,0.2629,0.0519,UPI,Electronics,0
18,2959.15,8,1,1,4,8.02,1594,0,1,0.2045,0.169,Credit Card,Grocery,0
38,1278.66,12,0,0,3,11.26,1786,1,0,0.022,0.0118,Debit Card,Fashion,0
41,2548.19,10,0,0,3,11.19,1018,3,1,0.1005,0.0212,Debit Card,Fashion,0
33,985.59,4,0,0,1,18.51,310,1,1,0.1504,0.0537,Cash on Delivery,Grocery,0
55,1534.85,5,0,0,5,24.08,711,1,0,0.0071,0.0794,Credit Card,Accessories,0
28,1298.89,9,1,0,2,9.13,2191,3,0,0.0821,0.029,Debit Card,Accessories,0
31,3662.88,15,0,0,3,15.26,816,3,1,0.0756,0.0372,UPI,Home,0
30,1968.46,5,0,0,3,15.24,98,1,1,0.1547,0.0444,Debit Card,Beauty,0
33,2002.74,11,1,1,3,11.53,770,3,2,0.2085,0.0963,Credit Card,Electronics,1
31,1874.46,8,1,0,4,6.74,1477,1,1,0.1753,0.0394,UPI,Fashion,0
38,1275.55,8,2,0,3,16.22,297,3,1,0.2247,0.0047,Cash on Delivery,Accessories,0
21,426.0,6,1,0,3,7.72,257,6,1,0.1942,0.0448,Debit Card,Accessories,1
43,2618.42,6,0,0,4,11.74,49,7,1,0.0611,0.0423,Debit Card,Electronics,0
29,1059.05,8,1,0,3,8.44,321,3,2,0.181,0.0333,UPI,Home,0
33,677.98,8,0,0,2,34.4,1562,2,0,0.0406,0.041,UPI,Electronics,0
45,2590.37,9,0,0,4,6.62,1111,3,1,0.0701,0.0283,Credit Card,Fashion,1
54,3470.56,4,1,0,3,7.62,1090,2,1,0.2842,0.0547,Debit Card,Electronics,0
46,1302.29,8,0,0,4,9.63,216,4,1,0.0799,0.0664,UPI,Beauty,1
27,891.13,9,0,0,3,10.9,535,2,1,0.0848,0.0,Debit Card,Fashion,0
28,3418.69,8,0,0,4,11.39,1035,2,1,0.0912,0.0241,Credit Card,Beauty,0
27,905.64,5,2,2,3,11.14,579,4,4,0.4293,0.3941,Debit Card,Home,1
34,742.69,4,2,0,3,50.8,625,2,4,0.5787,0.051,Debit Card,Fashion,1
24,1235.36,9,0,0,4,48.46,292,7,2,0.0661,0.0355,UPI,Grocery,1
33,756.76,8,0,0,4,31.58,382,2,0,0.0144,0.0466,UPI,Beauty,0
50,1268.25,9,0,0,3,16.05,992,2,2,0.1168,0.0348,UPI,Beauty,0
21,2228.97,4,2,1,4,15.91,379,6,1,0.4565,0.2573,Credit Card,Beauty,1
33,527.13,10,3,0,2,9.86,390,3,3,0.3628,0.0295,UPI,Fashion,0
22,2197.37,4,1,0,2,11.49,293,2,0,0.223,0.0575,UPI,Accessories,0
29,1620.26,6,0,0,4,9.38,1014,6,1,0.1147,0.0657,UPI,Fashion,0
41,1835.33,10,0,0,3,6.36,818,3,0,0.0476,0.0159,Cash on Delivery,Electronics,1
27,818.98,6,3,1,2,15.21,340,0,2,0.5449,0.1711,Debit Card,Accessories,1
40,2843.0,9,0,0,1,12.68,717,2,0,0.0247,0.0536,Debit Card,Grocery,0
32,373.92,6,0,0,3,9.84,757,2,2,0.2073,0.0266,Debit Card,Beauty,0
40,1459.47,7,0,0,3,5.14,757,4,0,0.0884,0.0708,Cash on Delivery,Fashion,0
18,921.81,7,0,0,4,6.18,243,2,1,0.1035,0.0226,Credit Card,Electronics,0
35,1651.63,10,1,1,2,7.11,1225,1,1,0.1482,0.1253,UPI,Accessories,0
18,1284.68,4,2,1,8,29.25,979,7,2,0.4528,0.2641,UPI,Fashion,1
42,766.67,9,4,0,4,20.01,1513,0,1,0.4627,0.02,UPI,Grocery,0
27,2958.78,10,0,0,3,16.64,1876,2,1,0.0916,0.0131,Cash on Delivery,Fashion,0
26,925.96,3,0,0,5,29.16,919,2,0,0.1034,0.0648,Cash on Delivery,Accessories,0
21,1043.23,5,1,1,6,26.43,209,5,2,0.2392,0.2156,Credit Card,Grocery,1
18,1002.69,4,1,0,3,9.47,293,4,1,0.2064,0.0386,Credit Card,Electronics,1
34,1631.99,5,3,2,6,24.01,311,4,1,0.4997,0.3703,Cash on Delivery,Beauty,1
48,2355.75,8,0,0,3,16.83,1205,3,1,0.0859,0.039,Credit Card,Fashion,0
28,1327.26,6,1,0,3,4.33,845,2,0,0.1518,0.0754,Cash on Delivery,Electronics,0
36,756.41,7,0,0,4,32.9,881,1,0,0.0503,0.0249,Credit Card,Home,0
39,986.61,6,2,0,3,15.32,450,3,0,0.2817,0.0862,Cash on Delivery,Fashion,0
48,547.11,8,2,0,3,4.33,990,2,2,0.3073,0.0029,Credit Card,Electronics,1
33,1328.65,8,0,0,3,6.39,1226,1,0,0.0554,0.0609,Credit Card,Beauty,1
29,980.22,10,0,0,3,22.65,850,1,1,0.0974,0.017,Cash on Delivery,Electronics,0
25,1298.19,2,0,0,3,18.59,1394,4,4,0.3082,0.0663,Debit Card,Accessories,1
36,1147.18,6,0,0,3,19.71,584,3,0,0.0649,0.0581,Debit Card,Electronics,0
46,2008.0,9,1,0,5,13.12,613,3,0,0.1261,0.0436,UPI,Accessories,0
35,529.66,6,1,0,4,19.23,265,4,4,0.2978,0.0347,Debit Card,Fashion,0
32,813.09,6,0,0,1,16.62,894,1,1,0.109,0.0487,UPI,Electronics,0
25,3691.93,9,1,0,3,9.61,597,2,0,0.0951,0.0298,Debit Card,Beauty,1
31,2933.43,7,1,1,4,21.49,77,3,2,0.2752,0.1768,Credit Card,Beauty,0
20,7244.63,8,0,0,3,20.65,364,2,1,0.0628,0.0493,Debit Card,Accessories,0
23,757.29,7,0,0,4,6.94,1194,3,0,0.0904,0.0253,Credit Card,Electronics,0
42,367.0,9,1,0,4,13.38,795,6,0,0.1277,0.045,Credit Card,Home,1
31,577.85,7,0,0,3,4.71,857,5,2,0.0955,0.0139,Debit Card,Fashion,0
29,1711.12,5,0,0,3,14.37,520,1,1,0.1466,0.0511,UPI,Home,0
28,2070.53,10,0,0,3,3.24,363,1,0,0.0356,0.0135,UPI,Fashion,0
44,4168.06,5,2,1,4,15.17,304,6,2,0.3231,0.2631,UPI,Home,0
35,939.37,7,0,0,2,22.68,467,0,2,0.2393,0.0207,Cash on Delivery,Home,0
32,3026.91,10,0,0,3,19.45,564,5,0,0.0083,0.0472,UPI,Electronics,1
32,982.91,8,0,0,3,22.81,350,2,1,0.0667,0.0444,UPI,Accessories,0
46,2551.98,3,0,0,2,9.95,592,1,1,0.1877,0.1051,Credit Card,Electronics,1
48,1079.99,11,1,0,4,15.0,722,1,2,0.1531,0.0238,Credit Card,Fashion,0
20,971.72,7,0,0,5,11.18,1310,3,0,0.0,0.0704,UPI,Grocery,0
37,1232.29,3,0,0,1,3.74,1129,1,0,0.0813,0.0873,UPI,Grocery,0
27,1481.33,6,0,0,3,20.01,1081,1,0,0.0843,0.048,Debit Card,Home,0
33,1017.56,9,0,0,5,3.89,886,6,0,0.045,0.0168,UPI,Fashion,1
32,1752.17,11,1,0,2,9.59,373,1,1,0.161,0.0476,Credit Card,Electronics,0
38,1649.03,3,2,2,1,28.74,631,3,0,0.4301,0.5711,Credit Card,Grocery,1
37,1849.51,6,1,1,4,11.25,1045,4,0,0.1671,0.212,UPI,Beauty,0
32,1713.1,2,0,0,3,16.02,278,3,0,0.0868,0.1085,Credit Card,Home,0
32,1094.38,7,0,0,4,17.27,378,1,2,0.1917,0.0,UPI,Fashion,1
36,1466.49,9,0,0,4,2.06,1293,5,0,0.0533,0.0432,UPI,Home,0
40,603.96,11,0,0,1,15.55,589,0,1,0.1496,0.0408,Cash on Delivery,Fashion,0
37,1117.4,5,0,0,5,16.72,358,3,1,0.0898,0.0358,Debit Card,Electronics,0
28,1233.68,13,0,0,3,5.23,1003,5,1,0.0532,0.003,UPI,Accessories,0
28,1166.7,8,0,0,3,1.62,1118,1,0,0.0041,0.0237,Cash on Delivery,Accessories,0
21,2183.9,10,2,1,4,1.34,763,0,1,0.2218,0.1258,Debit Card,Fashion,0
26,1634.19,6,1,0,4,9.08,1216,1,1,0.2419,0.0675,UPI,Electronics,0
52,1810.66,7,0,0,3,14.5,794,1,0,0.0565,0.0178,Debit Card,Electronics,0
27,646.76,3,0,0,2,13.03,431,3,1,0.173,0.0994,Credit Card,Fashion,0
23,594.46,10,0,0,3,12.86,787,5,0,0.0663,0.0333,UPI,Electronics,0
37,1226.34,8,1,0,7,10.87,840,2,2,0.1992,0.0133,UPI,Home,0
33,1672.31,6,0,0,5,11.54,756,1,1,0.0941,0.0151,Cash on Delivery,Beauty,0
31,1522.05,9,1,1,9,20.18,546,5,1,0.1124,0.1146,UPI,Accessories,1
32,1942.01,7,0,0,2,8.03,310,1,0,0.0375,0.0621,Credit Card,Accessories,0
47,938.08,6,0,0,4,15.63,1689,2,0,0.0342,0.0152,Credit Card,Fashion,0
39,3002.26,8,0,0,3,6.37,2186,1,1,0.087,0.0458,UPI,Fashion,0
38,2312.96,12,7,1,4,33.89,1000,9,2,0.4725,0.0898,Debit Card,Beauty,1
29,966.89,8,3,0,3,11.12,671,2,1,0.3322,0.0441,UPI,Electronics,1
30,862.19,7,0,0,2,10.38,710,3,2,0.1271,0.0172,UPI,Fashion,0
29,562.42,8,1,0,4,20.82,792,1,0,0.1441,0.0704,Debit Card,Accessories,0
42,1020.57,14,2,0,3,1.48,734,1,0,0.1091,0.0,UPI,Home,0
31,1577.88,13,0,0,2,11.77,437,2,0,0.0171,0.033,UPI,Accessories,0
34,761.17,8,6,1,3,27.55,178,0,1,0.6612,0.1321,Debit Card,Fashion,0
31,527.76,6,1,1,6,30.56,234,5,0,0.154,0.1852,Credit Card,Electronics,1
18,2157.58,6,0,0,2,0.79,1169,5,1,0.0365,0.0711,UPI,Grocery,0
34,3019.22,10,0,0,3,5.67,1199,1,0,0.0285,0.0306,Credit Card,Grocery,0
31,485.33,3,1,1,4,34.64,176,6,0,0.2839,0.3045,Cash on Delivery,Fashion,0
20,1254.61,7,0,0,3,4.03,724,1,0,0.0574,0.0304,Credit Card,Accessories,0
54,781.73,15,0,0,4,20.28,697,4,0,0.022,0.0193,Credit Card,Accessories,0
25,1405.45,6,0,0,4,20.23,686,2,1,0.0829,0.0122,Net Banking,Fashion,0
33,923.75,9,1,0,4,3.08,1153,2,0,0.1029,0.0452,UPI,Home,0
36,1622.8,6,0,0,1,5.79,782,2,1,0.0745,0.0798,UPI,Fashion,0
31,2425.56,5,0,0,4,6.05,666,1,1,0.1311,0.0422,Net Banking,Home,0
33,537.48,4,2,0,3,11.62,559,0,1,0.5031,0.0565,Credit Card,Fashion,0
24,1952.6,6,2,1,5,3.79,726,2,3,0.4733,0.167,Cash on Delivery,Grocery,1
31,331.32,4,1,0,3,7.38,363,3,0,0.2435,0.0526,UPI,Accessories,0
38,1832.08,0,0,0,4,21.35,1251,2,2,0.4837,0.2798,Credit Card,Home,0
23,2664.35,5,1,1,3,25.4,609,5,2,0.2904,0.193,UPI,Electronics,1
40,2749.96,13,2,2,6,16.19,357,2,0,0.1214,0.1611,UPI,Home,1
48,924.36,16,0,0,2,8.87,496,4,0,0.0188,0.0,Debit Card,Electronics,0
44,642.82,5,1,1,4,40.43,779,7,0,0.1671,0.2295,UPI,Electronics,0
22,1454.16,8,2,1,7,24.11,306,4,2,0.233,0.1324,UPI,Electronics,1
41,4691.82,6,0,0,3,5.12,358,3,0,0.0196,0.0372,Cash on Delivery,Electronics,0
47,1284.14,11,2,0,3,22.47,1047,3,3,0.2879,0.0373,UPI,Grocery,0
25,1370.63,4,0,0,2,12.21,776,0,0,0.085,0.117,UPI,Fashion,0
37,991.54,9,0,0,6,15.69,2247,1,1,0.1137,0.0,UPI,Electronics,0
35,2110.53,5,0,0,1,16.62,328,2,0,0.0571,0.0346,Net Banking,Home,0
24,1593.61,5,0,0,4,17.2,615,2,1,0.1083,0.0407,UPI,Home,0
37,698.34,6,0,0,5,5.6,549,1,1,0.119,0.069,UPI,Home,0
46,513.29,5,0,0,3,11.03,1046,3,0,0.0949,0.0669,UPI,Electronics,0
32,1196.8,5,2,0,4,19.29,755,1,1,0.3357,0.0253,Net Banking,Grocery,0
30,935.86,9,0,0,3,30.56,847,1,2,0.1232,0.0,Credit Card,Grocery,0
38,2045.13,9,4,4,5,22.41,234,2,3,0.5048,0.408,Net Banking,Fashion,1
39,1907.58,9,0,0,2,12.76,846,1,2,0.1852,0.0309,UPI,Home,0
18,1604.0,6,0,0,1,20.14,251,5,1,0.0971,0.0618,UPI,Fashion,0
32,1896.94,9,0,0,3,33.3,876,3,0,0.0402,0.0,Debit Card,Fashion,0
33,1354.56,8,0,0,1,3.05,1131,2,0,0.0638,0.0599,UPI,Electronics,0
26,1367.85,9,6,0,4,9.78,456,1,1,0.5558,0.0185,Credit Card,Grocery,0
44,1763.4,9,0,0,2,5.29,473,1,1,0.1183,0.0241,Cash on Delivery,Fashion,0
24,735.85,16,0,0,2,15.72,599,1,0,0.037,0.0458,UPI,Accessories,0
33,788.56,8,0,0,4,5.17,352,2,1,0.0707,0.0066,UPI,Beauty,0
37,2500.02,7,1,0,4,6.16,424,2,0,0.14,0.0449,UPI,Fashion,0
46,3032.41,6,0,0,5,14.11,800,1,0,0.0414,0.04,Credit Card,Accessories,0
33,931.73,7,0,0,6,25.97,217,5,2,0.0916,0.0025,Net Banking,Home,0
34,567.31,9,0,0,3,7.48,1445,2,1,0.0771,0.0876,Cash on Delivery,Beauty,0
42,3159.86,14,0,0,5,15.24,560,2,0,0.0168,0.0,Cash on Delivery,Accessories,0
40,1636.17,9,1,0,3,25.52,1768,1,2,0.2652,0.0403,Net Banking,Accessories,1
35,1954.78,4,0,0,3,18.66,555,2,1,0.1237,0.0796,UPI,Beauty,0
24,1753.16,9,0,0,3,13.28,1187,3,0,0.0432,0.0453,Debit Card,Beauty,0
21,1056.52,7,0,0,1,17.58,489,6,0,0.0281,0.0085,UPI,Home,0
34,1596.16,9,3,3,5,22.71,52,2,0,0.2297,0.3447,Credit Card,Electronics,1
35,483.7,6,1,0,5,26.66,944,6,1,0.2223,0.0781,Credit Card,Fashion,0
29,1214.49,4,0,0,3,8.51,1644,1,1,0.1531,0.0487,UPI,Fashion,0
42,848.42,10,0,0,3,4.94,1061,2,0,0.0264,0.0251,Credit Card,Home,0
36,1841.42,5,1,0,6,33.25,409,2,5,0.4065,0.0603,Net Banking,Accessories,1
41,862.29,13,4,2,3,0.69,712,0,1,0.3379,0.1667,Debit Card,Accessories,0
32,1092.72,6,1,0,3,24.57,686,5,1,0.1619,0.0535,Credit Card,Fashion,0
24,2623.2,10,0,0,2,6.95,951,3,0,0.059,0.0043,UPI,Grocery,0
39,2105.45,7,1,0,2,24.7,1113,5,0,0.1383,0.0578,Cash on Delivery,Home,0
25,1646.32,6,2,0,5,29.92,1181,3,0,0.2911,0.0328,UPI,Fashion,1
27,466.54,7,3,1,2,37.65,390,5,3,0.425,0.1551,UPI,Electronics,0
27,743.87,6,0,0,5,6.43,807,3,0,0.0362,0.0661,UPI,Fashion,0
25,1060.03,10,1,0,2,7.17,932,2,1,0.1397,0.0509,Debit Card,Fashion,0
33,944.68,9,2,0,5,9.78,477,1,0,0.1829,0.0318,UPI,Grocery,0
45,1358.44,14,0,0,6,6.09,999,1,0,0.0119,0.0042,Cash on Delivery,Accessories,0
34,509.03,5,1,0,4,6.11,494,1,0,0.1396,0.0413,Net Banking,Fashion,0
30,749.24,8,1,0,4,21.49,852,3,0,0.1217,0.0153,Cash on Delivery,Fashion,0
20,1316.05,9,0,0,5,4.72,635,2,0,0.0646,0.0375,UPI,Electronics,0
39,1335.18,4,0,0,5,10.9,1555,2,0,0.06,0.0223,UPI,Home,0
27,1588.03,7,0,0,4,24.82,802,4,2,0.0968,0.0592,UPI,Fashion,0
35,659.39,5,0,0,5,21.79,1642,3,0,0.0395,0.0059,Credit Card,Electronics,0
31,1854.31,9,0,0,4,9.75,760,5,1,0.0159,0.0118,Credit Card,Beauty,0
42,953.37,8,0,0,7,18.69,1790,4,1,0.0692,0.0139,Credit Card,Home,0
33,811.8,12,2,0,5,8.92,1024,1,0,0.122,0.0,Credit Card,Fashion,0
33,1101.94,7,0,0,4,6.3,261,2,0,0.0208,0.0328,UPI,Home,0
32,4347.13,4,3,2,7,39.16,131,9,5,0.6464,0.46,Cash on Delivery,Grocery,1
31,789.44,7,3,1,3,11.64,82,5,2,0.3672,0.1757,UPI,Beauty,1
38,1191.55,9,1,0,2,9.81,643,1,0,0.1412,0.0554,Credit Card,Accessories,0
53,746.69,10,2,0,3,18.61,522,3,1,0.205,0.0625,Credit Card,Electronics,0
42,1002.71,7,1,0,5,8.88,368,2,1,0.1721,0.0431,UPI,Beauty,0
33,1902.67,10,0,0,2,19.87,505,3,1,0.0605,0.055,UPI,Grocery,0
34,1288.55,8,0,0,1,11.86,571,3,1,0.0643,0.0051,UPI,Electronics,0
29,1017.25,11,1,1,2,12.56,250,0,0,0.0917,0.1041,UPI,Grocery,1
25,1600.08,9,0,0,5,9.89,276,4,0,0.083,0.0205,Debit Card,Fashion,1
29,1717.57,11,0,0,2,6.64,705,1,0,0.002,0.019,Debit Card,Beauty,0
27,2919.56,6,0,0,4,30.35,999,1,0,0.0786,0.0301,Debit Card,Fashion,0
40,474.17,4,1,0,2,11.31,2277,3,0,0.204,0.0603,Credit Card,Home,1
24,1777.32,10,0,0,3,9.83,1477,2,0,0.0082,0.0188,UPI,Accessories,0
46,1513.75,5,0,0,5,4.92,690,1,0,0.0437,0.0486,UPI,Electronics,0
41,2284.01,4,0,0,2,3.66,791,1,1,0.1318,0.0883,Debit Card,Grocery,0
34,1090.16,4,0,0,2,8.77,1049,3,0,0.1135,0.0497,UPI,Fashion,0
34,1790.62,11,0,0,4,11.93,719,2,1,0.0954,0.0279,Credit Card,Fashion,0
29,1161.94,7,1,0,6,12.12,811,1,0,0.1579,0.023,Debit Card,Grocery,0
36,1074.73,9,0,0,4,2.52,505,2,0,0.0242,0.0489,UPI,Home,0
44,702.51,10,3,0,3,9.97,774,1,0,0.2464,0.0472,Credit Card,Fashion,0
28,1028.36,11,0,0,3,12.36,832,2,0,0.038,0.0248,UPI,Beauty,0
20,872.52,7,1,0,2,22.32,375,6,0,0.1144,0.0574,Debit Card,Accessories,0
40,1796.05,5,1,1,1,23.42,1035,3,1,0.1734,0.2381,UPI,Fashion,1
22,1234.14,4,2,1,2,34.52,248,6,3,0.4098,0.277,Net Banking,Fashion,1
32,3107.87,4,2,1,4,31.09,321,2,1,0.4065,0.2397,Debit Card,Fashion,1
37,896.72,8,0,0,1,33.01,1062,2,0,0.0881,0.0537,Net Banking,Electronics,0
24,646.55,5,0,0,3,5.81,1085,1,0,0.0842,0.035,UPI,Electronics,0
27,754.77,8,0,0,5,30.72,511,0,0,0.0472,0.0,Credit Card,Electronics,0
26,1326.37,8,2,0,1,10.86,1643,1,1,0.2413,0.0415,Credit Card,Electronics,0
39,2122.16,7,3,0,2,25.34,356,5,5,0.4415,0.0232,Debit Card,Accessories,1
27,1590.0,9,0,0,3,13.78,645,3,1,0.0603,0.0487,Credit Card,Grocery,0
31,2559.42,6,0,0,3,11.87,396,2,0,0.0465,0.047,Cash on Delivery,Home,0
32,1042.54,14,2,0,4,10.16,1585,3,1,0.1474,0.0,Debit Card,Home,0
28,1168.99,9,0,0,3,1.2,444,1,3,0.2052,0.0401,UPI,Fashion,0
27,1282.77,11,1,1,4,13.91,918,3,0,0.0907,0.104,UPI,Accessories,0
32,1403.87,5,2,0,4,8.34,557,0,0,0.2822,0.0202,UPI,Electronics,0
36,419.5,9,0,0,2,27.46,304,3,0,0.0153,0.0054,Credit Card,Fashion,1
26,1286.66,5,3,1,5,38.32,311,4,1,0.4409,0.2329,Net Banking,Grocery,1
30,2095.77,5,0,0,2,27.21,506,5,3,0.1197,0.0529,UPI,Accessories,0
31,1356.46,11,0,0,3,23.08,436,1,3,0.2207,0.014,UPI,Fashion,1
44,1432.93,10,0,0,3,10.5,1490,1,0,0.0327,0.0163,Cash on Delivery,Beauty,0
39,952.48,7,2,0,3,9.1,795,1,0,0.2551,0.0225,Net Banking,Electronics,0
20,938.75,6,0,0,4,21.38,588,4,2,0.1277,0.0177,Debit Card,Electronics,0
39,706.49,11,0,0,4,28.65,670,2,0,0.0288,0.0464,Debit Card,Beauty,0
39,1918.55,8,2,0,4,13.75,403,2,1,0.2735,0.0583,UPI,Home,0
30,1077.36,13,0,0,4,7.94,482,3,4,0.2118,0.0,UPI,Fashion,0
21,1441.87,5,0,0,4,3.71,1184,0,0,0.0309,0.0606,Credit Card,Fashion,0
34,1741.54,7,0,0,4,12.55,877,2,2,0.1822,0.0,Credit Card,Accessories,0
34,1013.97,9,0,0,1,17.58,772,0,0,0.0,0.0166,UPI,Home,1
31,1372.17,5,3,0,4,19.59,250,3,4,0.5857,0.0489,Credit Card,Grocery,0
24,1005.05,10,1,0,3,10.98,702,3,1,0.1812,0.0274,Debit Card,Electronics,0
21,450.94,7,0,0,2,15.63,278,2,1,0.0859,0.0357,Debit Card,Beauty,0
27,1579.74,10,2,0,5,24.42,455,2,1,0.2334,0.0671,UPI,Accessories,0
33,669.42,6,0,0,2,7.45,735,1,1,0.1312,0.07,Credit Card,Home,0
34,428.74,7,1,1,6,13.09,178,6,1,0.1492,0.1449,Credit Card,Accessories,1
32,1175.12,6,1,0,6,16.87,1185,1,1,0.2156,0.029,Debit Card,Beauty,0
30,1719.77,10,2,1,1,22.65,550,2,0,0.1902,0.1114,Debit Card,Home,0
33,1106.14,6,1,0,5,11.84,741,2,0,0.2014,0.0593,Debit Card,Home,0
24,1619.71,13,0,0,2,4.56,175,2,1,0.1305,0.0623,Credit Card,Grocery,0
30,1643.7,7,0,0,2,16.97,1421,1,0,0.0373,0.032,Credit Card,Beauty,0
39,304.62,7,2,0,3,14.32,1654,0,1,0.3241,0.0534,Credit Card,Electronics,0
31,1519.46,9,1,0,4,3.51,1649,1,1,0.164,0.0247,Debit Card,Electronics,1
19,727.91,1,0,0,2,20.55,296,6,0,0.1977,0.1299,UPI,Beauty,0
24,4570.05,4,2,1,4,37.51,352,3,3,0.5115,0.2744,UPI,Beauty,1
40,1365.92,6,2,2,5,15.01,371,11,1,0.3556,0.3545,Credit Card,Fashion,1
30,1878.47,10,2,1,3,15.31,1236,1,1,0.246,0.1553,UPI,Beauty,1
24,2518.27,6,0,0,3,5.19,133,0,1,0.1073,0.0638,Debit Card,Home,0
36,2207.29,7,1,1,1,17.53,1273,1,1,0.1658,0.1598,Debit Card,Fashion,1
37,1519.71,10,1,0,5,7.03,765,3,0,0.065,0.0331,Credit Card,Grocery,0
34,1700.3,5,2,1,7,32.08,276,3,2,0.3361,0.2094,Debit Card,Electronics,1
19,2331.64,13,0,0,2,13.13,632,1,0,0.0769,0.0328,Net Banking,Electronics,0
41,3643.9,5,1,0,3,18.73,1232,4,1,0.2194,0.0475,Cash on Delivery,Accessories,0
24,1416.63,6,0,0,2,25.88,819,1,0,0.0729,0.0207,UPI,Electronics,0
48,3474.5,10,0,0,4,6.69,480,3,3,0.1267,0.0334,UPI,Accessories,0
34,477.12,9,0,0,4,6.23,1100,2,0,0.035,0.0311,UPI,Fashion,0
22,283.88,6,2,2,4,16.44,360,6,1,0.3389,0.3283,UPI,Beauty,1
23,2379.27,11,0,0,3,4.01,1397,1,1,0.0997,0.0189,Debit Card,Fashion,1
24,1349.39,6,1,0,3,16.9,1184,0,1,0.2542,0.0556,UPI,Electronics,0
37,565.73,4,0,0,4,11.08,1223,1,1,0.1783,0.0383,Credit Card,Fashion,0
43,1135.41,0,0,0,5,15.76,76,3,2,0.4389,0.3079,UPI,Fashion,1
30,694.05,8,3,0,5,19.47,278,6,1,0.3252,0.0429,Cash on Delivery,Electronics,1
30,1911.95,11,1,0,3,12.48,400,2,0,0.0917,0.0504,Debit Card,Fashion,0
33,1064.7,11,0,0,6,19.36,579,2,0,0.0437,0.0294,UPI,Fashion,0
49,1573.4,6,0,0,1,7.26,885,2,1,0.0968,0.0342,Cash on Delivery,Electronics,0
28,1309.5,10,1,0,4,24.48,1564,3,0,0.1243,0.0172,Credit Card,Electronics,0
23,976.82,9,2,2,2,27.61,29,3,1,0.23,0.2184,Credit Card,Fashion,1
35,1811.6,8,1,0,3,10.71,490,2,0,0.1252,0.0504,UPI,Beauty,0
47,971.24,7,1,0,2,19.18,1522,1,1,0.208,0.0517,Cash on Delivery,Grocery,1
36,702.45,10,1,0,3,29.87,250,2,0,0.1252,0.0,UPI,Fashion,0
20,636.9,7,0,0,5,25.41,1423,2,1,0.0972,0.0072,UPI,Fashion,0
39,1383.82,9,1,0,3,6.63,1357,2,1,0.1456,0.0103,Credit Card,Home,0
24,482.42,7,0,0,2,16.01,1990,2,1,0.1107,0.0321,Cash on Delivery,Beauty,0
47,1119.3,10,1,0,2,28.37,1268,2,3,0.2935,0.0408,UPI,Fashion,1
27,1256.69,7,0,0,4,19.29,928,0,0,0.0072,0.039,Credit Card,Fashion,0
61,742.24,4,1,0,6,16.51,637,3,0,0.2409,0.0727,Net Banking,Fashion,0
47,584.33,5,1,1,2,8.95,595,1,2,0.2593,0.2099,UPI,Beauty,0
27,747.84,6,3,0,5,23.89,751,1,1,0.4377,0.0412,Debit Card,Beauty,0
34,2098.8,4,1,0,3,21.44,612,0,0,0.2834,0.0973,UPI,Electronics,0
41,1189.31,13,0,0,4,5.89,1100,4,0,0.0247,0.0154,UPI,Home,0
41,1336.3,9,0,0,2,2.46,1252,1,1,0.1187,0.0359,UPI,Fashion,0
38,2366.4,9,1,1,3,24.81,469,2,0,0.1411,0.1308,Credit Card,Home,0
45,2684.99,6,2,0,1,10.76,1286,1,0,0.261,0.0635,Cash on Delivery,Electronics,1
33,1556.45,8,0,0,4,10.35,962,3,1,0.0932,0.0113,Credit Card,Electronics,0
38,2045.84,4,1,0,5,48.27,131,3,1,0.2873,0.0636,UPI,Home,0
31,2042.91,6,0,0,2,10.62,663,4,0,0.0631,0.0316,Debit Card,Fashion,0
31,2897.43,7,0,0,5,11.51,1407,2,2,0.161,0.0806,UPI,Fashion,0
42,1014.06,9,0,0,4,5.36,511,0,1,0.1189,0.056,Debit Card,Grocery,0
37,839.08,10,1,1,2,10.3,365,1,1,0.1663,0.1203,UPI,Accessories,0
37,3029.31,4,0,0,4,7.24,496,2,0,0.0579,0.0585,UPI,Electronics,1
41,705.78,11,0,0,4,6.3,580,4,0,0.0259,0.0087,Credit Card,Beauty,0
18,855.27,7,2,1,3,9.08,1378,3,1,0.2115,0.1574,Cash on Delivery,Fashion,1
37,787.32,8,0,0,3,20.34,2240,1,0,0.0704,0.0297,UPI,Accessories,0
36,1454.18,9,0,0,2,23.06,1343,2,1,0.0899,0.0309,UPI,Beauty,1
49,957.49,9,0,0,4,8.42,798,1,1,0.0967,0.0311,Credit Card,Grocery,0
20,1952.4,9,1,1,2,8.82,224,4,0,0.0836,0.1239,UPI,Electronics,0
48,2293.23,8,1,1,3,19.4,527,1,1,0.1674,0.1304,Credit Card,Grocery,0
35,1838.17,3,0,0,2,38.59,1888,2,3,0.2676,0.0649,Credit Card,Grocery,1
38,429.66,7,0,0,5,35.36,1211,2,0,0.0363,0.0469,Cash on Delivery,Fashion,0
49,2024.99,8,1,0,3,12.78,213,1,2,0.274,0.0238,Credit Card,Grocery,0
39,365.56,10,0,0,3,1.12,155,5,0,0.0929,0.0241,UPI,Beauty,0
38,1056.81,8,1,0,5,26.46,1183,3,0,0.1336,0.0599,Credit Card,Accessories,0
33,3104.15,3,0,0,3,19.35,297,5,4,0.2109,0.0724,Credit Card,Beauty,1
36,1112.12,12,2,0,6,11.5,1540,3,1,0.1716,0.025,UPI,Accessories,0
30,1489.56,7,1,1,3,9.61,423,4,0,0.1436,0.197,Credit Card,Grocery,0
34,1076.79,6,0,0,2,13.89,514,1,2,0.213,0.0321,UPI,Fashion,0
28,763.25,16,4,0,4,10.74,1319,1,1,0.2811,0.0135,Credit Card,Fashion,0
34,352.86,7,0,0,3,10.46,663,3,2,0.1146,0.0226,Credit Card,Fashion,0
18,422.88,8,0,0,4,23.46,714,1,2,0.1624,0.0333,Debit Card,Beauty,0
18,758.42,9,5,0,4,24.47,339,3,0,0.4403,0.0287,Debit Card,Fashion,0
38,1313.35,9,0,0,4,5.58,695,2,0,0.0633,0.0238,UPI,Electronics,0
25,2299.8,7,1,1,3,19.69,238,4,5,0.3424,0.1764,UPI,Beauty,0
33,931.04,8,0,0,4,11.06,844,3,0,0.0887,0.0592,UPI,Home,0
31,989.12,7,0,0,4,5.18,940,6,1,0.0452,0.0618,UPI,Electronics,1
36,1155.33,6,1,0,3,2.36,1972,1,0,0.1438,0.0455,UPI,Fashion,1
31,6445.73,7,0,0,6,22.57,177,6,0,0.0,0.0491,Cash on Delivery,Fashion,1
21,916.95,10,2,1,2,13.16,634,1,0,0.2279,0.1293,UPI,Home,1
18,1305.14,8,0,0,3,38.64,635,5,2,0.1272,0.0222,Debit Card,Electronics,1
51,727.19,9,1,0,4,10.42,713,3,0,0.074,0.0571,Cash on Delivery,Beauty,1
33,784.06,10,0,0,6,22.71,399,2,1,0.1254,0.0445,Debit Card,Electronics,0
30,1212.83,2,0,0,5,12.99,244,6,2,0.1881,0.0862,Cash on Delivery,Electronics,1
33,1892.12,3,0,0,2,10.32,839,4,0,0.0919,0.044,Credit Card,Fashion,0
25,2713.55,7,0,0,2,10.63,1371,0,1,0.1519,0.035,Cash on Delivery,Electronics,0
34,1540.1,6,0,0,3,20.53,511,1,3,0.2331,0.0287,UPI,Fashion,0
30,945.97,6,5,0,4,37.18,1014,6,1,0.608,0.055,UPI,Accessories,1
20,2704.93,6,1,1,3,31.48,506,6,3,0.2386,0.1899,Credit Card,Fashion,0
46,941.75,5,0,0,4,8.5,468,0,0,0.0782,0.0791,Net Banking,Accessories,0
43,1565.52,10,1,0,5,2.83,1307,4,1,0.1371,0.0272,Credit Card,Electronics,0
31,1055.59,11,1,0,5,27.9,632,6,2,0.1417,0.0414,UPI,Electronics,1
42,1354.91,10,0,0,3,3.18,937,2,2,0.1491,0.0045,Debit Card,Accessories,0
39,1448.37,6,1,1,5,17.73,470,0,1,0.2625,0.1726,UPI,Fashion,0
29,3645.26,2,0,0,5,9.18,158,5,2,0.1739,0.0738,Credit Card,Fashion,0
31,546.62,7,1,1,4,13.12,863,1,0,0.1563,0.1626,Net Banking,Electronics,0
21,2288.24,10,2,0,2,15.13,444,1,0,0.2046,0.0178,Credit Card,Grocery,0
32,842.07,10,0,0,5,7.09,650,4,0,0.0266,0.0213,UPI,Beauty,0
19,529.6,4,3,1,4,18.9,372,8,0,0.5515,0.2463,Debit Card,Electronics,1
36,1815.46,6,1,1,8,11.26,124,6,2,0.2146,0.2003,Credit Card,Accessories,1
36,343.42,5,0,0,7,25.68,254,5,5,0.2461,0.09,UPI,Fashion,0
32,1177.62,12,0,0,4,19.44,684,3,2,0.1175,0.025,Credit Card,Electronics,0
27,3316.31,7,0,0,5,14.65,152,7,3,0.0658,0.0516,Cash on Delivery,Home,1
27,2659.15,11,4,2,6,8.26,455,1,2,0.422,0.1942,Credit Card,Electronics,1
43,1683.58,4,1,0,4,19.66,1297,3,0,0.2314,0.0497,Credit Card,Home,0
35,676.9,10,3,1,4,29.98,262,2,2,0.3457,0.104,UPI,Accessories,1
37,455.93,8,1,0,5,18.34,1065,1,0,0.1336,0.0608,Debit Card,Electronics,0
49,928.5,9,1,0,4,4.96,1338,3,0,0.0756,0.0,UPI,Fashion,0
45,2017.46,11,1,0,2,8.75,644,3,1,0.1313,0.0,Credit Card,Beauty,0
30,794.96,10,0,0,1,5.1,1011,2,0,0.023,0.0434,Cash on Delivery,Electronics,1
18,1243.17,7,1,0,3,11.87,270,2,1,0.1977,0.0453,Debit Card,Accessories,0
46,1311.19,7,0,0,3,33.56,460,5,0,0.064,0.0397,Credit Card,Grocery,0
46,1255.62,8,0,0,3,16.0,361,2,1,0.0875,0.0,Cash on Delivery,Home,0
22,1282.24,8,1,1,1,18.4,1196,3,0,0.1304,0.1639,Credit Card,Electronics,0
48,2175.61,8,0,0,5,18.5,1793,2,1,0.0963,0.0599,UPI,Home,0
37,334.29,7,1,0,4,15.92,702,2,2,0.2322,0.0591,Debit Card,Home,0
35,473.35,4,1,0,2,29.89,1052,4,1,0.2901,0.0309,UPI,Accessories,0
49,669.12,12,1,0,2,11.78,1039,0,2,0.252,0.0055,Debit Card,Fashion,0
46,600.12,6,0,0,2,19.9,1704,6,0,0.0919,0.0437,UPI,Beauty,0
40,1958.87,7,1,1,4,8.36,650,2,0,0.0883,0.161,UPI,Accessories,1
27,732.12,3,1,0,5,42.2,197,2,6,0.5652,0.087,Credit Card,Home,1
38,2087.25,4,0,0,2,18.29,826,3,0,0.0967,0.0607,Net Banking,Electronics,0
40,3106.86,9,1,0,3,19.83,469,1,0,0.092,0.0308,UPI,Fashion,0
30,1048.23,9,0,0,4,28.28,381,3,2,0.1271,0.0128,UPI,Fashion,0
18,1113.53,4,0,0,2,44.0,369,3,2,0.1759,0.0423,UPI,Electronics,0
34,1573.7,7,1,1,3,21.33,1125,1,1,0.2213,0.1719,Net Banking,Beauty,0
33,1367.6,9,1,1,6,23.44,225,3,2,0.1619,0.1216,UPI,Home,0
26,835.41,12,0,0,3,12.89,526,4,0,0.0,0.0494,UPI,Beauty,0
22,2754.07,9,7,3,6,13.68,1115,9,3,0.6245,0.3458,UPI,Electronics,1
31,998.44,8,1,1,6,19.93,543,2,0,0.1209,0.1449,Cash on Delivery,Home,0
26,1043.29,1,0,0,5,11.86,191,4,1,0.2262,0.1565,Net Banking,Grocery,0
31,1198.4,11,0,0,2,4.03,996,3,1,0.1151,0.0288,UPI,Electronics,0
28,2393.65,13,0,0,4,8.15,678,2,3,0.1186,0.0035,Net Banking,Electronics,0
35,2042.85,10,0,0,4,18.71,1138,3,0,0.0403,0.0036,Credit Card,Fashion,0
31,2465.89,10,1,0,3,14.7,1150,0,2,0.2241,0.0035,Credit Card,Beauty,0
39,1148.4,6,0,0,3,9.15,868,2,0,0.0354,0.0848,Debit Card,Grocery,0
41,427.3,1,0,0,6,4.17,90,4,5,0.3812,0.1089,Net Banking,Fashion,1
28,625.71,6,5,1,3,25.66,341,2,1,0.6489,0.1741,Credit Card,Fashion,1
19,1158.81,6,0,0,3,9.69,815,1,1,0.1458,0.0366,Debit Card,Beauty,0
33,863.88,8,0,0,2,11.86,1775,5,0,0.0431,0.0374,Credit Card,Accessories,0
35,3116.92,7,0,0,1,8.4,732,1,1,0.0816,0.0241,Credit Card,Beauty,0
31,528.89,7,0,0,2,9.19,1175,4,2,0.1351,0.0664,Cash on Delivery,Grocery,0
32,485.93,10,1,1,4,15.61,445,4,3,0.1517,0.1205,Credit Card,Home,0
20,1263.37,13,0,0,4,18.33,804,4,0,0.0,0.0,UPI,Grocery,0
37,1099.88,9,1,0,3,16.25,1180,2,1,0.1794,0.0273,Debit Card,Accessories,1
40,2156.53,11,1,1,4,6.69,481,0,0,0.0886,0.1065,Net Banking,Grocery,0
38,757.89,13,0,0,4,16.26,756,2,0,0.035,0.0472,Cash on Delivery,Fashion,0
43,1693.55,9,0,0,2,9.79,791,3,0,0.06,0.0185,Cash on Delivery,Grocery,0
36,2108.61,6,2,0,4,5.66,498,0,0,0.2265,0.0251,Credit Card,Accessories,0
38,486.49,8,0,0,2,2.98,545,5,0,0.0365,0.0511,Net Banking,Home,0
29,1600.54,4,1,0,4,23.86,262,5,0,0.2512,0.0434,Credit Card,Home,1
35,2269.45,6,0,0,3,15.57,438,3,0,0.0488,0.0523,UPI,Accessories,0
40,618.89,5,0,0,3,2.49,202,2,1,0.0537,0.0332,Net Banking,Home,1
20,1718.41,6,1,0,3,13.93,451,1,0,0.1789,0.039,Net Banking,Home,0
26,410.89,8,0,0,2,14.07,864,4,1,0.0746,0.0293,Credit Card,Grocery,0
33,1743.6,11,4,1,6,3.17,280,5,0,0.2822,0.0935,UPI,Home,0
48,1693.37,9,3,1,1,24.66,557,2,0,0.2873,0.162,Debit Card,Beauty,0
18,1281.79,8,0,0,3,8.44,760,3,1,0.0994,0.0226,UPI,Home,0
33,1527.47,6,1,0,5,25.04,820,3,1,0.2127,0.0425,UPI,Beauty,1
33,3535.9,5,4,1,4,32.0,156,4,4,0.6899,0.2217,Credit Card,Fashion,1
22,1542.38,4,2,2,5,33.06,258,3,3,0.4971,0.4953,UPI,Beauty,1
45,1433.68,11,0,0,4,26.44,696,1,0,0.0,0.032,Net Banking,Electronics,0
33,2337.29,7,0,0,6,19.02,1170,0,0,0.0094,0.0269,UPI,Accessories,0
30,1437.94,6,0,0,4,4.91,2095,4,0,0.0,0.03,UPI,Fashion,0
29,3469.86,5,1,1,4,44.06,284,7,1,0.2246,0.2062,Credit Card,Fashion,0
35,985.88,5,0,0,3,11.51,454,2,0,0.0341,0.0585,Net Banking,Grocery,0
29,1340.41,5,0,0,3,16.98,671,4,3,0.23,0.0463,Cash on Delivery,Accessories,0
31,1443.71,6,2,1,3,9.24,1296,2,1,0.3184,0.1863,Credit Card,Grocery,0
34,1543.51,7,1,0,4,18.66,499,2,0,0.1424,0.0288,Net Banking,Fashion,0
28,1994.61,9,1,0,2,10.85,957,2,0,0.1346,0.0668,UPI,Home,0
44,535.76,10,0,0,4,8.91,360,4,0,0.0197,0.02,Credit Card,Home,0
47,2108.6,7,0,0,4,20.37,919,3,0,0.0765,0.0032,Debit Card,Electronics,0
33,1082.47,9,1,0,3,12.76,628,1,0,0.1126,0.0368,UPI,Accessories,0
22,1700.17,7,0,0,2,21.46,619,4,0,0.0064,0.0403,Cash on Delivery,Beauty,0
29,1776.06,8,1,0,2,11.16,863,1,1,0.1796,0.0146,UPI,Grocery,0
32,696.54,4,1,0,3,21.61,424,1,0,0.1744,0.0269,Credit Card,Accessories,0
39,1701.99,8,2,0,3,18.66,423,2,0,0.2154,0.0323,Net Banking,Grocery,0
31,2567.73,8,2,2,3,25.22,649,3,2,0.3174,0.2667,Debit Card,Fashion,0
31,990.66,5,1,1,5,28.79,138,3,3,0.279,0.2225,Net Banking,Grocery,1
50,2464.02,6,5,1,4,33.31,911,9,0,0.6051,0.2205,UPI,Electronics,1
20,2690.54,4,0,0,4,21.67,548,0,2,0.2159,0.0623,Credit Card,Home,1
25,1118.66,4,0,0,2,9.93,643,1,2,0.2241,0.0757,UPI,Grocery,0
27,1989.56,5,0,0,2,15.14,1278,1,0,0.0,0.0549,Credit Card,Beauty,1
39,2417.99,8,2,0,5,17.33,652,2,1,0.2805,0.0414,Debit Card,Electronics,0
42,2071.18,9,3,1,3,3.83,2117,4,1,0.2759,0.143,UPI,Accessories,0
28,1945.38,9,0,0,4,4.65,2437,5,1,0.0458,0.0639,Credit Card,Electronics,0
37,1983.61,6,4,1,4,10.06,698,4,2,0.56,0.2086,Debit Card,Home,1
22,1684.39,4,0,0,4,18.9,752,3,4,0.2306,0.0594,UPI,Grocery,0
64,1103.52,9,0,0,4,5.18,1741,1,2,0.1401,0.0354,UPI,Home,0
41,554.57,12,2,0,3,14.36,462,3,1,0.1981,0.0,Credit Card,Electronics,0
32,2264.49,6,0,0,3,9.29,801,4,0,0.0495,0.0436,Debit Card,Electronics,0
42,1596.47,9,2,1,3,21.59,883,1,0,0.208,0.1556,UPI,Fashion,0
33,4412.63,7,2,1,2,10.45,1064,4,0,0.2209,0.1714,Debit Card,Grocery,0
38,2397.82,6,4,0,2,30.56,621,5,3,0.5845,0.0294,Credit Card,Electronics,1
42,1247.96,7,0,0,4,3.38,322,0,1,0.1402,0.0706,Credit Card,Fashion,0
35,456.03,3,0,0,5,9.06,853,1,0,0.0831,0.1097,UPI,Accessories,0
33,753.35,5,1,1,5,25.51,157,4,1,0.2076,0.2493,Credit Card,Beauty,0
24,1919.46,11,3,0,4,22.79,367,3,1,0.3027,0.025,Credit Card,Grocery,1
42,1943.64,5,2,2,4,14.52,526,1,2,0.4324,0.3757,Cash on Delivery,Electronics,1
18,2222.37,3,1,0,2,1.29,675,6,1,0.2439,0.0759,UPI,Fashion,0
35,1227.75,6,1,1,2,6.7,1480,1,2,0.2655,0.1995,UPI,Home,0
33,810.47,10,3,0,4,2.28,190,2,0,0.2422,0.0243,UPI,Grocery,0
21,730.91,8,0,0,4,4.83,479,0,0,0.0386,0.0453,Credit Card,Grocery,0
51,2204.66,4,0,0,2,6.57,1498,3,1,0.1236,0.0517,Credit Card,Home,0
26,3022.59,10,0,0,4,20.17,550,6,0,0.0183,0.0242,Debit Card,Home,0
22,1624.19,7,0,0,4,5.49,837,3,4,0.1758,0.0598,UPI,Home,1
32,963.09,11,1,1,4,12.66,974,2,3,0.2108,0.109,Credit Card,Electronics,1
25,1356.68,8,0,0,3,7.5,481,2,1,0.0698,0.0465,UPI,Fashion,0
34,572.01,9,0,0,1,11.46,386,2,1,0.057,0.0269,Cash on Delivery,Beauty,0
40,4071.26,7,0,0,5,20.13,694,2,1,0.1017,0.0308,UPI,Fashion,0
43,5465.19,11,1,1,3,2.14,1349,4,1,0.1498,0.1166,UPI,Beauty,0
41,1720.03,4,0,0,3,5.68,856,4,0,0.0689,0.0713,Net Banking,Beauty,0
24,877.05,9,0,0,6,22.09,219,5,0,0.057,0.0525,UPI,Fashion,0
31,2938.6,11,1,1,4,9.26,392,0,1,0.1888,0.123,Cash on Delivery,Beauty,0
34,1465.39,8,1,1,2,11.41,1180,0,0,0.1118,0.1396,Net Banking,Accessories,0
38,752.41,10,2,0,2,7.56,405,2,0,0.178,0.0024,Credit Card,Electronics,0
38,435.36,11,5,5,5,9.37,53,3,2,0.4,0.4482,Credit Card,Home,1
18,987.67,5,1,0,2,11.85,960,2,0,0.1981,0.0137,UPI,Electronics,0
39,1491.97,8,1,1,3,6.83,715,0,1,0.1743,0.1271,UPI,Beauty,0
21,943.22,11,3,0,4,13.19,605,5,0,0.2475,0.0135,Credit Card,Beauty,0
52,1334.43,9,2,0,2,6.61,674,0,2,0.3525,0.0321,Cash on Delivery,Accessories,1
26,333.48,7,2,0,4,5.4,225,3,1,0.3157,0.0591,Cash on Delivery,Home,0
30,1537.52,7,0,0,3,2.27,726,2,0,0.0686,0.0685,UPI,Home,0
32,1814.68,8,0,0,5,14.69,764,4,0,0.0222,0.0161,Cash on Delivery,Home,1
42,2468.48,8,1,1,7,9.73,754,5,2,0.1959,0.1463,Debit Card,Home,0
18,5000.96,10,3,2,6,22.12,187,0,0,0.2524,0.1755,UPI,Fashion,1
27,1689.11,9,2,0,1,12.62,884,3,1,0.2004,0.0115,UPI,Fashion,0
20,1519.41,8,6,4,3,32.41,294,4,4,0.6942,0.4768,UPI,Electronics,1
28,1569.53,6,0,0,3,26.77,1275,4,0,0.0804,0.0608,Net Banking,Grocery,0
54,644.47,9,1,0,4,20.29,1864,2,0,0.1557,0.0183,Cash on Delivery,Home,1
42,1395.64,10,2,0,3,13.88,779,1,0,0.1702,0.0647,UPI,Fashion,0
20,3357.7,11,1,1,5,8.57,1201,1,0,0.0743,0.1292,UPI,Fashion,0
48,1698.04,10,1,0,4,23.2,829,1,0,0.0975,0.0377,Cash on Delivery,Home,0
25,1687.73,5,1,1,5,27.08,150,7,2,0.2225,0.2178,UPI,Accessories,1
32,620.58,5,4,2,4,33.23,473,4,3,0.6619,0.3607,UPI,Accessories,1
45,3131.5,7,2,0,5,11.77,651,1,0,0.263,0.0505,Cash on Delivery,Accessories,0
27,618.69,8,2,2,3,4.78,143,3,2,0.2655,0.2551,UPI,Accessories,1
31,1293.25,2,0,0,4,5.73,908,2,0,0.1883,0.1134,Credit Card,Grocery,0
37,811.96,9,1,0,3,5.56,320,2,0,0.1625,0.0553,Cash on Delivery,Electronics,0
34,1115.72,8,0,0,4,18.28,443,2,0,0.0296,0.0424,Debit Card,Home,0
52,1163.77,9,0,0,2,28.28,373,2,1,0.0862,0.0246,UPI,Grocery,0
25,1478.16,8,0,0,4,31.11,648,5,2,0.0818,0.0131,Net Banking,Fashion,1
40,1002.72,6,1,1,5,25.7,91,4,0,0.1313,0.1662,UPI,Home,1
27,2507.86,6,0,0,5,14.12,880,5,2,0.0925,0.0318,UPI,Beauty,0
35,489.96,5,0,0,3,14.03,223,1,0,0.0919,0.025,Credit Card,Beauty,0
30,1750.81,6,0,0,5,15.06,348,1,2,0.204,0.0085,Cash on Delivery,Electronics,0
21,523.74,6,0,0,5,7.71,260,3,1,0.1461,0.0384,Debit Card,Accessories,1
41,2865.21,7,1,1,2,34.13,305,9,2,0.1919,0.1528,UPI,Grocery,1
54,806.66,8,1,0,1,30.19,787,2,2,0.2444,0.024,UPI,Home,0
23,1483.97,6,0,0,3,16.46,599,3,1,0.0888,0.0248,Cash on Delivery,Home,0
36,1421.86,4,2,0,2,28.19,677,1,1,0.396,0.038,Debit Card,Beauty,0
18,2075.79,12,0,0,3,22.13,961,2,0,0.0801,0.0,Cash on Delivery,Beauty,0
30,3438.15,6,2,1,5,8.21,744,1,1,0.3463,0.1836,UPI,Home,0
38,2471.65,6,0,0,3,4.78,636,5,0,0.0538,0.0332,Credit Card,Grocery,0
27,2142.68,10,1,0,1,9.58,220,1,0,0.0791,0.0345,UPI,Electronics,1
39,2037.46,13,3,0,4,3.37,962,2,0,0.1801,0.0,UPI,Accessories,0
26,2062.89,14,4,4,1,58.18,150,6,3,0.3199,0.261,Credit Card,Accessories,1
32,3077.95,7,0,0,4,14.53,208,2,3,0.1759,0.0342,Debit Card,Grocery,0
44,2300.34,7,0,0,4,5.0,860,5,0,0.0555,0.0595,UPI,Fashion,0
18,1696.57,6,0,0,4,23.65,668,5,2,0.1142,0.0575,Cash on Delivery,Fashion,0
46,2116.74,10,1,1,5,17.95,3000,3,2,0.191,0.1203,Debit Card,Electronics,1
18,2064.21,7,6,1,1,14.32,269,4,2,0.7095,0.1632,Cash on Delivery,Fashion,1
29,1664.27,6,1,0,5,17.38,1048,3,1,0.2004,0.0359,Credit Card,Electronics,0
35,775.6,16,2,0,2,3.87,527,3,0,0.1198,0.0153,UPI,Fashion,0
36,1091.31,7,2,0,6,15.97,1248,1,0,0.2431,0.0117,UPI,Home,0
40,1288.7,4,0,0,1,10.77,2024,3,1,0.1406,0.0636,Debit Card,Accessories,1
34,1999.89,12,0,0,3,8.57,1358,2,0,0.0171,0.0064,Debit Card,Electronics,0
36,794.64,6,0,0,2,12.71,1590,5,0,0.0739,0.0649,Cash on Delivery,Electronics,0
32,1182.01,15,2,0,2,13.01,460,3,0,0.1377,0.0156,Cash on Delivery,Electronics,0
35,587.88,9,0,0,5,33.34,607,4,0,0.0205,0.0222,UPI,Beauty,0
46,1222.33,10,2,0,4,4.98,1132,2,0,0.192,0.0039,Debit Card,Fashion,0
31,1498.27,10,1,0,2,28.17,306,5,4,0.2544,0.0301,Net Banking,Fashion,0
34,585.39,5,2,1,5,30.22,368,6,5,0.4281,0.2277,Debit Card,Electronics,1
30,707.22,4,3,3,3,43.4,647,3,5,0.7415,0.7325,Cash on Delivery,Electronics,1
40,1354.43,5,2,0,4,11.22,734,3,1,0.3242,0.0247,Net Banking,Fashion,0
40,2343.78,7,0,0,4,9.36,438,1,0,0.0187,0.0278,UPI,Electronics,1
41,315.41,7,0,0,4,5.78,1057,2,1,0.12,0.0302,UPI,Electronics,0
33,1623.34,10,1,1,1,15.94,1130,0,0,0.1241,0.0849,UPI,Fashion,0
37,1638.48,4,1,0,3,22.02,652,3,1,0.2805,0.0429,Net Banking,Home,0
24,2320.91,9,1,1,3,11.62,398,2,1,0.159,0.1324,Debit Card,Beauty,0
45,1327.88,6,0,0,2,18.47,590,0,0,0.0629,0.0157,Credit Card,Fashion,0
18,1917.23,5,1,0,6,6.33,618,2,0,0.1925,0.0286,Cash on Delivery,Electronics,0
33,1292.18,3,0,0,2,7.81,831,3,1,0.1394,0.1028,Debit Card,Home,0
44,1478.15,9,0,0,4,20.73,357,2,1,0.0356,0.0399,Cash on Delivery,Accessories,0
22,497.82,6,0,0,4,20.18,702,2,0,0.0557,0.0263,Credit Card,Electronics,0
28,1415.75,4,0,0,8,14.94,216,6,2,0.1479,0.0775,UPI,Accessories,1
38,992.36,9,2,1,4,32.33,565,1,2,0.2878,0.1204,Debit Card,Home,0
28,1010.65,9,3,0,2,11.59,1064,4,1,0.3049,0.0156,Net Banking,Electronics,1
31,743.12,7,0,0,3,11.1,3000,3,1,0.095,0.0209,UPI,Beauty,0
43,3368.25,13,1,0,3,9.92,857,4,2,0.1585,0.0375,Credit Card,Home,0
36,1343.64,8,0,0,2,7.72,751,3,0,0.0167,0.0615,Credit Card,Fashion,0
18,991.78,10,1,0,3,13.26,951,1,0,0.081,0.0543,UPI,Accessories,0
25,3678.62,7,0,0,2,5.91,1147,2,1,0.0694,0.05,UPI,Grocery,1
43,943.71,8,1,1,3,6.71,118,0,1,0.2195,0.1383,Credit Card,Fashion,0
38,1418.32,5,2,0,6,3.14,748,2,1,0.355,0.0726,UPI,Home,0
50,773.23,8,0,0,2,11.21,1220,2,0,0.0169,0.0451,Credit Card,Electronics,0
23,1768.41,5,0,0,2,16.11,577,7,2,0.1005,0.0515,Credit Card,Fashion,0
49,901.95,9,0,0,4,22.22,277,2,1,0.1484,0.0122,Credit Card,Electronics,1
31,1915.73,10,0,0,3,8.5,853,1,0,0.0343,0.0127,Debit Card,Grocery,0
34,904.19,9,5,0,5,4.96,366,5,1,0.4498,0.0231,UPI,Grocery,0
57,1782.7,11,0,0,2,7.2,1284,2,0,0.011,0.0226,UPI,Electronics,0
34,3171.61,8,1,1,5,5.11,1988,2,0,0.1397,0.1497,UPI,Home,0
25,828.52,9,0,0,6,15.32,902,1,1,0.1083,0.0129,Debit Card,Electronics,0
28,3135.05,6,1,0,5,27.11,1059,4,0,0.1577,0.0351,UPI,Fashion,0
42,2750.32,6,4,1,5,38.14,592,6,2,0.5591,0.1887,UPI,Grocery,1
18,1098.17,8,0,0,3,11.67,1003,6,0,0.0155,0.044,Debit Card,Electronics,0
18,1178.83,6,4,1,2,30.52,460,3,0,0.4863,0.2252,Cash on Delivery,Electronics,1
48,5294.93,8,0,0,1,8.79,320,4,0,0.0668,0.0111,Debit Card,Fashion,0
48,362.78,8,0,0,5,7.06,2395,2,0,0.0724,0.0125,UPI,Fashion,0
25,693.83,6,2,0,3,23.54,944,4,2,0.3215,0.0453,UPI,Fashion,0
32,1343.18,8,0,0,2,24.11,687,4,0,0.0299,0.024,Credit Card,Accessories,0
35,1189.96,5,0,0,4,12.31,1497,3,1,0.1132,0.0654,Cash on Delivery,Accessories,0
28,894.82,10,1,1,3,21.9,495,4,4,0.2715,0.1047,UPI,Beauty,1
25,1908.34,12,4,0,1,7.53,503,3,3,0.4009,0.0539,Net Banking,Beauty,0
21,490.08,4,0,0,2,17.09,394,5,1,0.0909,0.0911,UPI,Electronics,0
18,732.11,2,0,0,3,13.73,1014,1,1,0.2179,0.1091,Cash on Delivery,Fashion,0
18,1748.6,9,1,1,3,30.6,145,8,1,0.1455,0.1224,Cash on Delivery,Fashion,0
32,2248.87,13,0,0,4,16.01,651,1,0,0.0282,0.0098,Debit Card,Fashion,1
31,709.92,15,0,0,1,12.23,492,5,1,0.0754,0.0,Net Banking,Grocery,0
20,1806.86,9,3,0,5,32.26,192,10,4,0.3493,0.0449,UPI,Electronics,0
31,4885.26,7,1,0,1,20.09,790,2,0,0.1432,0.0247,UPI,Electronics,0
36,1137.96,17,2,1,3,8.87,854,3,0,0.1017,0.0992,UPI,Home,0
47,986.62,10,0,0,3,4.66,736,6,0,0.048,0.0042,Net Banking,Fashion,0
31,702.8,12,3,0,2,15.75,2524,1,2,0.332,0.025,UPI,Home,0
32,2357.15,9,3,2,4,28.6,246,5,0,0.2767,0.2574,Credit Card,Accessories,0
36,5396.41,11,0,0,4,10.75,849,2,2,0.1166,0.0037,Credit Card,Home,0
41,1408.14,6,0,0,1,9.48,635,2,1,0.1038,0.0579,UPI,Accessories,0
39,1461.93,13,1,0,4,21.94,838,2,0,0.0407,0.0504,Credit Card,Fashion,0
28,1216.49,9,0,0,5,23.41,1137,3,1,0.0835,0.0324,Cash on Delivery,Home,0
35,483.55,12,0,0,2,19.06,981,4,1,0.0523,0.0069,Debit Card,Home,0
39,849.94,6,1,1,3,17.23,1737,2,0,0.1294,0.1825,Credit Card,Beauty,0
24,4171.36,3,0,0,1,3.35,905,4,1,0.1303,0.0653,Cash on Delivery,Grocery,0
45,647.08,8,0,0,5,15.32,174,2,1,0.1614,0.032,UPI,Accessories,0
47,2026.87,8,0,0,2,2.79,854,1,0,0.0243,0.0209,UPI,Beauty,0
27,1519.83,8,0,0,2,27.84,860,2,2,0.1498,0.0096,UPI,Accessories,0
36,3531.16,9,0,0,3,25.56,1316,2,0,0.0512,0.019,Debit Card,Fashion,0
40,865.4,10,0,0,2,25.83,217,2,1,0.0747,0.0224,Debit Card,Electronics,0
29,1059.21,8,1,0,6,5.36,1038,3,0,0.1421,0.0234,Debit Card,Home,0
38,925.54,11,2,2,4,1.69,1216,1,1,0.2284,0.2002,UPI,Accessories,0
35,2118.31,8,0,0,4,40.92,864,2,0,0.0321,0.0081,UPI,Beauty,1
21,761.68,6,1,0,2,16.71,1161,1,2,0.3214,0.045,Net Banking,Fashion,0
38,2153.94,10,2,1,2,29.97,446,1,0,0.1195,0.1548,UPI,Fashion,0
24,541.79,6,1,1,5,17.76,1257,3,2,0.2354,0.198,Credit Card,Home,0
42,1026.37,5,2,0,3,20.45,402,1,1,0.3701,0.1036,Credit Card,Accessories,0
28,938.64,12,3,1,4,10.15,550,2,2,0.3375,0.1055,Net Banking,Fashion,1
33,1108.3,8,2,0,3,23.73,1104,2,3,0.3625,0.0608,UPI,Home,0
46,2757.19,9,1,0,2,11.26,2104,1,1,0.1698,0.054,Debit Card,Accessories,0
32,1295.01,6,4,1,6,33.88,699,5,2,0.5577,0.1787,UPI,Home,1
38,1001.38,12,0,0,5,15.7,1904,5,1,0.051,0.022,Credit Card,Beauty,1
24,893.24,11,1,1,4,17.09,948,2,0,0.0711,0.0962,UPI,Electronics,0
25,754.71,9,3,0,1,8.47,283,1,0,0.2677,0.0134,Debit Card,Fashion,0
29,1367.84,6,0,0,3,20.08,562,2,3,0.2036,0.0409,UPI,Beauty,0
38,1079.83,8,2,1,2,23.89,662,7,1,0.2404,0.1643,UPI,Home,0
41,471.04,4,0,0,3,33.27,125,4,3,0.1544,0.05,Debit Card,Fashion,1
37,829.99,7,0,0,2,1.94,135,3,1,0.1291,0.0055,UPI,Fashion,0
26,1425.73,6,0,0,2,17.2,397,2,0,0.0555,0.063,Cash on Delivery,Grocery,0
23,826.22,6,0,0,4,12.62,1277,5,1,0.0586,0.0282,Net Banking,Beauty,1
37,1324.06,4,0,0,2,5.21,1839,2,0,0.0842,0.0693,UPI,Home,0
32,1057.39,8,0,0,2,8.32,1388,4,0,0.036,0.0107,Net Banking,Grocery,0
53,855.31,10,1,0,4,17.35,582,1,0,0.1323,0.0307,UPI,Fashion,0
34,2701.5,11,1,0,1,17.39,1132,3,0,0.0726,0.0274,Cash on Delivery,Home,0
50,772.22,7,0,0,2,1.64,777,5,0,0.0293,0.0662,Debit Card,Beauty,0
23,1972.98,7,2,0,5,3.35,395,4,1,0.2875,0.0236,Credit Card,Electronics,0
20,2804.35,8,0,0,3,20.69,923,6,0,0.0395,0.0316,UPI,Fashion,0
24,4112.87,18,6,0,4,22.55,1076,2,0,0.2651,0.015,UPI,Beauty,1
45,2736.67,12,2,0,3,8.7,446,1,1,0.2066,0.0304,Credit Card,Home,0
50,1085.89,6,3,1,4,19.85,325,3,1,0.3831,0.1878,Credit Card,Fashion,1
27,1056.74,7,0,0,2,5.18,589,2,1,0.0631,0.0525,Credit Card,Accessories,0
30,679.76,9,0,0,5,9.59,1501,1,0,0.067,0.0308,Credit Card,Electronics,0
23,1928.62,11,0,0,1,12.0,1186,5,0,0.0256,0.0243,UPI,Accessories,0
29,2961.7,5,2,0,6,13.26,381,8,3,0.3628,0.0254,Cash on Delivery,Home,1
18,1573.55,9,0,0,2,4.34,614,4,1,0.0867,0.0,Cash on Delivery,Beauty,0
40,1363.25,4,1,0,6,8.06,469,2,2,0.333,0.0468,UPI,Fashion,0
36,2541.94,10,0,0,2,12.11,773,2,2,0.0923,0.0688,Credit Card,Fashion,0
34,1506.38,9,2,0,5,27.77,381,3,0,0.1959,0.0268,Cash on Delivery,Fashion,0
21,1316.24,8,1,1,4,20.06,870,3,0,0.096,0.1388,Credit Card,Fashion,0
49,1427.38,3,0,0,4,10.97,708,1,1,0.1928,0.076,Credit Card,Grocery,0
18,1015.66,9,5,5,3,12.48,605,2,3,0.5784,0.5032,UPI,Grocery,1
29,470.54,11,0,0,2,5.98,124,0,2,0.1819,0.0449,Credit Card,Home,0
39,1221.99,7,0,0,4,7.88,633,1,0,0.0321,0.0438,Cash on Delivery,Electronics,0
21,1320.65,6,0,0,5,6.96,139,1,0,0.0934,0.0562,Net Banking,Electronics,0
27,1349.36,5,1,1,3,29.83,142,2,4,0.3729,0.2052,Debit Card,Grocery,1
32,1412.23,8,2,1,3,20.72,903,3,0,0.1923,0.1508,Credit Card,Home,0
18,2253.56,10,4,2,4,47.97,319,5,2,0.4386,0.2022,UPI,Grocery,1
37,2538.03,11,0,0,4,6.6,363,2,0,0.0352,0.0166,UPI,Beauty,0
19,2203.83,2,1,1,4,8.97,416,5,2,0.4606,0.439,UPI,Fashion,0
37,1029.6,10,0,0,3,8.11,251,0,0,0.0251,0.0,Cash on Delivery,Electronics,0
34,1539.75,2,2,0,4,26.66,506,7,1,0.6419,0.1102,Debit Card,Fashion,1
35,1271.32,7,1,1,3,13.54,674,4,0,0.1071,0.1867,Debit Card,Fashion,0
31,2875.65,5,0,0,3,31.63,274,2,2,0.1471,0.0256,Debit Card,Electronics,1
38,659.09,9,0,0,2,26.83,639,2,1,0.0869,0.0271,UPI,Beauty,0
24,1855.27,4,0,0,2,8.45,919,5,0,0.0947,0.0405,Cash on Delivery,Electronics,0
36,1697.49,5,1,0,3,20.04,373,0,1,0.288,0.0462,Debit Card,Electronics,0
35,1351.48,10,1,0,3,13.56,1596,2,0,0.1023,0.0514,Cash on Delivery,Fashion,0
36,2663.02,9,0,0,4,18.93,1152,4,0,0.0441,0.0317,Debit Card,Fashion,1
35,1314.36,10,0,0,5,15.19,1629,1,0,0.019,0.0206,UPI,Home,0
23,738.67,9,1,1,3,8.7,693,2,1,0.2,0.1489,Net Banking,Beauty,0
22,2953.06,8,1,1,2,5.15,439,2,1,0.1722,0.1723,Debit Card,Home,0
34,798.5,7,0,0,7,38.24,421,6,1,0.0458,0.0665,Credit Card,Home,0
18,461.66,6,2,0,4,17.62,1841,0,1,0.3453,0.0513,UPI,Electronics,0
26,2170.43,7,3,0,5,30.37,53,6,1,0.3506,0.0357,Debit Card,Home,1
41,1010.85,5,0,0,5,15.53,1140,0,0,0.1272,0.0531,Debit Card,Accessories,0
41,1029.6,9,0,0,3,18.13,664,3,0,0.0141,0.0617,UPI,Accessories,0
42,885.41,4,0,0,2,7.9,757,1,0,0.0902,0.0708,UPI,Fashion,0
37,1725.57,5,1,0,3,15.68,593,1,0,0.1671,0.0457,UPI,Home,0
18,1329.28,7,0,0,3,7.4,1301,0,0,0.0329,0.0604,Credit Card,Accessories,0
25,1355.41,7,0,0,4,21.28,960,2,1,0.1086,0.0297,Credit Card,Fashion,1
36,1057.52,8,0,0,1,14.33,1028,0,0,0.0783,0.0734,Net Banking,Fashion,0
35,708.54,10,1,0,3,15.37,415,1,0,0.0819,0.0313,Debit Card,Accessories,1
35,1452.41,8,1,0,2,20.22,489,3,1,0.1739,0.0173,Debit Card,Fashion,0
26,1627.9,7,0,0,4,34.07,458,6,5,0.2136,0.0558,UPI,Electronics,0
32,1030.71,5,0,0,4,11.17,718,1,1,0.164,0.0312,Debit Card,Beauty,0
37,1014.58,13,1,0,3,4.28,860,3,0,0.1134,0.0,UPI,Grocery,0
34,1335.8,7,0,0,4,7.57,269,3,0,0.0686,0.0723,UPI,Accessories,0
35,531.59,7,1,0,4,28.17,951,3,0,0.1074,0.0437,UPI,Grocery,0
28,1444.64,10,0,0,3,18.04,814,2,1,0.0653,0.0214,UPI,Fashion,0
43,1323.42,10,0,0,3,4.77,1241,2,0,0.0,0.0,UPI,Electronics,0
30,887.54,8,0,0,4,14.54,1355,1,0,0.0787,0.0753,Cash on Delivery,Electronics,0
38,278.79,5,2,2,5,21.73,137,4,1,0.3948,0.3729,Cash on Delivery,Grocery,1
22,1404.85,9,1,1,2,23.67,2066,1,0,0.1345,0.1706,Cash on Delivery,Fashion,0
27,3193.66,3,0,0,4,20.24,846,3,0,0.0739,0.0542,Cash on Delivery,Beauty,0
31,791.59,5,0,0,2,8.12,633,5,0,0.0518,0.0806,Cash on Delivery,Electronics,1
43,1109.94,9,1,0,2,27.96,375,1,0,0.1543,0.034,UPI,Beauty,1
34,1943.69,15,0,0,3,10.5,334,4,0,0.0744,0.0018,Net Banking,Fashion,0
32,2538.01,4,1,1,5,20.67,273,6,0,0.2099,0.2887,Net Banking,Fashion,1
32,759.15,8,2,0,3,37.97,751,3,1,0.2379,0.0187,Net Banking,Fashion,0
27,1419.8,7,3,2,5,21.22,162,2,2,0.4423,0.3036,Cash on Delivery,Home,1
23,985.94,7,3,0,4,33.95,314,3,1,0.3909,0.0204,Credit Card,Beauty,0
41,2132.69,9,2,0,2,29.62,351,2,1,0.2463,0.0467,Credit Card,Beauty,0
28,2144.98,6,1,0,3,14.23,766,3,0,0.1926,0.0297,UPI,Grocery,0
33,650.1,8,0,0,5,25.68,605,3,0,0.0636,0.0665,Cash on Delivery,Electronics,0
31,1406.36,6,0,0,3,45.15,20,6,3,0.1684,0.0599,Debit Card,Fashion,1
29,442.8,8,0,0,4,39.28,76,6,2,0.1174,0.0133,UPI,Accessories,0
47,710.45,12,0,0,5,10.14,437,1,0,0.0604,0.0,UPI,Fashion,1
39,1745.21,4,1,0,2,7.01,630,1,1,0.2482,0.068,Credit Card,Grocery,1
19,1220.15,8,3,0,3,3.91,1173,4,0,0.2803,0.0634,Debit Card,Home,0
42,2781.73,6,1,1,5,23.53,87,2,0,0.1444,0.1853,Credit Card,Fashion,0
18,3006.82,13,0,0,3,17.47,961,5,2,0.0931,0.0635,Credit Card,Electronics,0
33,3065.27,7,0,0,1,8.53,1326,3,2,0.1514,0.057,UPI,Grocery,0
23,1306.02,9,0,0,5,3.46,694,2,1,0.1119,0.0589,UPI,Accessories,1
40,1877.54,7,0,0,5,19.83,593,3,1,0.1146,0.0039,UPI,Grocery,0
34,1433.3,2,0,0,4,18.28,834,1,0,0.1082,0.0942,UPI,Fashion,0
35,2187.06,10,1,0,3,10.04,356,3,1,0.1454,0.0347,UPI,Fashion,0
31,2987.06,5,3,2,3,15.13,297,2,5,0.6892,0.403,Debit Card,Fashion,1
28,918.19,8,0,0,2,17.92,663,0,0,0.0526,0.0,Net Banking,Fashion,0
50,608.27,8,0,0,5,24.19,623,2,0,0.0348,0.0219,Credit Card,Grocery,0
29,1859.08,10,3,3,7,18.38,165,8,3,0.3024,0.3,Credit Card,Fashion,1
60,1191.8,7,0,0,4,1.31,2737,1,0,0.0585,0.0612,Cash on Delivery,Grocery,0
27,1556.8,5,1,0,4,35.79,163,1,3,0.3795,0.0609,Credit Card,Beauty,1
31,442.07,18,1,1,5,15.11,1463,2,1,0.0918,0.0698,UPI,Electronics,1
37,924.76,9,0,0,4,8.0,1094,2,1,0.1144,0.0002,UPI,Electronics,1
36,1784.55,3,0,0,4,29.44,461,4,1,0.15,0.0821,Debit Card,Electronics,1
35,1594.2,11,1,1,3,5.7,980,3,0,0.0674,0.1315,UPI,Accessories,0
32,893.12,5,0,0,4,13.01,1752,3,0,0.063,0.0095,UPI,Accessories,0
27,1857.0,8,1,0,4,6.13,975,2,0,0.0924,0.0193,Credit Card,Electronics,0
24,1178.0,12,0,0,3,14.84,484,0,0,0.0473,0.0202,UPI,Electronics,0
24,950.06,15,0,0,1,16.45,461,1,1,0.0682,0.0221,Credit Card,Accessories,0
38,551.65,4,0,0,3,6.42,1190,1,1,0.2001,0.0721,UPI,Grocery,0
35,2068.41,4,1,0,6,30.83,246,4,2,0.2994,0.0597,Net Banking,Beauty,0
29,1602.63,9,0,0,1,6.08,1075,3,2,0.1673,0.0,Cash on Delivery,Electronics,0
18,795.23,7,1,0,2,25.36,973,1,1,0.2218,0.0204,Debit Card,Home,0
38,684.63,6,0,0,4,4.11,1358,2,0,0.0765,0.0206,Debit Card,Beauty,0
34,2279.9,6,0,0,3,12.05,1318,3,0,0.0432,0.0567,UPI,Accessories,0
46,1914.11,8,2,1,4,20.26,235,5,0,0.2081,0.1307,Credit Card,Electronics,1
27,2381.5,9,3,3,3,19.21,1208,2,4,0.437,0.324,UPI,Beauty,0
37,2469.49,11,1,0,3,21.52,705,1,0,0.0888,0.0525,Cash on Delivery,Electronics,1
21,1194.32,7,2,0,2,8.34,1029,3,1,0.2761,0.0166,Credit Card,Accessories,0
18,813.59,4,0,0,3,40.24,1541,4,1,0.0767,0.0965,UPI,Electronics,0
28,802.93,8,0,0,2,29.8,1116,0,0,0.0586,0.0259,UPI,Electronics,0
28,2368.48,10,0,0,4,11.17,1198,0,2,0.246,0.038,Credit Card,Fashion,0
42,1238.15,5,0,0,5,6.03,390,3,1,0.1153,0.0382,UPI,Beauty,0
20,2454.0,6,1,0,4,11.35,522,2,4,0.3973,0.0375,Credit Card,Electronics,0
34,5037.04,9,0,0,3,4.94,296,2,0,0.0704,0.0444,Credit Card,Fashion,0
44,1211.64,14,3,0,6,6.93,949,3,3,0.2545,0.0113,UPI,Fashion,0
22,1506.75,12,0,0,4,20.26,588,2,0,0.0806,0.0091,Credit Card,Accessories,0
43,1404.86,7,0,0,3,13.52,1043,1,0,0.0416,0.0561,UPI,Fashion,0
40,2515.68,7,0,0,4,18.89,524,2,0,0.0624,0.0622,UPI,Fashion,0
18,671.24,12,1,0,2,18.6,578,2,0,0.0713,0.0109,UPI,Home,0
46,1389.51,6,0,0,4,14.69,1180,1,1,0.137,0.0448,UPI,Home,0
35,822.71,5,0,0,4,17.19,791,1,2,0.1442,0.0302,Net Banking,Home,0
38,1558.67,11,0,0,3,23.37,383,0,0,0.0344,0.0334,Credit Card,Home,0
26,1033.11,11,0,0,2,30.22,506,6,0,0.0512,0.0492,UPI,Fashion,0
22,763.15,4,0,0,2,19.04,118,3,3,0.2222,0.0635,Net Banking,Electronics,0
28,1792.84,7,1,1,3,25.29,287,8,0,0.0962,0.1925,Credit Card,Electronics,1
45,3870.34,6,0,0,4,20.41,727,1,0,0.0553,0.0238,Cash on Delivery,Electronics,0
40,668.47,8,3,1,6,55.11,145,2,0,0.2882,0.1165,Credit Card,Electronics,1
23,901.29,9,1,0,3,25.96,1092,3,0,0.1099,0.0123,Debit Card,Electronics,0
41,3639.81,7,1,0,4,8.97,755,3,0,0.1599,0.0133,UPI,Fashion,0
41,1512.02,7,0,0,4,4.55,1023,1,1,0.087,0.0629,Debit Card,Home,0
25,339.89,9,0,0,4,12.02,673,1,0,0.0632,0.0352,Debit Card,Fashion,0
52,533.69,6,1,0,2,2.11,1473,2,0,0.1356,0.0423,Cash on Delivery,Home,0
27,2457.79,7,3,3,5,16.53,348,3,4,0.4998,0.3977,Cash on Delivery,Fashion,1
36,379.14,10,3,0,3,12.91,718,1,0,0.27,0.0442,Debit Card,Fashion,0
40,1407.03,7,0,0,1,17.69,565,0,0,0.0746,0.0462,Debit Card,Beauty,0
20,3043.53,9,1,0,2,8.34,1672,3,0,0.0834,0.0184,UPI,Home,0
24,1823.71,5,0,0,6,16.35,739,8,4,0.1731,0.061,UPI,Fashion,0
53,783.86,7,1,0,5,8.45,794,2,1,0.1932,0.0608,Credit Card,Accessories,0
23,1192.13,9,0,0,4,4.95,1015,2,0,0.0357,0.0528,Debit Card,Electronics,0
43,1360.91,11,0,0,3,11.63,562,1,0,0.0421,0.0492,Debit Card,Fashion,0
25,3383.76,10,1,0,4,28.37,998,5,0,0.106,0.0388,Net Banking,Home,0
18,2884.83,4,0,0,5,46.69,620,2,1,0.1045,0.0572,Debit Card,Electronics,1
41,381.61,4,1,0,2,10.76,182,5,1,0.2836,0.0214,Credit Card,Home,1
28,2418.66,9,0,0,3,11.94,1089,0,1,0.1564,0.0532,Net Banking,Home,0
34,1838.78,4,1,1,3,4.43,78,6,1,0.2548,0.2792,Credit Card,Electronics,0
41,707.57,14,0,0,4,9.41,484,1,2,0.162,0.0177,UPI,Beauty,0
35,1409.43,10,1,1,3,6.55,386,6,3,0.2134,0.1494,Credit Card,Home,1
43,413.15,10,0,0,5,8.01,1233,4,1,0.1067,0.0118,Net Banking,Electronics,0
23,568.35,8,1,0,6,9.38,743,2,0,0.1201,0.0699,Cash on Delivery,Home,0
44,623.6,7,1,0,3,11.85,1233,3,0,0.1048,0.0082,Cash on Delivery,Home,0
43,772.3,3,0,0,3,24.74,516,3,2,0.1813,0.0863,Credit Card,Fashion,1
26,1429.37,3,0,0,2,16.43,581,0,0,0.0986,0.0947,Credit Card,Grocery,0
48,733.22,3,0,0,2,12.02,864,0,0,0.0749,0.0811,UPI,Electronics,0
21,1370.88,6,0,0,4,11.74,460,1,1,0.0872,0.0483,Credit Card,Accessories,1
28,1353.35,12,0,0,2,4.23,880,2,0,0.0561,0.0,Cash on Delivery,Electronics,1
38,2643.89,2,0,0,4,19.58,955,1,1,0.1948,0.0972,Credit Card,Grocery,0
26,5140.89,9,1,0,2,18.82,863,2,0,0.1165,0.0354,UPI,Electronics,0
37,1294.29,7,0,0,3,7.65,416,6,4,0.2181,0.0354,Credit Card,Fashion,0
36,1520.69,8,0,0,3,24.06,831,4,1,0.0969,0.0341,Cash on Delivery,Grocery,0
36,684.12,6,0,0,2,7.0,405,2,0,0.0348,0.0621,UPI,Fashion,0
32,1838.46,8,0,0,4,24.97,323,2,0,0.0235,0.004,UPI,Electronics,0
28,3859.07,7,2,1,7,36.49,894,5,4,0.3141,0.1554,Net Banking,Fashion,1
41,2068.09,3,0,0,4,15.9,769,2,0,0.0462,0.0572,UPI,Home,0
32,1098.09,8,0,0,4,15.16,250,2,0,0.0675,0.0095,UPI,Accessories,0
30,1284.14,3,2,0,3,15.47,354,3,3,0.5669,0.0696,Cash on Delivery,Electronics,1
41,1236.74,6,0,0,7,14.59,864,4,4,0.1909,0.0458,Credit Card,Beauty,1
36,947.46,9,2,1,2,15.41,222,2,0,0.2026,0.1234,UPI,Home,0
44,2465.94,9,2,0,4,28.86,577,3,1,0.27,0.0386,UPI,Fashion,0
41,549.4,2,0,0,5,15.9,455,4,0,0.1049,0.1154,Cash on Delivery,Home,0
30,824.51,9,3,0,3,12.47,281,6,1,0.3332,0.0115,UPI,Fashion,1
41,2520.91,9,0,0,3,26.3,974,2,0,0.0291,0.0,Credit Card,Home,0
24,769.25,8,0,0,3,15.42,768,4,2,0.1043,0.062,Credit Card,Electronics,0
34,1211.86,4,0,0,5,28.33,1046,5,2,0.0848,0.0843,Debit Card,Electronics,1
39,7819.86,13,5,0,4,22.65,952,3,0,0.29,0.0293,Credit Card,Fashion,0
26,2092.05,8,0,0,3,18.52,1224,3,0,0.0,0.0168,Credit Card,Beauty,0
22,1782.71,3,1,0,4,5.94,1484,1,0,0.2795,0.1094,Debit Card,Electronics,0
33,1786.87,9,2,1,2,24.19,1149,2,0,0.1857,0.1276,Credit Card,Fashion,0
26,2153.57,10,0,0,3,8.16,851,1,1,0.1011,0.0271,Debit Card,Grocery,0
41,2373.22,11,2,0,2,19.54,433,1,1,0.2073,0.0434,UPI,Accessories,0
41,1765.18,10,1,0,4,17.92,1416,5,0,0.0504,0.0264,UPI,Fashion,0
18,1179.25,12,3,2,2,6.01,381,2,1,0.2805,0.181,Debit Card,Home,0
36,1471.06,4,1,1,5,24.35,1116,2,0,0.238,0.2726,Net Banking,Home,1
27,1709.28,6,1,0,6,20.07,1241,3,1,0.2507,0.06,UPI,Beauty,0
34,311.77,6,1,1,6,38.11,402,4,1,0.1807,0.1985,Debit Card,Home,0
21,3057.74,6,1,0,7,28.86,1567,1,0,0.1547,0.052,UPI,Home,0
28,1104.04,7,2,0,6,23.97,606,4,1,0.2747,0.0539,Credit Card,Beauty,1
30,2314.86,7,1,0,1,20.88,984,0,1,0.2062,0.0198,Credit Card,Beauty,0
38,1761.1,6,0,0,3,8.92,440,2,0,0.0344,0.0435,Credit Card,Electronics,0
32,2017.02,7,1,0,3,16.78,601,9,0,0.1059,0.0467,Cash on Delivery,Electronics,0
29,6323.28,5,0,0,3,24.88,386,5,2,0.1405,0.0559,UPI,Grocery,0
29,785.8,6,1,1,3,8.21,894,6,3,0.2343,0.1985,Cash on Delivery,Accessories,1
46,295.32,7,3,0,5,6.61,503,2,0,0.3113,0.0179,Debit Card,Accessories,1
18,828.16,10,0,0,3,12.26,199,1,1,0.0862,0.0224,Cash on Delivery,Fashion,0
35,929.96,2,0,0,2,34.69,483,4,3,0.2297,0.1043,Debit Card,Grocery,1
45,886.61,7,1,0,2,4.07,845,3,0,0.1023,0.023,Credit Card,Fashion,0
29,865.48,12,2,2,4,16.97,976,2,1,0.1881,0.1782,Net Banking,Electronics,0
33,730.24,11,0,0,5,5.87,1027,3,2,0.0883,0.0274,Credit Card,Grocery,0
35,1568.62,3,0,0,2,22.86,409,4,2,0.1534,0.0458,Net Banking,Home,1
29,3612.3,9,0,0,4,5.49,596,4,1,0.0477,0.0102,Cash on Delivery,Grocery,0
48,1696.15,10,1,0,3,2.52,792,1,1,0.192,0.0302,UPI,Accessories,1
23,1308.23,11,1,0,3,11.1,872,2,0,0.1056,0.0269,Net Banking,Accessories,1
34,956.12,6,0,0,5,18.55,286,2,0,0.0134,0.0549,UPI,Grocery,0
39,1420.04,6,0,0,3,22.88,584,2,0,0.0739,0.0546,Credit Card,Home,0
20,1361.92,4,0,0,3,4.98,820,2,1,0.1211,0.0675,UPI,Electronics,0
26,605.52,3,1,0,2,19.79,970,3,2,0.3899,0.0741,UPI,Electronics,1
33,8048.49,18,0,0,2,8.55,1641,1,0,0.0166,0.0359,UPI,Electronics,1
26,846.51,4,0,0,3,4.4,928,4,1,0.1312,0.0399,Net Banking,Fashion,0
27,652.7,5,1,0,2,11.84,371,3,0,0.1927,0.0219,Debit Card,Electronics,0
31,543.49,2,0,0,3,8.7,480,3,1,0.1611,0.1031,UPI,Fashion,0
40,1870.81,6,0,0,4,10.97,1278,3,0,0.0596,0.0456,Cash on Delivery,Fashion,0
31,1014.99,10,0,0,2,16.17,1955,2,0,0.0094,0.0358,Debit Card,Electronics,1
44,1254.91,11,1,0,5,17.28,425,5,2,0.1346,0.0,Credit Card,Fashion,1
25,746.26,6,0,0,5,1.94,572,4,0,0.0208,0.0297,Debit Card,Beauty,0
23,737.73,7,1,0,6,6.1,2001,2,1,0.1986,0.0203,Credit Card,Home,0
51,4110.63,9,3,0,3,10.04,1750,2,0,0.2546,0.0535,UPI,Fashion,1
28,1551.4,13,3,1,3,15.05,1077,1,1,0.2711,0.1049,Credit Card,Home,0
38,2057.28,13,1,1,6,31.92,116,5,0,0.0876,0.0576,Credit Card,Electronics,0
22,624.28,7,0,0,4,0.82,578,1,0,0.0654,0.0257,UPI,Beauty,0
18,1121.39,10,1,0,4,2.15,413,2,2,0.1764,0.0206,UPI,Grocery,0
44,3118.58,10,0,0,3,4.69,554,0,0,0.033,0.0561,Cash on Delivery,Fashion,0
31,634.12,11,0,0,3,22.87,640,2,1,0.1021,0.0539,UPI,Electronics,0
32,1142.09,8,1,1,4,13.43,657,2,2,0.2275,0.1417,Credit Card,Fashion,1
33,2271.84,6,0,0,1,2.54,284,0,0,0.081,0.05,UPI,Fashion,0
43,1386.77,10,0,0,3,28.5,463,6,1,0.1236,0.0,UPI,Grocery,0
32,1634.5,7,0,0,1,0.89,834,1,0,0.0197,0.0229,Cash on Delivery,Electronics,0
55,1013.99,6,0,0,3,10.39,567,4,2,0.1492,0.0301,Credit Card,Grocery,1
35,1395.07,4,0,0,3,28.81,363,0,0,0.0646,0.0764,UPI,Home,0
33,711.27,10,5,4,1,40.49,136,0,1,0.4524,0.4027,UPI,Home,1
44,689.43,6,1,0,5,19.32,434,1,0,0.1574,0.0723,Debit Card,Home,1
34,1703.78,7,0,0,5,21.09,201,3,1,0.0738,0.0684,Cash on Delivery,Fashion,1
41,814.5,6,0,0,2,7.66,699,3,1,0.1117,0.0331,Net Banking,Accessories,0
34,2505.7,4,1,0,3,15.81,319,2,0,0.2401,0.0752,Credit Card,Grocery,0
29,562.09,9,0,0,5,13.22,1513,3,0,0.0604,0.0489,Credit Card,Electronics,0
37,929.54,3,2,0,3,27.83,331,1,1,0.5233,0.0843,Net Banking,Grocery,0
25,934.82,13,2,2,5,21.44,452,4,1,0.1816,0.1721,Debit Card,Electronics,1
39,687.66,6,1,1,1,7.05,1122,2,1,0.1807,0.1916,UPI,Grocery,0
24,654.84,8,1,1,5,19.21,564,5,5,0.2735,0.1568,Cash on Delivery,Grocery,0
29,1340.77,2,0,0,4,18.68,1938,1,1,0.2538,0.0928,UPI,Fashion,0
35,635.84,7,2,2,6,9.98,471,9,0,0.2159,0.3157,Credit Card,Electronics,1
35,877.85,5,0,0,4,15.85,355,2,0,0.0492,0.0619,Credit Card,Beauty,0
45,1555.86,10,0,0,5,12.91,403,5,0,0.0173,0.037,UPI,Fashion,0
53,1610.84,13,1,0,2,8.59,706,0,0,0.0609,0.065,Cash on Delivery,Accessories,0
42,2015.34,12,0,0,3,7.25,603,1,1,0.1196,0.0422,Credit Card,Electronics,0
51,2461.14,13,0,0,6,2.95,1299,2,2,0.0896,0.065,UPI,Accessories,0
28,576.33,6,0,0,3,19.78,679,3,1,0.0872,0.082,Credit Card,Fashion,1
24,304.45,3,2,0,4,15.56,780,4,0,0.4365,0.1046,Credit Card,Electronics,1
40,2336.71,11,0,0,2,4.53,457,3,0,0.0194,0.0423,Credit Card,Fashion,1
46,751.66,10,1,0,5,16.27,1161,3,0,0.0878,0.004,Credit Card,Electronics,0
26,623.87,8,0,0,5,4.18,642,2,0,0.049,0.0224,UPI,Electronics,0
30,1785.56,8,0,0,2,17.81,450,2,1,0.1221,0.0189,Debit Card,Accessories,0
50,4163.03,9,1,0,3,9.22,496,0,0,0.1471,0.0163,Credit Card,Fashion,0
25,2126.9,9,0,0,2,7.73,346,2,0,0.0582,0.0525,Credit Card,Home,0
22,1310.96,6,2,0,5,16.22,191,2,2,0.3813,0.0411,UPI,Home,0
48,1915.96,12,4,0,2,13.63,368,4,0,0.2068,0.0967,UPI,Fashion,0
45,823.32,2,0,0,3,13.9,688,4,0,0.1456,0.1191,Credit Card,Accessories,1
38,378.41,7,2,1,3,11.34,633,2,1,0.2752,0.1876,UPI,Electronics,0
34,3624.71,10,0,0,1,6.43,300,2,1,0.0316,0.0111,UPI,Home,0
30,2518.44,7,0,0,4,7.17,463,2,2,0.13,0.0313,Debit Card,Fashion,0
37,2753.59,10,0,0,3,8.0,1078,3,0,0.0173,0.051,Cash on Delivery,Fashion,0
48,1234.37,6,0,0,5,9.74,1030,4,0,0.0554,0.0629,Credit Card,Beauty,0
36,2683.94,10,4,1,3,12.3,806,3,2,0.3828,0.1027,Cash on Delivery,Fashion,0
29,1485.91,4,3,1,6,23.11,482,4,2,0.5585,0.2866,Net Banking,Electronics,1
54,1187.98,5,0,0,4,4.46,391,4,0,0.0447,0.0625,UPI,Accessories,1
40,1609.76,2,1,0,5,32.93,62,5,3,0.4728,0.0881,Credit Card,Fashion,1
26,4689.69,7,1,0,3,9.47,1292,1,1,0.1897,0.0184,Credit Card,Accessories,0
34,3542.72,9,1,0,5,5.42,709,3,0,0.0977,0.0157,UPI,Grocery,0
31,928.63,7,0,0,3,17.98,494,2,0,0.0483,0.0175,Cash on Delivery,Home,0
39,1088.1,4,0,0,1,23.19,1273,3,3,0.1908,0.0422,UPI,Home,0
24,2721.59,3,0,0,4,10.4,400,1,0,0.0633,0.0818,UPI,Grocery,1
31,900.35,5,0,0,4,5.75,191,4,3,0.1751,0.0556,UPI,Home,1
27,2203.24,6,1,0,3,4.87,341,5,3,0.2692,0.0437,Debit Card,Beauty,1
33,4079.29,5,0,0,5,4.79,1132,2,1,0.1551,0.0624,Credit Card,Fashion,0
38,2395.49,7,1,1,3,19.26,100,1,2,0.2396,0.1264,Credit Card,Electronics,0
39,2044.22,7,1,0,4,19.37,906,2,1,0.1439,0.0789,UPI,Fashion,0
54,1705.62,9,0,0,3,22.04,585,2,1,0.0281,0.021,Credit Card,Beauty,0
28,6957.01,9,2,2,2,27.42,760,8,3,0.2594,0.2386,UPI,Accessories,1
36,1576.21,10,1,1,5,25.49,345,5,2,0.1788,0.1526,UPI,Fashion,0
38,2727.2,9,0,0,2,4.98,1384,4,0,0.0,0.0067,UPI,Fashion,0
44,2499.52,4,0,0,3,14.0,2288,2,1,0.2013,0.0495,Cash on Delivery,Beauty,0
35,644.3,9,0,0,4,27.26,496,2,1,0.1017,0.0,Debit Card,Home,0
49,1230.53,10,1,0,4,10.17,1302,4,0,0.1309,0.0508,UPI,Accessories,0
29,696.71,5,3,1,4,27.13,581,5,4,0.5827,0.2388,UPI,Fashion,0
56,964.59,6,0,0,6,6.5,930,1,0,0.0637,0.0289,Net Banking,Electronics,0
39,1914.54,5,0,0,3,10.02,876,3,2,0.13,0.0593,UPI,Electronics,0
25,1113.02,11,1,1,3,22.17,304,3,0,0.0691,0.0862,UPI,Electronics,0
29,1984.73,8,0,0,4,19.84,558,3,0,0.0672,0.0178,Credit Card,Home,0
37,1441.25,10,1,0,2,16.5,1274,2,0,0.1245,0.0129,UPI,Home,0
38,633.57,8,0,0,4,5.46,1475,0,0,0.0,0.0291,UPI,Fashion,0
40,1104.8,10,2,0,3,22.69,1729,3,2,0.2182,0.0112,Credit Card,Home,0
38,1553.86,7,0,0,1,9.54,559,2,0,0.039,0.04,UPI,Home,0
25,1286.03,3,1,0,6,17.28,902,7,3,0.3318,0.0743,Net Banking,Beauty,1
34,4793.8,8,0,0,1,13.42,1013,2,0,0.0447,0.0482,Debit Card,Electronics,0
28,3764.67,5,2,2,3,31.32,574,4,0,0.3105,0.3919,Credit Card,Electronics,0
38,1184.22,5,0,0,3,38.89,837,5,0,0.0326,0.0184,Debit Card,Home,0
51,875.43,7,1,1,1,20.65,1005,3,0,0.1661,0.1294,UPI,Electronics,1
43,735.58,9,0,0,1,11.01,587,2,0,0.0376,0.0437,UPI,Accessories,0
39,592.69,7,0,0,3,14.46,1050,4,0,0.0627,0.0319,UPI,Home,0
43,328.94,10,2,2,4,19.22,687,5,0,0.1806,0.1799,Credit Card,Grocery,1
31,1047.45,6,1,0,2,29.7,749,3,0,0.1142,0.0687,Cash on Delivery,Home,0
29,506.71,6,0,0,4,2.87,307,4,1,0.1104,0.0551,Net Banking,Grocery,0
27,2020.31,10,1,0,4,7.09,541,2,1,0.1795,0.0191,Cash on Delivery,Fashion,0
39,1575.5,7,1,1,5,17.86,719,6,4,0.238,0.1383,Cash on Delivery,Home,1
33,1252.18,2,0,0,3,9.85,547,0,2,0.2682,0.1011,UPI,Grocery,0
30,971.93,13,0,0,3,20.99,2397,4,0,0.0323,0.0004,Debit Card,Home,0
45,4219.2,12,0,0,2,19.91,476,2,1,0.1107,0.0,UPI,Electronics,0
30,5108.02,9,4,1,6,35.96,741,3,0,0.3432,0.1169,Credit Card,Electronics,0
27,1246.05,10,1,0,5,11.11,482,4,0,0.1078,0.0537,Net Banking,Electronics,0
51,2509.07,11,0,0,2,7.73,688,1,2,0.1823,0.0336,UPI,Grocery,0
30,1709.34,4,1,0,5,6.56,408,2,4,0.4396,0.0495,Net Banking,Fashion,0
30,3459.14,10,0,0,4,5.17,829,1,1,0.1405,0.0224,UPI,Accessories,0
35,1958.21,8,1,0,4,10.34,424,1,2,0.2599,0.0527,Net Banking,Electronics,1
38,1874.38,12,0,0,3,16.06,1228,2,1,0.0581,0.0239,Net Banking,Electronics,0
24,689.11,5,2,0,4,6.39,437,3,3,0.4504,0.0634,UPI,Grocery,0
45,2198.23,8,0,0,3,30.87,280,4,1,0.1042,0.0598,UPI,Home,0
40,1825.33,4,0,0,7,16.53,790,1,1,0.1727,0.0814,Cash on Delivery,Electronics,0
48,2187.04,11,0,0,4,4.35,1979,6,1,0.0559,0.0183,UPI,Home,0
24,1694.42,5,3,0,6,33.8,99,7,0,0.4514,0.0465,Cash on Delivery,Electronics,0
28,995.41,10,1,0,2,4.53,225,2,0,0.0962,0.0537,Net Banking,Electronics,0
35,1289.71,5,0,0,1,27.19,335,1,0,0.0611,0.0564,UPI,Beauty,0
34,1009.51,9,0,0,4,4.73,1176,2,1,0.0905,0.0135,Cash on Delivery,Beauty,1
36,3611.84,10,3,0,1,8.0,474,2,1,0.296,0.0596,Debit Card,Fashion,0
21,2087.55,9,0,0,4,11.26,857,3,0,0.0508,0.0564,Cash on Delivery,Fashion,0
35,1277.67,9,1,0,4,11.46,1340,5,0,0.1179,0.0443,UPI,Home,0
21,2181.87,10,3,1,3,3.0,1134,0,0,0.2341,0.105,UPI,Accessories,0
33,518.62,12,5,5,3,16.43,303,2,2,0.4063,0.4205,UPI,Electronics,1
37,970.55,5,1,0,1,2.76,825,0,0,0.2144,0.051,Cash on Delivery,Electronics,0
18,4375.81,8,2,1,3,16.97,833,1,1,0.284,0.1446,Cash on Delivery,Electronics,1
37,1061.1,3,2,2,4,22.04,296,2,3,0.5927,0.5622,Credit Card,Electronics,1
18,2243.55,8,1,0,4,23.53,823,3,1,0.1274,0.0291,UPI,Home,0
41,1097.06,3,0,0,5,14.89,904,2,0,0.1524,0.1015,Debit Card,Accessories,0
29,844.07,8,3,0,5,9.11,1516,5,0,0.2706,0.0271,UPI,Fashion,0
25,1601.76,12,0,0,4,18.3,381,3,1,0.0592,0.031,Credit Card,Home,1
45,2827.77,10,0,0,4,10.26,348,1,0,0.0662,0.0261,Credit Card,Home,0
21,2429.1,4,2,0,2,23.88,811,5,2,0.4578,0.0768,Debit Card,Fashion,1
37,1082.33,3,0,0,6,2.24,1051,1,0,0.0888,0.0501,UPI,Fashion,0
42,1059.16,8,0,0,3,6.86,516,2,2,0.1855,0.0725,Credit Card,Accessories,0
33,1609.0,6,2,0,4,22.3,295,2,0,0.3002,0.013,UPI,Fashion,0
58,1248.31,8,0,0,5,5.1,1689,2,1,0.0881,0.0219,UPI,Fashion,0
29,1248.77,3,0,0,2,4.11,875,1,1,0.1551,0.063,Debit Card,Electronics,0
50,858.12,11,0,0,2,9.64,1795,1,0,0.0,0.0443,Credit Card,Electronics,1
27,1037.52,7,2,1,6,37.79,370,8,2,0.2736,0.1628,Net Banking,Electronics,1
33,681.02,9,0,0,1,9.63,1121,3,1,0.0895,0.0238,Cash on Delivery,Fashion,1
19,1430.99,9,1,1,5,6.18,652,6,1,0.1216,0.1569,UPI,Electronics,0
38,579.65,7,0,0,5,35.05,777,0,0,0.0358,0.0687,UPI,Fashion,0
37,1229.68,6,0,0,2,20.0,1289,2,0,0.0492,0.0279,Cash on Delivery,Fashion,1
25,497.8,13,1,0,3,38.19,289,4,2,0.1507,0.0,Credit Card,Fashion,0
26,390.56,11,0,0,4,14.76,1331,2,3,0.176,0.042,Debit Card,Electronics,0
34,1168.94,7,0,0,1,20.53,748,3,1,0.0816,0.0138,UPI,Fashion,0
37,1435.53,7,0,0,2,19.74,684,0,1,0.113,0.0458,Cash on Delivery,Fashion,0
18,1215.49,5,0,0,3,32.98,2236,2,0,0.0622,0.0367,Debit Card,Beauty,0
43,1020.08,7,2,0,1,15.24,1524,0,0,0.2177,0.0565,Credit Card,Home,0
27,836.82,4,1,0,6,20.52,487,4,2,0.2713,0.0417,Debit Card,Home,0
30,783.44,7,0,0,6,14.93,464,6,1,0.0972,0.056,Credit Card,Fashion,0
22,1519.83,9,0,0,3,13.77,917,0,1,0.1212,0.0132,UPI,Accessories,0
42,950.01,6,0,0,3,22.2,424,4,0,0.0667,0.006,Credit Card,Electronics,0
33,975.77,9,0,0,4,28.4,32,5,1,0.0,0.0503,UPI,Electronics,0
34,591.7,6,2,2,4,48.87,704,1,0,0.2501,0.3301,UPI,Fashion,1
34,172.52,9,1,0,4,17.9,1007,1,2,0.213,0.0208,Credit Card,Home,0
25,2323.11,6,3,0,4,20.81,665,5,2,0.457,0.0231,Credit Card,Accessories,1
45,2999.56,12,4,1,4,33.95,2019,2,0,0.2764,0.0955,Credit Card,Electronics,0
38,1169.6,7,1,0,3,18.09,1680,2,1,0.1904,0.027,Cash on Delivery,Accessories,1
34,1215.98,11,0,0,4,2.91,984,5,1,0.0478,0.0287,Debit Card,Home,0
33,1214.25,7,0,0,1,19.88,924,2,1,0.0904,0.0237,UPI,Home,0
38,2320.87,7,1,0,5,16.25,716,1,0,0.1157,0.0375,Debit Card,Beauty,0
18,3126.88,5,2,1,2,38.34,185,5,4,0.4357,0.2616,UPI,Fashion,1
30,2222.77,7,1,1,2,6.84,2097,2,0,0.1303,0.1835,UPI,Accessories,0
26,3217.34,8,0,0,4,20.85,1221,1,0,0.0545,0.0118,UPI,Electronics,0
39,2332.22,7,0,0,2,7.59,606,0,0,0.0641,0.0365,Credit Card,Home,0
33,861.25,6,1,0,4,5.87,830,0,1,0.2408,0.0424,UPI,Beauty,0
34,1712.25,6,0,0,3,3.67,853,1,1,0.1045,0.0087,UPI,Home,0
44,1206.76,4,0,0,3,8.84,481,2,1,0.1086,0.0588,UPI,Beauty,0
33,947.63,10,1,0,3,5.66,856,3,0,0.0812,0.0,Credit Card,Electronics,0
37,907.06,4,0,0,4,34.7,557,3,1,0.0897,0.0203,UPI,Fashion,0
34,1081.93,4,0,0,3,1.97,1050,3,1,0.0946,0.0557,Debit Card,Electronics,0
29,758.89,10,1,0,6,24.81,435,3,0,0.1089,0.0,Cash on Delivery,Electronics,0
38,2909.74,11,0,0,2,28.09,1360,1,0,0.0513,0.0,Cash on Delivery,Grocery,0
37,1704.77,7,0,0,2,34.61,531,2,1,0.0999,0.0044,UPI,Accessories,0
42,802.39,9,0,0,4,5.19,611,2,1,0.0766,0.0444,Debit Card,Fashion,0
29,1644.32,6,0,0,4,1.9,522,2,0,0.0624,0.0555,UPI,Home,0
20,3979.81,2,1,0,4,39.64,186,3,3,0.5294,0.1233,Net Banking,Grocery,1
30,2955.84,10,1,0,2,9.17,464,1,0,0.0986,0.0308,Credit Card,Accessories,0
31,1434.16,5,1,1,6,27.07,503,4,2,0.2405,0.2055,UPI,Fashion,1
28,4565.85,5,2,1,3,18.95,611,1,3,0.5146,0.241,UPI,Grocery,0
41,1088.43,10,1,0,4,12.98,1487,3,1,0.146,0.0298,Debit Card,Fashion,0
30,1208.75,4,2,2,4,25.0,466,4,3,0.4811,0.4535,Net Banking,Home,1
36,2726.76,8,1,0,3,24.51,1627,4,2,0.2085,0.0359,Credit Card,Beauty,0
42,1734.59,7,1,1,6,36.09,854,7,1,0.19,0.1646,Credit Card,Fashion,1
26,603.55,7,1,0,2,12.18,558,2,0,0.1564,0.013,UPI,Grocery,1
53,1768.71,4,2,1,5,21.7,401,1,2,0.4724,0.2805,Credit Card,Beauty,1
18,514.03,5,4,3,4,38.68,182,2,2,0.6587,0.5722,Debit Card,Fashion,1
37,4084.54,3,2,2,3,22.04,407,4,0,0.4373,0.5688,Cash on Delivery,Electronics,1
46,1532.43,8,0,0,2,15.3,1400,1,0,0.052,0.0409,UPI,Electronics,0
19,3174.26,5,0,0,3,17.31,310,2,1,0.138,0.0395,UPI,Electronics,0
41,772.61,10,0,0,7,4.52,665,2,2,0.0971,0.0175,UPI,Accessories,0
23,908.08,4,0,0,2,20.82,368,3,2,0.1903,0.0599,UPI,Home,0
51,1351.11,9,2,0,1,18.34,2187,6,0,0.1723,0.0625,Net Banking,Fashion,1
20,890.83,10,0,0,3,19.09,1512,4,0,0.0443,0.0442,UPI,Electronics,0
44,2899.08,9,0,0,3,12.09,263,1,1,0.118,0.0516,UPI,Fashion,1
28,2307.93,5,3,1,4,52.43,198,6,1,0.4838,0.2108,Debit Card,Electronics,1
33,1590.63,9,0,0,4,11.02,483,0,2,0.1872,0.0589,Cash on Delivery,Fashion,0
37,830.91,13,3,3,4,30.61,430,6,2,0.2525,0.2215,Cash on Delivery,Accessories,1
31,938.19,15,4,0,2,13.27,676,4,0,0.229,0.0097,Cash on Delivery,Electronics,0
37,3315.56,12,4,4,2,45.25,15,2,5,0.5251,0.3482,Cash on Delivery,Grocery,1
40,732.66,11,4,4,3,16.16,233,8,4,0.3636,0.3493,UPI,Electronics,1
36,1607.48,4,0,0,4,18.61,758,0,0,0.0749,0.035,Credit Card,Beauty,0
40,1010.95,6,1,0,3,5.86,349,1,1,0.2337,0.0238,Net Banking,Accessories,1
26,1326.07,5,1,0,1,2.49,1163,2,0,0.1894,0.0505,Debit Card,Electronics,0
27,1358.25,7,0,0,4,6.83,1397,3,2,0.1554,0.0343,Debit Card,Accessories,0
40,3329.54,6,0,0,2,4.62,946,2,0,0.0241,0.0348,Debit Card,Home,0
19,660.15,7,0,0,2,2.93,910,2,0,0.0511,0.046,Credit Card,Beauty,0
29,1097.21,7,2,0,3,13.43,523,0,0,0.2188,0.0177,Debit Card,Fashion,0
61,850.44,12,1,0,3,23.27,655,1,1,0.1792,0.0,UPI,Beauty,0
25,468.41,4,0,0,4,20.66,885,1,0,0.0398,0.0499,Credit Card,Home,0
44,734.95,7,3,2,3,20.86,937,3,0,0.321,0.2997,Cash on Delivery,Fashion,1
29,1073.4,11,3,0,3,1.93,788,3,0,0.1981,0.03,Cash on Delivery,Grocery,0
31,855.59,3,2,1,2,26.81,410,5,0,0.5267,0.3349,UPI,Electronics,1
39,1707.78,12,1,1,3,21.16,1330,3,1,0.1367,0.1473,Net Banking,Electronics,0
22,2037.02,3,0,0,4,33.66,229,6,0,0.1058,0.0665,Credit Card,Grocery,0
40,824.56,7,0,0,3,33.16,1044,2,0,0.0626,0.0379,Credit Card,Accessories,0
44,957.84,8,1,0,3,2.92,1408,2,0,0.1455,0.0037,Net Banking,Beauty,0
32,1711.23,10,0,0,3,18.07,839,2,0,0.0647,0.0382,UPI,Beauty,0
52,556.13,5,0,0,5,9.37,836,1,0,0.0387,0.051,Credit Card,Electronics,0
29,1200.26,7,0,0,2,13.7,1265,1,0,0.0446,0.0226,Cash on Delivery,Fashion,0
36,1175.72,10,1,0,5,3.51,436,1,2,0.2252,0.0333,Debit Card,Electronics,0
36,1911.56,6,0,0,4,6.78,2870,1,1,0.1094,0.0505,Credit Card,Beauty,0
24,1144.46,5,0,0,3,15.02,522,1,1,0.1442,0.0468,Net Banking,Grocery,0
31,472.3,12,1,0,2,12.22,489,3,1,0.141,0.0281,Credit Card,Beauty,0
35,1195.4,11,0,0,5,1.72,1365,1,0,0.0306,0.003,UPI,Home,0
30,725.24,7,3,0,2,6.29,1082,1,0,0.3699,0.0336,UPI,Grocery,0
56,4983.75,4,2,1,2,18.0,1171,0,0,0.3572,0.2318,UPI,Electronics,0
26,1848.14,12,1,0,2,14.12,850,1,1,0.2084,0.0089,Debit Card,Home,0
45,1300.7,7,0,0,4,39.5,450,2,1,0.0678,0.0261,Credit Card,Grocery,0
36,1456.61,3,0,0,5,15.52,316,8,0,0.0748,0.08,UPI,Beauty,1
42,1611.92,3,0,0,4,6.15,1828,1,2,0.21,0.0914,Debit Card,Home,0
34,2504.51,9,2,1,6,8.09,1335,1,0,0.1951,0.0797,Cash on Delivery,Accessories,0
30,1710.52,5,2,0,3,16.34,206,1,1,0.3995,0.0599,Credit Card,Beauty,0
26,504.31,9,0,0,2,1.84,563,5,0,0.0057,0.0298,Debit Card,Home,1
27,1456.71,11,0,0,2,4.13,1272,4,0,0.0551,0.0577,Net Banking,Fashion,0
29,1132.14,7,0,0,4,7.42,591,1,1,0.1003,0.0571,UPI,Electronics,0
18,2058.24,13,1,1,3,10.02,641,2,0,0.0796,0.0777,Cash on Delivery,Electronics,1
25,1076.0,10,1,0,2,3.77,670,0,0,0.08,0.0503,Cash on Delivery,Electronics,0
21,1526.55,10,0,0,3,22.65,534,1,1,0.1102,0.0342,UPI,Fashion,0
46,2863.5,7,2,1,2,31.87,842,3,1,0.2817,0.1514,UPI,Beauty,0
40,1162.38,11,5,1,3,8.34,1341,1,1,0.3609,0.1044,UPI,Fashion,0
27,1726.23,5,1,1,4,12.22,392,4,0,0.192,0.218,UPI,Fashion,0
25,680.17,7,1,1,3,17.53,332,7,0,0.1232,0.151,UPI,Grocery,0
41,1604.57,5,0,0,2,7.7,1022,1,1,0.1618,0.0454,Cash on Delivery,Fashion,0
39,3528.54,12,0,0,1,9.27,1166,0,1,0.1028,0.0424,Credit Card,Beauty,0
36,758.4,5,0,0,5,5.95,923,2,0,0.0978,0.0276,UPI,Fashion,0
47,780.29,10,1,1,4,5.24,215,3,0,0.054,0.1374,Cash on Delivery,Home,0
29,2808.38,9,0,0,4,4.45,2436,1,2,0.1146,0.0307,UPI,Fashion,1
35,1065.2,4,0,0,2,9.66,1466,3,2,0.1749,0.0904,Debit Card,Home,0
37,3379.99,2,1,0,3,31.57,181,6,1,0.401,0.1021,Credit Card,Home,1
41,1364.36,5,0,0,3,20.41,949,1,1,0.1544,0.0381,Cash on Delivery,Home,0
22,916.27,12,3,0,4,9.75,415,1,0,0.2111,0.0291,Credit Card,Beauty,0
62,1230.61,4,0,0,4,20.26,1142,4,0,0.0463,0.0736,Cash on Delivery,Beauty,0
34,2810.98,11,0,0,3,8.34,805,4,0,0.0564,0.0401,UPI,Fashion,0
42,1455.71,9,1,0,4,6.88,115,1,0,0.1151,0.0279,Debit Card,Accessories,0
35,1489.46,10,0,0,3,21.18,896,1,2,0.1885,0.0549,UPI,Fashion,0
45,2121.34,9,3,1,4,15.67,1325,2,2,0.3517,0.12,Debit Card,Fashion,1
42,1574.24,8,0,0,2,14.2,997,0,1,0.1282,0.0526,Net Banking,Grocery,0
34,873.86,6,0,0,3,23.43,1621,1,0,0.0299,0.0489,Credit Card,Fashion,0
35,1081.65,9,1,0,3,2.72,626,0,1,0.1822,0.03,UPI,Accessories,1
20,3168.21,12,2,0,5,18.65,299,1,0,0.1437,0.0412,UPI,Electronics,0
29,757.48,11,0,0,2,27.65,786,1,0,0.0201,0.0114,Cash on Delivery,Fashion,1
39,896.63,5,0,0,4,3.33,637,1,1,0.1488,0.0591,UPI,Electronics,1
38,942.31,6,0,0,3,6.65,1060,4,0,0.0248,0.0316,UPI,Fashion,1
45,1482.66,14,3,1,1,8.62,488,1,0,0.1821,0.0759,UPI,Fashion,0
33,2378.05,5,1,0,2,17.03,626,1,0,0.1981,0.0575,UPI,Electronics,0
22,1181.04,5,0,0,3,14.01,1082,3,1,0.117,0.0347,Debit Card,Fashion,0
44,1165.71,5,0,0,4,7.26,702,1,0,0.0795,0.0416,UPI,Beauty,0
19,1010.03,8,1,0,5,31.04,158,4,1,0.1391,0.0321,Debit Card,Fashion,1
34,1980.53,7,1,1,2,17.67,256,7,3,0.1838,0.1138,UPI,Fashion,0
26,956.28,6,3,0,4,12.46,58,7,3,0.4305,0.0311,Debit Card,Fashion,1
47,2596.81,3,1,0,3,18.83,1380,0,0,0.3114,0.0546,UPI,Home,0
42,1338.67,7,0,0,3,17.51,494,2,0,0.0669,0.0313,Credit Card,Home,0
33,2628.76,8,0,0,3,11.31,397,2,2,0.1794,0.0276,UPI,Fashion,0
43,448.71,12,3,0,4,6.08,1150,2,0,0.1993,0.0227,Credit Card,Grocery,0
18,1362.22,7,2,1,6,26.81,544,5,3,0.3374,0.1671,UPI,Grocery,1
65,595.02,10,1,0,4,6.15,358,1,0,0.0979,0.0526,Debit Card,Fashion,0
35,920.64,9,3,1,4,12.55,241,3,0,0.2661,0.1427,Debit Card,Fashion,1
22,702.46,7,1,1,3,23.28,393,3,0,0.1412,0.1841,UPI,Home,1
29,2961.3,7,0,0,3,11.62,1436,1,1,0.1166,0.0477,UPI,Beauty,0
40,3367.48,9,0,0,4,9.77,572,1,0,0.008,0.0461,Credit Card,Accessories,0
20,2084.5,4,0,0,3,24.48,646,1,2,0.2233,0.0517,Credit Card,Fashion,0
36,2165.28,17,2,1,4,21.88,1195,1,0,0.0732,0.0626,UPI,Electronics,1
37,1675.33,8,0,0,3,6.46,1326,2,0,0.0642,0.047,UPI,Home,0
48,489.22,8,1,0,4,18.62,1211,2,1,0.1796,0.0223,UPI,Fashion,0
46,956.08,7,0,0,4,15.47,1148,2,2,0.105,0.0,Credit Card,Home,1
30,616.62,5,4,3,2,32.68,926,2,4,0.7249,0.5667,UPI,Beauty,1
22,1521.14,5,3,1,3,28.06,861,5,1,0.4809,0.2026,Credit Card,Home,0
42,350.99,9,2,0,3,12.38,550,2,0,0.1901,0.0576,Credit Card,Fashion,0
18,846.7,5,0,0,4,19.29,858,2,1,0.1066,0.0288,UPI,Fashion,0
42,677.54,7,1,0,2,23.82,356,2,0,0.1344,0.0526,UPI,Home,0
40,1930.79,10,2,1,3,1.77,668,2,2,0.2571,0.1331,UPI,Accessories,0
36,948.92,5,0,0,3,16.55,275,3,0,0.0537,0.0526,UPI,Home,0
18,2326.65,7,6,3,4,16.4,287,6,1,0.6862,0.3842,Credit Card,Fashion,1
18,3612.38,8,0,0,2,6.24,1381,0,0,0.0149,0.0219,UPI,Electronics,0
23,1769.78,8,2,2,4,22.15,470,8,3,0.2884,0.2262,Debit Card,Electronics,1
27,1179.13,12,2,0,5,15.06,647,1,0,0.1299,0.02,Net Banking,Accessories,0
23,1515.65,10,0,0,4,7.81,843,2,0,0.0,0.0,UPI,Fashion,0
18,1285.14,5,0,0,2,6.17,595,2,1,0.0882,0.0582,UPI,Electronics,0
21,2065.73,4,1,1,6,26.46,164,7,0,0.221,0.27,Net Banking,Accessories,1
34,1936.52,12,2,0,3,7.35,1473,2,0,0.1572,0.0276,UPI,Electronics,0
27,1448.72,15,0,0,1,24.06,339,2,0,0.0361,0.0,Credit Card,Electronics,0
58,829.77,13,0,0,4,13.16,415,0,0,0.0052,0.0219,UPI,Accessories,0
32,854.4,6,0,0,2,12.07,833,3,0,0.083,0.0197,Cash on Delivery,Fashion,0
46,1407.91,6,2,0,3,13.98,857,3,0,0.3035,0.004,UPI,Fashion,0
20,1349.11,12,3,0,4,5.54,1389,2,0,0.2078,0.0,Cash on Delivery,Fashion,0
29,1023.38,7,0,0,3,12.58,929,1,0,0.0818,0.0644,Debit Card,Accessories,0
35,1584.15,9,5,0,4,10.47,854,2,0,0.4319,0.0552,Debit Card,Electronics,0
26,879.35,10,2,0,5,16.77,520,6,0,0.1714,0.0434,Cash on Delivery,Home,0
30,639.55,8,3,2,4,3.66,1477,2,0,0.2929,0.2701,UPI,Accessories,1
32,1482.25,8,0,0,3,38.21,728,0,0,0.0526,0.0367,Debit Card,Home,0
32,1397.55,10,1,0,5,17.94,540,2,0,0.1315,0.0223,Debit Card,Home,1
51,4072.6,8,0,0,4,11.5,496,2,0,0.0328,0.0457,Credit Card,Home,0
37,1303.11,6,0,0,4,16.28,847,2,2,0.1669,0.0477,Credit Card,Grocery,0
24,5089.82,5,0,0,4,16.15,69,2,1,0.1943,0.0719,Credit Card,Fashion,1
38,865.0,5,1,0,3,11.55,327,2,1,0.211,0.0282,UPI,Electronics,0
39,574.75,6,0,0,1,11.2,343,0,2,0.2126,0.0434,Credit Card,Grocery,0
40,987.96,8,0,0,5,9.77,343,4,0,0.0821,0.027,Net Banking,Electronics,0
33,3986.61,10,1,0,2,10.53,1901,2,0,0.1291,0.026,Debit Card,Electronics,1
31,686.51,5,1,0,1,24.12,1659,5,1,0.2684,0.0089,UPI,Home,0
36,1462.18,5,0,0,2,14.26,470,2,0,0.0444,0.0206,UPI,Beauty,0
44,1248.72,7,0,0,3,14.04,941,5,1,0.0461,0.0425,Credit Card,Beauty,0
44,1175.67,8,1,0,4,14.28,1169,2,0,0.0687,0.0335,Credit Card,Fashion,0
32,2138.43,9,0,0,5,31.0,1010,1,0,0.029,0.0,Net Banking,Electronics,0
41,2555.65,2,0,0,3,10.23,392,2,0,0.1629,0.0879,Net Banking,Fashion,1
32,931.64,6,2,0,2,16.61,511,1,0,0.25,0.0171,UPI,Grocery,0
34,1337.35,7,0,0,3,10.72,933,4,1,0.0643,0.0526,Credit Card,Accessories,1
30,1013.57,13,2,1,6,4.61,336,2,1,0.2343,0.0849,Credit Card,Beauty,0
32,1115.84,5,1,0,4,3.4,1425,2,0,0.1651,0.0235,Credit Card,Electronics,0
18,1887.25,1,0,0,5,10.66,166,8,1,0.1915,0.1647,Credit Card,Home,1
46,454.4,7,0,0,3,15.6,385,3,0,0.0449,0.0108,Credit Card,Home,0
35,1973.38,13,0,0,3,9.5,879,0,0,0.028,0.0108,Cash on Delivery,Home,0
35,1160.03,11,0,0,3,8.71,1262,1,1,0.107,0.0303,UPI,Electronics,0
21,1341.11,8,2,1,5,2.82,1343,1,0,0.2102,0.129,UPI,Accessories,1
31,1510.73,7,0,0,2,7.68,1353,1,1,0.1106,0.0389,Credit Card,Home,0
32,1966.12,13,2,0,4,3.94,525,1,1,0.2137,0.0454,Net Banking,Home,0
27,1661.72,14,1,1,4,23.83,562,2,0,0.091,0.0815,Cash on Delivery,Grocery,1
34,391.7,10,0,0,6,13.23,977,5,2,0.1027,0.0317,Credit Card,Accessories,0
30,303.16,6,0,0,2,13.79,1148,3,1,0.0523,0.0309,Credit Card,Home,0
35,1247.5,11,2,0,2,5.75,1120,2,3,0.3291,0.0213,Credit Card,Electronics,0
35,1364.72,13,0,0,3,22.65,1192,3,0,0.028,0.0,UPI,Electronics,0
26,1635.65,6,1,1,6,16.48,234,5,3,0.2615,0.2052,Credit Card,Beauty,1
25,2060.11,5,0,0,4,14.93,1046,2,0,0.1122,0.0438,UPI,Accessories,0
30,1499.89,9,0,0,2,30.25,947,1,0,0.0676,0.0627,UPI,Fashion,0
23,3471.83,3,1,1,6,20.59,367,4,2,0.3541,0.3249,Cash on Delivery,Fashion,1
35,1103.0,5,0,0,3,25.71,551,2,1,0.0999,0.0475,UPI,Grocery,0
45,2224.9,13,0,0,2,21.28,962,2,1,0.105,0.025,Credit Card,Fashion,0
36,600.02,7,0,0,3,14.62,1791,0,0,0.0582,0.0463,Credit Card,Fashion,0
32,1440.48,7,1,0,2,16.51,408,3,1,0.1921,0.0649,Credit Card,Accessories,0
28,776.1,13,0,0,3,15.46,681,1,1,0.0798,0.0671,Credit Card,Fashion,0
38,829.45,14,0,0,4,3.21,645,6,0,0.0489,0.0595,UPI,Fashion,0
49,1165.35,11,0,0,4,9.13,1097,1,0,0.0421,0.038,UPI,Fashion,0
34,484.09,5,2,1,8,27.11,109,4,1,0.4101,0.1897,Credit Card,Fashion,1
42,1636.26,7,1,0,5,27.33,384,1,0,0.1209,0.0265,Credit Card,Electronics,0
39,3060.82,8,3,0,5,34.71,874,1,0,0.2921,0.0776,UPI,Home,0
41,788.45,6,1,1,6,2.69,1394,3,1,0.1551,0.1746,Debit Card,Electronics,1
47,874.8,5,1,1,3,8.41,878,1,1,0.2189,0.2154,Debit Card,Beauty,0
44,656.34,9,2,0,3,9.79,875,1,0,0.178,0.0344,Credit Card,Home,0
31,2119.96,7,1,1,2,32.15,425,2,0,0.0906,0.1796,Net Banking,Grocery,0
39,702.58,7,1,1,3,29.14,202,1,1,0.175,0.1733,Debit Card,Home,0
44,2250.0,14,1,1,2,20.43,690,1,2,0.1816,0.1105,Credit Card,Fashion,0
24,1573.76,3,1,0,2,3.45,448,2,2,0.3362,0.0824,UPI,Beauty,0
27,2042.7,4,0,0,4,23.35,340,4,2,0.1348,0.0733,UPI,Electronics,1
20,3046.2,11,0,0,3,17.81,367,0,1,0.1063,0.0033,Credit Card,Beauty,1
35,806.64,5,1,1,4,14.57,760,1,2,0.3189,0.2104,Debit Card,Beauty,0
27,3452.49,2,1,0,6,48.09,337,5,5,0.5204,0.1131,Cash on Delivery,Home,1
22,2008.15,7,3,1,3,20.08,335,3,0,0.3455,0.1608,Credit Card,Electronics,1
22,3174.94,4,0,0,5,22.57,548,7,2,0.1542,0.0664,Net Banking,Electronics,0
35,2259.49,7,4,1,7,13.38,873,3,0,0.4236,0.208,UPI,Fashion,1
35,220.86,4,0,0,5,5.84,1147,2,1,0.1342,0.044,UPI,Fashion,0
29,2130.12,13,0,0,2,9.42,729,2,0,0.0,0.0433,Cash on Delivery,Electronics,0
41,427.11,8,1,1,2,15.96,1282,3,1,0.1201,0.1032,Cash on Delivery,Grocery,0
18,1042.17,10,2,2,2,23.71,550,3,2,0.2532,0.2185,UPI,Grocery,1
18,1273.64,6,0,0,3,4.92,1136,2,1,0.0836,0.0434,Debit Card,Beauty,0
29,811.37,6,0,0,3,0.89,570,2,0,0.0187,0.058,UPI,Fashion,0
30,545.68,14,1,0,3,14.16,616,4,0,0.0446,0.0517,Cash on Delivery,Fashion,1
19,2089.8,9,0,0,7,4.03,243,2,0,0.0283,0.0,Credit Card,Grocery,1
47,1418.23,10,0,0,4,22.53,2113,1,0,0.0147,0.0274,Debit Card,Grocery,1
28,1234.35,6,1,1,3,42.57,1340,7,3,0.2615,0.1808,UPI,Fashion,1
26,1304.77,8,4,0,5,32.04,443,7,1,0.3653,0.0727,Credit Card,Accessories,0
22,529.06,7,0,0,4,23.85,469,4,0,0.0441,0.034,Debit Card,Grocery,1
29,1244.71,10,2,0,4,27.69,892,3,0,0.2123,0.047,UPI,Fashion,0
42,749.59,7,0,0,5,23.26,748,0,0,0.045,0.0132,Cash on Delivery,Accessories,0
40,570.41,14,0,0,2,19.15,1741,4,0,0.0479,0.0315,UPI,Fashion,0
34,2274.07,8,2,0,3,14.28,369,8,1,0.2257,0.017,Debit Card,Grocery,1
24,370.34,8,0,0,3,14.82,958,0,1,0.12,0.0263,UPI,Electronics,0
40,1544.22,5,0,0,2,3.53,804,4,1,0.0775,0.0,UPI,Beauty,0
18,2240.48,8,1,1,4,17.02,277,8,2,0.2181,0.1237,Credit Card,Grocery,0
37,1204.13,13,1,0,2,1.48,1531,1,0,0.0915,0.0477,Net Banking,Home,0
55,942.93,6,0,0,7,10.86,892,3,1,0.1186,0.0229,UPI,Home,1
38,1454.61,9,0,0,4,13.64,497,0,0,0.0199,0.0446,UPI,Beauty,0
33,1660.51,14,0,0,3,4.02,1066,0,1,0.119,0.0407,UPI,Accessories,0
26,1610.47,7,0,0,2,5.84,356,2,0,0.0531,0.0179,Net Banking,Electronics,0
27,3283.14,4,0,0,2,12.72,455,1,0,0.0553,0.0766,UPI,Home,0
27,938.86,7,0,0,2,12.42,633,1,1,0.1038,0.0537,UPI,Home,0
29,1956.71,7,5,2,4,13.37,818,4,0,0.5262,0.3316,Net Banking,Home,1
46,427.89,8,1,1,2,15.78,396,1,0,0.1222,0.1045,UPI,Beauty,1
34,523.11,6,0,0,2,3.72,674,0,0,0.0519,0.0142,Debit Card,Accessories,0
39,574.11,9,0,0,3,8.51,149,1,0,0.0,0.0412,Debit Card,Home,0
48,2255.95,8,2,2,4,14.31,880,5,1,0.1976,0.2569,Debit Card,Electronics,1
18,904.74,8,1,1,3,7.26,1035,2,1,0.1406,0.1512,UPI,Home,0
46,930.49,5,0,0,4,12.82,585,0,1,0.166,0.03,Net Banking,Fashion,0
34,1227.36,4,0,0,2,24.19,282,5,1,0.122,0.0586,Credit Card,Grocery,1
32,1605.19,9,2,2,4,22.58,169,7,4,0.2766,0.2194,Cash on Delivery,Beauty,1
38,2262.08,13,0,0,4,18.85,792,2,0,0.0256,0.0044,Credit Card,Electronics,0
27,1354.0,8,0,0,5,15.21,1135,3,2,0.1517,0.0172,Credit Card,Accessories,0
18,2681.11,7,1,1,5,13.58,780,4,2,0.1849,0.1413,Cash on Delivery,Accessories,0
27,1395.01,12,0,0,4,6.81,337,3,1,0.0542,0.0739,UPI,Fashion,0
38,2207.69,10,0,0,1,18.42,2858,5,0,0.0,0.0721,Debit Card,Grocery,0
55,2264.79,13,0,0,2,10.2,895,2,0,0.0,0.0,Debit Card,Home,0
43,2423.22,6,1,0,4,15.54,1163,5,0,0.1965,0.0065,UPI,Fashion,0
45,993.28,8,1,1,3,6.93,2492,4,0,0.1232,0.1484,Credit Card,Grocery,1
32,2173.96,11,0,0,1,9.39,999,2,1,0.0872,0.0109,UPI,Home,0
29,1426.69,12,1,0,5,5.73,487,3,0,0.0631,0.039,UPI,Electronics,0
27,710.48,10,3,1,4,15.86,549,1,1,0.302,0.1263,Credit Card,Accessories,0
30,1316.39,9,0,0,5,21.7,1357,2,1,0.1006,0.0735,UPI,Accessories,1
18,1428.44,9,0,0,3,1.37,1236,4,0,0.0284,0.0492,Cash on Delivery,Accessories,0
27,4275.17,10,1,0,4,12.14,1370,1,1,0.1531,0.0525,UPI,Fashion,0
29,1198.09,5,1,0,2,11.32,1101,1,0,0.1878,0.0397,UPI,Beauty,0
32,1489.65,11,2,0,1,16.9,1017,1,1,0.2633,0.0488,Credit Card,Grocery,0
20,1659.64,9,1,1,5,23.33,171,8,2,0.1473,0.0744,Credit Card,Accessories,0
35,1230.18,6,2,0,2,32.06,175,1,1,0.3322,0.0572,UPI,Grocery,0
37,2603.8,8,0,0,4,14.63,1184,3,0,0.0482,0.012,UPI,Electronics,0
34,1232.15,7,0,0,3,7.98,985,2,0,0.0489,0.0379,UPI,Fashion,0
29,1241.73,5,1,1,3,17.64,424,1,0,0.1309,0.2261,UPI,Accessories,1
28,2031.11,4,0,0,7,24.83,381,4,2,0.1708,0.0576,Credit Card,Home,1
33,3406.87,5,0,0,5,15.42,452,3,5,0.2529,0.0466,Debit Card,Fashion,1
18,714.87,7,0,0,2,16.21,550,1,1,0.1422,0.0534,Credit Card,Electronics,0
29,1127.15,9,2,1,4,2.32,1273,1,0,0.165,0.107,Credit Card,Accessories,0
25,2251.1,6,0,0,3,10.53,2516,2,1,0.0992,0.0335,UPI,Home,0
30,3401.87,5,3,0,3,24.05,179,5,0,0.4612,0.047,Debit Card,Grocery,0
38,360.39,7,0,0,5,14.96,1399,2,0,0.0649,0.0536,UPI,Fashion,0
42,1423.16,5,0,0,3,16.4,1824,2,0,0.1053,0.0558,Net Banking,Electronics,0
42,762.87,8,1,0,3,23.36,320,3,1,0.2044,0.0,Cash on Delivery,Home,0
41,2609.6,14,1,0,2,21.29,1447,3,1,0.1386,0.02,UPI,Electronics,0
33,983.14,5,1,0,1,5.98,1211,4,0,0.215,0.0597,Credit Card,Beauty,0
29,1195.03,11,1,0,4,23.48,953,2,1,0.0798,0.0182,Credit Card,Electronics,0
27,1169.8,5,0,0,1,6.19,614,1,0,0.0817,0.0271,UPI,Grocery,0
20,3316.77,5,0,0,2,9.48,1039,1,0,0.0787,0.0449,UPI,Home,0
43,1023.49,9,0,0,3,8.95,1308,1,0,0.0541,0.0516,UPI,Fashion,0
32,1388.21,9,0,0,3,11.4,832,6,0,0.0401,0.0,Credit Card,Electronics,0
23,2413.38,6,1,0,5,20.99,533,0,1,0.204,0.0206,Credit Card,Beauty,0
27,901.25,5,0,0,3,19.94,1677,1,0,0.1147,0.0431,Credit Card,Electronics,1
26,971.22,6,0,0,2,8.77,696,0,0,0.0459,0.0789,Debit Card,Fashion,0
34,1236.35,13,1,1,1,13.72,971,2,0,0.1148,0.1114,UPI,Beauty,0
44,1248.27,5,0,0,2,3.71,218,2,1,0.1386,0.0329,Credit Card,Beauty,0
31,1020.36,7,0,0,2,29.75,505,2,0,0.0246,0.0456,UPI,Home,0
18,1791.88,10,0,0,2,21.62,1463,2,2,0.1007,0.0,Debit Card,Home,0
32,621.32,8,1,1,4,19.06,1403,1,1,0.171,0.126,Credit Card,Home,0
33,1614.07,4,0,0,5,40.0,377,3,0,0.0741,0.0516,Net Banking,Fashion,0
33,621.74,11,3,3,2,10.29,1033,2,0,0.2171,0.2669,Net Banking,Accessories,0
20,925.14,9,3,3,4,11.96,494,7,2,0.2996,0.3086,Credit Card,Electronics,0
32,1275.85,10,0,0,5,7.52,242,1,1,0.1378,0.032,UPI,Grocery,0
28,521.04,9,1,1,5,29.83,548,2,1,0.2027,0.1358,Debit Card,Fashion,0
36,375.67,9,0,0,3,12.88,2081,1,0,0.0549,0.0564,UPI,Accessories,0
35,2235.46,5,2,0,3,12.92,843,2,0,0.3488,0.0551,Credit Card,Grocery,0
34,3007.95,2,0,0,3,13.23,1280,3,0,0.1194,0.1101,Credit Card,Electronics,0
38,1480.64,6,0,0,4,12.23,537,2,0,0.079,0.0588,Net Banking,Home,0
30,1630.74,9,0,0,3,8.56,823,3,0,0.0954,0.0063,Debit Card,Grocery,0
30,700.32,10,0,0,2,26.52,541,4,0,0.0421,0.0319,UPI,Grocery,0
46,1777.86,8,0,0,3,20.18,659,1,0,0.0492,0.0266,Cash on Delivery,Fashion,0
39,770.78,10,0,0,5,3.73,488,3,0,0.042,0.0379,Net Banking,Grocery,0
41,534.4,8,2,0,3,19.25,730,2,0,0.2113,0.0277,Debit Card,Fashion,0
45,809.3,7,0,0,3,8.86,750,2,2,0.173,0.0369,Credit Card,Home,0
39,1199.84,11,1,1,5,11.77,1198,1,1,0.1472,0.1183,UPI,Electronics,0
42,494.54,9,0,0,5,10.42,277,1,1,0.0778,0.0352,Credit Card,Home,0
20,1969.69,12,1,1,4,12.24,377,1,1,0.1435,0.0817,Credit Card,Electronics,0
36,2282.17,5,0,0,1,16.03,830,1,0,0.062,0.0687,UPI,Home,0
18,1054.32,2,1,1,3,9.74,157,14,2,0.4026,0.3956,Credit Card,Grocery,1
30,1044.74,8,1,0,1,13.94,161,4,4,0.2844,0.0095,Debit Card,Home,1
32,1089.6,13,0,0,2,5.59,406,3,0,0.0468,0.0189,Credit Card,Fashion,0
49,871.86,4,2,1,3,3.81,435,1,1,0.441,0.2579,Debit Card,Fashion,0
42,1919.51,8,0,0,2,9.42,1800,4,1,0.0661,0.0246,UPI,Beauty,1
28,683.62,4,1,0,5,21.37,1157,5,0,0.2207,0.0573,Cash on Delivery,Beauty,0
37,3020.99,7,2,0,2,9.04,731,4,0,0.2698,0.0777,Debit Card,Fashion,0
36,745.27,8,0,0,4,12.69,522,4,0,0.0719,0.0484,UPI,Accessories,0
19,1679.18,8,2,2,4,22.12,1208,7,2,0.2733,0.2662,UPI,Home,0
38,2067.16,8,0,0,2,5.87,1874,2,1,0.0882,0.0284,Cash on Delivery,Home,0
25,2240.76,9,0,0,4,18.29,334,0,1,0.151,0.034,Cash on Delivery,Accessories,0
37,517.0,5,0,0,5,13.48,1361,2,0,0.0668,0.0567,Cash on Delivery,Fashion,0
32,865.13,7,0,0,4,20.33,1936,3,1,0.0605,0.0,UPI,Electronics,0
37,1551.28,9,0,0,4,10.53,833,1,2,0.1735,0.0298,UPI,Beauty,0
27,2485.39,10,1,0,2,12.96,1003,0,1,0.1805,0.0878,Credit Card,Fashion,0
29,1286.2,10,1,0,3,15.97,1035,0,0,0.1128,0.0,UPI,Fashion,0
45,1585.67,6,0,0,4,23.54,1189,2,1,0.1292,0.0113,UPI,Home,0
22,783.16,7,2,1,5,29.56,542,3,0,0.2725,0.1625,UPI,Fashion,1
25,1010.42,14,2,2,2,37.03,935,2,0,0.0956,0.138,Cash on Delivery,Home,0
25,590.76,7,1,1,5,4.42,992,1,1,0.2317,0.1686,Credit Card,Electronics,0
34,954.04,10,0,0,2,14.4,513,2,0,0.0,0.0495,Net Banking,Beauty,1
36,1962.47,6,3,0,5,27.51,545,4,1,0.4088,0.0198,Cash on Delivery,Electronics,1
27,1600.06,10,4,0,3,10.66,235,0,0,0.3435,0.0645,Debit Card,Fashion,1
26,1578.97,8,1,1,3,11.62,1315,1,0,0.113,0.148,Net Banking,Grocery,0
31,1441.47,4,1,1,4,10.51,224,2,5,0.4594,0.2584,Credit Card,Electronics,1
24,3421.64,8,4,1,4,35.0,417,5,5,0.5423,0.1627,UPI,Grocery,1
35,1542.74,9,1,1,2,18.75,387,0,0,0.1281,0.1146,Credit Card,Electronics,0
23,543.28,5,2,1,4,24.61,346,6,2,0.3881,0.2429,Cash on Delivery,Fashion,1
20,3205.75,6,0,0,5,25.74,1728,4,1,0.0818,0.0603,Credit Card,Accessories,0
25,1294.94,7,2,0,2,3.8,757,2,1,0.3019,0.0284,Credit Card,Accessories,0
52,1193.88,8,0,0,6,5.49,2191,4,0,0.0,0.0897,UPI,Accessories,0
38,426.04,8,0,0,3,8.42,986,1,0,0.0904,0.0324,Debit Card,Electronics,0
27,1751.62,7,0,0,2,14.73,635,1,1,0.1082,0.0044,Net Banking,Fashion,0
38,1660.94,11,2,0,3,13.09,1144,2,0,0.1811,0.0,UPI,Fashion,0
39,844.6,9,0,0,1,19.23,2051,3,2,0.1086,0.0,Net Banking,Beauty,0
43,1632.8,8,1,0,3,6.01,864,3,0,0.1248,0.0,UPI,Accessories,0
33,1099.05,7,1,1,3,7.77,841,4,1,0.2063,0.1379,UPI,Grocery,0
43,530.81,15,3,3,3,9.66,801,1,2,0.3031,0.2302,Net Banking,Grocery,0
18,824.86,12,3,0,5,8.8,628,3,0,0.2277,0.0201,UPI,Fashion,0
24,559.77,4,0,0,3,20.41,940,0,0,0.0632,0.0629,UPI,Home,0
35,1541.18,8,1,0,4,14.16,1017,5,0,0.146,0.0692,Net Banking,Fashion,0
37,1148.58,7,0,0,4,24.36,2170,3,0,0.0842,0.0265,UPI,Grocery,0
34,1084.47,12,8,3,4,36.82,144,6,0,0.4754,0.2481,UPI,Electronics,1
26,1463.86,10,1,0,3,43.24,636,5,2,0.1407,0.0454,Cash on Delivery,Electronics,0
36,3725.37,7,0,0,4,25.2,1848,1,0,0.0359,0.0147,UPI,Grocery,0
28,910.27,4,0,0,4,13.94,1051,2,2,0.1975,0.0682,Credit Card,Accessories,0
32,1099.98,9,1,0,3,2.73,1150,2,0,0.0973,0.0381,UPI,Beauty,0
43,1985.3,8,2,0,5,8.01,583,0,2,0.37,0.0542,UPI,Fashion,0
31,752.82,8,5,1,5,31.25,1567,6,1,0.4677,0.1268,Credit Card,Electronics,1
42,2693.31,5,0,0,3,4.48,764,6,1,0.0528,0.0657,UPI,Electronics,0
25,1454.47,11,4,0,4,3.96,684,4,0,0.3249,0.0,UPI,Grocery,0
24,886.64,4,0,0,3,15.66,1210,1,1,0.1568,0.0533,UPI,Accessories,0
30,2002.35,7,1,1,4,26.67,462,3,2,0.2373,0.2,Credit Card,Fashion,0
34,1618.3,7,0,0,3,20.19,447,1,0,0.0289,0.0245,UPI,Accessories,0
28,1331.05,6,1,0,3,1.77,200,4,1,0.1883,0.0768,Cash on Delivery,Beauty,0
43,1876.69,5,0,0,5,12.5,1153,3,1,0.0867,0.0604,UPI,Fashion,0
37,1701.18,15,1,0,2,2.99,381,1,1,0.11,0.0178,Credit Card,Accessories,0
38,723.93,9,1,0,4,13.98,818,0,0,0.1494,0.0105,Debit Card,Home,0
19,783.86,6,3,1,3,42.46,454,6,2,0.4364,0.2134,UPI,Beauty,1
23,1368.99,8,1,1,3,18.11,197,2,0,0.098,0.114,UPI,Home,1
45,1853.98,12,4,0,2,1.41,343,1,0,0.2862,0.0415,Credit Card,Fashion,0
18,1314.8,13,1,0,2,10.71,831,0,0,0.0784,0.0469,UPI,Home,0
42,272.05,7,1,0,4,21.34,803,1,0,0.0781,0.048,UPI,Home,0
18,2197.22,8,1,1,5,30.25,435,9,2,0.1132,0.1452,Cash on Delivery,Electronics,1
42,1933.97,8,0,0,4,6.18,600,3,0,0.0616,0.0188,Cash on Delivery,Grocery,0
30,1887.99,2,0,0,2,19.44,1021,2,1,0.2018,0.095,UPI,Accessories,0
44,1185.71,6,4,0,5,26.92,461,7,4,0.6005,0.018,Debit Card,Grocery,1
45,465.13,7,1,0,3,17.3,579,0,1,0.1968,0.0567,UPI,Accessories,0
19,1574.2,5,0,0,3,28.18,153,3,4,0.2518,0.0418,UPI,Grocery,0
33,1787.79,8,2,0,2,10.96,1298,2,0,0.1781,0.0177,Credit Card,Electronics,0
35,1566.01,6,1,0,4,11.06,1463,4,0,0.1518,0.0229,UPI,Fashion,0
37,1268.64,6,3,0,4,5.23,1510,1,0,0.3922,0.0418,UPI,Electronics,0
63,1287.95,11,0,0,1,13.98,826,0,1,0.1797,0.0121,Debit Card,Beauty,0
33,2271.7,6,1,0,6,30.22,231,5,3,0.2793,0.0,UPI,Fashion,0
46,1334.28,7,0,0,3,13.49,1123,1,0,0.0305,0.0334,Cash on Delivery,Electronics,0
40,745.44,14,0,0,5,4.23,824,2,3,0.1588,0.0439,UPI,Home,0
26,601.8,7,0,0,1,8.95,1053,3,0,0.0638,0.052,UPI,Fashion,0
35,1288.14,5,0,0,3,9.44,848,2,0,0.0565,0.0493,Credit Card,Home,0
27,436.41,11,1,0,4,7.54,896,3,1,0.1721,0.0145,Net Banking,Fashion,0
41,398.1,3,1,0,5,8.14,231,4,3,0.3686,0.045,Cash on Delivery,Electronics,1
41,344.69,4,0,0,4,10.56,1773,3,1,0.1048,0.0872,UPI,Grocery,0
35,778.32,13,0,0,2,12.36,244,0,0,0.0397,0.0424,UPI,Accessories,0
24,1725.25,7,0,0,5,21.72,918,2,0,0.0503,0.0393,Debit Card,Grocery,0
35,800.96,8,1,0,3,19.46,914,0,0,0.1202,0.0226,UPI,Electronics,0
26,724.68,9,0,0,3,24.18,568,2,0,0.0547,0.0,Credit Card,Grocery,0
35,1280.59,4,0,0,1,15.53,1106,2,1,0.1168,0.0653,Cash on Delivery,Electronics,0
30,2637.27,11,3,2,4,17.68,468,3,2,0.3526,0.217,Net Banking,Accessories,1
26,1054.02,7,1,1,4,22.33,801,3,0,0.1404,0.1781,Debit Card,Grocery,0
34,1211.18,6,0,0,3,4.82,609,4,0,0.0379,0.0544,UPI,Home,0
41,1212.64,4,0,0,4,13.31,891,6,0,0.085,0.0623,UPI,Electronics,0
24,998.2,6,5,1,5,35.26,223,4,2,0.6628,0.1529,UPI,Electronics,0
34,1556.77,11,3,0,4,13.89,1828,3,0,0.2113,0.0439,Credit Card,Home,1
30,993.57,5,0,0,2,10.18,2570,1,0,0.069,0.0471,Cash on Delivery,Beauty,0
36,882.59,7,0,0,4,10.0,728,2,0,0.0232,0.0292,Cash on Delivery,Beauty,0
40,559.66,4,0,0,4,15.65,685,1,0,0.0639,0.0353,Credit Card,Grocery,0
24,2371.25,10,4,0,5,15.2,797,0,2,0.5143,0.0183,Debit Card,Grocery,0
36,2531.93,5,1,0,4,12.66,301,3,1,0.2277,0.0384,Debit Card,Electronics,0
46,1519.03,11,1,1,3,22.21,750,2,0,0.0657,0.1048,Cash on Delivery,Home,0
39,843.65,9,0,0,4,5.94,239,6,1,0.0979,0.0529,Credit Card,Beauty,0
18,2500.33,4,2,1,3,26.25,320,5,1,0.4146,0.235,Cash on Delivery,Fashion,1
18,922.44,2,0,0,7,36.87,402,3,2,0.2414,0.085,UPI,Home,0
35,1547.68,12,1,1,3,17.47,238,2,0,0.1337,0.0931,Debit Card,Grocery,0
40,2286.58,8,0,0,3,8.97,504,1,0,0.0165,0.0148,Net Banking,Beauty,0
38,2491.6,5,0,0,5,21.41,1057,2,4,0.2735,0.0346,Debit Card,Beauty,0
41,2096.78,8,0,0,1,1.85,460,3,1,0.076,0.0362,UPI,Home,0
18,1310.89,4,0,0,3,28.72,953,4,0,0.0666,0.0792,UPI,Beauty,0
20,1055.87,4,0,0,3,11.21,688,0,1,0.1738,0.0682,Debit Card,Beauty,0
43,2664.2,3,0,0,2,16.01,573,1,0,0.0885,0.0995,Cash on Delivery,Beauty,0
32,1489.51,5,1,1,6,29.84,391,5,1,0.2385,0.2179,UPI,Accessories,1
20,1115.84,2,0,0,3,3.23,1333,3,2,0.1634,0.083,UPI,Home,0
38,589.26,14,0,0,4,6.18,864,0,0,0.0369,0.0159,Credit Card,Electronics,0
31,2023.67,7,0,0,2,21.76,1029,2,0,0.0264,0.0242,UPI,Grocery,0
25,1662.4,8,3,0,5,12.34,685,1,0,0.3207,0.0564,UPI,Fashion,0
37,2656.69,12,1,0,3,5.17,1236,2,0,0.0877,0.0397,Cash on Delivery,Electronics,0
36,3560.25,3,0,0,4,9.24,403,3,0,0.0838,0.0848,Debit Card,Electronics,0
53,1844.11,10,2,2,4,3.57,1497,3,0,0.1529,0.1735,UPI,Home,1
28,1176.97,12,1,0,1,23.79,161,2,0,0.0592,0.045,UPI,Grocery,0
47,429.09,9,0,0,3,27.85,181,2,0,0.0487,0.032,Debit Card,Accessories,0
37,1521.8,12,0,0,3,5.74,603,2,1,0.0546,0.0059,UPI,Beauty,0
41,1957.49,6,1,1,5,43.3,293,5,1,0.1693,0.182,UPI,Home,1
26,492.89,5,1,1,4,27.43,159,1,1,0.2306,0.2392,Net Banking,Accessories,0
25,2883.39,7,1,0,4,10.78,587,9,1,0.1675,0.0604,Debit Card,Accessories,0
28,713.26,11,2,1,2,13.95,681,0,0,0.191,0.1109,Credit Card,Electronics,0
41,3397.05,6,0,0,3,22.18,667,1,0,0.0823,0.0174,Net Banking,Accessories,0
35,2329.72,6,4,1,3,32.11,761,3,6,0.7173,0.1963,Cash on Delivery,Beauty,1
39,729.91,4,1,1,1,12.89,461,2,0,0.2613,0.2214,Credit Card,Beauty,0
34,2003.67,7,0,0,4,8.1,1886,4,0,0.0559,0.0442,UPI,Accessories,0
36,2748.0,7,2,0,6,5.86,777,1,0,0.237,0.0583,Cash on Delivery,Beauty,1
29,556.8,9,0,0,4,20.41,1513,1,1,0.0771,0.0118,Debit Card,Fashion,0
24,310.26,8,0,0,2,23.56,167,7,5,0.1795,0.064,Credit Card,Accessories,0
27,2409.0,12,0,0,5,8.82,255,2,0,0.0047,0.0395,UPI,Accessories,1
41,1258.57,7,0,0,2,8.71,475,1,0,0.0154,0.0243,UPI,Fashion,0
32,1661.55,5,0,0,2,20.23,404,2,1,0.0972,0.0603,Credit Card,Grocery,0
33,839.96,10,1,1,4,9.04,223,3,2,0.1463,0.1236,Credit Card,Electronics,0
31,1785.63,5,2,0,3,23.19,698,4,2,0.3639,0.0259,UPI,Accessories,0
37,1258.26,8,1,0,5,12.46,905,1,0,0.1314,0.0229,Debit Card,Fashion,0
36,439.37,5,1,0,2,16.83,591,4,1,0.2008,0.0487,Debit Card,Electronics,0
29,678.32,5,3,0,4,6.31,190,6,0,0.4274,0.0267,Debit Card,Home,1
21,2091.06,8,1,1,2,6.43,339,2,0,0.1862,0.1474,Debit Card,Accessories,1
46,1726.56,3,0,0,2,9.01,502,1,3,0.2529,0.0759,Credit Card,Electronics,0
35,1683.65,7,0,0,2,14.14,1133,3,0,0.0587,0.0227,Cash on Delivery,Fashion,0
32,883.3,5,0,0,2,18.23,1660,3,1,0.1076,0.0177,UPI,Electronics,0
38,1017.59,13,1,0,4,9.59,603,5,0,0.0743,0.0455,Credit Card,Accessories,0
36,1452.4,11,2,0,3,11.86,538,1,0,0.1703,0.0197,Credit Card,Fashion,1
41,326.86,2,0,0,3,4.32,626,2,0,0.0661,0.0713,UPI,Fashion,0
39,2207.13,6,0,0,2,22.21,520,1,2,0.2128,0.0499,Debit Card,Fashion,0
26,1316.19,1,1,1,3,14.48,473,14,1,0.5626,0.6635,Cash on Delivery,Beauty,1
40,2364.3,8,0,0,5,25.98,541,3,1,0.0574,0.0338,UPI,Home,0
46,950.62,5,1,1,2,7.68,1748,3,0,0.1581,0.258,Net Banking,Accessories,1
42,1408.52,8,0,0,2,4.83,1163,1,0,0.0374,0.0334,Credit Card,Fashion,1
33,926.01,1,0,0,3,37.76,1261,6,0,0.1568,0.1629,Debit Card,Fashion,0
24,1744.15,4,1,0,2,23.72,456,3,2,0.2995,0.0321,Cash on Delivery,Fashion,0
29,2174.38,9,1,1,1,27.89,420,2,3,0.2898,0.1421,Net Banking,Fashion,1
43,1277.27,5,1,1,5,11.67,581,6,0,0.1846,0.2303,Debit Card,Accessories,1
49,1206.77,9,0,0,4,13.02,1127,2,0,0.0702,0.0162,Debit Card,Fashion,0
34,740.96,9,3,1,3,40.12,114,3,6,0.4991,0.1154,Credit Card,Grocery,0
32,874.67,10,0,0,2,14.18,704,1,1,0.063,0.0404,Debit Card,Beauty,0
30,913.87,11,1,0,3,5.1,418,3,0,0.0901,0.048,Cash on Delivery,Electronics,0
18,2053.99,10,0,0,7,8.08,2340,4,0,0.0307,0.0619,UPI,Home,0
38,3017.73,6,0,0,5,20.4,417,3,6,0.3313,0.0482,UPI,Fashion,0
37,1177.51,5,0,0,3,7.99,1002,1,2,0.236,0.0607,Debit Card,Home,1
35,1693.27,13,0,0,5,21.46,1723,3,1,0.0822,0.0,Cash on Delivery,Electronics,0
20,2351.15,12,0,0,4,4.15,1409,0,0,0.0367,0.0015,Net Banking,Grocery,0
38,553.12,5,0,0,2,7.41,242,4,0,0.0484,0.0499,Cash on Delivery,Fashion,0
30,1652.14,11,2,0,4,8.16,464,5,0,0.1517,0.0227,UPI,Electronics,0
22,1443.81,10,5,2,5,12.79,256,6,4,0.4561,0.2006,UPI,Home,1
38,2241.73,7,3,1,6,7.81,602,2,6,0.6113,0.1861,Credit Card,Home,1
58,1584.18,6,0,0,4,34.58,1125,1,1,0.1335,0.0038,UPI,Fashion,0
34,638.32,7,1,1,3,5.94,478,5,3,0.1817,0.1628,Debit Card,Fashion,1
29,959.94,8,2,0,4,15.31,665,1,2,0.3163,0.0282,Net Banking,Beauty,0
18,900.64,5,1,1,6,11.19,410,2,0,0.2202,0.2257,UPI,Fashion,1
30,533.63,6,0,0,3,14.3,1011,4,0,0.0537,0.0091,Cash on Delivery,Accessories,0
26,786.96,11,3,0,4,17.77,1387,3,1,0.2485,0.0176,UPI,Home,0
46,1712.74,9,0,0,5,10.63,235,1,1,0.0975,0.0133,Debit Card,Accessories,1
33,1567.8,1,1,0,4,28.24,193,2,2,0.6676,0.1379,UPI,Fashion,0
31,1470.91,10,0,0,3,12.34,969,0,1,0.1463,0.0469,UPI,Electronics,0
27,1324.76,12,2,0,5,14.97,588,2,1,0.1998,0.0299,Cash on Delivery,Fashion,1
40,3068.53,9,0,0,3,7.22,1192,4,0,0.0802,0.0313,Credit Card,Home,0
22,1825.44,7,1,0,3,12.33,1512,3,1,0.1657,0.0278,Cash on Delivery,Accessories,0
40,1631.2,9,0,0,3,12.42,776,2,0,0.0719,0.0662,Cash on Delivery,Beauty,1
50,3829.02,6,0,0,5,25.8,721,5,1,0.0777,0.0069,UPI,Accessories,0
25,1921.44,9,0,0,4,23.92,494,7,0,0.025,0.0157,UPI,Grocery,0
39,657.65,14,2,0,3,5.32,1001,0,0,0.1449,0.0124,UPI,Fashion,0
40,781.07,13,1,0,4,10.1,1181,4,1,0.0821,0.0347,Debit Card,Grocery,0
42,916.32,7,1,0,3,5.14,2101,4,0,0.1505,0.0357,Net Banking,Beauty,0
18,1220.96,5,2,2,9,30.93,189,5,2,0.347,0.3846,Cash on Delivery,Fashion,0
30,398.09,8,4,0,5,42.08,105,0,5,0.757,0.0018,Debit Card,Home,1
49,647.8,5,0,0,2,21.23,185,1,0,0.046,0.0395,Debit Card,Beauty,0
45,1208.48,6,0,0,2,10.6,2037,0,3,0.3038,0.0439,UPI,Grocery,0
38,1230.23,4,2,0,7,16.71,1429,3,2,0.4476,0.0627,UPI,Beauty,1
42,1744.28,6,1,0,2,3.97,1712,1,0,0.1795,0.037,Debit Card,Fashion,0
33,1117.67,10,5,2,4,23.01,208,3,3,0.5222,0.2508,Cash on Delivery,Home,1
26,1806.11,11,0,0,2,1.45,768,3,2,0.108,0.0089,Debit Card,Electronics,0
41,1534.78,9,0,0,3,9.59,643,5,0,0.0179,0.0,Cash on Delivery,Home,0
25,805.3,11,0,0,5,3.1,268,6,0,0.0245,0.0459,Cash on Delivery,Beauty,0
30,923.98,5,1,1,6,25.42,224,3,5,0.4281,0.2318,Cash on Delivery,Grocery,1
31,1256.69,11,0,0,3,28.36,542,1,0,0.0167,0.0129,Cash on Delivery,Beauty,0
18,1962.98,2,0,0,3,14.89,1130,4,0,0.1553,0.1145,Credit Card,Accessories,0
38,511.3,9,0,0,1,13.01,535,4,1,0.0681,0.045,Cash on Delivery,Grocery,0
28,808.52,5,1,1,3,26.12,256,3,1,0.2658,0.2501,Net Banking,Electronics,0
28,1918.77,5,1,0,3,28.84,856,5,0,0.2047,0.0589,Net Banking,Fashion,0
44,1935.98,4,1,0,3,6.0,1044,8,0,0.1844,0.0773,UPI,Fashion,0
38,2266.77,4,0,0,2,7.07,1208,2,0,0.067,0.0491,UPI,Beauty,0
44,816.97,6,0,0,2,14.45,2279,1,0,0.0464,0.048,Debit Card,Beauty,0
24,1253.61,10,1,1,4,5.35,848,0,0,0.109,0.1134,UPI,Fashion,0
43,1209.1,4,1,1,5,6.36,1166,2,2,0.3085,0.2496,UPI,Electronics,0
53,1136.44,11,2,0,2,24.71,677,4,0,0.1573,0.0595,UPI,Accessories,1
41,1190.92,10,0,0,5,17.16,420,0,1,0.0907,0.0,UPI,Electronics,0
41,1182.87,9,0,0,2,13.17,576,1,0,0.0349,0.0726,Credit Card,Accessories,0
26,618.65,7,2,2,4,29.1,348,5,0,0.2963,0.2898,Debit Card,Fashion,0
36,406.01,6,1,0,2,10.68,745,1,1,0.2361,0.0433,Credit Card,Electronics,0
49,1479.48,8,1,1,4,22.16,348,7,2,0.115,0.1797,Cash on Delivery,Electronics,1
29,1688.05,11,1,0,5,15.88,1042,4,0,0.0497,0.0268,UPI,Fashion,0
41,1710.13,6,1,0,1,9.59,2057,2,1,0.1773,0.0402,Debit Card,Fashion,0
20,1028.99,10,1,1,2,21.25,808,3,0,0.1412,0.1281,Debit Card,Home,0
30,1493.93,8,2,1,3,20.07,614,2,0,0.2123,0.1354,Debit Card,Fashion,0
18,656.46,6,0,0,3,5.32,611,2,0,0.0943,0.0647,UPI,Electronics,0
28,2679.41,11,1,1,4,5.63,963,0,0,0.0715,0.0964,Cash on Delivery,Fashion,0
40,916.14,11,0,0,1,4.77,949,2,0,0.0323,0.0223,UPI,Fashion,0
20,578.2,7,6,4,5,32.76,417,6,6,0.7995,0.5332,UPI,Fashion,1
39,736.51,13,0,0,2,11.59,910,2,0,0.0,0.0096,Cash on Delivery,Fashion,0
36,2748.78,8,3,1,3,35.55,345,3,3,0.433,0.1505,Cash on Delivery,Grocery,1
34,1127.51,4,0,0,2,11.25,765,2,2,0.1503,0.0465,UPI,Home,0
36,941.57,7,2,0,5,16.88,1240,2,0,0.2112,0.0336,Cash on Delivery,Beauty,0
18,1400.15,2,0,0,3,7.74,221,2,0,0.1224,0.0744,Debit Card,Fashion,0
31,2174.25,1,0,0,2,1.79,1121,2,0,0.1701,0.1324,Credit Card,Fashion,0
28,2982.5,7,0,0,2,6.8,644,1,1,0.0806,0.0533,UPI,Accessories,0
28,2158.96,8,0,0,4,12.28,1017,4,2,0.0906,0.0,UPI,Grocery,0
39,815.25,14,0,0,3,13.16,1105,2,1,0.0589,0.0129,Credit Card,Accessories,0
26,2162.87,10,1,1,5,2.9,605,2,1,0.1311,0.1485,Debit Card,Fashion,0
29,1451.49,9,1,0,3,16.86,2454,0,0,0.1159,0.0354,UPI,Beauty,0
29,1428.24,3,1,1,6,35.73,185,5,5,0.4557,0.3114,Cash on Delivery,Home,1
22,1961.59,9,2,2,3,23.14,532,0,2,0.3562,0.2266,UPI,Accessories,1
18,667.3,7,1,0,3,10.34,459,1,0,0.1206,0.0285,Debit Card,Grocery,0
31,888.22,11,1,0,4,16.88,1613,1,0,0.0985,0.0,UPI,Electronics,0
24,613.45,10,0,0,1,6.82,761,2,0,0.0609,0.0,Net Banking,Fashion,0
35,2360.94,8,0,0,3,15.83,1343,6,0,0.0057,0.013,UPI,Beauty,1
29,977.38,4,0,0,5,12.24,193,5,1,0.1072,0.0431,UPI,Electronics,1
25,1273.68,6,2,0,4,14.38,282,2,1,0.309,0.0258,Cash on Delivery,Grocery,1
35,1082.04,7,0,0,3,15.3,1077,1,0,0.0269,0.0056,Cash on Delivery,Grocery,0
33,3045.59,12,1,1,2,11.05,797,1,1,0.1567,0.0776,UPI,Fashion,0
49,1608.11,11,0,0,4,16.36,1130,1,0,0.0,0.0181,UPI,Home,0
38,2885.92,9,0,0,3,24.88,1127,2,0,0.0342,0.0513,UPI,Home,1
18,1982.65,6,2,0,5,16.24,371,4,3,0.356,0.0264,Credit Card,Fashion,1
18,1251.37,9,0,0,2,27.46,1291,4,0,0.0382,0.0529,Cash on Delivery,Home,0
23,1347.4,11,2,0,1,11.06,1596,6,0,0.148,0.0124,UPI,Home,1
24,1612.26,5,0,0,6,32.79,636,6,0,0.0781,0.018,Debit Card,Fashion,0
34,1440.78,4,0,0,2,13.68,1828,0,0,0.113,0.0756,Credit Card,Home,0
26,2245.98,10,1,0,3,16.84,332,5,0,0.1192,0.0,UPI,Electronics,0
18,2297.36,3,0,0,3,9.57,260,3,0,0.1164,0.0437,Cash on Delivery,Fashion,0
46,1423.84,8,0,0,7,3.1,634,3,2,0.1092,0.0041,UPI,Beauty,0
29,2881.26,6,2,0,5,28.73,258,6,2,0.3417,0.0284,Debit Card,Electronics,1
40,2404.55,10,0,0,3,7.04,923,3,0,0.0097,0.0,Cash on Delivery,Grocery,0
18,2281.86,10,4,2,2,31.0,143,5,1,0.3396,0.1964,UPI,Accessories,1
39,2733.86,8,2,0,4,9.2,648,3,1,0.2325,0.0247,UPI,Home,0
33,2100.18,6,2,0,3,31.54,128,3,2,0.326,0.0309,UPI,Fashion,0
29,1686.34,9,1,0,3,10.5,1353,1,1,0.1761,0.0193,UPI,Home,0
21,1396.55,6,0,0,7,35.86,178,7,1,0.1145,0.0822,Cash on Delivery,Beauty,1
38,1632.4,7,0,0,4,17.42,1740,1,0,0.075,0.0416,UPI,Accessories,0
18,828.19,3,0,0,5,28.41,139,8,4,0.1573,0.0579,Credit Card,Fashion,1
28,2244.66,9,2,0,5,25.06,1249,0,0,0.2108,0.0426,UPI,Home,0
36,1806.53,8,2,1,4,3.02,360,2,2,0.2847,0.1568,UPI,Fashion,0
20,3165.07,14,4,4,5,18.54,667,5,0,0.2349,0.2998,Debit Card,Accessories,1
26,1728.46,8,1,1,3,26.76,1624,3,0,0.1019,0.1368,Credit Card,Fashion,1
46,1464.7,5,0,0,4,11.78,292,6,4,0.1885,0.0641,Credit Card,Beauty,1
48,1883.65,8,0,0,4,1.86,589,2,0,0.0324,0.0513,Net Banking,Fashion,0
20,1753.66,10,1,0,2,17.88,197,0,1,0.2022,0.0238,UPI,Home,0
45,1077.47,3,0,0,2,11.41,409,0,0,0.0932,0.0758,Debit Card,Beauty,0
34,852.61,5,0,0,5,7.86,1340,2,1,0.1255,0.0284,Debit Card,Electronics,0
30,3633.66,7,0,0,4,4.13,1142,2,1,0.0844,0.0388,Cash on Delivery,Fashion,1
36,682.85,11,1,0,3,4.34,826,2,3,0.2549,0.0409,Debit Card,Home,1
41,814.7,3,0,0,3,7.29,681,2,1,0.1369,0.1101,UPI,Beauty,0
46,894.99,10,0,0,3,8.92,382,0,2,0.1537,0.0568,Credit Card,Electronics,0
37,845.41,8,0,0,1,14.29,626,3,1,0.1025,0.0467,UPI,Electronics,0
26,910.08,5,0,0,4,23.99,325,2,1,0.0835,0.0736,UPI,Beauty,0
35,964.01,5,1,0,2,8.87,1138,4,0,0.2062,0.0473,Credit Card,Fashion,0
50,2429.81,11,1,0,4,2.2,1325,2,0,0.0901,0.0286,UPI,Beauty,0
46,562.02,12,0,0,3,1.64,1170,3,2,0.098,0.0083,Cash on Delivery,Beauty,0
18,3526.47,7,1,0,6,11.99,1115,2,2,0.2583,0.0352,UPI,Accessories,1
32,3436.65,6,2,2,5,47.45,308,6,4,0.3945,0.3291,UPI,Fashion,1
42,878.89,13,1,1,4,12.92,1387,2,1,0.1464,0.1069,Net Banking,Electronics,0
41,1249.94,10,0,0,5,6.8,899,2,0,0.0472,0.0138,Net Banking,Electronics,0
23,3368.5,9,2,2,2,24.95,66,7,0,0.1724,0.207,UPI,Beauty,0
40,1020.06,8,0,0,4,23.27,1353,3,0,0.0453,0.0493,Credit Card,Accessories,0
44,1329.88,12,0,0,5,12.39,134,3,0,0.0054,0.0332,Debit Card,Electronics,0
30,1376.14,12,0,0,5,21.78,780,0,0,0.0137,0.0,Debit Card,Electronics,0
22,876.47,9,1,0,5,5.86,1154,1,0,0.0385,0.0429,UPI,Grocery,0
35,1520.67,11,2,0,3,6.97,580,2,1,0.2167,0.031,Debit Card,Electronics,1
27,1285.43,5,0,0,3,11.26,750,1,1,0.2057,0.0473,Cash on Delivery,Grocery,0
26,880.4,6,1,1,4,10.29,363,5,3,0.2528,0.1564,Net Banking,Grocery,1
34,1272.11,7,0,0,5,32.75,291,3,5,0.2538,0.0219,Credit Card,Fashion,1
25,1300.56,7,0,0,4,23.32,761,3,0,0.0353,0.0066,Credit Card,Fashion,0
28,586.55,5,0,0,4,17.71,847,2,0,0.1134,0.0164,Credit Card,Accessories,0
33,995.59,7,2,0,1,29.88,553,1,2,0.3769,0.0381,Cash on Delivery,Grocery,0
56,1758.52,8,0,0,3,5.39,481,2,1,0.0987,0.0669,Cash on Delivery,Beauty,0
35,554.66,5,0,0,2,11.55,764,4,2,0.1477,0.071,UPI,Home,0
37,1369.85,10,0,0,4,12.91,1323,3,0,0.033,0.0131,Credit Card,Fashion,0
24,1105.47,8,0,0,4,38.56,283,8,1,0.0744,0.039,Credit Card,Electronics,1
23,550.67,7,0,0,1,28.71,376,1,1,0.1118,0.0487,Debit Card,Accessories,0
18,843.09,4,2,1,5,14.74,285,10,2,0.3979,0.2605,Credit Card,Fashion,1
34,1090.42,9,3,2,3,9.34,485,4,2,0.3084,0.2391,Credit Card,Accessories,1
18,617.75,12,0,0,3,23.58,497,6,1,0.0422,0.0,UPI,Electronics,0
27,958.91,5,0,0,2,36.43,806,1,0,0.0685,0.052,UPI,Accessories,0
47,1121.18,9,2,0,4,20.15,1140,4,0,0.2067,0.0175,Debit Card,Fashion,1
37,1934.69,11,2,0,4,8.98,377,2,2,0.2398,0.0291,UPI,Electronics,1
39,2941.95,13,0,0,6,17.81,571,2,0,0.0,0.0061,UPI,Grocery,0
41,671.72,8,1,1,4,10.51,1810,5,1,0.1173,0.1656,Debit Card,Accessories,1
29,844.68,9,0,0,4,13.69,861,3,1,0.0925,0.0485,Credit Card,Grocery,0
33,9175.83,6,2,1,5,9.77,213,4,3,0.3938,0.1893,UPI,Grocery,1
46,694.85,15,0,0,4,17.43,1101,3,1,0.0642,0.0038,Cash on Delivery,Beauty,0
28,1036.25,15,1,0,3,2.59,1393,0,0,0.0848,0.024,Net Banking,Home,0
47,749.23,10,2,1,3,16.94,863,3,0,0.2026,0.1447,UPI,Fashion,0
38,1396.9,13,3,1,3,4.83,385,1,0,0.1781,0.0978,Cash on Delivery,Home,0
18,727.17,8,0,0,2,2.59,716,1,0,0.08,0.0278,Cash on Delivery,Electronics,0
27,1384.18,6,1,0,4,1.97,1138,4,2,0.1995,0.0312,Credit Card,Accessories,0
18,868.26,6,0,0,3,21.43,1202,4,1,0.0755,0.0545,Credit Card,Accessories,1
44,1816.4,8,0,0,3,5.99,591,3,0,0.0155,0.0138,UPI,Grocery,0
34,1040.14,7,0,0,1,8.25,555,1,1,0.1283,0.034,Net Banking,Electronics,0
18,853.46,11,0,0,1,21.88,554,1,1,0.1035,0.0243,Credit Card,Fashion,0
37,1338.82,9,0,0,1,4.7,1209,5,2,0.0754,0.0413,UPI,Beauty,0
27,3489.41,5,2,1,4,35.41,253,5,3,0.4515,0.2319,Credit Card,Electronics,1
29,1096.84,6,0,0,3,14.43,618,4,1,0.0942,0.0435,UPI,Grocery,0
21,3444.39,5,1,0,4,1.0,232,0,0,0.1747,0.0398,UPI,Accessories,0
49,725.57,3,1,0,4,10.02,678,2,1,0.3514,0.0985,Debit Card,Fashion,0
35,1186.75,4,1,0,1,19.09,1125,5,1,0.2054,0.0529,Credit Card,Electronics,0
31,938.38,12,1,1,2,9.42,1347,3,0,0.0814,0.1072,Debit Card,Beauty,0
30,1929.02,6,1,0,3,8.63,579,3,1,0.2023,0.0329,Credit Card,Fashion,0
20,1141.37,6,1,0,4,14.85,800,1,2,0.2648,0.0207,Debit Card,Fashion,0
22,1556.83,7,0,0,5,9.03,777,3,0,0.0578,0.0293,Credit Card,Electronics,0
46,1574.52,7,1,0,6,5.16,720,1,0,0.1365,0.0124,UPI,Accessories,0
30,838.45,12,1,1,2,18.78,717,1,3,0.2754,0.1108,UPI,Home,0
34,779.59,5,0,0,4,1.48,236,0,3,0.3211,0.0484,UPI,Fashion,0
33,1528.45,7,0,0,5,29.92,550,5,2,0.0671,0.0127,Debit Card,Beauty,0
18,623.88,4,0,0,2,23.57,1046,0,1,0.1072,0.0501,Debit Card,Home,0
22,1030.7,8,0,0,3,19.26,1367,0,0,0.0654,0.0,UPI,Home,0
39,1161.62,7,0,0,2,24.52,730,2,0,0.0233,0.0091,Cash on Delivery,Accessories,1
37,909.05,2,0,0,2,14.23,441,3,1,0.1743,0.0714,Credit Card,Home,0
50,1084.07,11,0,0,4,2.73,998,2,1,0.0952,0.0292,Credit Card,Home,0
46,450.95,5,0,0,5,17.34,2050,4,3,0.1749,0.0609,Debit Card,Accessories,0
32,1267.31,9,0,0,3,9.64,980,3,3,0.1556,0.0266,UPI,Electronics,1
38,529.32,9,0,0,1,24.42,890,2,0,0.0276,0.0536,UPI,Home,0
31,596.66,10,0,0,4,7.74,465,1,1,0.1019,0.0095,Cash on Delivery,Grocery,1
52,882.84,9,0,0,3,31.07,251,4,1,0.094,0.0136,UPI,Beauty,0
44,2899.4,8,1,1,3,2.56,760,2,0,0.1456,0.1584,UPI,Grocery,0
36,1471.19,10,0,0,4,14.92,984,3,0,0.0208,0.0595,UPI,Electronics,0
36,1148.32,15,0,0,3,14.4,1611,0,0,0.0,0.0278,UPI,Accessories,0
25,1220.71,7,5,2,3,42.7,95,4,2,0.6206,0.2754,Cash on Delivery,Fashion,1
47,928.22,13,0,0,2,14.67,870,7,2,0.1239,0.0,Debit Card,Home,0
39,1169.56,7,0,0,3,18.52,290,3,1,0.0912,0.0343,Cash on Delivery,Fashion,0
48,1637.16,7,0,0,4,21.86,470,1,0,0.0198,0.0538,Cash on Delivery,Electronics,0
22,949.46,7,2,2,5,21.93,283,1,3,0.3707,0.3021,Credit Card,Fashion,0
18,2146.04,5,1,0,4,7.58,907,5,2,0.2568,0.0506,UPI,Home,0
38,1954.5,10,1,1,1,9.81,905,1,0,0.1116,0.1206,Credit Card,Home,0
29,2237.57,6,0,0,3,9.17,1192,2,1,0.1173,0.0532,Credit Card,Electronics,0
50,1226.76,8,1,0,3,3.81,510,2,0,0.1024,0.0261,Credit Card,Electronics,1
48,1595.71,7,1,0,1,6.24,1638,0,2,0.3117,0.0284,Credit Card,Fashion,0
34,924.84,6,1,1,3,21.22,1033,1,1,0.2321,0.1763,UPI,Accessories,0
29,574.2,8,3,2,4,24.0,15,5,1,0.3222,0.2929,Cash on Delivery,Grocery,0
48,597.05,6,0,0,3,7.1,501,3,0,0.0686,0.0432,UPI,Beauty,0
50,1648.76,9,0,0,2,9.6,702,1,1,0.0743,0.0291,Credit Card,Accessories,0
33,2622.16,5,2,2,4,21.32,830,4,0,0.3068,0.4004,Credit Card,Beauty,0
35,1643.91,5,1,0,2,5.03,387,3,1,0.2444,0.0136,Debit Card,Accessories,0
56,926.65,10,0,0,3,27.29,1185,2,0,0.0013,0.0045,UPI,Grocery,0
34,815.67,11,2,0,5,8.24,1458,1,1,0.1784,0.0029,UPI,Accessories,0
32,2152.21,4,0,0,6,13.7,1923,2,0,0.1025,0.0511,Credit Card,Fashion,0
42,845.11,8,0,0,2,23.03,786,4,0,0.0368,0.0315,Credit Card,Accessories,0
31,498.16,4,1,1,5,29.0,309,4,2,0.3122,0.2588,Credit Card,Grocery,1
31,6406.09,9,0,0,3,6.02,928,2,0,0.0149,0.044,Credit Card,Electronics,0
35,1480.52,3,0,0,4,26.66,884,0,2,0.2312,0.0777,UPI,Fashion,0
47,2315.93,8,0,0,5,11.95,1414,0,0,0.0195,0.0325,Credit Card,Fashion,0
33,5455.13,6,2,1,2,27.2,189,2,3,0.353,0.1675,UPI,Accessories,0
23,990.13,8,1,0,4,8.23,553,8,1,0.1802,0.0706,Credit Card,Fashion,1
42,1679.77,3,1,1,3,24.08,382,4,2,0.3703,0.2978,Cash on Delivery,Accessories,1
34,907.64,6,0,0,5,12.87,537,4,1,0.0808,0.0198,Debit Card,Electronics,0
19,2107.19,8,1,0,2,7.37,703,1,0,0.0918,0.0243,UPI,Fashion,0
37,1034.19,6,0,0,2,11.36,949,1,0,0.02,0.0411,UPI,Electronics,0
28,1556.22,6,0,0,5,18.42,1369,3,0,0.0532,0.0315,Credit Card,Electronics,0
42,5616.93,10,1,0,3,10.43,1557,2,1,0.1365,0.0216,UPI,Fashion,0
40,1071.51,11,0,0,2,23.76,1295,0,0,0.0366,0.0187,UPI,Accessories,0
47,1446.79,12,2,0,6,20.12,738,1,0,0.1481,0.0419,Cash on Delivery,Home,0
42,2005.45,4,0,0,2,15.27,1099,1,0,0.073,0.0631,Cash on Delivery,Home,0
44,1180.26,6,0,0,2,4.78,822,3,2,0.1255,0.0364,UPI,Fashion,0
28,1922.87,3,0,0,3,3.1,615,1,0,0.0844,0.0752,UPI,Fashion,0
41,1314.86,14,0,0,4,15.32,879,2,2,0.1196,0.005,Cash on Delivery,Electronics,0
52,1355.3,8,0,0,3,15.59,2709,3,0,0.0615,0.0656,UPI,Home,0
28,1530.39,7,0,0,1,18.23,530,1,0,0.0075,0.073,Credit Card,Fashion,0
50,3933.51,9,0,0,2,11.76,567,2,1,0.0603,0.0129,Credit Card,Electronics,0
29,808.84,8,0,0,1,13.22,789,0,0,0.0633,0.0306,Net Banking,Beauty,0
26,1086.71,7,0,0,4,7.92,1342,4,0,0.0631,0.0277,Debit Card,Fashion,0
37,798.43,1,0,0,2,8.23,287,2,0,0.163,0.1298,UPI,Grocery,0
26,642.59,3,0,0,3,46.22,151,8,1,0.1242,0.0579,Cash on Delivery,Accessories,1
40,4401.53,2,0,0,3,6.66,1221,4,1,0.1697,0.1096,UPI,Electronics,0
42,1239.13,7,0,0,3,13.01,602,0,1,0.145,0.0309,Credit Card,Home,0
25,803.78,4,0,0,5,0.88,1171,1,0,0.1022,0.0572,UPI,Home,0
38,1095.79,7,1,1,2,7.42,957,3,0,0.1929,0.1426,UPI,Fashion,1
28,923.53,5,0,0,4,8.51,691,3,1,0.0952,0.0355,Cash on Delivery,Electronics,1
21,1041.28,9,0,0,4,19.9,362,2,2,0.1116,0.0141,Debit Card,Grocery,0
28,1180.54,8,2,2,6,36.78,589,2,4,0.4134,0.2608,Net Banking,Fashion,1
26,1229.09,11,2,1,4,5.29,1368,1,0,0.1759,0.1039,UPI,Fashion,0
18,1280.82,4,2,0,4,9.93,478,3,3,0.5713,0.076,UPI,Home,1
27,2849.25,5,1,0,3,16.25,775,2,0,0.1961,0.0175,Net Banking,Fashion,1
39,1087.85,11,4,1,3,5.51,689,2,1,0.2801,0.1385,Credit Card,Fashion,0
27,1155.42,5,0,0,4,33.35,574,6,0,0.0673,0.042,Credit Card,Beauty,0
44,2577.28,8,0,0,3,13.75,547,0,0,0.087,0.0497,Cash on Delivery,Beauty,0
21,1002.37,4,1,0,4,7.46,1002,1,1,0.2912,0.0738,Credit Card,Fashion,0
37,694.74,12,3,0,5,2.24,1349,0,0,0.2073,0.018,Net Banking,Home,0
23,856.44,9,0,0,2,20.48,825,0,0,0.0083,0.0358,Debit Card,Grocery,0
40,1652.41,10,0,0,6,7.77,546,1,1,0.1055,0.01,UPI,Home,1
28,2072.04,8,2,1,1,5.04,1521,4,2,0.29,0.1488,Credit Card,Beauty,1
25,2734.28,10,0,0,4,11.84,445,2,0,0.0374,0.0092,UPI,Fashion,0
41,1117.56,7,0,0,4,20.5,750,1,0,0.0858,0.0082,UPI,Fashion,0
29,3067.43,7,0,0,6,14.66,1419,1,0,0.0526,0.047,UPI,Home,0
31,2699.63,9,0,0,5,5.44,716,2,0,0.0632,0.0,Cash on Delivery,Fashion,0
18,581.89,11,1,1,4,12.92,346,3,1,0.0923,0.1219,Cash on Delivery,Fashion,0
43,972.6,7,0,0,4,22.56,922,0,0,0.0511,0.0446,Net Banking,Electronics,0
41,917.86,10,1,0,4,0.97,1543,0,0,0.0454,0.0286,Debit Card,Fashion,0
34,472.18,5,0,0,2,6.41,606,5,1,0.1074,0.0588,UPI,Accessories,0
33,2786.09,0,0,0,2,32.36,277,3,1,0.3873,0.2897,Credit Card,Fashion,0
20,664.92,6,0,0,1,11.79,651,0,0,0.0544,0.0084,Cash on Delivery,Fashion,0
45,1057.46,6,1,0,4,33.8,1359,3,3,0.3063,0.0874,UPI,Grocery,1
28,1166.15,13,0,0,5,30.38,124,3,0,0.0134,0.0027,UPI,Accessories,0
30,1392.91,7,0,0,3,14.44,1564,5,1,0.0518,0.0535,Credit Card,Beauty,0
55,900.35,7,1,0,3,18.05,579,2,0,0.1182,0.0297,Credit Card,Beauty,0
28,4081.22,5,0,0,4,16.1,296,3,1,0.0586,0.0582,Cash on Delivery,Fashion,0
41,1026.41,5,0,0,4,25.32,731,3,0,0.0712,0.0653,UPI,Fashion,0
39,1611.62,9,0,0,5,10.73,1132,2,0,0.0083,0.0183,Credit Card,Fashion,0
35,1114.17,8,2,0,5,45.5,478,7,2,0.2658,0.0375,Cash on Delivery,Home,1
41,4400.46,7,2,2,4,51.12,1005,7,2,0.3305,0.2924,Cash on Delivery,Beauty,0
33,2779.0,4,1,1,2,31.0,828,3,5,0.4307,0.2487,UPI,Fashion,1
38,534.82,1,1,0,3,12.0,692,1,0,0.5178,0.1736,UPI,Accessories,0
37,448.7,7,0,0,3,0.94,411,2,0,0.0163,0.0441,UPI,Beauty,0
37,1180.22,8,0,0,3,2.1,1349,1,1,0.1147,0.0641,UPI,Electronics,0
36,907.39,6,0,0,5,1.66,762,4,2,0.133,0.02,Cash on Delivery,Grocery,1
34,1570.25,7,1,1,3,36.4,268,1,1,0.2101,0.1589,UPI,Fashion,0
48,1641.36,5,0,0,5,5.37,287,2,1,0.0935,0.0395,Credit Card,Fashion,0
22,1675.94,5,0,0,2,20.61,1003,2,2,0.1534,0.0866,UPI,Grocery,0
43,3145.94,9,1,0,1,4.96,349,4,0,0.1357,0.0326,UPI,Electronics,0
41,2659.82,6,1,0,4,17.71,1941,4,0,0.1292,0.0428,UPI,Fashion,0
40,2823.99,5,0,0,2,5.02,865,0,0,0.0367,0.0521,UPI,Beauty,0
44,1094.83,9,0,0,3,22.22,509,1,1,0.0775,0.0357,Credit Card,Home,0
31,2035.2,8,2,1,4,25.1,499,6,4,0.3389,0.1478,UPI,Beauty,1
33,791.04,7,1,0,5,4.91,502,1,0,0.1693,0.0638,Net Banking,Beauty,0
18,946.43,6,2,0,4,17.99,845,5,0,0.2139,0.0783,Credit Card,Grocery,0
33,2325.07,7,0,0,3,24.79,1710,4,2,0.1045,0.0,Debit Card,Home,0
25,1955.95,11,1,0,1,21.86,573,1,1,0.1529,0.0415,Credit Card,Electronics,0
27,1177.17,9,0,0,2,15.47,708,3,2,0.1088,0.0479,Credit Card,Home,0
23,1452.27,9,1,1,2,7.44,988,4,1,0.1025,0.0807,Cash on Delivery,Beauty,0
30,2413.82,9,0,0,4,19.21,715,3,0,0.0447,0.021,Debit Card,Electronics,0
29,1802.34,10,3,1,4,18.4,342,1,0,0.262,0.1307,UPI,Fashion,0
18,4487.88,8,3,1,4,22.89,848,3,0,0.328,0.1653,Credit Card,Grocery,0
40,236.74,3,0,0,4,28.16,565,2,1,0.1322,0.0654,Cash on Delivery,Beauty,0
54,1213.64,9,0,0,5,8.39,693,2,0,0.0389,0.0375,Debit Card,Grocery,0
39,683.55,17,2,2,3,2.39,1833,2,0,0.0985,0.1204,UPI,Fashion,0
32,1681.09,16,4,1,4,9.09,715,0,0,0.195,0.0754,Cash on Delivery,Grocery,0
25,2264.24,3,1,1,4,4.01,112,4,1,0.3437,0.3435,Net Banking,Fashion,0
34,705.16,6,2,0,3,22.56,189,4,0,0.3377,0.028,Cash on Delivery,Electronics,1
30,4191.36,5,1,0,2,3.86,676,2,0,0.1756,0.0457,Debit Card,Electronics,0
35,1780.18,3,0,0,3,1.03,777,2,0,0.0697,0.1025,UPI,Electronics,0
34,945.88,7,1,0,2,4.23,1121,1,0,0.1089,0.0402,UPI,Fashion,0
26,1860.78,10,0,0,5,7.08,920,4,0,0.0225,0.0232,Credit Card,Fashion,1
49,1049.85,10,2,0,6,11.2,912,1,0,0.218,0.0052,Credit Card,Fashion,0
24,1574.86,6,2,0,2,13.96,457,1,2,0.3968,0.024,UPI,Beauty,0
21,1161.54,11,0,0,5,10.01,955,4,2,0.1013,0.0307,UPI,Fashion,0
40,355.72,5,1,1,5,24.06,1206,2,2,0.3044,0.2148,UPI,Home,1
33,2804.07,11,0,0,3,16.56,338,2,2,0.1096,0.0581,Credit Card,Accessories,1
51,801.14,5,0,0,4,11.4,2186,3,0,0.0856,0.0774,UPI,Electronics,0
37,1292.95,16,2,2,3,18.39,654,5,0,0.1312,0.1189,Debit Card,Accessories,0
31,3154.04,5,2,0,3,11.08,430,3,1,0.3702,0.0571,Net Banking,Grocery,0
32,1243.3,11,1,0,3,6.34,1003,0,0,0.0928,0.0,Debit Card,Fashion,1
34,614.34,8,0,0,4,8.12,698,1,0,0.0,0.0142,Credit Card,Electronics,0
24,663.15,14,3,0,3,5.41,1293,1,1,0.2386,0.0,Credit Card,Beauty,0
37,1402.88,5,1,1,6,20.32,665,5,2,0.2549,0.2088,Net Banking,Home,1
27,1783.43,10,2,0,5,18.97,581,2,0,0.1574,0.0292,Credit Card,Fashion,1
37,1474.38,8,1,0,4,14.88,637,7,2,0.1977,0.0264,Credit Card,Home,0
18,1109.56,13,3,1,5,29.98,1385,3,2,0.2665,0.0777,Debit Card,Electronics,0
20,1404.15,4,1,0,4,31.81,374,3,11,0.7091,0.0286,UPI,Home,1
26,5480.22,7,0,0,4,12.17,435,4,0,0.0,0.0323,UPI,Accessories,0
35,1845.22,7,2,1,5,34.59,511,4,5,0.386,0.1835,UPI,Grocery,1
34,474.84,10,3,3,3,30.59,127,5,1,0.2774,0.2756,UPI,Beauty,1
35,910.77,10,1,0,1,10.01,1952,2,0,0.0877,0.0049,UPI,Beauty,0
20,1951.73,7,3,1,5,7.44,393,2,0,0.326,0.1628,UPI,Home,1
37,873.02,6,0,0,4,5.76,797,5,0,0.0552,0.0469,Credit Card,Electronics,0
18,1752.8,8,0,0,3,33.18,1670,2,1,0.0606,0.0049,Debit Card,Accessories,0
33,719.61,8,0,0,4,7.42,395,3,0,0.0035,0.0439,UPI,Electronics,0
39,1630.75,8,1,0,2,20.52,1176,3,0,0.0896,0.0349,Credit Card,Fashion,0
33,424.46,5,0,0,5,10.59,1160,2,2,0.171,0.1129,UPI,Fashion,0
28,2750.22,4,1,0,3,11.9,730,3,2,0.2854,0.0268,UPI,Accessories,1
30,1837.95,12,0,0,3,3.4,196,5,1,0.0633,0.0103,Cash on Delivery,Home,1
29,686.7,10,0,0,3,7.86,1182,4,0,0.0297,0.0172,UPI,Beauty,0
33,565.19,6,1,0,4,35.64,85,3,1,0.2278,0.0288,Credit Card,Home,1
28,1172.04,11,1,0,5,9.44,670,0,2,0.2466,0.0502,UPI,Fashion,0
36,1414.03,5,0,0,5,30.49,1529,1,0,0.0994,0.0955,Credit Card,Home,1
55,2179.21,11,2,1,2,20.57,1318,3,0,0.1641,0.0895,UPI,Fashion,0
27,1135.67,8,0,0,4,27.51,1525,5,2,0.1199,0.0538,UPI,Electronics,1
31,775.16,5,1,0,3,26.14,1077,4,0,0.1561,0.0421,UPI,Home,0
34,601.53,9,0,0,4,14.86,860,1,2,0.1611,0.0461,Cash on Delivery,Accessories,1
28,1984.82,10,0,0,4,19.74,1701,2,1,0.1008,0.0209,Credit Card,Grocery,0
21,1182.69,7,1,1,3,22.46,633,4,1,0.1616,0.1365,Net Banking,Fashion,1
44,2494.84,7,1,0,4,6.76,2611,6,1,0.1655,0.0212,Net Banking,Fashion,0
18,734.09,12,0,0,2,4.12,817,2,1,0.0934,0.0184,UPI,Electronics,0
29,4107.84,4,0,0,2,11.04,1511,1,0,0.0569,0.0918,Debit Card,Accessories,0
41,627.66,4,0,0,3,12.59,549,1,0,0.0813,0.0754,UPI,Home,0
31,3571.34,6,1,0,2,11.41,422,4,0,0.1849,0.0365,Credit Card,Home,0
27,845.53,8,0,0,3,3.37,555,7,0,0.0069,0.0364,Cash on Delivery,Beauty,0
38,591.54,7,0,0,4,3.63,528,3,0,0.0337,0.0521,UPI,Home,0
42,1084.4,6,0,0,3,11.87,1202,0,0,0.0764,0.0261,Credit Card,Grocery,0
18,1706.71,4,0,0,5,24.45,563,1,5,0.3967,0.0514,Cash on Delivery,Grocery,1
28,1049.66,9,1,0,2,19.61,532,2,0,0.0995,0.0325,Net Banking,Grocery,0
36,485.67,9,0,0,2,7.0,617,2,0,0.0,0.0331,Credit Card,Accessories,1
27,2284.76,3,0,0,3,9.34,444,1,0,0.132,0.0924,Credit Card,Fashion,0
38,1384.44,12,1,0,6,12.52,447,2,2,0.2231,0.0154,Credit Card,Home,0
30,749.51,5,0,0,4,15.9,1064,2,1,0.099,0.0352,Credit Card,Beauty,0
41,804.81,14,0,0,2,20.66,1198,5,0,0.0527,0.0181,UPI,Home,0
47,2122.88,14,1,0,2,3.26,1106,2,2,0.1731,0.0245,UPI,Fashion,0
18,685.39,10,1,0,5,13.9,1174,0,2,0.3115,0.025,Net Banking,Electronics,0
35,2181.62,8,0,0,4,2.22,671,2,1,0.1076,0.0265,Credit Card,Fashion,0
18,1771.6,9,0,0,4,34.29,2149,1,0,0.0431,0.0003,Cash on Delivery,Grocery,0
31,936.13,10,2,2,1,21.69,422,9,0,0.154,0.2066,UPI,Fashion,0
28,442.1,4,2,2,4,24.3,786,2,2,0.4812,0.4531,Cash on Delivery,Fashion,1
56,957.94,9,0,0,4,13.72,680,2,0,0.0896,0.0225,Debit Card,Fashion,1
30,1711.19,10,1,1,3,32.54,597,7,0,0.096,0.1278,UPI,Accessories,0
52,4074.29,11,2,2,6,52.26,294,4,3,0.2735,0.2172,Cash on Delivery,Electronics,1
41,3019.27,6,1,0,2,10.51,1185,0,0,0.1647,0.0492,Credit Card,Fashion,0
34,1410.15,7,2,0,1,10.78,665,0,1,0.3651,0.0245,UPI,Home,0
27,2537.29,6,1,1,4,12.13,590,1,0,0.1992,0.1714,UPI,Electronics,0
26,1555.38,6,0,0,4,8.6,697,3,1,0.0789,0.0447,Debit Card,Electronics,0
48,3501.82,8,0,0,4,14.74,902,2,0,0.0471,0.032,UPI,Fashion,0
32,1495.71,9,2,0,2,26.96,269,7,1,0.219,0.0259,UPI,Electronics,0
30,1591.32,3,1,0,4,27.53,550,3,1,0.2915,0.114,Credit Card,Electronics,0
43,1147.17,12,1,1,3,6.36,1385,2,1,0.1423,0.1225,Debit Card,Electronics,1
51,964.16,9,1,1,3,41.24,281,3,1,0.152,0.148,Debit Card,Accessories,0
32,2612.54,8,3,2,6,29.21,114,3,1,0.3484,0.2742,UPI,Accessories,1
34,1510.15,11,0,0,5,12.3,1389,0,1,0.0687,0.0516,UPI,Grocery,0
25,1175.1,12,2,2,4,24.43,389,4,3,0.2578,0.1679,UPI,Fashion,0
37,1675.53,9,0,0,4,19.9,335,3,1,0.0924,0.0169,Debit Card,Beauty,0
32,433.55,5,0,0,2,15.01,365,1,0,0.0901,0.0219,Credit Card,Beauty,0
31,1469.14,12,0,0,3,14.07,928,6,0,0.012,0.0035,Debit Card,Home,0
25,1452.83,7,2,0,5,33.14,296,1,1,0.3007,0.048,UPI,Electronics,0
35,2127.21,7,1,0,3,4.04,581,5,1,0.2085,0.0898,UPI,Fashion,0
27,2211.01,12,0,0,2,12.47,1307,4,4,0.1996,0.0036,Net Banking,Home,0
38,1463.28,4,0,0,4,26.78,1183,1,1,0.1797,0.0175,Debit Card,Accessories,1
36,1562.25,12,1,0,3,26.25,1384,1,0,0.0483,0.0161,Debit Card,Home,0
37,767.02,12,0,0,4,19.5,558,2,1,0.0812,0.0344,UPI,Grocery,0
36,555.46,11,10,3,4,9.97,272,5,2,0.7167,0.2532,Debit Card,Electronics,1
32,1407.78,2,0,0,4,31.02,368,7,5,0.2723,0.0989,Net Banking,Electronics,1
49,1907.22,5,0,0,5,43.02,683,1,0,0.0327,0.0549,Debit Card,Electronics,0
32,1393.71,10,0,0,4,17.72,472,2,3,0.1936,0.0119,UPI,Fashion,0
34,1190.29,11,0,0,5,1.53,346,2,0,0.0257,0.0269,Cash on Delivery,Electronics,0
41,1023.72,11,2,0,6,10.06,696,5,1,0.2334,0.0308,Credit Card,Electronics,0
24,1203.55,4,0,0,3,45.41,240,7,5,0.2043,0.0446,UPI,Home,1
52,1404.34,6,0,0,4,8.25,356,2,2,0.1679,0.044,UPI,Fashion,0
46,928.29,6,0,0,5,2.17,2664,5,1,0.1358,0.0254,Debit Card,Electronics,0
18,2592.3,2,1,0,4,19.12,1219,3,1,0.449,0.1006,UPI,Home,1
44,1624.63,8,0,0,3,18.65,1017,0,1,0.1137,0.0209,Debit Card,Electronics,0
25,1670.83,4,2,0,4,4.58,465,5,2,0.4726,0.0847,UPI,Accessories,0
31,3173.56,4,1,1,4,15.59,337,1,0,0.1801,0.2578,Cash on Delivery,Grocery,0
31,1202.8,11,3,0,4,7.98,897,1,1,0.2582,0.0287,Debit Card,Beauty,0
25,482.01,7,3,2,3,21.72,922,2,4,0.5105,0.3294,UPI,Home,1
36,1795.38,6,1,0,2,8.42,540,2,1,0.1979,0.0444,UPI,Fashion,0
22,2302.15,6,1,1,4,29.24,511,2,0,0.1392,0.1884,UPI,Beauty,0
38,1026.13,4,0,0,3,27.05,628,1,0,0.1037,0.0702,UPI,Accessories,0
31,980.07,5,0,0,2,13.25,393,3,1,0.1186,0.0548,UPI,Beauty,0
36,619.17,10,2,0,4,12.77,959,0,0,0.1609,0.0,UPI,Electronics,0
34,1469.44,13,1,0,3,26.96,426,4,0,0.1014,0.0572,Credit Card,Fashion,0
43,1109.67,12,1,1,3,18.77,350,1,0,0.1105,0.1083,UPI,Electronics,0
23,3509.03,11,1,1,2,7.12,122,2,1,0.1456,0.0978,Debit Card,Electronics,0
49,1242.67,10,0,0,3,26.0,1031,1,0,0.0225,0.0604,Cash on Delivery,Fashion,0
42,902.08,5,2,0,3,13.84,743,2,0,0.322,0.0763,Net Banking,Fashion,0
33,943.65,7,0,0,1,0.44,626,0,0,0.0467,0.0315,Net Banking,Fashion,0
33,5840.2,7,0,0,4,10.11,421,2,1,0.0919,0.0297,Net Banking,Electronics,0
27,3054.74,6,2,2,4,47.15,158,3,4,0.3872,0.286,UPI,Grocery,1
38,1152.65,8,0,0,2,1.8,627,3,2,0.0819,0.0246,UPI,Fashion,0
48,1393.76,7,2,0,4,5.28,1544,3,0,0.2547,0.0387,UPI,Fashion,0
32,3496.89,4,0,0,5,39.27,417,4,4,0.2509,0.0636,Cash on Delivery,Beauty,1
35,2137.98,9,0,0,2,16.78,496,2,0,0.0403,0.0728,UPI,Home,0
21,2573.44,6,2,1,4,6.82,150,4,1,0.2942,0.1807,Net Banking,Beauty,1
35,1994.31,11,1,0,5,32.25,1096,9,0,0.0846,0.0428,Credit Card,Home,1
31,1221.43,7,4,0,6,35.02,223,7,2,0.4621,0.0593,UPI,Electronics,0
34,1401.09,8,1,0,2,13.43,1182,1,1,0.2265,0.0213,Credit Card,Fashion,0
50,1110.66,4,0,0,5,13.27,402,4,2,0.1368,0.0475,Net Banking,Accessories,1
31,1401.97,8,1,0,5,16.44,447,3,2,0.2403,0.041,Debit Card,Fashion,0
24,1789.56,5,4,0,2,16.33,236,1,2,0.6767,0.0422,Credit Card,Electronics,1
34,3176.87,9,3,0,4,16.15,766,2,0,0.25,0.0432,Credit Card,Fashion,0
47,2056.27,7,1,0,3,1.19,2090,4,1,0.1935,0.0649,Credit Card,Beauty,0
35,595.32,9,2,0,1,34.56,1312,4,0,0.1662,0.0117,UPI,Fashion,0
44,854.61,4,0,0,1,13.37,767,2,1,0.1133,0.0719,UPI,Accessories,0
26,1978.14,5,0,0,4,6.75,1337,2,0,0.0724,0.0329,UPI,Fashion,0
32,2216.28,8,1,0,3,3.54,186,1,1,0.207,0.0788,Cash on Delivery,Electronics,0
18,1137.05,4,0,0,4,25.91,85,4,5,0.275,0.0453,UPI,Fashion,1
47,1540.13,9,1,1,7,3.8,731,3,0,0.1065,0.1328,UPI,Grocery,0
28,2054.25,4,0,0,1,27.85,179,1,0,0.0957,0.0465,UPI,Home,0
33,868.69,6,0,0,5,9.58,866,0,0,0.0777,0.0655,UPI,Home,0
36,1964.5,11,1,1,3,14.16,1152,2,2,0.2222,0.0938,Net Banking,Fashion,0
25,844.99,12,4,0,6,16.35,580,4,1,0.3364,0.0502,Debit Card,Accessories,0
30,1886.7,4,0,0,3,14.22,563,6,1,0.1049,0.0333,Net Banking,Grocery,1
35,686.34,6,0,0,2,22.8,777,4,2,0.1719,0.0436,UPI,Grocery,0
34,585.53,15,2,0,3,13.58,609,0,0,0.1529,0.0223,Cash on Delivery,Electronics,1
46,2536.53,1,0,0,3,17.24,663,2,0,0.2183,0.1634,UPI,Home,0
28,5951.64,6,2,2,3,7.47,383,4,2,0.3086,0.3237,Cash on Delivery,Beauty,0
41,1611.65,4,2,0,5,8.34,236,5,3,0.4425,0.0831,Net Banking,Electronics,1
48,2970.71,7,1,0,2,6.7,1410,4,1,0.1622,0.0,Net Banking,Fashion,0
18,801.59,2,2,0,6,36.23,450,4,1,0.6881,0.0894,Credit Card,Electronics,1
26,3711.95,10,3,2,4,28.79,1185,2,0,0.2627,0.2307,Credit Card,Grocery,0
35,758.45,7,0,0,3,8.96,966,3,0,0.0222,0.0309,Credit Card,Accessories,0
40,1158.25,2,0,0,4,14.28,306,3,0,0.0869,0.1066,Credit Card,Fashion,0
48,1270.67,7,0,0,4,11.38,1060,5,0,0.0248,0.0489,UPI,Accessories,0
40,608.28,8,0,0,5,4.11,761,2,0,0.0573,0.0405,Cash on Delivery,Beauty,0
37,2796.61,7,0,0,3,17.11,74,3,0,0.0,0.0266,UPI,Accessories,0
40,738.41,9,0,0,4,20.18,614,0,1,0.0978,0.0067,Debit Card,Fashion,0
40,1412.77,6,1,0,5,25.69,665,2,2,0.2779,0.0505,Credit Card,Beauty,0
26,499.55,5,2,0,3,20.09,1561,2,2,0.4172,0.0466,UPI,Beauty,0
36,1338.1,3,0,0,6,32.68,1287,1,0,0.0571,0.0507,UPI,Home,0
47,453.82,4,0,0,3,33.85,658,2,2,0.1571,0.0523,UPI,Grocery,1
32,624.38,2,0,0,4,32.83,1748,1,1,0.1718,0.088,Credit Card,Home,1
30,1855.74,11,0,0,6,25.94,95,3,3,0.1218,0.0312,Net Banking,Fashion,0
35,2780.2,6,3,1,4,36.03,337,3,3,0.4903,0.1439,UPI,Fashion,0
35,5190.51,10,0,0,5,6.23,1235,1,0,0.0278,0.0307,UPI,Accessories,0
47,1073.36,7,4,0,7,19.87,192,7,1,0.4335,0.0537,Debit Card,Home,1
32,1959.37,8,0,0,4,11.76,508,4,3,0.1587,0.019,Credit Card,Home,1
18,1933.21,9,0,0,2,11.81,501,0,1,0.1011,0.0321,Net Banking,Fashion,0
34,969.42,10,0,0,3,1.69,858,2,1,0.0612,0.0487,Credit Card,Electronics,0
37,1069.38,8,0,0,4,22.0,442,1,0,0.0288,0.0419,Credit Card,Electronics,0
25,2161.63,6,0,0,5,42.46,317,8,1,0.1075,0.073,UPI,Electronics,0
29,2759.03,7,0,0,3,8.13,1857,1,0,0.0186,0.008,UPI,Grocery,0
24,896.87,5,0,0,2,3.48,871,2,0,0.0687,0.0322,Debit Card,Accessories,0
26,2342.5,12,2,0,5,9.71,460,2,0,0.1583,0.0,UPI,Electronics,0
41,1604.19,5,1,0,4,10.07,1622,2,2,0.3021,0.0615,Debit Card,Beauty,0
24,1138.33,12,9,2,4,8.02,124,5,4,0.6586,0.1736,Net Banking,Accessories,1
52,1142.64,16,2,1,5,21.0,174,3,1,0.1624,0.066,UPI,Accessories,0
46,1758.51,6,1,0,4,3.29,875,5,1,0.2022,0.0581,UPI,Fashion,0
22,1088.19,10,1,0,4,12.11,742,1,0,0.1383,0.0654,Cash on Delivery,Fashion,0
42,2434.2,8,0,0,4,9.93,345,1,2,0.1786,0.0159,Debit Card,Grocery,0
28,1882.67,13,0,0,2,6.49,1695,3,1,0.1087,0.0203,UPI,Accessories,0
29,822.09,14,1,0,2,12.49,594,3,0,0.0742,0.0127,UPI,Fashion,0
30,405.18,8,0,0,4,4.38,550,2,0,0.0019,0.0154,Debit Card,Beauty,0
40,2968.48,3,0,0,2,10.02,1192,2,0,0.0725,0.0941,UPI,Home,0
20,1412.89,10,2,2,5,39.38,422,4,2,0.2672,0.1973,UPI,Beauty,1
38,2083.74,7,4,2,5,27.52,360,4,1,0.4734,0.2869,Debit Card,Fashion,1
43,810.92,8,1,0,3,1.13,855,1,2,0.2253,0.0405,UPI,Electronics,0
33,1665.79,9,0,0,2,1.49,470,3,1,0.1034,0.0276,Debit Card,Grocery,0
33,1528.81,12,1,0,2,15.13,590,2,0,0.0949,0.0,UPI,Accessories,0
38,1473.05,6,0,0,5,7.96,1577,0,0,0.1074,0.0094,Credit Card,Electronics,0
39,1793.63,3,0,0,3,4.85,694,1,1,0.1322,0.0512,UPI,Electronics,0
45,1559.89,6,1,0,4,14.66,2066,3,1,0.2044,0.1049,Cash on Delivery,Accessories,1
22,866.62,5,0,0,4,24.72,437,2,0,0.0366,0.0301,Net Banking,Grocery,0
34,807.6,4,0,0,3,6.41,642,1,1,0.1082,0.0281,UPI,Fashion,1
24,664.23,5,1,1,3,8.29,519,1,1,0.239,0.2211,UPI,Home,0
34,1721.93,9,1,0,4,20.23,1143,0,1,0.1766,0.046,UPI,Beauty,0
32,920.22,3,0,0,2,8.81,2119,5,1,0.1565,0.0856,UPI,Grocery,0
34,2314.41,11,0,0,2,15.24,822,4,3,0.0933,0.0198,Cash on Delivery,Home,0
27,1704.76,8,1,0,4,4.02,904,2,0,0.1268,0.0109,UPI,Accessories,1
21,1998.45,8,0,0,3,7.62,623,2,2,0.1342,0.0617,UPI,Beauty,1
18,865.13,7,0,0,3,3.41,325,3,0,0.0889,0.0188,Debit Card,Fashion,0
33,1136.9,10,1,0,3,15.54,697,1,0,0.072,0.0162,UPI,Fashion,0
30,2129.51,5,0,0,4,6.54,1010,1,0,0.0907,0.0543,Credit Card,Electronics,0
28,612.75,10,2,1,4,9.8,572,0,1,0.2302,0.1145,Debit Card,Accessories,0
22,1040.76,9,5,5,2,33.79,363,8,2,0.459,0.5098,UPI,Electronics,1
46,1212.55,7,5,0,5,5.68,348,5,1,0.621,0.0291,Cash on Delivery,Electronics,0
26,1315.63,5,0,0,3,17.8,134,1,0,0.0389,0.0426,UPI,Electronics,0
47,924.24,3,0,0,3,6.15,1746,3,0,0.1263,0.0917,Cash on Delivery,Fashion,0
49,1214.35,9,0,0,1,20.98,618,3,3,0.1639,0.0481,UPI,Grocery,0
18,1089.9,11,0,0,4,2.08,986,6,2,0.118,0.0,UPI,Electronics,0
35,3706.5,9,0,0,5,13.84,1368,6,1,0.0778,0.0387,Credit Card,Fashion,0
30,1317.33,9,1,0,3,4.65,1519,2,0,0.1242,0.0479,Debit Card,Grocery,0
26,348.25,5,4,2,4,28.58,183,3,0,0.5735,0.3943,UPI,Grocery,1
18,1164.09,8,0,0,3,10.25,563,6,0,0.1191,0.0418,Credit Card,Fashion,1
21,576.24,10,2,0,4,11.17,963,2,1,0.2073,0.0281,Cash on Delivery,Fashion,0
18,1195.59,8,1,1,2,12.18,141,5,4,0.2763,0.1609,Cash on Delivery,Fashion,1
41,1112.61,11,1,1,2,22.4,1022,0,1,0.2116,0.1029,Cash on Delivery,Accessories,0
36,1206.21,5,1,1,6,22.58,534,3,3,0.373,0.2046,Net Banking,Accessories,0
52,1037.34,6,0,0,3,4.77,1264,4,0,0.0188,0.0388,UPI,Beauty,0
38,535.04,3,2,1,2,28.28,108,2,1,0.4619,0.3011,UPI,Accessories,0
42,3653.46,10,0,0,5,2.77,1016,0,1,0.1301,0.0226,UPI,Electronics,0
37,1368.24,9,0,0,2,10.15,905,2,0,0.056,0.0521,Credit Card,Electronics,0
34,1533.22,8,0,0,4,2.06,442,2,1,0.0882,0.0428,UPI,Accessories,0
49,1206.68,3,0,0,2,25.97,1127,3,0,0.0825,0.0876,Net Banking,Accessories,1
53,1173.61,10,0,0,5,5.17,778,4,1,0.0682,0.0203,UPI,Fashion,0
29,1502.61,9,0,0,2,19.54,1632,1,0,0.0893,0.0475,Debit Card,Electronics,0
18,2402.65,7,2,0,1,7.31,1132,6,1,0.2989,0.0407,Cash on Delivery,Fashion,0
18,438.81,9,0,0,2,14.52,226,1,0,0.0518,0.0084,Credit Card,Home,0
46,2101.65,9,1,1,5,11.63,423,3,0,0.1109,0.1417,UPI,Grocery,0
34,1106.68,6,1,0,4,16.82,626,2,1,0.2108,0.0452,UPI,Grocery,0
36,1693.4,2,1,0,6,15.26,816,7,0,0.3931,0.0909,Debit Card,Electronics,1
36,1564.06,4,0,0,4,24.27,766,3,0,0.1026,0.0524,UPI,Electronics,0
18,1869.95,5,1,0,5,15.52,942,5,7,0.4057,0.0289,Credit Card,Home,1
18,1317.19,3,1,0,5,21.93,2253,0,2,0.461,0.0962,Debit Card,Home,1
27,609.05,10,0,0,5,29.26,1202,2,1,0.0776,0.0556,UPI,Accessories,0
31,1867.14,11,1,1,2,10.05,520,3,0,0.0818,0.0926,UPI,Beauty,0
36,841.69,6,0,0,4,20.67,1220,0,2,0.2387,0.0363,Cash on Delivery,Fashion,0
30,655.88,8,0,0,3,19.21,881,2,1,0.0717,0.052,Credit Card,Beauty,0
25,1669.04,7,1,0,5,15.48,1227,3,0,0.1439,0.0749,UPI,Home,0
27,3466.47,5,1,0,5,9.29,660,2,0,0.1693,0.0815,UPI,Electronics,0
34,1607.11,8,2,1,5,10.73,271,8,2,0.2607,0.156,UPI,Fashion,1
45,5865.47,4,0,0,3,26.41,2362,2,0,0.0341,0.0649,UPI,Grocery,0
36,1370.55,6,1,1,3,6.95,1741,3,0,0.1565,0.1841,Net Banking,Fashion,0
40,869.33,4,1,0,4,6.32,1108,2,0,0.2014,0.0821,UPI,Accessories,1
26,976.23,6,3,0,3,10.04,615,2,1,0.4665,0.0798,UPI,Beauty,0
18,2650.99,6,1,1,3,14.47,1226,4,1,0.2079,0.2032,UPI,Home,0
29,583.42,9,1,0,4,13.33,325,0,1,0.1656,0.04,UPI,Home,0
26,471.38,12,0,0,3,19.56,1809,2,0,0.0334,0.0241,Debit Card,Fashion,0
37,4172.07,6,0,0,3,8.7,1603,0,0,0.0259,0.061,UPI,Home,0
64,1730.85,9,0,0,1,11.47,1039,2,0,0.0224,0.0481,Credit Card,Electronics,0
18,886.09,12,3,2,4,8.46,550,3,3,0.2903,0.18,Credit Card,Home,0
29,3718.84,3,2,1,3,41.82,332,8,3,0.5382,0.319,UPI,Electronics,1
40,2464.85,11,0,0,1,8.88,451,2,0,0.0387,0.0077,Cash on Delivery,Beauty,0
59,3039.83,8,0,0,5,9.47,657,4,0,0.0437,0.0107,UPI,Beauty,0
39,1892.49,6,0,0,4,4.92,184,2,0,0.047,0.077,UPI,Accessories,0
31,1729.14,13,7,1,5,6.14,335,7,5,0.5221,0.0461,Cash on Delivery,Accessories,1
28,1595.27,8,0,0,3,21.41,189,4,0,0.0366,0.0576,Credit Card,Accessories,0
37,710.93,8,2,0,4,12.14,710,3,0,0.2179,0.0129,Credit Card,Fashion,0
50,1500.12,8,0,0,4,9.04,425,0,0,0.0506,0.0347,Debit Card,Electronics,0
50,3128.61,8,0,0,1,5.86,233,3,2,0.132,0.0598,Debit Card,Electronics,0
29,2546.65,11,2,0,3,7.4,614,3,0,0.1504,0.039,Debit Card,Home,0
36,386.35,10,0,0,2,12.55,646,4,1,0.0699,0.0,UPI,Fashion,1
21,568.71,8,0,0,3,10.94,362,1,1,0.0756,0.0716,Credit Card,Beauty,0
41,964.75,6,0,0,1,16.76,941,1,1,0.1119,0.0278,Net Banking,Fashion,0
48,1501.95,9,0,0,4,17.61,1332,1,0,0.0172,0.001,Cash on Delivery,Electronics,1
34,1355.02,8,3,0,3,6.55,971,2,0,0.2475,0.0565,Credit Card,Electronics,0
28,824.31,6,0,0,3,16.49,765,0,0,0.0726,0.0179,Credit Card,Home,0
37,981.13,11,0,0,4,12.81,801,2,0,0.066,0.0408,Credit Card,Electronics,0
31,4170.58,7,2,1,7,50.45,439,5,3,0.3737,0.1432,Net Banking,Grocery,0
38,3466.96,7,0,0,4,5.82,680,2,1,0.0835,0.0501,Net Banking,Fashion,1
35,907.77,7,0,0,4,3.95,610,1,1,0.0715,0.0436,Credit Card,Home,0
36,971.02,7,0,0,2,23.11,960,3,0,0.0084,0.0658,Cash on Delivery,Home,0
32,1381.04,7,0,0,4,3.68,989,2,0,0.0109,0.0638,Credit Card,Accessories,1
43,820.42,7,0,0,1,10.83,805,3,0,0.0586,0.0354,Net Banking,Electronics,0
41,813.77,11,2,0,3,4.65,623,2,3,0.2918,0.0163,UPI,Accessories,0
33,1499.16,6,3,2,6,9.38,826,0,2,0.5476,0.387,Net Banking,Home,1
25,1125.12,13,1,1,4,26.08,447,5,0,0.1193,0.0906,Net Banking,Accessories,0
25,1654.74,5,0,0,5,6.59,283,3,1,0.1319,0.0187,Net Banking,Grocery,1
32,3276.9,8,0,0,5,1.77,447,2,1,0.0972,0.0517,UPI,Home,0
41,1051.4,7,1,1,2,35.19,620,2,0,0.1692,0.1403,UPI,Electronics,0
35,742.27,9,0,0,2,2.66,654,2,0,0.0009,0.0409,UPI,Fashion,0
28,2278.42,7,0,0,2,3.43,2636,3,2,0.129,0.0145,UPI,Home,0
36,2154.24,8,2,0,1,9.06,1260,3,2,0.296,0.027,UPI,Home,0
31,1509.18,6,0,0,4,12.76,963,3,1,0.1326,0.078,Credit Card,Home,0
42,1033.9,8,0,0,4,17.0,1109,1,0,0.0517,0.0,Credit Card,Grocery,0
37,1036.95,7,0,0,3,12.16,2335,4,1,0.0874,0.0463,Debit Card,Grocery,1
31,680.01,12,1,1,3,8.32,527,4,0,0.0894,0.0854,UPI,Grocery,0
36,1314.2,12,0,0,2,14.36,1855,1,0,0.0,0.0245,Debit Card,Beauty,0
29,1955.29,9,1,1,2,38.0,172,5,3,0.1716,0.1408,Net Banking,Electronics,0
46,1318.83,8,2,0,4,14.8,138,3,0,0.21,0.066,Cash on Delivery,Electronics,0
29,1795.15,9,0,0,2,11.09,704,2,1,0.0866,0.0174,Credit Card,Fashion,0
38,4173.34,8,0,0,3,2.95,409,5,0,0.0712,0.029,Credit Card,Fashion,0
33,344.81,5,1,1,2,6.99,270,1,0,0.2298,0.2239,Credit Card,Electronics,0
38,788.49,4,0,0,3,9.49,1601,2,1,0.0999,0.0488,UPI,Home,0
28,1982.51,7,0,0,4,12.38,697,0,0,0.0627,0.0409,UPI,Grocery,0
18,1455.01,9,1,1,5,16.38,534,2,4,0.2955,0.0998,Credit Card,Fashion,1
35,775.46,10,0,0,2,16.43,630,1,0,0.0802,0.0,Credit Card,Home,0
44,1405.27,9,2,1,2,15.62,703,1,1,0.2375,0.1535,Credit Card,Fashion,0
26,1790.48,11,0,0,2,22.72,858,3,0,0.0216,0.0141,Cash on Delivery,Electronics,0
33,1727.37,7,3,1,4,28.55,408,4,1,0.3546,0.1834,Credit Card,Fashion,1
22,2954.96,10,0,0,5,18.77,483,0,2,0.1833,0.0,Cash on Delivery,Grocery,0
22,1829.43,12,0,0,4,7.73,267,1,1,0.0919,0.0484,Cash on Delivery,Fashion,0
23,584.07,7,0,0,3,36.38,769,1,1,0.0579,0.0123,Cash on Delivery,Electronics,0
39,641.17,10,1,0,3,37.34,862,2,1,0.2078,0.0,Net Banking,Home,1
21,670.11,9,3,0,2,7.7,1668,0,0,0.2256,0.0303,Credit Card,Electronics,0
31,1202.86,4,0,0,3,16.79,752,2,1,0.1438,0.0655,Cash on Delivery,Beauty,0
40,2360.04,7,0,0,3,5.64,831,1,0,0.0785,0.0649,UPI,Grocery,0
38,538.23,5,0,0,5,11.32,427,4,1,0.09,0.0374,UPI,Fashion,0
31,1228.26,5,1,0,2,10.71,428,1,1,0.2622,0.0332,Credit Card,Grocery,0
36,386.45,7,0,0,3,10.52,967,1,0,0.073,0.0573,Credit Card,Electronics,0
35,2037.57,10,0,0,3,26.56,1179,4,0,0.0447,0.0208,Credit Card,Accessories,0
30,1423.86,6,0,0,2,12.08,272,2,3,0.1988,0.0271,Credit Card,Beauty,0
22,1125.08,8,1,1,6,19.79,195,7,4,0.1863,0.1406,UPI,Home,0
32,3879.94,6,0,0,5,15.87,1384,2,0,0.0504,0.0857,Debit Card,Fashion,0
18,4262.68,8,2,2,2,25.58,250,2,1,0.2233,0.2905,UPI,Grocery,0
32,2389.03,8,0,0,1,34.2,936,1,0,0.0511,0.0068,Debit Card,Accessories,0
54,1132.33,9,2,0,4,15.07,481,6,0,0.1671,0.0212,UPI,Beauty,0
41,1272.52,8,1,0,3,24.03,289,2,0,0.1106,0.0614,Credit Card,Accessories,0
56,1316.88,9,1,1,2,7.4,404,4,0,0.1242,0.1435,Credit Card,Electronics,0
30,657.56,10,0,0,3,15.07,935,5,0,0.0251,0.0033,Net Banking,Grocery,0
33,516.35,7,0,0,1,24.32,312,0,1,0.1087,0.0424,Cash on Delivery,Beauty,0
22,2402.77,6,0,0,3,5.47,412,8,2,0.088,0.0481,Cash on Delivery,Home,0
27,881.44,12,0,0,5,10.56,516,1,1,0.0543,0.0477,Credit Card,Fashion,0
51,1067.56,8,0,0,3,28.73,1057,3,1,0.0719,0.0541,Credit Card,Fashion,0
29,1870.0,5,0,0,3,31.37,1538,2,0,0.0381,0.0378,Credit Card,Fashion,0
51,2456.21,14,2,0,3,26.81,813,2,0,0.1005,0.0133,Credit Card,Grocery,0
23,1691.45,6,0,0,2,16.86,901,1,1,0.0864,0.0534,Net Banking,Electronics,0
41,765.92,5,3,2,4,12.65,127,9,0,0.4175,0.3864,UPI,Grocery,0
39,734.9,10,0,0,7,39.04,152,2,2,0.1563,0.0459,Cash on Delivery,Home,1
25,460.27,9,0,0,2,29.62,764,3,3,0.1374,0.0079,Net Banking,Grocery,0
35,1616.95,6,0,0,4,23.97,31,5,5,0.2303,0.0429,Debit Card,Electronics,1
31,1667.45,12,0,0,3,2.06,707,2,0,0.0181,0.0527,UPI,Electronics,0
24,2106.23,8,2,2,5,36.09,755,5,3,0.3063,0.2735,Credit Card,Home,0
33,1776.99,10,1,0,3,3.69,1004,1,1,0.1404,0.0262,Debit Card,Electronics,0
42,1187.01,7,0,0,5,11.91,710,2,0,0.0776,0.044,Net Banking,Electronics,0
38,829.28,3,0,0,1,4.65,1791,2,0,0.1008,0.071,Debit Card,Fashion,0
30,1669.2,4,0,0,3,7.73,873,3,2,0.1983,0.0536,Credit Card,Fashion,0
33,1396.73,10,1,0,5,14.55,926,1,0,0.1363,0.0276,UPI,Fashion,1
31,2729.8,8,0,0,3,10.16,777,2,1,0.0777,0.0238,Cash on Delivery,Grocery,0
26,1711.74,6,0,0,4,18.71,1214,5,0,0.0585,0.0665,Debit Card,Fashion,0
26,2194.42,7,0,0,2,9.13,507,1,0,0.0255,0.0446,Cash on Delivery,Home,0
43,2030.51,6,0,0,3,13.42,425,1,0,0.0452,0.066,UPI,Home,0
18,4151.0,4,2,2,6,36.55,135,6,0,0.4293,0.4385,Debit Card,Electronics,1
18,1914.91,9,0,0,4,14.4,1125,2,0,0.0,0.0336,UPI,Grocery,0
49,395.35,8,0,0,3,12.73,871,0,0,0.0388,0.0091,UPI,Home,0
31,3195.73,8,0,0,4,8.45,1134,1,1,0.1034,0.0374,UPI,Electronics,0
27,1941.88,4,0,0,3,8.39,651,1,0,0.0331,0.0927,Debit Card,Home,0
41,1674.52,10,2,0,4,6.67,839,3,2,0.2335,0.0176,UPI,Fashion,0
35,2153.71,7,2,1,4,43.23,274,4,3,0.3544,0.1771,Cash on Delivery,Fashion,1
47,1588.56,6,1,0,1,15.71,604,2,0,0.1552,0.0441,Cash on Delivery,Accessories,0
44,600.42,9,0,0,1,10.4,755,4,1,0.0778,0.0066,Cash on Delivery,Fashion,1
32,667.1,10,1,1,3,13.9,583,2,5,0.3077,0.1047,UPI,Beauty,1
39,2174.38,8,0,0,3,9.8,294,8,1,0.1184,0.0363,Credit Card,Fashion,0
44,243.58,6,0,0,3,19.49,183,2,0,0.0586,0.0286,Debit Card,Beauty,0
19,2586.32,4,1,0,5,8.32,324,3,2,0.2894,0.0716,Debit Card,Electronics,1
29,929.44,8,2,0,1,3.86,1197,4,0,0.2225,0.03,Debit Card,Electronics,1
26,3227.53,8,0,0,4,16.22,1177,4,0,0.0364,0.0394,Cash on Delivery,Electronics,0
45,2764.41,10,0,0,4,6.17,1832,0,0,0.038,0.0217,UPI,Fashion,0
31,564.44,8,0,0,3,7.21,1146,3,0,0.0226,0.0404,Credit Card,Accessories,0
26,2536.09,4,1,0,5,5.57,87,4,1,0.2711,0.0223,Credit Card,Home,0
42,1051.36,7,0,0,2,6.78,627,0,0,0.056,0.0372,UPI,Grocery,0
39,2942.78,11,0,0,2,17.11,766,2,0,0.032,0.0461,Credit Card,Home,0
26,1398.3,8,0,0,2,21.55,180,3,0,0.0849,0.0254,Credit Card,Home,0
29,1482.92,11,2,0,5,11.22,632,1,0,0.1235,0.018,UPI,Fashion,0
46,2035.83,11,2,0,3,4.7,840,0,0,0.1777,0.0247,Credit Card,Beauty,0
27,475.34,5,0,0,3,23.84,1324,2,1,0.086,0.0646,UPI,Accessories,0
38,839.67,10,3,3,2,6.27,87,5,4,0.3315,0.3107,Credit Card,Beauty,1
35,1920.84,8,3,0,2,7.28,802,2,2,0.3895,0.0454,Debit Card,Home,0
27,856.31,6,0,0,3,10.54,386,2,2,0.1341,0.0292,Credit Card,Beauty,1
31,1563.51,3,1,0,4,14.99,1281,4,1,0.3122,0.0901,UPI,Beauty,0
34,1018.24,6,1,1,2,34.17,586,4,1,0.1868,0.2124,Debit Card,Home,1
27,951.71,8,0,0,2,24.03,479,2,1,0.1524,0.0575,Credit Card,Accessories,0
25,866.6,5,2,1,4,2.49,743,0,0,0.3247,0.2181,UPI,Home,0
37,3086.49,8,4,0,5,10.37,582,1,0,0.3861,0.0689,Cash on Delivery,Electronics,0
26,728.12,9,1,1,5,7.96,839,3,0,0.111,0.1344,Cash on Delivery,Fashion,1
36,1297.03,6,1,1,8,11.74,192,2,0,0.1684,0.1913,UPI,Beauty,0
30,1545.82,13,2,1,4,6.73,315,3,1,0.2022,0.0746,Cash on Delivery,Fashion,1
27,2664.31,11,0,0,3,4.72,1098,0,1,0.1267,0.0092,UPI,Beauty,0
29,2537.2,4,0,0,4,39.91,254,2,3,0.1952,0.0509,Net Banking,Fashion,0
26,851.12,7,0,0,2,14.83,633,0,1,0.165,0.0426,Credit Card,Home,0
29,1842.4,8,3,1,3,38.58,1637,4,2,0.3745,0.1435,UPI,Accessories,1
33,1811.67,11,3,3,2,35.78,641,2,0,0.2105,0.2976,UPI,Home,1
34,3604.86,3,0,0,2,22.87,284,2,1,0.1511,0.0784,UPI,Accessories,0
22,1367.98,10,4,2,3,31.26,383,4,2,0.351,0.2168,Debit Card,Home,0
42,2121.56,3,0,0,1,2.51,1101,6,1,0.0984,0.0499,Cash on Delivery,Accessories,0
32,910.29,9,2,2,2,11.69,237,4,1,0.2347,0.2401,Net Banking,Fashion,0
48,1350.04,6,1,0,5,8.9,1103,3,0,0.1508,0.0066,UPI,Beauty,0
27,1992.61,10,0,0,4,8.54,883,2,0,0.0024,0.0273,UPI,Electronics,0
53,1872.63,6,1,0,2,12.97,720,1,2,0.3342,0.0448,UPI,Grocery,1
25,3645.78,10,0,0,6,7.54,1448,4,0,0.0812,0.0446,Credit Card,Fashion,0
44,397.69,9,1,1,4,17.5,519,2,0,0.085,0.1093,UPI,Fashion,0
28,2931.45,5,1,0,3,13.46,1109,1,0,0.1972,0.0181,UPI,Home,0
22,1313.26,5,0,0,3,19.82,245,3,2,0.1704,0.0242,Credit Card,Fashion,0
26,649.53,2,1,0,4,22.76,505,1,1,0.4176,0.1001,Credit Card,Fashion,0
27,2525.52,5,0,0,4,3.8,827,5,0,0.0306,0.0147,Debit Card,Electronics,0
40,676.03,7,3,1,5,9.09,204,4,3,0.457,0.1435,UPI,Beauty,1
33,712.25,5,1,1,3,31.96,1061,3,2,0.3031,0.2566,Credit Card,Electronics,0
23,2387.75,3,2,0,5,38.41,728,2,2,0.5865,0.0727,Credit Card,Grocery,1
34,536.59,6,1,1,2,26.13,352,0,3,0.4067,0.192,UPI,Beauty,1
30,749.93,8,0,0,4,20.32,41,7,3,0.1106,0.0517,Cash on Delivery,Fashion,0
39,1101.72,10,0,0,5,13.76,841,2,0,0.041,0.0607,UPI,Home,0
40,2591.32,6,0,0,5,20.27,1494,1,0,0.0403,0.0607,UPI,Fashion,0
26,1012.83,11,0,0,1,3.21,1243,3,0,0.0461,0.0358,Credit Card,Grocery,0
25,1729.52,7,0,0,4,7.85,222,1,0,0.0437,0.0416,UPI,Accessories,1
26,909.99,4,0,0,6,14.26,1461,1,0,0.0763,0.0783,Net Banking,Electronics,0
33,802.89,6,0,0,2,5.25,571,4,0,0.0748,0.0474,Net Banking,Grocery,0
32,1724.84,8,0,0,1,12.31,1013,1,1,0.1112,0.0378,Cash on Delivery,Fashion,1
25,2646.26,10,1,0,6,12.61,769,4,2,0.1527,0.0,UPI,Grocery,0
36,3109.65,6,0,0,4,11.88,544,1,0,0.0778,0.0571,Debit Card,Home,1
54,1041.3,5,2,0,2,17.85,950,2,0,0.2722,0.0491,Cash on Delivery,Fashion,0
29,1449.49,7,0,0,4,9.46,557,5,0,0.0853,0.0378,Net Banking,Fashion,1
30,1188.54,16,1,0,5,24.04,1135,2,1,0.129,0.0,Credit Card,Grocery,0
39,793.67,8,0,0,5,6.97,552,5,2,0.115,0.0656,Debit Card,Home,0
29,1319.49,10,0,0,3,6.38,515,1,1,0.1547,0.0,UPI,Fashion,0
22,1655.31,2,0,0,4,25.95,738,5,2,0.1542,0.0998,Net Banking,Electronics,1
40,1005.93,12,2,0,4,9.03,1150,1,0,0.1538,0.0055,Credit Card,Electronics,0
28,738.92,6,0,0,3,21.86,2225,0,0,0.059,0.051,UPI,Beauty,0
50,740.03,9,0,0,6,14.2,1310,0,0,0.0345,0.0,Credit Card,Fashion,0
37,2923.95,8,1,0,5,4.04,1210,3,1,0.1651,0.0227,Net Banking,Accessories,0
41,1528.16,4,1,1,6,23.16,229,1,3,0.3986,0.2215,Credit Card,Grocery,1
28,2604.16,6,0,0,5,3.12,786,4,1,0.0864,0.0213,Cash on Delivery,Accessories,0
29,2663.61,8,0,0,8,28.02,1098,4,1,0.0636,0.0402,UPI,Electronics,1
29,1192.14,3,0,0,2,21.71,632,5,0,0.1435,0.09,UPI,Grocery,1
46,1340.78,4,0,0,4,15.07,1620,2,1,0.0935,0.0,Cash on Delivery,Fashion,0
23,1475.54,10,1,0,6,16.84,270,0,0,0.072,0.0186,Credit Card,Electronics,0
28,1755.06,5,1,0,2,22.0,766,0,2,0.3529,0.079,UPI,Home,0
29,1541.26,6,0,0,4,13.34,667,4,0,0.0632,0.065,UPI,Home,0
34,2845.69,5,0,0,4,8.13,789,3,0,0.0491,0.0184,Credit Card,Fashion,0
32,1147.01,10,2,0,4,10.88,530,2,0,0.138,0.015,Credit Card,Accessories,0
42,799.76,5,3,0,2,8.85,497,8,1,0.517,0.0793,Net Banking,Accessories,1
35,1468.69,6,0,0,5,26.93,78,8,4,0.1526,0.0264,Cash on Delivery,Grocery,1
21,1170.7,6,0,0,3,3.2,862,1,0,0.0217,0.0963,Cash on Delivery,Electronics,1
30,879.18,5,1,0,4,10.78,521,2,0,0.2126,0.0185,UPI,Home,0
33,456.2,5,1,0,4,3.09,608,1,1,0.2579,0.0339,Cash on Delivery,Grocery,0
28,1038.68,6,0,0,4,18.95,1033,0,0,0.0741,0.0414,Net Banking,Fashion,0
40,828.52,7,0,0,3,22.36,2616,5,0,0.051,0.0401,UPI,Accessories,0
41,1302.37,6,1,1,4,21.07,138,5,0,0.2102,0.1487,Credit Card,Fashion,1
30,1287.04,7,6,0,3,47.07,1110,2,0,0.5824,0.0854,Debit Card,Fashion,0
42,1145.73,7,0,0,6,4.64,603,3,2,0.1185,0.0561,Cash on Delivery,Fashion,1
33,1103.56,9,0,0,4,14.89,950,1,0,0.011,0.0,Credit Card,Fashion,0
36,2016.92,3,0,0,5,15.45,1412,2,0,0.0723,0.0625,UPI,Fashion,0
18,1347.82,8,1,0,1,17.78,983,2,0,0.0783,0.0367,Cash on Delivery,Electronics,0
30,688.6,6,0,0,3,22.8,708,5,1,0.0955,0.046,Credit Card,Electronics,0
43,748.12,12,0,0,3,0.05,701,2,0,0.0437,0.0105,UPI,Electronics,0
30,2787.78,7,1,1,4,31.57,1468,2,1,0.1725,0.1721,UPI,Fashion,0
27,327.92,10,1,0,4,20.35,216,1,1,0.1706,0.0367,UPI,Electronics,0
54,4468.74,4,0,0,4,7.38,858,4,1,0.0643,0.0521,Credit Card,Fashion,0
35,3447.38,7,3,1,4,15.39,411,6,3,0.4072,0.1674,Credit Card,Electronics,1
50,734.23,9,0,0,3,15.33,653,1,0,0.0644,0.0164,UPI,Home,1
38,427.22,8,0,0,1,8.22,291,4,1,0.0831,0.011,Cash on Delivery,Home,0
44,1653.64,14,0,0,3,3.58,812,3,1,0.0944,0.0275,Debit Card,Fashion,0
18,2101.01,12,1,1,3,17.59,553,1,1,0.1084,0.0895,Cash on Delivery,Fashion,0
27,1201.14,5,0,0,5,31.43,413,3,0,0.0701,0.0482,UPI,Accessories,0
30,1102.46,7,0,0,2,5.06,1559,0,2,0.2022,0.0375,UPI,Electronics,1
39,1173.9,9,4,3,5,49.04,35,4,1,0.3245,0.3238,UPI,Electronics,0
32,1044.45,9,0,0,1,12.9,458,3,1,0.1093,0.0326,UPI,Electronics,0
29,450.46,5,3,0,7,17.12,1556,4,2,0.5209,0.048,Cash on Delivery,Electronics,1
30,2331.86,5,2,1,3,9.47,390,1,1,0.3831,0.2441,Net Banking,Electronics,1
18,2767.94,9,0,0,4,7.22,325,2,0,0.0349,0.0,Debit Card,Grocery,0
37,2470.82,9,0,0,2,6.88,927,3,1,0.0583,0.0308,Credit Card,Fashion,0
39,1233.72,9,0,0,6,17.49,984,1,4,0.2814,0.0406,UPI,Home,0
48,3085.37,11,0,0,2,12.41,2206,0,0,0.0653,0.0294,Debit Card,Fashion,0
27,1550.97,11,0,0,5,9.96,661,2,3,0.1684,0.0355,UPI,Grocery,0
26,2084.71,3,0,0,4,19.48,599,2,0,0.1504,0.0646,UPI,Fashion,0
30,1841.83,9,3,3,5,41.82,234,3,3,0.4266,0.3313,Credit Card,Beauty,0
36,1059.35,4,3,0,5,18.58,409,3,1,0.5772,0.0466,UPI,Grocery,1
34,1180.26,5,0,0,6,19.98,390,2,3,0.2167,0.0728,Credit Card,Accessories,0
18,814.1,11,1,0,3,14.47,381,5,1,0.1308,0.0476,Debit Card,Grocery,0
31,1496.72,9,0,0,3,16.77,1015,0,0,0.06,0.0,Credit Card,Fashion,0
42,1911.0,10,0,0,6,16.79,316,1,0,0.0,0.0148,Credit Card,Home,0
28,940.79,7,0,0,1,6.76,548,3,2,0.137,0.0133,Credit Card,Grocery,0
53,5053.98,13,1,0,3,3.97,898,1,1,0.1622,0.0287,UPI,Fashion,1
32,1419.22,10,0,0,3,9.66,561,3,1,0.072,0.0454,Credit Card,Electronics,1
35,1338.8,6,0,0,3,4.41,552,1,0,0.0576,0.0646,UPI,Fashion,0
22,1500.13,4,0,0,2,19.84,495,2,3,0.2144,0.0694,UPI,Fashion,0
23,1419.45,3,1,0,2,13.42,631,4,3,0.4198,0.0772,Debit Card,Beauty,1
37,1161.05,7,0,0,4,7.8,1607,1,1,0.1084,0.0177,UPI,Fashion,0
18,814.94,7,0,0,3,24.74,534,1,1,0.1427,0.0435,UPI,Grocery,1
40,808.7,11,1,0,4,29.79,1022,1,0,0.069,0.004,Credit Card,Electronics,0
18,2547.02,8,0,0,4,49.66,188,2,1,0.0884,0.0629,Cash on Delivery,Accessories,1
41,4268.51,14,4,2,3,6.8,513,2,0,0.2413,0.1727,Net Banking,Electronics,0
46,1061.36,9,2,0,1,25.08,594,7,1,0.2651,0.0419,Net Banking,Beauty,0
28,642.61,9,1,1,4,32.29,233,5,4,0.2182,0.1471,Net Banking,Beauty,1
18,1573.43,4,2,0,3,32.37,1020,3,2,0.4578,0.0429,UPI,Electronics,0
25,688.07,0,0,0,4,12.41,794,2,0,0.3928,0.3088,Cash on Delivery,Beauty,0
35,694.0,7,0,0,2,14.81,1529,2,0,0.0485,0.0978,Credit Card,Accessories,0
39,623.31,5,0,0,1,20.91,183,1,0,0.0712,0.0426,Credit Card,Home,0
38,1253.7,2,0,0,2,11.18,1433,1,3,0.3488,0.1118,Cash on Delivery,Accessories,0
26,1690.05,7,0,0,5,30.27,455,2,1,0.069,0.0338,Credit Card,Beauty,0
21,1093.29,4,0,0,6,35.49,371,4,1,0.1355,0.0714,Debit Card,Home,0
18,4251.94,6,0,0,6,8.82,851,2,2,0.18,0.051,Credit Card,Fashion,1
37,896.19,4,0,0,2,6.93,745,2,0,0.1012,0.036,Credit Card,Electronics,0
33,1748.82,6,0,0,2,9.03,358,5,1,0.0722,0.0307,Debit Card,Grocery,0
29,1997.8,14,3,1,2,6.59,555,2,1,0.219,0.0647,UPI,Grocery,0
41,1838.35,3,0,0,2,14.04,747,0,0,0.1006,0.0646,UPI,Grocery,1
34,872.47,9,4,0,3,6.27,338,1,0,0.3173,0.0426,Net Banking,Home,0
22,1154.55,6,1,1,1,18.4,1273,3,1,0.2272,0.1885,UPI,Fashion,0
18,964.6,13,3,0,2,27.65,796,3,1,0.2397,0.0,Credit Card,Accessories,0
24,2014.86,5,0,0,3,2.13,568,1,0,0.0298,0.0772,Cash on Delivery,Electronics,1
56,1060.9,8,1,0,2,12.41,641,3,0,0.1272,0.0081,Credit Card,Beauty,0
22,1019.46,5,2,2,6,24.19,202,2,3,0.4814,0.3549,Cash on Delivery,Beauty,1
41,989.03,9,2,0,4,5.27,1269,3,1,0.2176,0.0144,Cash on Delivery,Home,0
36,843.41,13,1,0,4,3.4,1427,3,1,0.0993,0.0041,Net Banking,Fashion,0
32,1842.55,7,0,0,5,14.32,475,2,0,0.0685,0.0504,UPI,Beauty,0
32,898.78,13,0,0,2,31.32,379,0,0,0.0348,0.0325,Debit Card,Beauty,0
45,1218.4,7,1,1,4,13.16,1094,4,0,0.1331,0.1212,Credit Card,Electronics,0
30,756.64,8,1,1,2,9.18,410,2,2,0.2526,0.1345,Cash on Delivery,Home,0
24,782.44,5,0,0,5,30.93,265,3,0,0.0577,0.0463,UPI,Home,0
39,1404.85,7,2,0,4,24.04,985,2,0,0.2092,0.0258,Credit Card,Fashion,0
31,1859.81,8,0,0,5,8.83,444,3,0,0.0466,0.0597,UPI,Electronics,0
51,1026.87,9,0,0,5,5.93,442,4,1,0.1004,0.0441,Cash on Delivery,Home,0
36,209.7,2,1,0,5,19.47,422,2,2,0.4321,0.0734,UPI,Fashion,0
41,891.69,8,2,0,4,24.88,289,1,1,0.2931,0.0106,UPI,Beauty,0
45,1615.66,3,0,0,4,4.06,1911,1,1,0.1472,0.0809,Credit Card,Beauty,0
29,1681.97,6,0,0,5,18.72,1431,2,1,0.0919,0.0,UPI,Accessories,0
44,1251.43,7,0,0,2,5.0,657,1,0,0.0532,0.0467,Debit Card,Fashion,0
37,607.04,8,3,3,6,32.35,198,8,3,0.326,0.3861,Cash on Delivery,Beauty,1
31,1169.59,8,1,1,3,14.53,875,4,0,0.1371,0.1501,UPI,Fashion,0
35,2928.52,13,0,0,3,5.47,861,2,0,0.037,0.0029,UPI,Fashion,0
33,1306.0,7,0,0,3,31.04,827,3,5,0.2748,0.0552,Credit Card,Grocery,1
34,1503.76,6,2,0,3,14.71,206,2,5,0.505,0.0506,Credit Card,Accessories,1
34,3389.09,9,1,1,6,11.27,304,5,7,0.3301,0.1185,Credit Card,Fashion,1
49,749.47,9,0,0,4,21.5,1928,3,0,0.049,0.0277,UPI,Electronics,0
25,1543.11,6,0,0,3,7.21,959,3,0,0.0522,0.018,Net Banking,Accessories,0
36,290.95,10,2,0,4,1.7,1206,4,0,0.2099,0.0439,UPI,Home,0
38,908.63,8,2,0,4,6.13,1554,2,0,0.1879,0.0242,Credit Card,Beauty,0
39,681.09,10,1,0,5,12.83,468,2,1,0.1373,0.0,Debit Card,Accessories,1
30,679.93,7,1,0,1,8.72,513,0,0,0.077,0.0451,UPI,Grocery,0
53,1183.74,10,0,0,4,20.01,1428,2,0,0.0603,0.0308,UPI,Accessories,0
22,1754.22,7,0,0,2,15.05,644,3,1,0.0959,0.072,Credit Card,Electronics,0
47,646.23,11,2,1,4,10.66,430,2,0,0.0974,0.1424,Cash on Delivery,Fashion,1
45,2064.68,11,1,0,3,9.96,834,4,1,0.1439,0.005,Net Banking,Electronics,0
18,1376.48,4,2,0,5,22.65,263,0,3,0.6426,0.0781,Cash on Delivery,Grocery,0
51,722.74,11,1,0,3,9.91,1405,1,1,0.1744,0.0401,UPI,Electronics,0
20,1355.78,9,0,0,2,9.13,2035,1,0,0.0112,0.0255,Credit Card,Accessories,0
26,926.44,12,0,0,3,12.59,1726,2,1,0.0866,0.0028,Cash on Delivery,Home,0
47,960.46,9,3,0,3,5.94,153,2,0,0.2924,0.0493,Net Banking,Home,0
18,2799.28,6,0,0,4,1.98,656,3,0,0.0461,0.0226,UPI,Home,0
20,734.57,7,0,0,2,25.61,366,2,0,0.0473,0.0208,Cash on Delivery,Accessories,1
30,2105.71,7,0,0,2,12.7,482,3,0,0.0409,0.0904,UPI,Fashion,0
36,1169.12,8,1,0,3,8.11,851,3,0,0.1481,0.0254,UPI,Accessories,0
48,342.8,11,0,0,4,10.38,848,4,1,0.063,0.0276,UPI,Beauty,0
32,2970.74,5,0,0,2,3.47,156,2,0,0.0713,0.0516,Cash on Delivery,Electronics,0
29,2098.75,7,4,0,4,20.73,279,7,0,0.3985,0.05,Cash on Delivery,Beauty,0
18,1836.69,8,2,2,3,13.22,175,6,1,0.2768,0.2491,Cash on Delivery,Electronics,1
29,868.09,2,0,0,2,22.51,483,2,1,0.192,0.0794,Cash on Delivery,Home,0
37,761.73,11,1,0,3,15.82,1789,0,0,0.1028,0.049,UPI,Grocery,0
38,1799.38,8,2,0,4,11.33,316,0,1,0.2523,0.029,UPI,Fashion,1
33,938.06,5,2,2,4,14.76,434,4,1,0.3772,0.391,Credit Card,Fashion,1
38,1666.51,3,0,0,4,6.6,1408,1,2,0.2363,0.0852,Credit Card,Fashion,0
32,1324.54,5,0,0,3,24.93,573,3,0,0.0734,0.0325,Cash on Delivery,Beauty,0
18,1769.84,3,0,0,1,44.35,321,6,2,0.1513,0.1073,UPI,Electronics,1
18,1655.24,10,0,0,2,25.62,768,3,1,0.0243,0.0323,UPI,Home,0
28,657.29,7,0,0,3,40.27,375,4,2,0.141,0.1012,Net Banking,Accessories,0
26,939.36,9,0,0,4,2.1,1505,1,0,0.0634,0.017,Debit Card,Fashion,1
47,1932.84,13,1,0,5,23.62,675,3,1,0.0904,0.0212,Cash on Delivery,Fashion,0
36,1147.12,9,2,0,4,9.82,1848,3,0,0.175,0.0053,Cash on Delivery,Electronics,0
33,506.48,3,0,0,2,22.04,912,1,2,0.1829,0.0828,Cash on Delivery,Home,1
20,525.98,6,2,2,3,23.47,86,6,1,0.3162,0.3364,Credit Card,Beauty,1
31,537.2,8,1,0,1,17.2,309,5,0,0.1318,0.0432,Credit Card,Fashion,0
44,1381.5,6,0,0,5,12.31,1257,4,2,0.1092,0.0605,Debit Card,Fashion,0
24,2121.59,7,0,0,3,17.07,1173,1,0,0.0905,0.0711,Cash on Delivery,Fashion,0
37,1655.78,9,3,3,4,24.65,195,3,0,0.2624,0.3272,Debit Card,Electronics,1
32,310.94,5,0,0,3,3.98,1738,2,0,0.0148,0.0282,UPI,Fashion,0
35,1704.56,12,0,0,3,21.33,1065,1,0,0.0514,0.0383,Cash on Delivery,Electronics,1
30,1829.77,8,1,0,4,12.62,715,2,1,0.1615,0.0183,UPI,Fashion,0
35,1345.66,9,1,0,2,15.44,462,4,2,0.2045,0.0139,UPI,Electronics,1
32,1372.39,9,3,2,2,3.18,642,1,0,0.2443,0.2347,Debit Card,Home,0
21,1348.88,7,3,0,3,23.25,285,3,0,0.3488,0.0713,UPI,Beauty,0
36,816.87,6,0,0,4,13.99,1222,2,0,0.0555,0.046,UPI,Home,0
33,1303.73,8,3,1,5,44.93,593,7,0,0.3174,0.1266,UPI,Beauty,1
22,1485.62,10,0,0,3,10.85,765,1,1,0.1126,0.035,UPI,Beauty,0
35,448.25,7,0,0,4,29.46,704,6,1,0.0706,0.0463,Debit Card,Grocery,0
32,1276.72,4,1,0,2,49.56,290,5,2,0.3052,0.0602,Credit Card,Home,1
46,661.65,12,3,1,2,4.94,615,1,0,0.2118,0.0687,UPI,Grocery,0
31,1472.39,6,1,1,3,4.0,1138,1,0,0.1618,0.2102,Debit Card,Fashion,0
23,1333.91,4,0,0,5,13.92,701,1,0,0.095,0.0262,Credit Card,Fashion,0
35,2147.49,4,2,1,4,28.64,356,10,4,0.4488,0.2177,UPI,Home,1
33,1119.3,9,2,1,3,15.3,809,3,1,0.2178,0.1103,UPI,Home,0
26,2631.6,7,1,1,7,14.01,220,6,0,0.1748,0.157,UPI,Beauty,1
27,5676.43,5,0,0,2,23.61,800,5,0,0.0596,0.058,Cash on Delivery,Home,0
39,819.19,8,0,0,5,18.53,1058,6,0,0.0357,0.0419,UPI,Home,0
33,2453.28,8,0,0,4,15.16,1015,1,0,0.0321,0.0292,UPI,Home,0
30,2181.51,9,3,2,5,28.79,187,3,7,0.5494,0.2255,Debit Card,Electronics,1
49,1395.25,2,1,0,3,29.36,1503,1,1,0.446,0.0615,Credit Card,Fashion,1
29,458.62,7,2,0,6,34.19,182,5,0,0.2567,0.053,UPI,Home,1
44,2967.14,6,0,0,4,23.2,1401,1,0,0.0562,0.0405,Credit Card,Fashion,1
33,820.71,9,0,0,4,16.32,609,3,1,0.0717,0.047,Net Banking,Accessories,0
40,432.42,9,0,0,4,4.85,1993,2,0,0.0435,0.0675,Cash on Delivery,Fashion,0
29,4009.92,3,1,0,5,26.08,404,7,4,0.3878,0.104,Debit Card,Fashion,1
30,1653.77,8,0,0,4,15.76,1008,3,1,0.0801,0.0018,UPI,Accessories,0
34,941.52,4,1,0,4,22.86,2223,3,0,0.2189,0.0759,UPI,Electronics,0
31,652.14,7,0,0,5,3.02,934,5,0,0.0,0.0609,UPI,Fashion,0
24,3023.61,7,2,2,5,4.62,1318,7,1,0.2685,0.3179,Cash on Delivery,Home,0
41,2340.78,8,0,0,1,11.63,644,5,1,0.0733,0.0517,Cash on Delivery,Fashion,0
47,2462.68,7,2,0,4,19.96,564,4,0,0.2425,0.0284,UPI,Home,0
41,1543.09,7,0,0,4,28.62,269,5,0,0.0769,0.0434,UPI,Fashion,0
42,751.54,7,1,0,4,20.26,890,1,0,0.1434,0.0352,UPI,Fashion,0
42,1777.91,6,0,0,1,15.29,917,2,0,0.0793,0.0305,Cash on Delivery,Home,1
19,442.61,6,3,1,3,2.87,762,7,4,0.4917,0.177,Net Banking,Accessories,0
26,1410.62,4,1,1,4,19.04,271,5,0,0.2271,0.2716,Debit Card,Beauty,0
39,1059.37,6,1,0,1,7.29,772,2,0,0.1774,0.0439,Net Banking,Home,0
24,644.64,7,0,0,5,16.05,965,1,0,0.0151,0.0439,Credit Card,Fashion,0
49,440.08,10,3,0,4,11.72,343,5,0,0.2193,0.005,Credit Card,Beauty,0
50,812.63,9,1,0,5,10.77,736,2,0,0.1126,0.0396,Net Banking,Accessories,0
32,2131.25,4,0,0,2,15.71,398,2,0,0.1173,0.0136,UPI,Beauty,0
31,475.35,10,0,0,4,12.02,981,1,0,0.0149,0.0594,UPI,Accessories,0
40,822.12,10,1,0,3,26.79,855,4,1,0.168,0.0494,Cash on Delivery,Fashion,0
39,660.34,5,0,0,4,24.42,1394,0,3,0.2993,0.0597,UPI,Fashion,0
32,1829.51,6,0,0,1,13.31,655,4,1,0.0735,0.045,Cash on Delivery,Home,0
23,1229.93,6,1,1,3,16.54,1390,0,1,0.2599,0.1959,Credit Card,Home,1
37,2671.93,5,0,0,4,4.88,733,2,0,0.0752,0.038,UPI,Fashion,0
39,776.25,8,0,0,1,2.18,1128,3,1,0.1247,0.0381,Cash on Delivery,Electronics,0
41,4295.52,7,0,0,4,12.03,496,4,0,0.0703,0.0349,UPI,Grocery,1
37,1677.88,4,0,0,4,15.83,802,3,1,0.135,0.033,UPI,Electronics,0
32,554.32,4,0,0,4,6.02,755,1,0,0.0825,0.0524,UPI,Fashion,0
43,2592.31,11,1,0,3,2.57,1438,2,1,0.1758,0.0462,UPI,Accessories,0
35,927.75,7,0,0,3,12.74,754,1,2,0.1648,0.0531,UPI,Beauty,0
30,1631.62,9,1,1,3,9.05,759,0,0,0.1365,0.1218,Cash on Delivery,Home,0
32,1255.34,4,0,0,2,12.14,2135,3,1,0.0917,0.0663,UPI,Grocery,0
26,1430.24,9,2,2,5,17.82,49,3,0,0.1735,0.2307,Debit Card,Accessories,1
18,1561.42,8,1,0,6,4.63,1227,1,0,0.1288,0.0053,UPI,Fashion,0
32,4372.37,12,2,0,4,13.2,671,1,1,0.179,0.0214,Debit Card,Beauty,0
40,683.67,10,2,0,4,5.35,1067,1,0,0.1451,0.0351,Credit Card,Accessories,0
37,964.72,6,2,0,5,18.55,1291,2,0,0.2749,0.0428,UPI,Accessories,1
48,547.41,10,1,1,4,17.57,840,3,0,0.0907,0.1198,Credit Card,Beauty,1
32,1385.31,6,1,0,5,8.02,1202,4,1,0.1957,0.0403,Credit Card,Fashion,1
38,1032.16,7,0,0,4,13.99,801,1,2,0.1878,0.0485,Credit Card,Home,0
41,1867.97,2,0,0,4,6.57,1444,1,1,0.1677,0.0797,Credit Card,Fashion,0
55,1333.14,9,0,0,5,14.21,241,0,1,0.1033,0.0552,Credit Card,Fashion,0
35,1534.84,4,0,0,2,18.69,452,1,0,0.031,0.0537,Net Banking,Electronics,0
23,1097.02,5,2,0,2,44.3,689,2,1,0.3633,0.081,Cash on Delivery,Home,1
25,810.98,7,0,0,4,18.96,624,1,0,0.0684,0.0,UPI,Home,0
42,1322.54,2,0,0,4,37.33,1201,3,0,0.1247,0.089,UPI,Beauty,0
51,958.19,4,0,0,3,2.72,960,4,0,0.089,0.0304,Credit Card,Grocery,0
36,2212.14,7,1,1,7,20.07,381,4,4,0.2703,0.1766,UPI,Home,1
31,1703.32,3,0,0,2,10.54,509,2,1,0.1523,0.1196,Credit Card,Fashion,0
42,1476.15,12,0,0,2,10.43,857,5,2,0.11,0.0258,Cash on Delivery,Home,0
45,565.06,12,0,0,3,14.28,249,1,0,0.0359,0.0087,UPI,Beauty,0
43,531.51,13,0,0,2,7.62,318,2,0,0.0464,0.0377,UPI,Electronics,0
35,955.58,7,2,0,5,24.12,290,2,1,0.2868,0.0558,Cash on Delivery,Electronics,0
28,2083.92,16,2,2,1,10.91,405,1,0,0.0803,0.0927,UPI,Grocery,0
33,819.52,8,0,0,2,24.29,1173,4,2,0.1114,0.039,Debit Card,Grocery,0
38,665.37,8,0,0,2,4.24,979,4,1,0.0941,0.0377,UPI,Beauty,0
42,4756.95,9,0,0,4,1.71,683,3,0,0.0095,0.0007,UPI,Grocery,0
37,1499.65,7,0,0,5,15.37,1193,2,0,0.0526,0.0258,UPI,Fashion,0
31,1307.98,6,1,1,2,12.37,1493,2,0,0.1812,0.2049,Debit Card,Fashion,1
39,1675.28,8,0,0,4,4.06,416,0,0,0.0383,0.0695,UPI,Electronics,0
42,1040.02,13,3,1,3,37.29,1416,4,0,0.2102,0.102,Debit Card,Electronics,1
20,3843.55,7,2,1,5,15.84,1218,3,1,0.2779,0.1811,UPI,Electronics,1
37,207.61,5,0,0,3,8.04,507,2,0,0.0193,0.0438,UPI,Accessories,0
26,882.88,8,1,1,3,8.22,560,3,0,0.1197,0.1645,Debit Card,Fashion,0
32,2846.9,7,0,0,4,15.12,1911,3,0,0.0278,0.0552,UPI,Fashion,0
28,1213.63,10,3,3,3,49.79,458,5,2,0.3544,0.3009,UPI,Beauty,0
43,930.34,6,1,0,5,9.8,874,1,0,0.1383,0.0331,UPI,Grocery,0
22,1657.76,6,0,0,3,38.9,607,2,0,0.0147,0.0171,UPI,Beauty,0
18,555.04,6,0,0,5,2.82,1081,2,1,0.112,0.026,UPI,Electronics,0
48,1658.84,7,0,0,3,8.63,1272,2,1,0.0612,0.0674,UPI,Home,0
39,1351.01,15,0,0,6,5.74,879,2,1,0.0573,0.0385,Net Banking,Home,0
39,3248.06,4,0,0,1,42.29,607,1,0,0.0642,0.0761,UPI,Accessories,0
24,1247.41,4,0,0,4,6.81,957,1,0,0.0393,0.0757,Credit Card,Beauty,0
38,1863.85,6,0,0,4,21.16,286,9,2,0.1505,0.0325,Debit Card,Fashion,1
41,2210.55,9,0,0,2,12.87,1119,6,0,0.0428,0.043,UPI,Fashion,1
36,1229.29,8,3,0,4,8.46,740,0,1,0.3661,0.0553,Credit Card,Electronics,0
20,1005.49,4,0,0,4,2.13,1850,3,1,0.1176,0.0764,UPI,Electronics,1
47,1103.98,7,3,0,3,32.57,935,1,0,0.3442,0.014,Debit Card,Fashion,0
35,2306.31,9,0,0,1,3.25,1234,2,0,0.0638,0.0,Net Banking,Electronics,0
30,892.42,8,0,0,2,18.4,1254,6,0,0.0488,0.0442,UPI,Home,0
31,1143.14,11,1,0,4,19.18,326,0,1,0.1614,0.0224,Cash on Delivery,Fashion,0
36,3387.59,8,3,1,6,43.63,244,4,0,0.2796,0.1393,Debit Card,Electronics,1
39,856.8,12,3,2,4,37.7,112,6,1,0.2266,0.163,Debit Card,Grocery,1
18,939.91,12,1,0,4,4.64,1084,2,0,0.1126,0.0203,UPI,Beauty,0
39,2848.95,9,1,0,2,13.57,1142,2,1,0.1655,0.0131,Debit Card,Grocery,0
24,1610.49,11,4,1,3,19.45,308,5,5,0.4148,0.0976,UPI,Home,1
36,1419.98,13,2,2,3,19.93,601,2,0,0.1555,0.1848,Credit Card,Electronics,0
35,947.64,8,4,1,6,22.02,609,3,3,0.5226,0.1226,Debit Card,Grocery,1
32,780.7,8,1,0,3,5.4,548,5,0,0.1026,0.0164,Debit Card,Beauty,0
46,1385.0,8,1,1,5,10.27,322,0,0,0.155,0.1858,Credit Card,Beauty,0
22,816.62,11,3,0,4,4.77,1565,2,0,0.2164,0.0293,Debit Card,Home,0
29,2160.28,8,0,0,2,8.48,492,2,0,0.0583,0.0242,UPI,Home,0
26,1660.48,4,0,0,5,20.31,331,7,1,0.1403,0.0288,Debit Card,Fashion,1
31,1320.11,8,0,0,2,26.34,665,2,1,0.0762,0.0403,UPI,Accessories,0
35,467.72,9,0,0,1,22.68,443,1,3,0.2298,0.025,UPI,Electronics,0
38,1615.64,10,2,0,4,16.6,328,2,2,0.293,0.0216,Credit Card,Home,0
31,1803.28,7,0,0,3,7.03,2329,3,1,0.0775,0.0184,Credit Card,Accessories,0
20,2043.66,8,1,1,5,20.19,61,9,1,0.1258,0.1514,Cash on Delivery,Beauty,0
26,1160.74,9,0,0,3,4.44,426,4,3,0.1253,0.0612,Credit Card,Home,0
27,1350.65,5,1,0,3,20.95,987,3,4,0.3856,0.0635,Net Banking,Accessories,0
49,1281.62,10,1,0,3,14.34,510,2,0,0.1083,0.017,UPI,Accessories,1
56,1647.33,6,1,1,3,15.07,855,1,0,0.187,0.1635,Debit Card,Electronics,1
28,3586.57,5,1,0,8,22.94,94,3,3,0.3073,0.0468,Debit Card,Accessories,1
35,833.6,10,0,0,3,7.43,325,2,1,0.04,0.0009,Net Banking,Accessories,1
27,952.21,5,0,0,2,10.07,759,4,0,0.1032,0.0589,Net Banking,Beauty,0
47,814.5,7,1,1,4,14.48,1104,5,0,0.1279,0.1368,Cash on Delivery,Fashion,0
21,581.31,5,0,0,3,26.74,904,1,1,0.18,0.0639,Cash on Delivery,Home,0
31,1167.46,13,0,0,2,16.25,1010,3,0,0.0678,0.054,UPI,Beauty,0
24,2722.19,6,0,0,7,4.76,189,4,3,0.1851,0.0401,Credit Card,Fashion,1
28,903.47,9,1,0,2,3.59,744,2,2,0.2605,0.0689,Net Banking,Grocery,0
24,2588.17,6,0,0,3,9.21,613,2,0,0.0449,0.0415,Credit Card,Fashion,0
31,4272.44,8,1,1,6,16.79,1020,3,0,0.1257,0.153,UPI,Fashion,0
26,2614.93,7,1,0,3,21.05,982,1,1,0.188,0.0361,Credit Card,Grocery,0
34,1509.72,15,3,0,2,16.67,415,3,2,0.2217,0.0,Cash on Delivery,Home,1
34,366.76,9,0,0,4,7.13,848,2,0,0.0,0.0131,UPI,Home,0
28,1205.05,7,2,0,3,11.91,772,6,0,0.2202,0.0262,UPI,Beauty,0
31,3569.8,3,0,0,4,12.72,1119,0,1,0.1589,0.0776,Debit Card,Fashion,0
32,646.59,6,0,0,4,7.7,952,1,2,0.1837,0.0373,Debit Card,Fashion,0
41,1046.46,6,1,1,4,9.12,51,1,1,0.1888,0.1789,UPI,Home,1
33,470.09,19,1,1,5,6.1,1483,2,1,0.0861,0.0453,UPI,Home,0
41,2625.03,6,0,0,5,14.65,1281,3,0,0.0226,0.0394,UPI,Accessories,0
26,1343.41,4,2,0,6,22.58,426,7,2,0.4263,0.0259,Debit Card,Electronics,1
39,1628.85,5,0,0,5,22.19,1362,5,3,0.1511,0.0402,Debit Card,Fashion,0
39,713.63,6,2,0,3,3.27,1136,3,1,0.3471,0.0518,Credit Card,Accessories,1
46,2529.47,5,1,0,5,7.54,1330,1,1,0.2532,0.0218,Cash on Delivery,Electronics,0
24,962.57,5,0,0,4,32.62,645,5,0,0.0732,0.0573,UPI,Accessories,0
30,827.22,8,0,0,2,17.82,1254,2,2,0.1751,0.0354,Debit Card,Beauty,0
50,1878.98,12,2,0,1,15.53,774,3,1,0.2115,0.0393,UPI,Home,0
32,722.09,4,0,0,4,12.46,332,5,0,0.0965,0.0857,UPI,Electronics,0
18,589.57,9,2,1,3,23.46,1245,1,0,0.2034,0.1109,Cash on Delivery,Beauty,0
32,1880.6,7,1,0,2,16.32,908,2,0,0.1028,0.0297,Credit Card,Electronics,1
35,1928.93,10,3,1,2,19.48,1618,1,1,0.2863,0.1641,Debit Card,Grocery,0
18,2146.82,6,1,0,3,24.01,843,3,0,0.1314,0.0309,Credit Card,Beauty,0
46,790.22,10,1,0,1,5.14,502,0,1,0.1798,0.0196,Credit Card,Fashion,1
25,3331.17,4,1,1,3,43.8,89,4,1,0.2773,0.2501,Debit Card,Beauty,0
21,1781.09,9,2,0,4,38.66,286,5,2,0.2449,0.0064,UPI,Accessories,1
36,1025.1,3,0,0,3,16.59,366,6,2,0.1624,0.0563,Net Banking,Accessories,0
28,1447.66,3,0,0,6,46.57,415,5,4,0.1868,0.0791,UPI,Home,1
31,2246.92,4,1,1,4,43.79,235,10,2,0.2441,0.2494,UPI,Fashion,1
28,1070.4,4,0,0,4,13.72,578,3,0,0.0378,0.032,UPI,Electronics,0
37,1396.19,4,0,0,3,7.54,705,3,0,0.066,0.0592,UPI,Accessories,0
32,1242.14,8,0,0,1,6.91,922,0,0,0.0233,0.029,Credit Card,Accessories,0
22,962.84,6,0,0,4,16.8,1340,3,1,0.0863,0.0144,Net Banking,Accessories,1
24,1856.73,10,2,1,1,14.34,912,0,0,0.1708,0.1115,UPI,Electronics,0
26,1935.73,9,0,0,4,13.75,410,1,0,0.0355,0.0327,Cash on Delivery,Accessories,0
44,653.63,10,0,0,4,1.5,928,1,0,0.0112,0.0282,Debit Card,Fashion,0
33,725.31,7,3,0,2,11.06,1451,2,0,0.3506,0.0205,Net Banking,Fashion,0
30,1623.8,9,4,1,6,14.11,120,2,6,0.6214,0.1374,Cash on Delivery,Electronics,1
29,1120.07,5,0,0,2,11.28,853,4,1,0.0933,0.0175,Cash on Delivery,Electronics,0
26,1225.64,6,0,0,5,10.99,1006,2,0,0.0507,0.0,Net Banking,Electronics,0
45,1593.92,7,1,1,3,10.07,760,1,0,0.1844,0.1668,Cash on Delivery,Beauty,1
47,1377.83,8,1,0,3,25.84,756,3,0,0.0911,0.0337,UPI,Accessories,0
29,763.49,3,1,1,2,33.37,821,2,2,0.3541,0.3185,Net Banking,Grocery,1
45,1233.94,10,1,0,4,8.55,1367,0,0,0.118,0.0,Net Banking,Grocery,0
38,1882.21,7,0,0,1,21.68,1190,2,0,0.0765,0.0591,UPI,Electronics,1
37,2919.64,9,0,0,3,21.0,2426,2,1,0.0544,0.0054,Credit Card,Home,0
23,1695.69,6,0,0,5,19.1,614,3,2,0.1624,0.0061,Debit Card,Home,0
32,2956.35,8,1,0,2,21.24,541,2,1,0.188,0.0606,UPI,Accessories,1
28,605.88,15,1,1,4,12.19,340,1,2,0.1755,0.0873,Credit Card,Accessories,0
18,844.47,6,1,0,1,8.49,701,3,3,0.2403,0.0399,UPI,Beauty,0
44,681.06,8,1,0,4,22.84,780,3,0,0.1604,0.0326,Credit Card,Electronics,0
28,819.02,6,0,0,4,7.24,526,5,0,0.0501,0.0486,Net Banking,Accessories,0
30,1384.14,7,0,0,5,27.04,462,4,3,0.1305,0.0358,UPI,Electronics,1
45,1197.12,7,0,0,5,16.68,1020,3,2,0.1189,0.0406,UPI,Grocery,0
27,1818.7,5,0,0,4,12.8,414,3,2,0.1359,0.0633,Net Banking,Beauty,1
42,774.53,6,2,1,4,4.46,1203,2,1,0.3262,0.221,Credit Card,Home,1
39,1118.42,9,0,0,3,4.08,995,1,1,0.0884,0.0036,UPI,Electronics,0
40,2003.84,10,1,0,2,5.53,439,1,1,0.1222,0.0292,Cash on Delivery,Grocery,0
28,3187.62,12,1,0,4,9.77,550,1,0,0.1368,0.0272,Net Banking,Home,0
51,1998.81,9,0,0,4,7.69,833,3,2,0.1357,0.051,UPI,Grocery,0
34,874.28,4,0,0,4,12.14,1413,2,1,0.1302,0.0395,Cash on Delivery,Home,1
37,2842.83,9,1,0,2,5.35,740,0,1,0.182,0.0632,Cash on Delivery,Electronics,0
40,649.87,9,5,0,2,39.65,222,4,2,0.491,0.0323,Debit Card,Home,1
28,2291.53,6,0,0,5,5.2,217,3,0,0.0451,0.0175,Debit Card,Beauty,0
26,1153.79,6,1,0,2,15.17,697,2,0,0.186,0.0455,Credit Card,Accessories,0
38,1039.84,4,0,0,2,5.05,805,3,0,0.1039,0.0699,Debit Card,Home,0
36,2176.4,7,3,0,3,8.66,1707,3,0,0.3597,0.0739,UPI,Electronics,0
27,805.77,8,2,0,1,11.46,215,4,1,0.2155,0.0401,Cash on Delivery,Beauty,0
21,1375.43,9,0,0,1,4.13,1207,4,1,0.1024,0.0361,Credit Card,Electronics,0
23,2041.68,12,6,0,5,10.26,343,2,0,0.3341,0.0331,Debit Card,Fashion,0
45,1219.52,3,0,0,8,6.79,624,1,1,0.1608,0.0728,Net Banking,Fashion,0
28,853.53,5,0,0,4,9.84,978,2,1,0.1313,0.0182,Debit Card,Fashion,0
31,650.33,8,0,0,3,6.19,1290,3,0,0.0274,0.0301,Cash on Delivery,Grocery,1
35,1282.51,2,0,0,4,39.27,532,8,5,0.2549,0.1308,UPI,Home,1
29,1549.07,5,2,2,4,44.16,103,6,2,0.3293,0.3945,Credit Card,Beauty,0
47,1501.67,13,1,0,3,17.84,553,2,0,0.0913,0.0089,UPI,Home,0
24,1030.1,9,0,0,4,15.58,636,4,0,0.025,0.0448,UPI,Accessories,0
27,740.19,1,0,0,4,3.38,734,1,1,0.3027,0.1253,Credit Card,Accessories,0
27,2416.34,7,0,0,3,4.76,535,1,1,0.1459,0.0133,Cash on Delivery,Home,0
49,1659.81,5,0,0,1,14.76,1620,3,0,0.0355,0.0649,Debit Card,Fashion,0
52,901.82,7,1,0,2,17.29,905,2,0,0.1179,0.0349,Debit Card,Beauty,0
41,1212.44,7,0,0,6,20.23,1154,0,0,0.0381,0.0578,Debit Card,Beauty,1
41,915.33,4,1,1,3,14.72,739,1,2,0.3227,0.2485,Debit Card,Home,1
29,1188.97,6,3,0,3,5.08,214,3,0,0.4113,0.0366,Credit Card,Electronics,0
25,1724.13,5,3,2,3,35.57,988,6,1,0.4617,0.3749,Cash on Delivery,Fashion,1
52,1276.18,7,1,0,5,1.03,736,1,1,0.1969,0.0313,UPI,Fashion,0
36,1335.96,6,0,0,4,17.84,1351,6,0,0.0,0.0707,Net Banking,Grocery,0
28,1978.94,6,3,0,2,16.92,212,7,2,0.4039,0.0414,UPI,Accessories,1
32,370.48,6,2,0,7,13.43,575,6,2,0.2896,0.0467,UPI,Beauty,0
42,772.24,9,1,1,4,26.0,250,2,0,0.1134,0.1537,Debit Card,Grocery,0
33,4228.32,7,0,0,4,11.58,801,2,0,0.0765,0.0537,UPI,Beauty,0
32,886.23,6,0,0,4,16.05,1059,1,0,0.0368,0.0537,UPI,Accessories,0
41,2242.2,11,3,2,3,29.38,706,5,2,0.3056,0.187,Debit Card,Fashion,0
18,720.85,5,1,1,4,24.05,372,9,2,0.2248,0.2072,UPI,Fashion,0
49,3034.49,9,0,0,2,4.63,661,0,0,0.0262,0.022,Debit Card,Home,0
39,1946.53,7,0,0,4,25.41,561,2,0,0.062,0.0489,Debit Card,Grocery,0
47,2762.62,9,0,0,4,11.49,886,2,0,0.0,0.0126,Cash on Delivery,Fashion,0
36,761.42,7,0,0,6,8.69,501,2,0,0.1098,0.0,Debit Card,Fashion,0
26,2154.41,9,0,0,3,13.34,308,2,0,0.0219,0.0288,UPI,Beauty,0
34,1122.75,3,0,0,4,36.33,399,5,4,0.1727,0.0862,UPI,Fashion,1
29,1573.85,7,0,0,3,11.79,664,0,2,0.193,0.0,Credit Card,Home,0
38,918.58,5,1,1,6,13.31,323,6,3,0.2451,0.249,UPI,Electronics,1
18,1305.26,5,1,0,4,11.34,667,1,1,0.2479,0.0539,UPI,Home,0
35,2192.43,5,0,0,3,7.38,1816,2,1,0.0841,0.0435,UPI,Grocery,0
28,1481.34,6,1,1,4,7.05,1041,3,1,0.1912,0.1832,Cash on Delivery,Accessories,1
24,1200.21,9,3,0,3,14.7,606,1,0,0.2534,0.027,Debit Card,Beauty,0
45,1119.77,9,0,0,5,12.43,1064,1,0,0.0036,0.0301,UPI,Beauty,0
29,2833.53,8,0,0,4,2.9,1453,4,0,0.0705,0.0116,UPI,Electronics,0
35,713.69,8,1,1,2,8.55,530,2,1,0.1939,0.1145,Debit Card,Home,0
37,1340.79,5,0,0,5,15.97,1063,1,0,0.0684,0.0581,Debit Card,Electronics,0
29,4221.52,15,1,0,2,14.02,654,0,0,0.0699,0.0056,Credit Card,Accessories,0
47,955.43,12,5,2,6,19.5,1538,2,2,0.371,0.1786,Net Banking,Electronics,0
24,1450.01,13,2,1,3,12.35,601,3,0,0.1048,0.1059,UPI,Home,0
36,4332.93,9,0,0,4,29.49,643,4,0,0.0819,0.0559,Credit Card,Electronics,0
36,1776.87,9,0,0,1,19.46,1004,1,1,0.0939,0.0,UPI,Accessories,0
34,654.21,11,2,0,5,11.31,489,1,0,0.1482,0.0332,Credit Card,Home,0
22,1453.23,15,1,1,3,8.94,472,3,1,0.1086,0.0886,UPI,Beauty,0
42,1303.12,9,1,0,4,24.9,1505,3,0,0.056,0.0088,Credit Card,Beauty,0
41,749.41,10,0,0,4,8.17,1353,0,0,0.017,0.0275,Debit Card,Fashion,0
28,1759.5,6,0,0,1,26.59,1174,1,1,0.1257,0.0213,Credit Card,Grocery,0
40,913.74,6,1,0,5,16.72,553,0,1,0.2226,0.0291,Cash on Delivery,Electronics,0
28,817.34,3,1,1,3,37.38,210,7,3,0.3481,0.323,UPI,Accessories,1
37,3182.09,16,2,0,3,22.45,2105,1,0,0.1366,0.0048,UPI,Electronics,0
22,1930.9,8,0,0,4,7.16,818,2,1,0.0998,0.0577,Credit Card,Beauty,1
26,1314.91,8,0,0,4,19.43,874,5,1,0.0522,0.0,UPI,Fashion,0
44,2084.65,8,0,0,3,16.75,1758,0,1,0.1214,0.0303,UPI,Accessories,0
37,3631.75,9,0,0,3,11.22,782,0,2,0.2308,0.0252,UPI,Home,1
29,2602.91,1,0,0,1,10.41,525,0,1,0.2689,0.1232,Debit Card,Electronics,0
26,1644.97,8,0,0,3,15.08,1121,3,0,0.0617,0.0224,UPI,Electronics,0
29,835.31,9,1,0,3,10.37,885,4,0,0.1524,0.0451,UPI,Home,0
30,1419.69,6,0,0,5,14.05,1198,5,1,0.0738,0.0436,UPI,Fashion,0
26,1409.25,10,0,0,3,26.33,1604,1,1,0.0962,0.039,Cash on Delivery,Home,0
18,905.4,7,0,0,4,11.01,1655,3,2,0.1464,0.0472,Debit Card,Electronics,0
20,723.79,5,0,0,2,14.8,513,1,3,0.2587,0.0672,Cash on Delivery,Grocery,0
44,951.57,8,0,0,3,8.09,591,0,2,0.221,0.0359,UPI,Fashion,1
43,1234.8,7,2,2,5,9.44,663,1,0,0.2239,0.3171,Net Banking,Fashion,1
23,1128.09,9,0,0,3,10.29,185,1,0,0.0194,0.0,Debit Card,Accessories,0
35,3111.75,5,0,0,3,7.89,520,1,2,0.1546,0.0594,UPI,Accessories,1
26,929.07,6,0,0,3,8.0,771,3,0,0.0552,0.0423,UPI,Electronics,0
32,796.08,10,0,0,3,22.03,1522,2,0,0.0564,0.0255,Credit Card,Grocery,0
31,2977.47,5,0,0,4,7.37,756,0,0,0.0409,0.066,Debit Card,Home,0
30,3000.13,6,1,1,2,36.28,1291,4,3,0.3032,0.1986,Credit Card,Fashion,0
52,1605.88,6,0,0,7,26.38,571,2,0,0.1179,0.0606,Credit Card,Electronics,0
30,1890.32,11,0,0,3,9.03,421,2,0,0.0361,0.0,UPI,Beauty,0
32,5400.21,5,3,2,4,25.76,349,1,2,0.5398,0.3663,Cash on Delivery,Grocery,1
27,1254.12,4,1,0,1,6.62,805,0,0,0.2351,0.078,Cash on Delivery,Grocery,1
27,1231.11,8,0,0,2,10.58,941,3,2,0.0901,0.0181,UPI,Fashion,0
43,1363.69,5,3,2,3,2.33,526,4,0,0.4443,0.3483,Net Banking,Fashion,1
19,2460.27,10,1,0,4,11.12,384,1,1,0.1725,0.0373,Credit Card,Home,0
27,878.14,9,0,0,3,8.45,607,0,0,0.0422,0.0264,Cash on Delivery,Grocery,0
47,1695.61,10,1,1,5,22.32,1115,3,2,0.1112,0.1487,Debit Card,Fashion,1
36,1603.61,10,0,0,4,16.62,804,2,0,0.0135,0.0,UPI,Accessories,0
36,1553.51,8,0,0,3,1.88,463,0,1,0.0897,0.052,Net Banking,Electronics,0
53,1781.39,8,1,0,4,14.44,503,5,0,0.0791,0.0421,UPI,Home,0
36,515.15,5,1,0,4,8.46,1182,5,0,0.1589,0.0985,UPI,Electronics,0
26,1331.58,10,5,2,3,40.65,837,8,2,0.4496,0.2022,Net Banking,Electronics,0
28,1237.72,7,0,0,4,2.66,725,1,0,0.0442,0.0653,UPI,Fashion,0
31,1370.58,8,1,0,4,3.04,325,2,0,0.1292,0.0626,Debit Card,Electronics,0
24,1926.71,11,0,0,4,21.14,1434,1,0,0.0051,0.0052,UPI,Beauty,1
45,1477.17,8,0,0,2,9.82,339,2,0,0.0095,0.0076,Cash on Delivery,Accessories,0
39,1277.39,10,0,0,5,5.9,1329,2,0,0.0043,0.0271,UPI,Home,0
44,237.17,6,0,0,3,11.7,580,2,0,0.0795,0.029,Cash on Delivery,Home,0
45,867.59,9,0,0,3,9.22,447,1,1,0.084,0.0411,Debit Card,Electronics,0
30,877.86,6,1,0,3,19.16,866,4,0,0.1863,0.0287,Credit Card,Electronics,0
25,3254.89,6,1,0,3,7.69,700,3,0,0.1505,0.0583,Credit Card,Grocery,0
34,371.6,11,0,0,4,18.0,601,3,1,0.0633,0.008,Cash on Delivery,Beauty,0
26,1220.94,10,0,0,3,24.99,892,4,0,0.0077,0.0548,Credit Card,Beauty,0
35,847.61,3,0,0,3,13.78,368,0,1,0.1458,0.0829,Credit Card,Home,0
44,1437.4,4,0,0,4,14.39,839,2,0,0.0614,0.0451,UPI,Accessories,0
32,2184.62,10,0,0,2,6.42,872,0,0,0.0568,0.0345,Cash on Delivery,Home,0
28,1409.0,3,1,0,5,28.64,792,6,3,0.3621,0.0981,UPI,Fashion,1
26,5384.79,7,2,0,3,28.61,220,3,1,0.2989,0.0,Credit Card,Accessories,0
35,603.89,8,2,2,4,22.8,661,7,4,0.3134,0.2801,Credit Card,Home,1
35,742.64,16,3,0,3,20.97,577,2,2,0.2854,0.0287,Debit Card,Grocery,0
33,975.02,9,0,0,2,11.63,87,4,1,0.0816,0.0404,Debit Card,Grocery,0
41,956.81,8,1,0,4,5.69,718,2,0,0.1476,0.0278,Cash on Delivery,Fashion,0
28,533.99,7,0,0,4,21.11,706,2,0,0.0409,0.0709,Credit Card,Fashion,0
18,1518.43,9,1,0,3,24.43,666,2,1,0.1424,0.0419,Credit Card,Fashion,0
31,646.75,6,3,2,5,40.84,454,5,3,0.4955,0.2948,UPI,Grocery,0
31,2982.95,5,2,1,3,20.37,333,4,3,0.3994,0.2055,Credit Card,Electronics,1
38,1604.57,8,1,0,3,13.34,262,0,1,0.2063,0.0428,Credit Card,Fashion,0
43,1340.69,5,0,0,4,16.43,844,1,1,0.1691,0.0791,Cash on Delivery,Electronics,0
38,606.74,9,0,0,4,30.89,1251,3,1,0.0805,0.0005,Net Banking,Fashion,0
30,1118.29,7,3,0,5,32.96,633,4,1,0.3328,0.0043,UPI,Electronics,1
34,973.71,6,1,1,2,13.95,554,6,1,0.1601,0.2075,UPI,Fashion,1
28,706.03,11,1,0,4,6.11,683,2,4,0.2685,0.0058,Cash on Delivery,Electronics,0
24,509.29,5,0,0,4,19.85,371,1,0,0.0396,0.0418,Cash on Delivery,Home,0
27,568.12,12,1,1,4,13.18,237,2,1,0.1732,0.114,Credit Card,Beauty,0
38,1230.61,10,0,0,4,5.95,995,2,0,0.0,0.0278,Credit Card,Home,0
35,600.58,6,1,0,4,7.78,1622,2,0,0.1826,0.0081,Credit Card,Grocery,0
43,430.18,8,4,0,3,30.72,130,4,2,0.4156,0.0377,Cash on Delivery,Electronics,1
33,595.98,9,0,0,4,3.24,461,1,0,0.066,0.0256,Credit Card,Accessories,0
50,749.81,6,1,0,3,42.55,471,1,0,0.141,0.0313,Credit Card,Fashion,0
25,2423.79,11,3,1,5,7.35,1454,3,1,0.2445,0.1104,Credit Card,Electronics,0
50,2253.23,9,2,0,2,27.64,717,3,0,0.1857,0.0232,Credit Card,Electronics,0
19,621.07,3,1,0,6,11.39,156,4,4,0.4186,0.0879,Debit Card,Beauty,1
34,948.75,3,0,0,5,7.65,249,5,1,0.1364,0.0703,Credit Card,Fashion,0
18,1006.36,5,1,0,7,22.92,194,8,1,0.2179,0.0272,Debit Card,Grocery,1
18,3628.16,9,1,0,4,2.83,1884,2,1,0.1317,0.0196,UPI,Beauty,0
32,2111.0,8,1,0,4,8.72,143,0,0,0.1093,0.0167,UPI,Fashion,0
43,1624.57,9,0,0,3,5.77,224,3,1,0.027,0.0232,Credit Card,Electronics,0
31,370.47,8,0,0,4,21.72,389,1,0,0.0547,0.0143,UPI,Home,0
21,2817.46,6,0,0,3,6.04,1136,1,1,0.1121,0.0517,Debit Card,Fashion,0
33,1188.19,4,1,1,2,2.5,1188,2,2,0.3441,0.2233,UPI,Fashion,0
26,2118.2,6,0,0,3,5.5,334,3,0,0.112,0.0279,Credit Card,Fashion,0
38,999.57,4,0,0,2,16.53,481,1,1,0.1273,0.0956,Debit Card,Grocery,0
41,2045.41,5,0,0,3,9.59,924,2,1,0.0843,0.0649,Credit Card,Accessories,0
24,920.7,7,0,0,4,29.44,1610,4,1,0.0872,0.0595,Debit Card,Accessories,1
28,2103.39,11,0,0,2,8.03,133,2,1,0.1005,0.031,UPI,Fashion,0
41,480.36,12,2,0,6,13.63,232,3,0,0.1324,0.0211,Credit Card,Home,0
26,841.02,8,0,0,6,18.84,579,2,1,0.1231,0.0017,UPI,Grocery,0
24,908.07,8,0,0,5,7.41,298,3,1,0.1064,0.0302,UPI,Beauty,0
23,1062.07,7,0,0,1,17.93,1409,3,0,0.0,0.0301,Debit Card,Home,0
37,1981.62,3,0,0,2,0.62,749,1,0,0.0745,0.092,UPI,Beauty,0
18,1001.09,5,0,0,5,36.34,283,8,0,0.041,0.0425,UPI,Electronics,0
37,991.67,7,0,0,5,17.21,1343,6,0,0.0173,0.0526,Credit Card,Accessories,0
28,1106.59,8,1,1,2,2.68,930,3,0,0.0727,0.1881,UPI,Beauty,0
34,2159.6,4,0,0,4,16.71,1115,1,0,0.0802,0.0662,UPI,Accessories,0
48,1050.61,10,0,0,2,20.29,522,3,2,0.1329,0.0099,Cash on Delivery,Fashion,1
25,759.75,17,0,0,3,11.63,208,2,1,0.0754,0.0045,Credit Card,Fashion,1
18,2033.1,9,0,0,3,2.57,696,2,1,0.0907,0.031,Credit Card,Beauty,0
38,795.29,11,1,1,6,13.87,1256,2,0,0.0731,0.098,Cash on Delivery,Fashion,0
18,1399.3,4,2,1,1,46.81,420,2,0,0.3342,0.2525,Net Banking,Fashion,1
33,818.05,8,0,0,4,10.81,1855,3,1,0.1036,0.0111,Net Banking,Fashion,0
28,1241.83,9,2,2,5,8.27,669,2,1,0.2375,0.1975,Debit Card,Home,0
40,1833.05,9,0,0,3,9.86,1140,2,0,0.0852,0.0483,UPI,Home,0
42,930.66,6,2,1,4,17.86,516,2,0,0.3158,0.1965,Cash on Delivery,Home,0
18,536.79,7,1,0,4,24.82,609,2,3,0.3161,0.0454,UPI,Fashion,0
28,1217.35,10,0,0,4,4.71,740,0,0,0.036,0.028,Cash on Delivery,Accessories,0
55,1654.54,7,0,0,3,14.84,1679,1,2,0.1421,0.0854,Debit Card,Fashion,0
34,531.64,12,1,0,1,30.17,351,5,2,0.1387,0.0293,UPI,Fashion,1
39,1317.44,8,0,0,4,16.4,1118,1,0,0.0,0.0658,UPI,Grocery,0
33,1773.99,4,1,1,4,37.52,94,3,0,0.2183,0.2599,Credit Card,Home,1
40,734.43,10,0,0,4,14.51,1033,1,0,0.0425,0.057,Debit Card,Beauty,0
45,1234.46,6,0,0,3,9.83,1632,3,0,0.072,0.0393,Cash on Delivery,Accessories,0
34,1035.77,3,1,0,5,4.53,480,1,2,0.3864,0.093,Debit Card,Home,0
39,1195.23,4,0,0,3,20.65,252,1,7,0.5221,0.0381,Cash on Delivery,Electronics,0
41,926.6,10,1,1,1,15.82,665,2,0,0.1194,0.134,Credit Card,Home,0
40,1024.35,10,0,0,3,9.8,1037,5,0,0.0093,0.0612,Debit Card,Fashion,0
39,988.38,10,0,0,2,8.32,558,1,0,0.013,0.0,UPI,Home,0
31,706.3,14,4,1,3,23.53,647,1,1,0.3183,0.0883,Credit Card,Home,0
36,3310.43,17,0,0,2,14.14,884,3,0,0.0673,0.042,Credit Card,Fashion,0
29,2334.54,9,0,0,4,15.78,757,4,1,0.0684,0.0435,UPI,Grocery,0
34,1051.02,11,0,0,3,5.41,402,2,0,0.0422,0.0,Cash on Delivery,Beauty,0
23,2540.58,9,0,0,3,20.0,512,4,1,0.0648,0.042,Debit Card,Fashion,1
27,1894.23,8,2,1,3,27.51,400,0,0,0.232,0.1621,UPI,Home,1
31,1466.13,9,0,0,4,12.75,1138,4,2,0.0805,0.0191,UPI,Fashion,0
26,4052.46,5,0,0,3,25.53,501,1,1,0.0971,0.0883,UPI,Beauty,0
21,718.38,7,4,1,3,23.83,1025,5,6,0.6243,0.1773,UPI,Grocery,0
29,1914.33,10,1,1,3,19.85,1040,1,0,0.0765,0.0926,Cash on Delivery,Electronics,0
33,1267.59,11,0,0,2,6.6,843,4,0,0.0328,0.0373,Credit Card,Home,0
38,943.13,6,0,0,4,14.07,766,3,1,0.0853,0.0415,UPI,Grocery,0
43,964.85,6,0,0,5,7.41,358,5,2,0.1008,0.0322,Debit Card,Fashion,0
30,611.76,10,0,0,3,4.23,838,2,0,0.0241,0.0503,Credit Card,Fashion,1
35,2253.83,9,1,1,6,27.24,237,5,1,0.1274,0.1459,Debit Card,Electronics,0
46,342.76,9,0,0,4,6.07,983,3,1,0.0701,0.0269,Credit Card,Fashion,0
42,1904.39,7,0,0,4,10.13,1143,2,0,0.0512,0.0147,Debit Card,Accessories,1
39,1166.52,10,2,0,5,11.37,397,4,0,0.1532,0.0,Credit Card,Accessories,1
35,523.06,8,0,0,3,6.92,678,2,0,0.0409,0.032,Credit Card,Accessories,0
37,2186.9,6,0,0,3,15.83,1300,3,0,0.051,0.0558,UPI,Fashion,0
29,684.93,8,3,3,7,22.3,85,3,1,0.364,0.3489,UPI,Fashion,1
45,2184.57,9,1,0,3,21.41,1227,3,1,0.1471,0.0033,UPI,Beauty,0
45,2032.78,9,0,0,1,4.95,741,1,1,0.0878,0.038,UPI,Grocery,0
46,736.69,9,0,0,3,13.64,351,4,1,0.0767,0.0185,Credit Card,Home,0
34,3985.85,10,0,0,2,14.4,1176,1,1,0.0909,0.0091,Cash on Delivery,Electronics,0
39,2508.26,6,0,0,6,7.53,776,1,0,0.0711,0.042,Net Banking,Fashion,0
46,1507.39,5,0,0,3,15.74,448,0,0,0.1157,0.0497,Cash on Delivery,Electronics,0
28,1581.81,10,0,0,1,3.69,691,4,1,0.1047,0.041,Debit Card,Grocery,1
31,1251.67,9,0,0,2,14.59,357,1,2,0.1445,0.0,Debit Card,Fashion,0
34,3474.05,9,1,0,3,4.94,1172,2,3,0.2727,0.0386,UPI,Beauty,0
30,704.75,8,1,1,5,44.38,549,9,0,0.1246,0.1415,UPI,Fashion,1
42,1884.66,6,0,0,4,11.7,255,1,1,0.0957,0.057,Credit Card,Electronics,1
42,1184.02,9,1,0,1,15.81,1347,1,0,0.1108,0.0586,UPI,Electronics,0
32,2430.47,9,0,0,3,9.99,900,1,1,0.0922,0.0144,UPI,Electronics,0
20,2057.44,3,0,0,5,20.17,361,4,0,0.1335,0.0851,Cash on Delivery,Home,1
36,797.93,7,0,0,3,13.89,656,3,0,0.0417,0.0022,Credit Card,Grocery,0
26,2178.93,6,0,0,3,28.11,615,1,0,0.0526,0.0201,UPI,Beauty,0
21,322.29,5,0,0,4,7.54,467,2,0,0.0667,0.0619,Cash on Delivery,Fashion,0
23,2989.49,11,1,0,2,1.79,854,1,2,0.2347,0.0787,UPI,Fashion,0
37,1694.33,8,2,0,3,4.69,1645,2,1,0.2543,0.0327,UPI,Beauty,0
46,1200.7,9,2,0,3,12.76,493,0,2,0.2874,0.0496,UPI,Fashion,0
34,4461.31,6,3,1,4,14.51,473,2,3,0.5007,0.2103,UPI,Accessories,1
34,1263.45,12,1,1,4,11.92,810,3,1,0.1432,0.1248,UPI,Electronics,0
36,471.73,11,0,0,3,9.47,782,3,1,0.1002,0.0525,Debit Card,Accessories,0
45,3347.66,9,0,0,5,6.19,849,2,1,0.0606,0.0674,UPI,Fashion,0
20,452.11,9,0,0,4,5.87,151,2,1,0.0959,0.0295,Net Banking,Electronics,0
39,1606.32,13,1,0,4,8.46,1398,2,0,0.0915,0.0166,Debit Card,Home,0
23,1182.01,4,0,0,4,13.47,454,6,4,0.194,0.0437,Debit Card,Grocery,1
50,361.25,4,1,0,5,13.59,419,5,1,0.2717,0.0829,UPI,Electronics,0
34,770.17,15,1,0,4,2.23,2370,2,2,0.2139,0.0219,UPI,Fashion,0
40,601.06,9,2,1,5,45.16,160,3,2,0.2987,0.1301,Cash on Delivery,Beauty,1
25,1231.9,9,2,1,4,8.71,323,3,3,0.302,0.1278,UPI,Grocery,0
20,832.18,7,1,1,5,8.45,174,5,1,0.1545,0.1735,Debit Card,Fashion,1
28,1981.07,5,1,0,4,36.83,164,8,3,0.2375,0.0613,Credit Card,Home,1
39,1846.48,11,2,0,2,4.35,773,3,1,0.1666,0.0091,Credit Card,Electronics,1
30,880.34,5,0,0,3,9.21,1127,2,0,0.0443,0.0451,UPI,Fashion,0
27,2859.99,11,0,0,4,13.26,964,4,0,0.0161,0.0,Credit Card,Accessories,0
35,1232.77,10,0,0,5,18.66,391,0,2,0.1794,0.0456,Cash on Delivery,Electronics,0
30,2129.89,5,2,1,3,22.53,1204,4,3,0.3956,0.2144,Debit Card,Electronics,1
49,1259.74,6,1,0,5,31.96,740,6,0,0.1586,0.0392,Debit Card,Fashion,0
42,1472.09,6,0,0,2,19.59,516,5,1,0.0911,0.0588,Cash on Delivery,Electronics,0
38,950.51,5,1,0,6,19.11,557,7,2,0.1895,0.056,Debit Card,Home,1
20,1159.88,4,1,0,3,13.08,411,7,2,0.2728,0.0093,Credit Card,Home,0
31,2378.2,6,1,1,5,9.09,297,2,1,0.1846,0.1878,UPI,Fashion,1
29,410.66,5,0,0,2,17.24,700,4,0,0.0433,0.0668,Cash on Delivery,Accessories,0
22,815.44,8,0,0,2,9.32,796,3,1,0.0369,0.0048,Debit Card,Beauty,1
19,534.22,8,1,1,2,28.86,827,3,0,0.1223,0.1605,Credit Card,Electronics,0
46,761.3,8,0,0,2,15.19,491,3,1,0.0426,0.0559,Credit Card,Home,1
25,983.44,7,0,0,5,16.31,829,4,3,0.144,0.0403,UPI,Fashion,0
31,2070.81,10,1,1,3,22.09,715,1,0,0.1176,0.1168,UPI,Fashion,1
46,1556.15,5,0,0,5,13.46,1341,1,0,0.0973,0.0347,Net Banking,Grocery,0
19,2569.62,7,2,0,3,5.19,1099,1,1,0.3192,0.0462,Credit Card,Grocery,1
47,726.93,6,0,0,3,3.17,1214,1,0,0.1055,0.0397,Debit Card,Home,0
32,1595.28,9,0,0,3,8.92,1261,4,3,0.1815,0.0384,Credit Card,Electronics,0
24,1031.61,13,1,0,3,3.27,440,1,0,0.0805,0.0,UPI,Home,0
32,1666.35,6,2,0,4,8.9,1074,1,1,0.3445,0.0545,UPI,Grocery,0
27,1706.24,6,0,0,5,1.63,428,1,1,0.158,0.0753,Debit Card,Fashion,0
38,1054.88,9,1,1,2,16.57,1539,3,0,0.1463,0.1344,Credit Card,Fashion,0
28,1030.84,7,0,0,1,11.55,1063,0,0,0.0584,0.0642,Net Banking,Fashion,0
18,1285.94,10,1,0,4,11.91,411,1,1,0.1983,0.0296,Credit Card,Home,0
18,2018.21,5,1,1,6,12.68,528,2,3,0.3598,0.2126,Credit Card,Home,1
32,451.05,10,3,1,2,10.3,844,0,0,0.2453,0.1251,UPI,Fashion,0
22,3164.79,6,0,0,3,18.83,474,3,0,0.0202,0.0513,Credit Card,Electronics,0
36,2701.15,5,0,0,3,4.97,591,4,1,0.111,0.0197,Net Banking,Electronics,0
32,2740.63,5,2,1,4,15.89,346,4,6,0.5572,0.2256,Debit Card,Beauty,1
23,2888.02,4,1,1,2,21.92,919,2,1,0.2763,0.2652,UPI,Beauty,0
30,1202.05,7,1,0,3,6.15,549,2,0,0.1873,0.0558,UPI,Beauty,0
28,2685.8,5,1,0,6,31.82,542,4,1,0.2111,0.0368,UPI,Fashion,1
36,510.99,11,1,1,3,17.71,667,2,1,0.1367,0.1012,Credit Card,Fashion,0
32,1230.74,8,0,0,1,14.09,1276,1,0,0.0478,0.0388,UPI,Accessories,0
36,1450.35,6,0,0,1,24.14,701,1,0,0.0902,0.0759,UPI,Fashion,0
40,889.98,9,0,0,1,28.09,444,1,1,0.1578,0.0332,Cash on Delivery,Home,1
24,760.25,11,1,0,4,14.05,233,0,2,0.2859,0.0,Credit Card,Fashion,0
33,1707.82,11,1,0,4,12.83,1104,1,0,0.0879,0.0086,UPI,Fashion,0
44,2091.7,3,3,0,4,22.94,841,9,2,0.6868,0.0752,Credit Card,Fashion,1
18,1838.09,9,2,0,4,20.99,446,3,1,0.2481,0.0197,UPI,Electronics,1
18,1086.98,8,1,1,1,4.81,1094,4,0,0.1379,0.1355,Debit Card,Fashion,0
36,1178.84,7,0,0,3,23.47,846,1,3,0.2275,0.0398,UPI,Fashion,0
31,1059.9,7,0,0,4,12.59,2203,2,0,0.0355,0.0434,Debit Card,Fashion,0
40,839.87,6,3,1,4,18.69,164,6,2,0.4494,0.1994,Cash on Delivery,Beauty,1
18,1505.07,8,2,2,5,18.85,693,6,1,0.2511,0.2205,Net Banking,Fashion,0
25,532.1,4,0,0,4,3.28,650,5,1,0.1135,0.0641,Credit Card,Electronics,0
18,1494.11,2,1,0,3,12.82,294,2,1,0.448,0.0766,Net Banking,Beauty,0
37,2182.96,10,0,0,2,14.93,1352,0,2,0.1954,0.0567,UPI,Grocery,0
45,3481.99,8,1,0,3,11.05,517,3,1,0.134,0.0145,Debit Card,Electronics,0
30,2010.85,5,0,0,3,19.15,1137,4,0,0.0802,0.063,Credit Card,Home,0
25,1951.14,9,1,0,3,19.02,403,3,0,0.1446,0.007,Debit Card,Accessories,1
35,1350.78,9,0,0,6,31.85,1124,4,1,0.0773,0.0488,Debit Card,Fashion,0
22,794.59,9,0,0,3,13.35,668,1,0,0.023,0.036,Cash on Delivery,Beauty,0
28,1236.49,6,2,1,5,7.77,1004,1,1,0.3624,0.1973,Credit Card,Fashion,1
18,741.56,5,2,2,4,5.07,390,4,2,0.4099,0.3905,Credit Card,Fashion,1
45,1364.78,7,1,0,5,13.02,865,3,0,0.1244,0.0197,UPI,Electronics,0
35,1881.94,8,1,1,3,19.45,1085,5,0,0.0847,0.1111,Cash on Delivery,Accessories,0
18,1707.18,12,0,0,2,7.45,220,1,1,0.1006,0.0352,Credit Card,Fashion,0
18,2145.91,9,0,0,3,10.33,712,3,0,0.0635,0.0347,Credit Card,Fashion,0
35,1460.01,4,0,0,1,22.57,1310,4,1,0.1514,0.0638,Net Banking,Fashion,0
42,1837.18,6,1,0,2,42.49,1406,1,0,0.1335,0.0321,UPI,Home,0
19,2300.26,4,0,0,4,27.18,980,3,1,0.1845,0.048,Credit Card,Home,0
38,1708.24,12,1,0,3,16.67,1336,2,1,0.1818,0.0,UPI,Electronics,0
46,1813.62,9,0,0,4,12.8,693,4,2,0.1218,0.0368,UPI,Beauty,1
51,2877.63,15,0,0,3,16.02,60,3,0,0.0464,0.0398,UPI,Home,0
37,1753.88,4,0,0,2,15.62,531,2,1,0.1559,0.0651,Cash on Delivery,Grocery,0
39,1469.37,12,2,0,4,9.25,810,3,1,0.1679,0.072,Cash on Delivery,Electronics,0
18,4291.08,4,2,0,3,3.83,872,0,0,0.3555,0.0747,Credit Card,Accessories,0
31,2377.81,5,1,1,2,44.0,260,4,4,0.3312,0.2343,UPI,Fashion,1
53,867.24,7,0,0,3,18.53,949,3,0,0.046,0.059,UPI,Grocery,0
29,1481.85,9,2,0,3,17.78,775,3,1,0.2754,0.0443,UPI,Grocery,0
26,467.94,10,0,0,4,17.14,782,3,2,0.1464,0.025,Debit Card,Grocery,0
32,551.24,9,0,0,4,5.22,1160,2,0,0.0427,0.0243,Debit Card,Electronics,0
48,649.19,12,2,1,3,9.44,467,4,1,0.1758,0.1038,Cash on Delivery,Home,0
20,879.08,7,4,2,2,50.84,107,3,4,0.6165,0.2948,Cash on Delivery,Beauty,1
18,639.12,0,0,0,6,39.92,595,6,3,0.4452,0.2966,UPI,Fashion,1
31,663.6,6,2,0,3,11.28,755,2,3,0.3921,0.0406,Debit Card,Beauty,0
54,1320.68,8,0,0,1,2.19,865,2,0,0.0526,0.0745,Debit Card,Fashion,0
35,2078.67,1,0,0,1,5.1,981,3,0,0.1822,0.1493,Credit Card,Accessories,0
43,397.52,5,0,0,4,7.15,550,2,0,0.1015,0.046,UPI,Accessories,0
34,2750.62,4,0,0,2,10.74,660,4,0,0.0774,0.0652,UPI,Electronics,0
25,432.64,10,0,0,2,13.6,1672,4,0,0.0759,0.0266,UPI,Electronics,0
47,1414.65,7,2,1,1,27.14,843,0,1,0.3504,0.1524,Net Banking,Fashion,1
33,844.99,5,2,1,6,31.02,385,4,4,0.4435,0.2326,Credit Card,Beauty,0
28,333.63,8,1,0,3,12.05,2550,2,0,0.1302,0.04,Credit Card,Beauty,1
48,1884.76,10,0,0,5,9.66,810,3,1,0.0586,0.0432,UPI,Fashion,0
46,764.95,3,0,0,6,11.3,1192,4,2,0.1448,0.103,UPI,Electronics,0
40,2334.11,4,0,0,2,18.2,311,4,3,0.1951,0.032,Credit Card,Accessories,0
50,1341.76,5,0,0,5,18.37,219,1,0,0.0152,0.0503,Debit Card,Electronics,0
54,959.91,8,0,0,4,17.92,431,2,0,0.0301,0.0528,Cash on Delivery,Accessories,1
32,603.49,6,0,0,3,28.71,1271,1,0,0.0825,0.0476,Debit Card,Grocery,0
27,787.47,11,0,0,3,5.69,668,0,0,0.0541,0.0413,UPI,Accessories,0
29,2125.74,7,5,2,5,42.69,636,5,4,0.6474,0.2918,UPI,Electronics,1
28,10883.69,7,1,1,4,14.43,202,4,3,0.2615,0.1808,Credit Card,Grocery,0
18,3997.46,5,1,0,5,19.88,302,2,2,0.2864,0.0364,Debit Card,Fashion,0
54,2231.31,15,1,0,2,6.46,801,2,0,0.1148,0.0,Cash on Delivery,Grocery,0
44,1182.2,6,1,1,4,36.8,360,5,1,0.1787,0.1777,Debit Card,Beauty,0
30,1133.94,7,1,1,4,54.36,179,5,4,0.2635,0.1969,Credit Card,Fashion,1
30,781.27,7,0,0,5,3.65,1207,6,0,0.0617,0.0768,Credit Card,Fashion,0
44,1793.13,10,0,0,2,26.34,461,4,0,0.0161,0.0431,UPI,Grocery,1
27,1462.91,5,1,0,4,11.9,1246,5,0,0.1807,0.0469,Debit Card,Electronics,1
35,859.51,2,0,0,4,18.48,440,3,1,0.1698,0.1272,Cash on Delivery,Electronics,0
30,722.83,8,3,2,5,33.81,421,3,2,0.3661,0.2476,Cash on Delivery,Fashion,1
48,1108.31,8,0,0,1,11.38,357,7,0,0.0309,0.0667,Credit Card,Electronics,0
20,1152.64,6,2,2,5,40.08,349,3,1,0.3298,0.3286,UPI,Fashion,1
28,1749.08,6,0,0,2,15.7,1190,3,0,0.0504,0.0528,Net Banking,Fashion,0
33,415.18,7,1,1,2,11.23,382,2,2,0.2782,0.1254,UPI,Electronics,1
23,715.26,5,1,0,5,6.91,1365,0,0,0.1803,0.0502,UPI,Electronics,0
24,1667.87,3,2,0,5,15.71,37,5,1,0.5252,0.0606,UPI,Electronics,1
32,1225.75,9,0,0,4,19.09,530,0,3,0.3089,0.0357,UPI,Grocery,1
29,2698.52,7,0,0,3,16.61,1467,3,1,0.1145,0.0588,Cash on Delivery,Grocery,1
39,657.28,6,1,0,5,17.35,1620,2,1,0.178,0.0707,UPI,Fashion,0
28,708.48,7,2,1,3,41.59,210,2,1,0.2802,0.1456,Credit Card,Electronics,0
31,1168.17,9,7,1,4,5.69,161,2,2,0.716,0.1034,UPI,Electronics,1
18,2666.31,4,0,0,2,15.51,462,8,5,0.2151,0.0092,UPI,Accessories,0
18,1798.99,12,3,2,8,15.81,354,4,0,0.1701,0.1498,Debit Card,Electronics,1
34,681.08,11,5,1,3,11.99,956,2,1,0.3525,0.1136,Net Banking,Accessories,1
40,1089.57,10,1,1,3,10.13,552,2,0,0.0841,0.097,Credit Card,Fashion,0
31,1313.29,5,0,0,4,32.27,2627,3,1,0.1017,0.0548,Debit Card,Electronics,0
28,1264.5,6,0,0,3,26.15,506,1,0,0.0001,0.0396,UPI,Grocery,0
29,1353.9,6,0,0,4,21.49,1736,3,0,0.0687,0.0646,Net Banking,Electronics,0
52,1396.41,6,0,0,2,11.88,2067,3,1,0.1073,0.0706,UPI,Fashion,0
36,711.72,5,0,0,2,6.01,976,3,0,0.0869,0.0109,Credit Card,Beauty,0
18,4646.28,6,0,0,3,8.05,403,4,0,0.0459,0.0426,UPI,Electronics,0
29,1570.61,8,0,0,5,5.17,932,1,2,0.1179,0.0,Debit Card,Electronics,0
35,703.64,5,0,0,5,22.99,2236,2,2,0.1857,0.031,UPI,Home,0
36,1417.52,9,2,2,6,26.46,42,3,4,0.4363,0.2375,Credit Card,Fashion,0
51,945.12,4,0,0,5,13.32,550,2,1,0.1302,0.1035,UPI,Accessories,0
24,3222.51,5,0,0,4,42.66,149,3,3,0.2177,0.0645,UPI,Beauty,0
43,1729.78,9,1,0,4,17.42,747,1,0,0.0871,0.0,Credit Card,Accessories,0
26,1397.7,6,1,0,3,6.39,186,3,0,0.1496,0.079,Credit Card,Fashion,0
56,2225.06,11,1,0,3,12.29,750,1,0,0.0786,0.026,UPI,Fashion,1
34,752.01,7,0,0,2,27.64,1110,3,1,0.0652,0.0667,Debit Card,Fashion,0
45,1457.12,7,0,0,1,5.65,436,2,0,0.0812,0.0259,Credit Card,Beauty,0
24,636.98,10,0,0,4,20.78,1700,3,1,0.0808,0.0468,Debit Card,Electronics,0
18,826.24,5,0,0,2,14.95,329,2,0,0.0344,0.0636,Debit Card,Beauty,0
21,1777.8,11,0,0,3,14.29,555,2,0,0.0,0.0324,UPI,Electronics,0
18,830.3,3,0,0,3,3.55,1534,0,0,0.1381,0.0462,Cash on Delivery,Electronics,0
53,1286.2,7,0,0,3,15.79,717,2,0,0.0426,0.0311,Debit Card,Electronics,0
36,880.72,12,4,0,2,3.13,1896,3,0,0.2339,0.014,UPI,Grocery,0
26,1694.54,8,1,1,3,19.29,236,4,1,0.174,0.1338,Cash on Delivery,Electronics,0
24,2638.43,7,5,2,4,45.87,15,1,0,0.5354,0.2826,UPI,Fashion,1
38,571.94,12,0,0,2,8.99,638,3,0,0.0409,0.0068,Debit Card,Fashion,0
36,7100.77,9,0,0,2,7.44,946,1,0,0.0197,0.0322,Cash on Delivery,Electronics,0
30,1384.66,2,1,1,6,4.92,961,4,2,0.4542,0.4154,Credit Card,Home,0
40,444.26,9,0,0,3,1.52,2193,2,1,0.1021,0.0254,Credit Card,Accessories,0
45,890.47,8,1,0,5,22.25,850,2,1,0.1383,0.0,Cash on Delivery,Home,0
31,2492.82,6,1,1,3,23.68,1064,0,2,0.3268,0.1714,Cash on Delivery,Grocery,0
26,3269.32,5,0,0,4,21.95,777,0,0,0.0653,0.0302,Credit Card,Fashion,0
41,1458.64,8,0,0,4,13.63,733,2,1,0.1298,0.0465,UPI,Home,1
26,1372.1,10,0,0,6,38.24,158,6,3,0.0845,0.0302,Credit Card,Grocery,1
41,3329.26,9,0,0,4,5.17,551,4,1,0.0914,0.0435,Cash on Delivery,Home,1
35,1070.75,8,0,0,5,15.67,993,4,1,0.0424,0.0283,UPI,Fashion,0
54,581.0,11,2,2,3,19.23,672,1,1,0.2464,0.1934,Credit Card,Beauty,0
30,6163.34,9,0,0,3,16.94,1097,1,1,0.0729,0.0343,UPI,Accessories,0
26,601.68,13,0,0,5,13.91,842,0,0,0.0435,0.0065,Credit Card,Fashion,0
38,2122.26,7,0,0,4,5.84,632,5,0,0.0416,0.0221,Cash on Delivery,Grocery,0
28,3109.58,12,0,0,4,23.79,1712,3,1,0.0379,0.0278,UPI,Home,0
38,2833.54,13,1,1,5,19.17,519,1,0,0.065,0.1504,Credit Card,Beauty,0
27,2063.38,10,0,0,3,22.26,189,4,1,0.066,0.0285,Credit Card,Home,0
30,2100.6,13,0,0,2,9.98,565,3,1,0.0741,0.0,Net Banking,Fashion,0
32,1437.56,5,2,0,5,19.95,487,6,5,0.4654,0.0519,Debit Card,Grocery,1
51,2088.56,4,0,0,3,3.35,171,1,3,0.2824,0.077,UPI,Home,0
30,855.67,8,1,1,3,18.02,691,0,2,0.3321,0.1364,Credit Card,Grocery,0
27,2422.05,8,0,0,2,19.04,1641,0,1,0.1244,0.0602,Credit Card,Electronics,0
45,3400.75,4,0,0,1,10.15,1664,0,0,0.0723,0.0877,UPI,Fashion,0
25,627.63,9,0,0,5,21.2,598,1,0,0.0396,0.041,Net Banking,Fashion,0
28,2494.48,7,0,0,3,5.7,1048,3,0,0.0373,0.0273,UPI,Fashion,1
39,898.31,2,0,0,1,3.04,1175,2,1,0.2016,0.1128,UPI,Electronics,0
29,2087.53,6,2,2,6,37.07,275,6,0,0.2452,0.331,Credit Card,Beauty,1
42,1533.48,6,2,0,4,3.27,314,4,1,0.2524,0.0339,Credit Card,Beauty,0
45,404.48,5,2,0,3,8.16,1435,3,1,0.3482,0.0436,Net Banking,Fashion,0
31,2421.9,6,1,0,5,16.38,103,1,5,0.4532,0.0764,Net Banking,Grocery,1
23,2662.64,3,2,0,5,16.04,207,6,2,0.4882,0.0994,Debit Card,Home,0
31,2252.05,6,1,1,3,22.07,478,4,4,0.324,0.1807,UPI,Grocery,1
27,1568.73,3,1,0,3,12.75,352,3,0,0.3096,0.0789,Debit Card,Electronics,0
39,1827.41,10,4,0,3,17.6,625,1,0,0.2672,0.0253,Credit Card,Accessories,0
30,2263.45,6,0,0,4,3.57,410,1,0,0.0912,0.0139,Credit Card,Grocery,0
29,1181.54,11,2,1,4,3.76,942,0,0,0.1589,0.0635,UPI,Home,0
45,1371.58,10,3,1,4,4.76,484,0,0,0.2885,0.1159,UPI,Grocery,0
29,3234.53,6,0,0,2,10.81,551,3,0,0.0444,0.0189,UPI,Electronics,0
38,1182.09,5,0,0,2,16.85,232,1,0,0.0465,0.0715,UPI,Grocery,1
37,1377.7,7,0,0,2,7.59,1289,2,0,0.0082,0.0183,Credit Card,Home,0
24,1770.94,8,0,0,5,20.64,542,1,6,0.4339,0.0396,Debit Card,Fashion,1
35,5861.11,11,0,0,4,17.94,591,1,0,0.0,0.0492,UPI,Beauty,0
24,747.14,9,0,0,5,8.13,784,2,1,0.087,0.0277,Net Banking,Electronics,0
43,1327.01,9,2,0,2,5.52,349,2,1,0.2358,0.0516,Cash on Delivery,Electronics,0
39,848.05,8,0,0,4,20.69,280,0,1,0.0885,0.0,Credit Card,Home,1
18,588.09,10,0,0,2,9.0,870,0,0,0.0,0.0529,Debit Card,Beauty,0
36,688.59,8,2,0,5,6.26,577,2,1,0.2507,0.0219,UPI,Fashion,0
36,2024.1,5,0,0,6,32.7,140,8,2,0.1265,0.0121,UPI,Electronics,1
27,918.4,8,0,0,4,7.62,1864,3,1,0.0703,0.004,Credit Card,Grocery,0
44,1022.72,6,0,0,2,3.16,2312,1,0,0.106,0.0468,Cash on Delivery,Electronics,0
21,773.09,8,2,0,3,20.13,370,1,0,0.1889,0.0,UPI,Fashion,0
31,1771.32,6,0,0,3,29.04,287,2,1,0.1172,0.045,Net Banking,Beauty,0
37,633.44,9,0,0,2,4.59,1885,5,1,0.0574,0.0285,UPI,Beauty,0
34,760.55,5,0,0,2,5.16,1008,0,1,0.0894,0.0499,Credit Card,Fashion,0
41,1451.06,8,0,0,3,12.98,858,1,0,0.0361,0.0203,Credit Card,Electronics,0
20,1549.21,8,0,0,4,4.37,309,1,0,0.0192,0.056,Cash on Delivery,Beauty,0
49,455.02,10,1,1,2,7.23,2217,2,0,0.0877,0.1003,Credit Card,Accessories,0
39,446.53,4,0,0,2,20.26,472,4,3,0.2397,0.0367,Cash on Delivery,Fashion,0
46,1679.47,9,1,0,5,18.39,1198,0,1,0.2088,0.0249,Debit Card,Home,0
42,1485.28,8,0,0,2,18.05,1164,2,0,0.0514,0.0517,Credit Card,Electronics,0
34,3219.77,7,2,0,1,10.62,269,1,0,0.2479,0.0127,UPI,Accessories,0
22,2379.39,9,0,0,3,7.19,527,2,0,0.056,0.0212,Credit Card,Home,1
29,914.13,7,0,0,1,13.2,326,0,0,0.0459,0.0403,UPI,Accessories,0
29,2376.07,5,4,2,6,27.52,321,7,2,0.6589,0.4038,Net Banking,Home,1
48,522.95,7,3,0,4,7.51,197,0,0,0.3229,0.0336,Debit Card,Home,0
35,618.89,4,1,0,4,22.68,436,7,3,0.3322,0.0341,UPI,Grocery,1
30,2150.91,4,3,0,1,18.75,185,6,5,0.6465,0.0876,Credit Card,Fashion,1
46,1057.22,13,0,0,3,22.83,691,3,0,0.0092,0.0756,UPI,Fashion,0
28,416.1,11,0,0,5,21.88,354,2,1,0.0451,0.0435,Credit Card,Beauty,0
18,1879.64,4,0,0,3,27.7,474,7,1,0.075,0.0849,UPI,Home,1
32,4762.08,4,0,0,2,16.24,303,0,0,0.0507,0.0258,Credit Card,Electronics,0
31,998.43,9,0,0,2,16.49,641,2,1,0.1199,0.0072,UPI,Fashion,0
32,817.39,9,2,0,1,4.86,1855,2,1,0.2663,0.0252,UPI,Electronics,0
39,630.83,8,0,0,3,7.88,932,3,1,0.1082,0.0394,Debit Card,Grocery,0
29,2907.0,8,1,0,4,29.79,307,3,5,0.3348,0.0197,Credit Card,Beauty,1
42,1037.14,7,0,0,4,7.06,568,0,0,0.0242,0.0369,Debit Card,Fashion,0
43,2703.35,5,0,0,4,2.53,751,0,0,0.0765,0.0813,Net Banking,Beauty,0
38,2397.0,6,0,0,3,29.65,894,2,0,0.0261,0.0568,Net Banking,Grocery,0
18,920.84,7,0,0,5,11.1,902,2,1,0.0822,0.0231,UPI,Beauty,0
31,623.24,7,0,0,1,16.71,655,2,0,0.0428,0.0585,UPI,Grocery,0
32,2972.42,4,2,0,3,13.53,185,5,3,0.4816,0.1141,Debit Card,Fashion,1
55,2320.13,3,0,0,6,8.62,507,1,0,0.1069,0.081,Cash on Delivery,Fashion,0
37,801.57,13,0,0,4,5.25,1193,2,1,0.08,0.0137,UPI,Home,0
37,1262.18,3,0,0,2,11.31,386,3,1,0.1219,0.0443,UPI,Grocery,0
39,1868.91,8,5,3,4,38.68,387,3,3,0.6021,0.3567,Credit Card,Fashion,1
37,777.75,6,1,0,4,10.1,1204,4,4,0.2994,0.0054,Credit Card,Electronics,0
38,1042.45,5,2,0,4,12.31,600,0,0,0.3289,0.0001,UPI,Home,0
18,911.25,11,2,2,4,18.86,1443,3,1,0.1777,0.1826,Debit Card,Beauty,0
32,1151.54,7,0,0,4,23.58,421,0,0,0.0605,0.0544,Credit Card,Fashion,0
34,620.25,8,0,0,4,1.41,415,2,1,0.1068,0.0224,UPI,Electronics,0
46,949.43,10,3,1,3,24.15,801,7,0,0.2372,0.1009,UPI,Fashion,0
34,477.19,10,0,0,2,4.82,470,2,0,0.0085,0.0175,Debit Card,Accessories,0
19,2393.64,11,1,0,4,4.86,1895,0,0,0.0718,0.0108,Cash on Delivery,Electronics,0
31,2989.47,3,0,0,5,32.95,158,4,0,0.0956,0.06,UPI,Home,0
38,7096.05,7,1,0,2,16.91,517,2,3,0.3064,0.034,Cash on Delivery,Grocery,1
27,1425.2,10,1,1,1,6.94,444,1,1,0.1158,0.1037,UPI,Accessories,0
23,1156.06,8,1,0,2,21.96,986,2,0,0.1316,0.044,Cash on Delivery,Accessories,0
26,2459.1,10,2,0,4,10.64,153,2,1,0.2202,0.0595,Credit Card,Beauty,1
33,2701.87,9,4,1,3,17.9,255,7,2,0.3642,0.1121,Debit Card,Electronics,1
39,995.56,6,1,0,2,4.73,215,2,1,0.2208,0.0565,Net Banking,Grocery,0
45,1315.89,9,0,0,5,9.85,1961,2,2,0.1338,0.0206,Credit Card,Beauty,0
38,1150.9,7,2,0,3,13.66,1090,2,0,0.2838,0.0599,Credit Card,Grocery,0
40,532.83,7,1,0,3,16.4,897,2,0,0.1511,0.0448,Debit Card,Grocery,0
38,1762.57,10,1,0,2,1.25,487,4,1,0.1568,0.0341,Credit Card,Beauty,1
35,2098.4,7,0,0,4,4.08,716,5,1,0.0792,0.0283,Credit Card,Electronics,0
40,1317.88,7,0,0,4,3.48,527,0,0,0.0723,0.0327,UPI,Accessories,1
26,1420.85,2,2,0,5,8.44,333,4,3,0.7667,0.1703,Net Banking,Electronics,1
18,1484.6,7,1,0,3,15.34,589,1,1,0.1468,0.0446,Cash on Delivery,Accessories,1
35,3509.23,11,0,0,3,17.58,1260,3,1,0.0486,0.0545,UPI,Grocery,0
42,936.23,7,3,0,4,32.75,316,4,3,0.4466,0.0274,UPI,Grocery,0
25,1788.15,12,0,0,4,23.25,949,1,1,0.1086,0.0249,Credit Card,Home,0
44,1415.52,5,1,0,2,1.41,625,1,1,0.246,0.0633,Debit Card,Electronics,0
33,1719.13,9,3,0,4,20.56,254,2,1,0.2955,0.0275,UPI,Electronics,0
34,2259.08,12,1,0,3,7.4,2381,2,0,0.0822,0.032,Cash on Delivery,Home,0
20,448.63,13,1,1,4,4.95,395,2,0,0.1333,0.1107,Credit Card,Fashion,0
43,891.22,8,0,0,4,20.98,1266,2,0,0.021,0.0436,Credit Card,Beauty,0
34,460.96,5,1,1,5,25.89,372,3,2,0.215,0.2029,UPI,Home,0
40,564.37,5,0,0,1,3.88,517,5,0,0.0368,0.0638,UPI,Home,0
39,480.49,8,3,0,5,4.83,856,3,3,0.3746,0.0487,Debit Card,Accessories,0
27,2381.87,7,0,0,4,12.5,446,0,0,0.0493,0.0193,UPI,Fashion,0
27,614.04,8,0,0,2,7.97,506,4,0,0.0021,0.0431,Net Banking,Grocery,0
36,791.67,4,0,0,5,23.13,482,0,0,0.0788,0.1051,UPI,Fashion,0
28,3071.71,1,0,0,2,22.39,822,4,0,0.2309,0.1099,Debit Card,Electronics,0
30,1782.77,1,0,0,4,24.7,86,1,3,0.3546,0.1416,UPI,Accessories,1
38,2203.55,9,0,0,4,14.63,487,5,1,0.1206,0.0219,UPI,Electronics,0
18,568.56,4,0,0,5,20.96,802,8,0,0.1066,0.0345,UPI,Accessories,0
30,2285.2,5,0,0,2,11.0,1543,3,2,0.1432,0.0754,Net Banking,Fashion,0
50,859.38,7,0,0,5,8.72,372,1,1,0.1302,0.046,Cash on Delivery,Electronics,0
38,1439.82,8,1,0,2,21.48,373,1,1,0.1639,0.0706,UPI,Home,0
36,1951.77,10,1,1,3,17.86,1728,2,1,0.1593,0.133,Credit Card,Home,0
52,504.93,7,0,0,2,23.2,1105,1,1,0.1457,0.0579,Cash on Delivery,Fashion,0
18,700.8,7,0,0,5,7.9,773,3,1,0.108,0.0294,UPI,Fashion,0
27,487.06,8,1,0,3,11.31,297,3,2,0.1899,0.0361,UPI,Electronics,0
30,1410.99,8,1,0,3,30.39,261,2,1,0.1752,0.0449,Net Banking,Accessories,0
42,1214.65,6,0,0,3,13.71,441,5,2,0.08,0.0368,Cash on Delivery,Beauty,0
28,910.07,4,0,0,4,20.37,595,6,3,0.1886,0.061,Credit Card,Fashion,0
42,770.87,6,0,0,4,14.07,835,2,0,0.0254,0.0567,UPI,Fashion,0
26,1389.02,7,0,0,2,3.2,1320,4,0,0.0696,0.0065,Credit Card,Electronics,0
43,799.62,7,1,0,4,13.63,822,2,1,0.1813,0.0617,Credit Card,Grocery,1
30,401.1,11,0,0,3,14.99,851,3,0,0.0408,0.0036,UPI,Fashion,0
45,1220.41,3,0,0,4,16.8,1412,3,0,0.0852,0.0643,Credit Card,Fashion,0
25,888.17,9,0,0,5,2.44,982,3,1,0.0835,0.0265,UPI,Beauty,0
33,1564.83,7,0,0,3,7.57,557,4,0,0.0336,0.0638,UPI,Accessories,0
37,2041.55,4,3,2,4,25.26,335,5,1,0.58,0.4668,Credit Card,Home,1
30,588.95,9,3,2,4,4.6,745,0,1,0.3602,0.2154,Credit Card,Fashion,0
44,2588.34,5,0,0,3,3.63,1340,2,3,0.2333,0.0511,UPI,Accessories,0
29,3308.67,8,0,0,4,24.7,894,1,0,0.0235,0.0589,UPI,Beauty,1
24,1903.97,8,3,2,4,9.25,288,4,2,0.383,0.3,Credit Card,Electronics,1
34,991.77,11,1,0,2,16.36,1808,0,2,0.2461,0.0214,Debit Card,Accessories,0
39,2081.48,10,3,0,2,17.94,494,1,0,0.2161,0.0325,Credit Card,Accessories,0
39,514.67,7,1,0,2,6.95,396,2,0,0.1425,0.0178,Credit Card,Fashion,1
42,1459.55,13,2,1,3,16.15,932,1,0,0.1359,0.1206,Debit Card,Fashion,0
36,1230.41,7,0,0,3,22.05,810,1,1,0.0563,0.0511,UPI,Grocery,0
18,1193.76,2,1,1,3,37.56,93,7,1,0.4088,0.4832,Debit Card,Grocery,1
30,1229.39,7,0,0,3,5.52,371,1,0,0.0832,0.0244,UPI,Electronics,1
30,1076.61,2,1,0,4,11.03,500,3,4,0.6002,0.0825,UPI,Beauty,1
31,846.33,4,1,0,3,25.82,531,2,0,0.1879,0.0353,Cash on Delivery,Fashion,0
34,1681.04,11,0,0,2,12.68,1551,2,0,0.0396,0.0028,Net Banking,Accessories,0
36,439.5,7,0,0,3,34.69,1005,4,0,0.1097,0.0317,UPI,Grocery,1
33,470.23,8,1,0,3,19.31,553,4,1,0.1806,0.0735,Credit Card,Grocery,0
39,985.45,7,1,1,2,32.41,599,4,3,0.221,0.1641,Debit Card,Electronics,0
42,2551.0,6,0,0,4,21.23,1417,4,0,0.0583,0.0257,Credit Card,Fashion,1
28,1153.61,4,1,1,5,47.88,50,5,3,0.3151,0.2188,Debit Card,Fashion,0
34,1127.56,7,0,0,3,12.92,431,0,1,0.0846,0.0244,Credit Card,Electronics,0
20,1869.76,10,0,0,6,7.25,625,3,0,0.0266,0.0277,UPI,Electronics,0
40,1676.25,6,0,0,4,15.35,1301,3,0,0.0353,0.0385,UPI,Electronics,0
29,1933.02,1,0,0,3,32.96,835,4,3,0.2855,0.1264,Credit Card,Home,1
36,1306.24,9,1,1,3,24.64,794,4,1,0.1292,0.1122,UPI,Fashion,1
43,1117.72,8,0,0,3,14.86,736,2,1,0.1202,0.0341,Cash on Delivery,Beauty,0
34,641.11,7,0,0,3,28.23,1337,1,2,0.1869,0.0085,Credit Card,Grocery,0
18,545.68,9,0,0,4,23.01,383,2,0,0.0889,0.0378,UPI,Fashion,0
33,1206.98,7,1,1,5,40.54,378,5,1,0.1831,0.1925,Credit Card,Accessories,0
31,1763.97,9,2,0,1,6.92,479,2,1,0.2689,0.0767,Debit Card,Beauty,0
32,3270.0,7,0,0,4,32.2,833,1,1,0.1417,0.0495,Net Banking,Beauty,0
41,1715.23,13,3,2,3,13.04,736,5,3,0.2603,0.1445,UPI,Fashion,0
18,1274.32,7,0,0,4,33.47,648,1,0,0.0395,0.0482,UPI,Electronics,0
34,1907.57,8,0,0,1,5.4,1372,6,0,0.0815,0.0059,UPI,Home,0
39,1639.01,7,0,0,3,32.82,213,3,2,0.0607,0.038,Cash on Delivery,Accessories,0
27,746.22,7,2,1,6,12.06,740,7,3,0.3292,0.1762,Net Banking,Fashion,1
33,1502.91,8,3,2,4,43.71,434,7,4,0.3822,0.2302,Credit Card,Beauty,1
28,1996.74,4,1,0,2,15.59,406,2,1,0.2988,0.0324,Credit Card,Accessories,0
35,2038.18,3,0,0,2,9.82,405,0,0,0.1214,0.0875,Debit Card,Home,0
28,914.03,6,2,1,6,26.49,472,6,2,0.3107,0.1563,UPI,Electronics,1
28,1087.93,8,0,0,3,24.77,1058,2,0,0.0172,0.0199,Cash on Delivery,Electronics,0
27,1791.18,7,2,2,1,10.94,591,0,0,0.2568,0.309,UPI,Fashion,0
30,972.98,11,0,0,2,6.09,2237,3,1,0.0822,0.0,Debit Card,Accessories,0
28,716.66,10,4,0,2,32.17,1407,1,1,0.398,0.0178,Cash on Delivery,Electronics,0
40,1183.23,9,0,0,3,25.26,594,2,1,0.1075,0.0593,Credit Card,Accessories,0
37,6041.69,9,2,1,4,27.35,804,4,1,0.2106,0.1262,Debit Card,Accessories,0
27,1958.8,6,1,0,4,33.77,1041,2,0,0.1876,0.0289,Debit Card,Grocery,0
26,1187.35,7,0,0,3,8.43,1012,4,1,0.0933,0.0446,UPI,Grocery,0
50,930.05,7,0,0,4,16.93,1631,1,2,0.1389,0.0405,Credit Card,Accessories,0
43,1095.43,8,0,0,4,8.53,661,1,1,0.1288,0.0675,UPI,Electronics,0
18,872.9,8,0,0,2,24.9,546,0,1,0.079,0.0206,Debit Card,Accessories,0
27,994.09,7,0,0,2,11.51,973,2,1,0.0592,0.0133,UPI,Beauty,1
36,1727.25,10,0,0,5,15.94,666,4,0,0.0117,0.022,Debit Card,Electronics,1
37,1572.0,5,0,0,3,21.38,1107,3,0,0.0572,0.0855,Credit Card,Fashion,0
35,4613.02,10,0,0,5,53.11,595,8,3,0.0875,0.0295,UPI,Beauty,0
35,2875.51,5,2,2,4,13.28,657,5,2,0.3655,0.39,Debit Card,Home,1
21,1095.1,7,0,0,4,5.37,1531,3,1,0.0964,0.0835,Debit Card,Electronics,0
44,1375.63,5,0,0,1,9.42,439,2,1,0.1018,0.0227,Cash on Delivery,Home,0
41,2249.7,7,0,0,4,6.68,517,2,0,0.0461,0.058,UPI,Fashion,0
38,1589.62,4,1,0,2,4.23,1457,1,0,0.2743,0.052,Credit Card,Electronics,0
46,1377.18,14,3,0,2,16.44,771,2,1,0.2043,0.0,UPI,Grocery,1
38,1054.28,7,0,0,3,6.18,787,3,0,0.0489,0.0331,Credit Card,Accessories,0
38,3294.37,8,0,0,4,9.03,1327,3,0,0.0432,0.0167,Credit Card,Electronics,0
27,752.96,5,5,2,5,57.57,289,9,1,0.683,0.3722,UPI,Accessories,0
44,599.84,7,4,4,3,18.88,29,4,3,0.5451,0.5599,UPI,Accessories,0
33,1956.76,3,1,0,3,18.64,342,7,0,0.2939,0.0795,Credit Card,Home,0
48,1115.22,5,1,0,3,5.56,722,1,3,0.3798,0.0342,UPI,Beauty,0
44,657.22,9,0,0,5,5.23,1198,2,0,0.0096,0.0174,Credit Card,Accessories,0
26,1163.35,7,0,0,3,3.23,461,3,3,0.1322,0.0285,Cash on Delivery,Electronics,1
40,2449.08,8,0,0,3,14.92,608,0,1,0.1032,0.0363,Credit Card,Accessories,0
28,1089.48,4,1,0,4,9.6,1674,1,1,0.2475,0.0936,Credit Card,Fashion,0
39,714.33,4,0,0,4,16.28,778,1,3,0.3005,0.0356,UPI,Beauty,0
38,1308.5,4,0,0,3,12.16,446,2,0,0.0565,0.0747,UPI,Grocery,0
31,2256.64,1,1,0,5,47.04,187,5,1,0.5734,0.1159,Net Banking,Electronics,0
22,1724.79,6,1,0,2,17.99,436,3,0,0.1725,0.0536,Cash on Delivery,Beauty,0
33,1665.58,4,0,0,6,8.27,735,7,1,0.0671,0.0852,Credit Card,Home,0
36,657.05,6,0,0,3,2.21,1222,2,1,0.1352,0.0847,Debit Card,Grocery,1
30,1809.3,4,1,0,5,14.63,132,0,1,0.3624,0.0739,Debit Card,Fashion,0
37,1523.05,9,1,1,5,12.82,565,3,0,0.125,0.1355,Cash on Delivery,Accessories,0
41,2260.51,9,1,0,1,17.71,1015,2,1,0.1944,0.011,UPI,Home,0
34,1247.31,5,0,0,4,5.74,877,2,2,0.1854,0.0764,UPI,Fashion,0
36,2436.32,15,1,0,5,7.13,962,1,0,0.0801,0.0003,Net Banking,Beauty,0
46,2335.82,10,0,0,4,14.52,491,3,0,0.0448,0.0843,Credit Card,Accessories,0
38,2755.31,5,0,0,3,0.6,824,1,0,0.0451,0.0402,Credit Card,Electronics,0
36,1289.8,10,1,1,2,12.77,1355,3,0,0.1311,0.1377,Credit Card,Accessories,1
23,3467.71,12,2,2,6,28.66,551,4,3,0.2455,0.1403,UPI,Electronics,1
25,1293.13,9,0,0,4,7.12,598,2,2,0.1504,0.0569,Net Banking,Fashion,0
40,1139.66,11,1,0,3,24.19,801,3,0,0.1077,0.0275,Debit Card,Grocery,0
37,1028.06,8,1,1,2,9.58,244,2,1,0.1608,0.1341,UPI,Accessories,0
28,3631.99,4,0,0,5,10.34,363,3,1,0.1325,0.0678,UPI,Grocery,1
30,1140.95,10,8,1,6,31.14,311,3,1,0.6377,0.1433,UPI,Accessories,1
46,4057.03,5,0,0,3,5.48,1004,1,1,0.1091,0.0584,Cash on Delivery,Accessories,0
34,599.52,7,0,0,2,6.36,501,2,1,0.094,0.0,UPI,Accessories,0
23,1561.34,5,1,0,6,47.58,246,1,2,0.3359,0.0411,UPI,Fashion,1
18,1023.9,10,1,0,2,32.02,346,1,0,0.0907,0.053,Credit Card,Accessories,0
19,1883.39,8,3,0,3,29.51,563,3,1,0.305,0.0406,Debit Card,Grocery,0
41,1072.81,7,1,1,3,30.7,1034,0,0,0.087,0.1631,UPI,Accessories,0
27,1125.53,2,0,0,5,12.27,506,4,3,0.2766,0.1239,Debit Card,Electronics,1
28,1772.85,5,1,1,8,37.95,299,4,1,0.2482,0.1957,UPI,Fashion,1
29,1728.92,10,0,0,3,3.39,509,1,2,0.1196,0.0426,UPI,Home,0
38,3492.3,9,0,0,6,18.26,390,3,0,0.0525,0.0217,Debit Card,Accessories,0
35,645.6,6,0,0,4,36.63,1127,2,0,0.0435,0.042,UPI,Home,0
32,1380.3,7,1,0,3,15.43,438,0,2,0.2557,0.0329,UPI,Grocery,0
29,2562.02,3,1,0,4,45.05,343,1,2,0.389,0.0525,UPI,Home,1
33,1880.95,4,0,0,4,8.14,2170,6,1,0.0945,0.0863,Cash on Delivery,Electronics,0
26,1221.08,5,0,0,2,15.44,1325,6,0,0.0414,0.0739,UPI,Fashion,1
34,902.84,9,1,1,4,27.18,1678,3,1,0.1617,0.1276,UPI,Beauty,0
29,931.51,11,0,0,2,10.44,842,4,1,0.0333,0.0213,Debit Card,Accessories,0
31,1789.54,6,0,0,4,24.07,496,4,0,0.0181,0.0131,Debit Card,Accessories,0
31,1424.42,11,0,0,3,7.26,1376,3,0,0.0,0.0233,UPI,Fashion,0
32,1444.52,3,0,0,2,16.58,369,0,0,0.0891,0.0652,UPI,Electronics,0
42,1326.44,10,1,1,2,19.53,223,1,0,0.0485,0.1435,Credit Card,Fashion,0
33,1214.3,9,2,0,4,16.4,964,1,1,0.2391,0.019,UPI,Grocery,0
43,1415.29,8,2,1,4,22.01,322,2,2,0.2963,0.1318,UPI,Fashion,0
48,724.42,5,0,0,6,12.35,733,0,1,0.1661,0.0606,UPI,Fashion,0
18,1328.4,9,5,3,2,14.2,314,7,2,0.494,0.2941,Credit Card,Beauty,1
28,2514.4,7,0,0,2,37.73,290,2,2,0.1366,0.0437,Credit Card,Home,0
26,1091.85,6,2,1,3,23.22,51,4,0,0.2802,0.2193,Credit Card,Beauty,0
42,1267.43,8,0,0,3,13.72,708,0,0,0.0119,0.0358,Cash on Delivery,Fashion,0
29,1685.94,7,2,1,6,15.02,292,3,3,0.3769,0.1645,Cash on Delivery,Fashion,1
39,2304.25,3,0,0,5,17.7,1198,3,0,0.0599,0.1041,Credit Card,Fashion,0
37,542.11,5,1,1,4,9.73,355,1,0,0.1576,0.2106,Debit Card,Home,1
42,572.84,10,3,2,5,12.51,290,1,0,0.2099,0.2185,UPI,Fashion,0
35,3271.51,7,0,0,1,8.08,676,5,0,0.0089,0.0258,Debit Card,Grocery,0
43,819.99,11,0,0,4,10.36,111,3,1,0.0848,0.0205,UPI,Fashion,0
40,823.73,5,0,0,3,10.59,924,0,1,0.1692,0.0426,Credit Card,Home,0
31,1113.09,8,3,0,4,25.25,877,1,0,0.2696,0.0043,UPI,Accessories,0
42,1341.08,5,1,0,3,6.38,886,2,1,0.2149,0.0576,UPI,Beauty,0
35,980.93,9,1,0,3,3.58,668,0,1,0.1812,0.0219,Credit Card,Accessories,0
33,1785.01,7,0,0,4,7.83,1918,1,1,0.1013,0.0464,Credit Card,Fashion,0
30,564.26,9,0,0,4,1.15,980,3,1,0.1067,0.0169,UPI,Grocery,0
37,1989.94,8,2,0,2,27.34,152,4,4,0.3898,0.0569,UPI,Fashion,0
45,1740.68,5,2,2,3,14.13,300,5,2,0.4005,0.3791,Credit Card,Fashion,0
35,742.82,12,2,0,2,16.33,1128,3,0,0.1319,0.0,Credit Card,Fashion,1
43,630.05,9,1,1,1,20.41,536,2,0,0.0771,0.1031,Cash on Delivery,Grocery,0
42,882.67,9,0,0,4,3.67,683,3,0,0.0328,0.0126,Net Banking,Home,0
34,2107.76,9,4,1,1,27.21,358,4,1,0.3388,0.11,Credit Card,Beauty,1
37,960.37,4,1,1,2,16.51,451,0,0,0.2313,0.2504,Debit Card,Grocery,0
39,3067.6,9,2,0,3,29.0,825,3,1,0.2084,0.0109,Cash on Delivery,Grocery,0
45,1568.41,13,1,1,3,11.43,456,1,0,0.0871,0.0787,Credit Card,Fashion,0
33,2697.11,8,1,0,6,7.26,1145,2,1,0.1801,0.0648,Net Banking,Fashion,0
24,1085.08,8,2,0,1,16.19,754,2,1,0.2336,0.0222,Credit Card,Home,0
19,900.73,4,0,0,3,43.08,224,4,1,0.1106,0.0736,UPI,Beauty,0
46,1644.47,8,0,0,3,2.19,78,5,0,0.0425,0.0381,UPI,Accessories,0
29,776.94,7,0,0,3,25.92,430,2,0,0.0511,0.0413,Net Banking,Electronics,1
26,1079.25,5,1,1,3,10.25,26,5,3,0.2682,0.1935,UPI,Home,0
34,2430.75,8,2,1,4,26.21,232,3,0,0.2091,0.1433,Credit Card,Grocery,1
28,1470.61,7,1,0,6,13.86,1593,0,2,0.3229,0.0339,Credit Card,Fashion,1
18,789.26,7,2,1,4,21.03,1653,1,0,0.2552,0.1566,Debit Card,Grocery,0
39,770.57,9,0,0,3,4.42,1050,2,1,0.0996,0.036,UPI,Fashion,0
33,905.49,7,1,1,3,10.64,221,2,4,0.3439,0.1553,Credit Card,Accessories,1
19,1022.28,5,0,0,4,6.66,681,4,0,0.097,0.0373,Cash on Delivery,Accessories,0
37,2540.31,7,1,1,3,27.41,259,1,2,0.2757,0.1482,Cash on Delivery,Electronics,1
27,798.35,7,2,0,3,23.6,1478,2,1,0.2593,0.0226,Credit Card,Accessories,0
39,2068.26,6,0,0,1,2.38,711,3,1,0.0853,0.0271,Cash on Delivery,Grocery,1
40,1697.21,7,1,0,3,5.24,1438,2,0,0.1284,0.0132,Credit Card,Grocery,0
28,1502.83,9,0,0,3,4.48,822,3,2,0.1369,0.0624,Credit Card,Fashion,1
33,1208.41,5,0,0,1,6.15,643,3,1,0.087,0.0695,Debit Card,Beauty,0
26,1063.39,9,0,0,2,12.56,1142,0,0,0.0675,0.0353,Cash on Delivery,Fashion,0
29,1120.58,5,0,0,1,13.56,396,5,3,0.1392,0.0717,Credit Card,Electronics,1
28,1566.52,10,5,2,5,17.91,98,6,4,0.5585,0.2139,UPI,Fashion,0
36,1064.3,9,0,0,3,4.38,457,4,0,0.0,0.0254,Net Banking,Home,0
29,473.25,8,0,0,3,3.68,306,2,0,0.0489,0.0189,UPI,Electronics,0
32,924.42,8,1,0,3,14.66,985,2,2,0.1964,0.0494,UPI,Home,0
21,1188.71,6,1,1,2,6.89,737,2,1,0.2233,0.1813,UPI,Fashion,0
44,2428.27,7,0,0,1,14.93,2907,2,0,0.001,0.0285,UPI,Home,0
39,1644.04,8,0,0,3,14.2,1005,2,1,0.1,0.0142,UPI,Fashion,0
26,4889.79,5,0,0,4,15.56,361,1,1,0.1509,0.0401,Net Banking,Grocery,0
41,2741.09,3,0,0,2,26.47,632,2,0,0.0647,0.0855,UPI,Fashion,0
46,1332.17,8,1,1,6,11.81,706,4,1,0.1392,0.157,Cash on Delivery,Beauty,1
27,2852.23,12,0,0,2,21.12,876,2,0,0.0126,0.0234,UPI,Fashion,0
31,1562.06,10,2,0,3,12.75,538,0,1,0.3022,0.0,Cash on Delivery,Home,0
18,294.17,7,0,0,3,15.09,140,0,2,0.2537,0.0626,UPI,Beauty,0
43,1420.58,8,4,1,5,11.38,384,8,1,0.4196,0.1639,Net Banking,Electronics,0
29,2872.06,4,2,0,3,39.58,267,8,3,0.4364,0.06,Cash on Delivery,Electronics,1
62,1625.52,5,0,0,2,35.84,308,3,2,0.1703,0.0274,Cash on Delivery,Fashion,0
33,1914.26,9,1,1,4,16.74,580,4,0,0.1538,0.1259,Credit Card,Beauty,0
43,1419.76,10,2,0,2,15.26,251,5,1,0.1853,0.0106,Credit Card,Beauty,0
23,1103.64,10,2,1,4,14.24,767,1,1,0.2018,0.1133,Cash on Delivery,Home,0
43,1116.68,8,1,0,2,11.56,1316,0,1,0.2308,0.0207,Debit Card,Electronics,0
51,3035.42,14,1,0,3,1.02,459,2,0,0.0413,0.018,Credit Card,Home,0
33,2344.78,8,0,0,4,19.38,591,2,0,0.0385,0.0189,UPI,Home,0
25,900.1,9,0,0,3,18.77,701,6,1,0.1189,0.0385,UPI,Electronics,0
33,2485.42,8,1,0,4,13.38,639,2,0,0.104,0.0609,Credit Card,Electronics,0
18,2132.59,6,1,0,3,17.41,772,4,2,0.2078,0.0345,UPI,Beauty,0
34,1544.56,7,0,0,3,19.05,183,4,2,0.0759,0.0256,UPI,Electronics,0
41,1555.18,11,2,0,3,11.79,1390,2,2,0.2581,0.0254,Credit Card,Accessories,1
21,731.31,4,3,1,5,41.23,567,8,2,0.5651,0.2021,Credit Card,Accessories,1
34,765.99,9,2,0,5,16.61,669,2,0,0.2059,0.0465,Cash on Delivery,Home,0
31,3793.96,5,2,0,6,16.4,431,3,0,0.3154,0.0749,Credit Card,Beauty,1
39,818.5,7,0,0,2,6.56,903,0,0,0.0187,0.0085,Cash on Delivery,Grocery,0
41,847.27,9,4,1,4,29.25,312,2,2,0.4592,0.1331,Cash on Delivery,Accessories,1
39,1436.86,8,1,0,3,8.87,1279,2,0,0.1201,0.0548,Credit Card,Fashion,0
19,561.3,13,0,0,4,10.56,386,3,0,0.0758,0.0203,UPI,Beauty,0
35,2335.64,8,2,0,3,18.06,924,2,1,0.2241,0.0269,Cash on Delivery,Home,0
56,596.45,12,0,0,4,27.35,1515,4,1,0.0404,0.0038,Net Banking,Accessories,0
18,1680.67,8,5,2,2,15.88,266,10,0,0.4294,0.2675,UPI,Fashion,1
22,633.75,8,2,0,3,4.86,1522,2,1,0.2467,0.0,UPI,Fashion,1
18,929.85,6,0,0,5,29.35,297,4,1,0.099,0.0288,Cash on Delivery,Accessories,0
35,612.57,7,4,0,4,37.17,614,4,3,0.5397,0.0958,UPI,Home,0
36,1110.56,5,3,3,4,29.92,454,1,2,0.5518,0.5463,Cash on Delivery,Accessories,1
33,1589.35,6,1,0,3,9.76,1159,2,1,0.2833,0.026,Credit Card,Electronics,0
51,1274.06,9,0,0,2,16.17,544,1,1,0.0927,0.0453,UPI,Accessories,0
44,1993.8,5,0,0,1,16.19,399,1,1,0.1286,0.1044,UPI,Electronics,0
29,1423.3,12,1,0,5,11.61,456,5,0,0.0968,0.0329,Credit Card,Home,0
36,291.61,10,0,0,5,24.12,1503,0,0,0.033,0.0269,Net Banking,Fashion,0
34,1027.12,9,2,0,2,10.02,1046,3,0,0.2111,0.0068,Net Banking,Electronics,0
27,4214.43,8,0,0,2,17.56,1180,1,1,0.0865,0.0274,Debit Card,Fashion,0
33,767.49,10,1,0,2,10.09,739,4,1,0.1649,0.038,UPI,Electronics,0
32,1807.42,5,0,0,4,12.47,170,2,0,0.084,0.0291,UPI,Beauty,0
31,965.82,8,1,0,4,12.57,198,4,1,0.1389,0.0,UPI,Home,0
19,2262.2,8,2,2,2,6.3,139,3,5,0.4343,0.2537,Credit Card,Accessories,0
35,926.15,14,1,1,2,17.52,917,0,2,0.2266,0.0986,Debit Card,Grocery,0
29,1414.91,3,2,0,2,34.14,268,6,1,0.5069,0.0914,UPI,Fashion,1
27,502.32,15,0,0,2,25.4,430,5,0,0.0347,0.0392,UPI,Fashion,0
23,1251.69,5,0,0,5,3.75,1336,2,1,0.1098,0.0123,UPI,Fashion,0
27,1291.54,6,0,0,4,16.46,580,3,1,0.0895,0.0318,Credit Card,Fashion,1
34,563.05,11,1,1,6,14.84,459,1,1,0.1386,0.0928,UPI,Grocery,0
25,958.96,10,4,1,5,21.19,535,5,3,0.3975,0.1205,UPI,Fashion,1
49,1459.17,8,3,0,4,2.62,859,2,3,0.4583,0.0215,Debit Card,Electronics,1
35,459.85,7,4,1,2,29.3,1066,1,2,0.5603,0.1607,Net Banking,Electronics,0
31,574.47,4,0,0,2,3.3,2948,6,0,0.0457,0.0832,UPI,Electronics,0
41,1331.82,9,1,0,3,13.63,725,3,1,0.1634,0.0513,UPI,Fashion,0
33,894.0,7,0,0,1,13.76,743,3,2,0.1186,0.0347,UPI,Home,1
51,485.07,14,0,0,4,13.61,1342,1,1,0.1152,0.0096,Credit Card,Beauty,1
34,1369.35,5,0,0,3,18.61,675,0,0,0.0542,0.0601,Net Banking,Fashion,0
40,719.26,14,1,1,4,7.09,595,0,1,0.124,0.1035,Credit Card,Electronics,0
40,1044.67,5,1,1,4,24.16,368,3,2,0.2763,0.2103,UPI,Fashion,0
21,2276.2,7,0,0,5,24.45,197,2,1,0.135,0.0406,Credit Card,Electronics,0
27,1450.6,8,2,1,4,4.14,506,1,0,0.2579,0.1092,Debit Card,Accessories,0
39,1788.82,6,2,0,4,12.9,796,2,0,0.239,0.0428,UPI,Accessories,0
36,1583.03,12,0,0,5,21.71,554,2,2,0.1386,0.0215,UPI,Beauty,0
33,636.05,9,2,0,3,19.84,1565,1,1,0.2473,0.0302,Debit Card,Home,0
32,3852.84,10,0,0,4,47.18,467,6,2,0.0682,0.0125,Credit Card,Electronics,1
39,2773.19,6,3,1,5,25.21,68,3,2,0.4536,0.1806,Credit Card,Fashion,1
29,2225.39,5,0,0,3,2.55,1155,5,1,0.0625,0.0483,Credit Card,Electronics,0
28,1439.47,14,1,1,5,16.82,833,0,1,0.1654,0.104,Debit Card,Accessories,0
37,993.1,9,1,0,1,20.29,789,2,0,0.1453,0.0453,UPI,Home,0
32,5123.16,7,3,0,4,38.81,216,3,1,0.3632,0.0293,UPI,Fashion,0
40,1307.39,13,0,0,2,21.76,487,4,0,0.0096,0.0151,Net Banking,Electronics,0
33,1270.73,11,2,0,3,13.13,736,3,0,0.1328,0.0062,Credit Card,Accessories,0
37,2280.0,11,0,0,5,14.25,694,1,0,0.0122,0.0127,UPI,Fashion,0
34,1638.5,4,0,0,5,3.71,1952,3,1,0.109,0.0356,Credit Card,Accessories,0
35,2505.83,5,0,0,1,5.25,670,2,0,0.0185,0.0512,Cash on Delivery,Grocery,0
39,1407.82,4,1,0,2,18.55,490,7,2,0.277,0.0467,UPI,Grocery,0
32,398.72,12,1,0,5,12.64,1004,4,1,0.1181,0.0183,UPI,Fashion,0
34,411.57,9,2,0,3,9.0,1036,4,1,0.2119,0.0272,UPI,Grocery,0
58,894.87,9,2,1,2,11.28,422,3,2,0.27,0.1225,Net Banking,Electronics,1
37,981.86,9,1,1,4,10.37,662,4,0,0.1275,0.129,Net Banking,Electronics,0
40,2126.06,7,0,0,5,17.25,1140,3,0,0.0332,0.0269,Debit Card,Fashion,0
38,1141.74,7,0,0,3,9.39,391,3,0,0.0278,0.0234,Net Banking,Home,0
32,2223.7,5,0,0,2,2.12,2203,5,2,0.1454,0.072,UPI,Accessories,0
46,480.62,9,1,0,4,16.99,823,4,1,0.1637,0.0462,UPI,Beauty,0
31,2024.18,8,0,0,6,20.2,550,1,1,0.12,0.0433,Net Banking,Beauty,0
43,3647.17,10,2,0,3,6.98,342,4,1,0.1863,0.0025,Credit Card,Electronics,0
34,1184.2,6,2,1,6,13.25,77,5,3,0.375,0.1789,Debit Card,Home,1
31,964.11,5,1,0,2,23.61,1723,3,0,0.1997,0.0658,UPI,Electronics,0
25,1468.61,9,1,0,2,16.63,687,0,1,0.2028,0.0209,Credit Card,Accessories,0
37,1324.44,6,1,0,4,3.64,993,0,0,0.1258,0.0237,Credit Card,Electronics,0
24,869.62,12,0,0,4,6.37,376,1,0,0.0805,0.0185,Credit Card,Fashion,0
39,2215.19,4,1,0,4,14.96,503,2,0,0.2027,0.0508,Debit Card,Home,0
23,644.69,21,0,0,4,12.29,1298,0,0,0.0209,0.041,Cash on Delivery,Home,0
31,3036.16,10,0,0,2,7.56,1697,1,0,0.0123,0.032,UPI,Home,0
21,2166.71,8,1,0,5,16.98,448,5,1,0.188,0.0,UPI,Home,0
59,493.28,4,0,0,1,8.6,978,5,1,0.1055,0.0828,Debit Card,Fashion,0
32,681.94,6,0,0,1,21.14,714,8,0,0.0522,0.0228,UPI,Fashion,0
32,1356.09,4,0,0,7,21.89,693,3,1,0.0794,0.0478,Cash on Delivery,Grocery,1
19,2876.3,12,0,0,5,11.77,969,2,1,0.0577,0.0432,UPI,Home,1
34,1579.69,8,1,0,5,8.22,1298,2,0,0.1337,0.0216,UPI,Beauty,0
34,3858.14,12,0,0,5,32.78,317,4,5,0.203,0.0272,UPI,Electronics,1
26,974.12,6,2,2,6,25.52,519,3,2,0.3485,0.3001,Cash on Delivery,Fashion,1
44,1552.98,10,3,0,4,32.82,1022,2,2,0.298,0.0087,Credit Card,Home,1
43,646.1,14,0,0,4,3.65,1122,2,0,0.0196,0.0037,Debit Card,Accessories,0
42,896.79,11,1,1,4,24.96,193,2,1,0.1911,0.1359,UPI,Fashion,0
31,1133.37,6,2,0,3,4.3,952,3,0,0.2534,0.0704,Debit Card,Fashion,0
46,967.12,8,0,0,5,9.93,335,1,1,0.0769,0.0,UPI,Fashion,0
42,1117.6,9,0,0,4,23.56,906,1,0,0.0439,0.0086,Cash on Delivery,Grocery,0
36,1004.31,3,0,0,4,9.34,1399,3,0,0.0836,0.0702,UPI,Electronics,0
36,989.12,7,0,0,3,13.82,869,2,0,0.0045,0.0522,Debit Card,Fashion,0
31,3114.37,6,0,0,2,8.9,1136,1,0,0.0974,0.0283,UPI,Fashion,0
26,3595.94,8,0,0,5,2.09,1267,2,0,0.0774,0.0317,Credit Card,Grocery,0
45,2759.02,10,0,0,3,6.5,1204,1,0,0.0409,0.0529,UPI,Grocery,0
46,1359.44,11,1,0,2,3.34,905,0,1,0.1309,0.0304,Debit Card,Accessories,0
26,1133.99,7,0,0,6,25.83,946,5,0,0.0367,0.022,UPI,Home,1
19,1540.2,7,3,0,4,32.95,224,3,1,0.369,0.0,Credit Card,Beauty,0
33,1166.03,15,1,0,3,22.19,1371,3,0,0.0554,0.0429,Debit Card,Fashion,0
33,2928.45,13,0,0,4,6.12,2409,7,0,0.0501,0.0316,Credit Card,Electronics,0
34,813.51,10,4,0,4,3.15,479,1,1,0.4112,0.0421,Debit Card,Accessories,0
35,3086.54,5,0,0,3,11.2,589,0,2,0.2127,0.0407,Credit Card,Grocery,0
37,265.32,8,6,0,4,6.24,142,2,0,0.549,0.0544,UPI,Home,1
43,578.09,8,0,0,3,17.46,1215,3,1,0.0877,0.0289,UPI,Accessories,0
27,1068.71,4,0,0,4,10.14,1998,3,1,0.1122,0.0569,UPI,Fashion,0
26,495.92,12,5,1,2,4.28,297,3,0,0.3352,0.097,Cash on Delivery,Home,0
45,831.8,7,1,1,3,20.82,337,0,0,0.1122,0.1601,Debit Card,Electronics,0
38,3278.49,4,3,0,3,29.78,785,4,1,0.5514,0.1119,Debit Card,Home,1
31,1153.94,5,2,0,4,27.12,643,5,4,0.4436,0.0355,Debit Card,Grocery,1
30,1885.23,8,0,0,3,15.23,806,1,0,0.0233,0.0653,UPI,Electronics,0
23,4191.46,7,1,0,1,11.39,455,1,1,0.1742,0.0439,Debit Card,Home,1
25,3438.77,9,0,0,2,40.09,520,4,1,0.0467,0.039,Cash on Delivery,Accessories,0
18,974.45,4,0,0,5,35.55,58,7,4,0.1923,0.0441,UPI,Home,1
30,2568.7,8,1,1,4,12.47,877,2,0,0.0874,0.1325,Debit Card,Home,0
31,1968.13,12,0,0,5,6.17,1209,1,0,0.0831,0.0132,Credit Card,Fashion,1
48,2494.32,3,0,0,4,29.29,763,0,1,0.2112,0.1082,Net Banking,Fashion,1
30,1410.69,12,6,5,5,14.76,293,6,3,0.4497,0.3881,UPI,Electronics,1
42,2808.45,11,0,0,2,19.94,591,1,0,0.0366,0.0233,Cash on Delivery,Home,0
44,4124.15,7,2,0,4,20.58,1179,1,1,0.2859,0.0204,Debit Card,Electronics,1
41,1489.28,7,1,0,5,19.13,283,0,0,0.1032,0.0358,Credit Card,Electronics,0
43,1568.49,6,0,0,3,11.28,514,2,0,0.0945,0.0569,Credit Card,Electronics,0
28,636.33,4,2,1,4,7.42,916,3,1,0.3894,0.2609,Debit Card,Accessories,1
32,1599.16,7,1,1,5,25.69,990,1,2,0.2959,0.1253,Cash on Delivery,Fashion,0
25,1208.86,8,1,0,3,6.3,1105,2,0,0.1463,0.0424,UPI,Fashion,1
32,971.8,8,0,0,3,15.52,545,4,0,0.0219,0.0393,Debit Card,Grocery,0
40,1468.79,5,1,0,2,16.56,302,3,0,0.2159,0.04,Credit Card,Fashion,0
35,1247.92,7,1,0,3,16.4,463,2,0,0.1633,0.0156,UPI,Home,0
46,1090.11,3,0,0,2,13.7,413,3,0,0.1254,0.0619,UPI,Fashion,0
18,556.79,7,3,3,8,40.9,908,7,4,0.4406,0.4029,UPI,Electronics,1
24,2187.12,4,0,0,3,21.96,412,6,1,0.093,0.0602,Credit Card,Home,0
39,528.45,3,0,0,5,34.96,222,0,0,0.1096,0.0879,UPI,Grocery,1
23,2149.69,8,0,0,5,14.51,383,2,1,0.0692,0.0289,Debit Card,Beauty,0
35,1032.03,6,0,0,3,5.7,1325,1,2,0.1863,0.0241,UPI,Home,0
41,577.63,11,0,0,5,17.5,514,0,1,0.1091,0.0454,UPI,Fashion,0
32,2682.8,9,2,0,2,20.52,1041,1,2,0.3035,0.021,Cash on Delivery,Electronics,0
39,999.21,7,1,1,3,10.97,225,1,2,0.3098,0.1697,Debit Card,Grocery,0
25,292.23,6,0,0,4,11.04,628,1,0,0.0451,0.0306,Net Banking,Home,0
19,4496.9,4,0,0,3,4.69,624,1,0,0.1103,0.047,Cash on Delivery,Accessories,0
39,1205.18,7,0,0,5,12.69,1191,0,0,0.0301,0.0205,UPI,Fashion,0
50,304.25,9,1,1,4,7.49,774,4,1,0.13,0.1166,UPI,Grocery,1
25,1247.54,12,2,2,1,38.92,552,2,0,0.1616,0.1716,UPI,Home,0
45,1065.62,7,0,0,2,13.77,1013,0,1,0.1633,0.0452,UPI,Electronics,1
34,623.88,7,0,0,5,11.3,811,0,0,0.0422,0.0444,UPI,Electronics,0
18,573.39,4,1,0,3,45.75,459,3,0,0.2253,0.0662,Debit Card,Beauty,1
29,1373.78,11,6,3,5,30.18,306,5,4,0.5307,0.2646,Cash on Delivery,Beauty,0
22,2722.6,5,1,0,5,14.56,502,2,2,0.2532,0.0473,Credit Card,Beauty,0
24,1469.18,4,0,0,2,19.77,1008,1,0,0.0729,0.0525,Credit Card,Fashion,0
34,1316.52,10,0,0,3,14.16,1186,0,0,0.0255,0.0317,Cash on Delivery,Fashion,0
30,2895.83,14,0,0,3,10.66,1326,4,0,0.0073,0.0,Credit Card,Accessories,0
22,1112.22,5,2,1,3,20.7,667,1,3,0.4942,0.2326,Credit Card,Beauty,1
23,1233.58,13,7,0,2,28.13,301,3,1,0.4486,0.023,UPI,Fashion,0
19,1880.08,8,0,0,2,16.14,939,3,1,0.0875,0.0538,Credit Card,Grocery,0
32,2873.52,7,0,0,5,13.67,301,2,4,0.2384,0.0397,Net Banking,Electronics,1
26,1908.39,8,0,0,3,15.26,954,1,1,0.1276,0.0502,UPI,Home,0
36,1745.5,7,1,0,4,13.01,277,5,0,0.1202,0.0055,Credit Card,Electronics,0
34,1311.71,11,0,0,2,33.42,1130,4,0,0.0,0.0014,UPI,Beauty,0
29,2784.97,10,0,0,2,19.17,961,4,1,0.0489,0.0303,Debit Card,Fashion,0
36,1491.25,8,0,0,4,8.83,494,0,0,0.0284,0.031,Debit Card,Grocery,1
43,1377.65,3,1,0,5,9.17,965,5,0,0.2721,0.0737,Debit Card,Fashion,0
38,1460.02,12,0,0,4,6.42,316,2,0,0.0535,0.0078,Cash on Delivery,Fashion,0
28,1437.6,3,1,1,3,28.78,22,4,2,0.4047,0.3553,Credit Card,Home,1
33,1303.72,10,1,0,3,11.35,1102,1,0,0.1088,0.0252,UPI,Fashion,1
24,692.54,1,1,0,5,9.36,405,10,3,0.5879,0.1373,UPI,Grocery,0
18,1697.39,9,4,1,4,23.95,447,8,1,0.3508,0.0918,Credit Card,Fashion,1
42,2029.56,14,0,0,2,8.41,826,1,0,0.0554,0.015,Credit Card,Grocery,0
25,794.95,11,0,0,5,26.15,547,3,1,0.0529,0.0226,UPI,Home,0
32,597.0,7,0,0,4,16.41,340,3,0,0.0573,0.0278,Credit Card,Electronics,0
22,733.09,7,1,0,5,9.15,69,7,6,0.3269,0.0484,UPI,Electronics,1
32,2548.92,9,0,0,6,17.47,486,3,0,0.0456,0.0237,Debit Card,Electronics,0
23,808.78,9,0,0,5,25.76,314,2,0,0.0604,0.07,Credit Card,Fashion,0
30,582.34,8,1,1,3,14.5,1054,1,1,0.2264,0.1488,Credit Card,Electronics,0
18,3617.81,4,0,0,6,23.47,1013,0,0,0.0782,0.0402,UPI,Grocery,0
51,824.18,11,0,0,4,29.87,1218,3,2,0.092,0.0,UPI,Fashion,0
26,2174.68,7,0,0,2,12.07,353,3,2,0.1681,0.059,Debit Card,Beauty,0
48,3198.64,4,1,0,2,19.39,332,1,1,0.3082,0.0413,UPI,Electronics,0
22,889.49,3,0,0,6,18.38,353,1,2,0.2068,0.0747,Credit Card,Accessories,1
34,464.51,13,0,0,4,13.86,313,1,3,0.2299,0.0,Credit Card,Accessories,0
19,1457.1,9,2,2,3,18.83,244,5,4,0.3093,0.237,UPI,Home,1
39,1481.77,6,0,0,5,20.22,411,0,0,0.0402,0.0249,Credit Card,Grocery,0
26,562.66,6,2,1,5,15.2,111,5,1,0.275,0.1894,Credit Card,Grocery,0
30,485.52,9,0,0,4,9.31,1306,3,0,0.0428,0.0487,UPI,Grocery,0
36,1177.39,12,5,0,3,18.45,1382,0,0,0.3399,0.062,Cash on Delivery,Grocery,0
40,660.64,8,1,0,5,3.72,723,1,0,0.1519,0.022,UPI,Electronics,0
20,1070.2,9,3,1,5,37.74,19,6,3,0.366,0.1139,Debit Card,Electronics,1
40,950.85,6,1,0,4,15.58,2402,5,1,0.1827,0.0661,Credit Card,Grocery,0
28,935.61,8,5,2,4,23.03,198,1,3,0.6681,0.2312,UPI,Fashion,1
31,543.78,5,2,2,4,17.02,302,4,1,0.3032,0.317,Credit Card,Electronics,1
41,2032.57,7,0,0,5,6.55,462,4,1,0.081,0.0,Debit Card,Fashion,0
31,619.73,4,0,0,3,7.3,636,1,0,0.0544,0.0534,UPI,Home,0
30,2018.09,3,1,0,2,4.62,2935,2,1,0.3118,0.0412,Credit Card,Accessories,0
20,1791.81,4,0,0,4,15.52,691,0,0,0.0531,0.0787,UPI,Electronics,0
22,2337.87,8,2,1,4,24.33,445,3,1,0.2324,0.13,Cash on Delivery,Beauty,1
39,1058.3,6,0,0,5,9.86,1286,2,1,0.1275,0.0141,UPI,Accessories,1
44,1938.45,9,1,0,2,9.71,1106,2,0,0.1019,0.0157,Debit Card,Home,0
32,1689.84,7,0,0,3,33.37,535,9,3,0.1127,0.0301,Net Banking,Accessories,0
49,1158.14,5,0,0,4,5.15,512,4,0,0.0463,0.0383,Debit Card,Accessories,0
18,1121.49,4,1,1,5,27.88,335,2,0,0.1988,0.2524,Credit Card,Fashion,1
37,1956.08,5,0,0,4,11.58,2761,0,2,0.2479,0.0353,Debit Card,Electronics,0
27,1370.13,10,4,0,3,3.59,1135,2,0,0.3025,0.0224,UPI,Grocery,0
19,733.58,12,1,0,3,20.14,833,2,0,0.0875,0.0236,Net Banking,Grocery,0
43,511.72,9,2,1,3,8.33,365,3,1,0.2415,0.1322,UPI,Home,1
18,1327.71,5,2,0,4,24.01,753,1,1,0.3575,0.065,Credit Card,Grocery,0
31,1942.64,7,1,0,3,9.6,1354,0,0,0.1584,0.056,UPI,Grocery,0
32,1874.47,9,0,0,2,18.35,735,0,0,0.0282,0.0436,Debit Card,Grocery,0
33,2437.07,12,2,1,3,10.46,850,4,2,0.1986,0.0958,UPI,Grocery,0
34,1020.17,8,0,0,1,3.41,1052,5,0,0.0238,0.0224,Cash on Delivery,Home,1
35,1175.12,8,1,0,4,11.93,300,3,1,0.2198,0.0167,UPI,Fashion,0
18,1550.01,5,0,0,4,9.42,374,0,0,0.0892,0.0299,UPI,Accessories,0
34,1820.76,4,2,0,4,15.22,1154,1,1,0.4331,0.0648,UPI,Electronics,0
18,1532.29,9,3,0,4,8.61,656,2,2,0.3572,0.032,Cash on Delivery,Grocery,1
41,2939.08,7,0,0,3,22.85,803,0,0,0.0535,0.0339,UPI,Fashion,0
29,1385.49,9,1,0,4,4.54,862,0,0,0.0682,0.0764,Credit Card,Fashion,0
18,996.98,8,2,0,3,14.77,681,1,0,0.2257,0.0,UPI,Grocery,0
27,827.52,8,0,0,4,15.66,2120,3,1,0.0583,0.0195,Cash on Delivery,Grocery,1
29,2778.05,9,1,1,3,17.18,1516,2,0,0.0857,0.1306,Credit Card,Electronics,1
20,582.83,4,1,1,2,31.28,127,3,2,0.3084,0.2385,UPI,Home,0
45,1784.3,3,0,0,6,29.38,523,2,0,0.0591,0.1153,Net Banking,Fashion,0
36,697.42,9,1,1,2,16.51,643,1,2,0.2608,0.1296,UPI,Grocery,0
37,1010.27,8,3,0,4,4.3,1332,2,0,0.3226,0.0305,Credit Card,Accessories,0
45,3000.72,8,0,0,3,17.3,1301,2,1,0.0865,0.0451,Credit Card,Electronics,0
28,1272.41,6,4,1,6,17.56,756,4,1,0.5167,0.168,UPI,Electronics,0
33,2746.91,9,0,0,4,12.38,436,0,0,0.0132,0.0592,Cash on Delivery,Electronics,0
41,1361.29,9,0,0,4,10.17,459,2,0,0.0023,0.0451,Cash on Delivery,Grocery,0
40,1069.66,8,1,0,4,7.61,789,0,0,0.1309,0.0,UPI,Electronics,0
22,567.23,5,1,0,6,8.91,1598,1,0,0.1991,0.0312,Cash on Delivery,Home,0
47,1588.09,12,1,0,5,4.28,520,3,1,0.168,0.0444,Cash on Delivery,Electronics,0
21,2147.49,7,0,0,2,6.4,1207,5,0,0.0275,0.0503,UPI,Electronics,0
42,1157.92,10,1,0,1,28.78,557,2,0,0.0967,0.0349,Debit Card,Home,0
20,872.26,10,2,0,3,6.13,826,1,1,0.22,0.0732,Cash on Delivery,Beauty,0
39,1670.4,11,0,0,4,3.79,1482,0,0,0.0683,0.0,Cash on Delivery,Beauty,0
51,1234.09,5,1,0,4,11.64,326,1,1,0.2508,0.049,Credit Card,Fashion,0
32,2300.72,7,0,0,4,8.8,868,1,1,0.0776,0.0042,Credit Card,Grocery,0
32,2309.29,11,1,0,2,5.13,387,2,0,0.1035,0.0275,UPI,Beauty,0
34,1985.4,8,0,0,1,11.31,339,10,2,0.0742,0.0361,Credit Card,Fashion,1
39,2377.4,11,2,0,2,4.62,2232,1,1,0.237,0.0292,UPI,Electronics,0
36,1787.97,1,0,0,7,28.81,218,5,1,0.1803,0.165,UPI,Accessories,0
31,1087.69,3,0,0,2,31.21,692,2,0,0.0691,0.088,UPI,Home,0
50,1151.98,6,0,0,5,14.39,1394,5,1,0.0547,0.0164,Net Banking,Fashion,0
36,753.58,7,0,0,4,12.21,306,0,0,0.0267,0.0628,Cash on Delivery,Beauty,0
31,2919.1,8,2,0,4,13.19,1589,4,0,0.2194,0.0388,Debit Card,Grocery,0
29,1363.59,13,2,2,4,14.71,1290,0,0,0.198,0.2141,UPI,Electronics,0
26,1689.68,9,0,0,5,39.39,1741,1,0,0.0572,0.0,Credit Card,Accessories,0
28,1695.26,4,0,0,2,4.54,1396,1,0,0.0433,0.0764,UPI,Beauty,0
42,935.0,5,2,1,5,14.23,317,3,3,0.424,0.1825,Net Banking,Electronics,0
31,780.41,8,0,0,4,0.95,553,6,0,0.0267,0.005,UPI,Home,0
30,1157.92,5,0,0,3,7.51,238,4,0,0.0979,0.0412,Debit Card,Fashion,0
28,3389.01,5,0,0,2,8.78,771,3,0,0.0759,0.056,Debit Card,Fashion,0
53,1739.56,3,1,0,2,22.84,696,2,0,0.2684,0.0848,Net Banking,Electronics,0
25,903.4,13,2,0,3,13.54,875,2,0,0.1487,0.0183,UPI,Home,0
35,1075.36,10,1,0,2,1.07,973,1,1,0.1964,0.0141,Credit Card,Electronics,0
26,834.39,4,2,1,5,7.59,657,9,1,0.4129,0.2342,UPI,Fashion,1
39,2162.43,12,2,1,1,3.08,1695,0,0,0.1311,0.0875,Credit Card,Grocery,0
40,2765.52,4,0,0,3,11.44,1428,1,0,0.0838,0.0598,UPI,Grocery,0
33,535.31,8,0,0,5,17.02,1631,4,2,0.1056,0.0593,Credit Card,Accessories,0
28,587.67,4,3,1,2,16.34,810,2,0,0.5608,0.2719,UPI,Beauty,1
32,1312.04,8,1,0,3,10.8,699,2,0,0.1406,0.0581,Credit Card,Fashion,1
38,1808.07,8,0,0,3,11.32,1317,3,0,0.0255,0.044,UPI,Grocery,0
36,2534.33,13,0,0,2,30.92,1285,1,1,0.0812,0.0181,Credit Card,Fashion,0
32,1227.98,11,0,0,2,10.78,1660,3,1,0.0601,0.063,Debit Card,Home,0
20,848.72,9,0,0,5,12.59,770,3,0,0.0465,0.0469,UPI,Accessories,0
30,542.09,11,2,0,2,4.4,2095,3,0,0.1418,0.0183,UPI,Beauty,0
24,895.45,10,0,0,2,6.81,2155,3,0,0.0547,0.0,Cash on Delivery,Beauty,1
28,1353.07,6,2,0,3,7.0,416,1,0,0.2279,0.0663,Debit Card,Accessories,0
34,1457.61,4,0,0,4,2.55,845,3,1,0.1554,0.0665,Debit Card,Beauty,0
37,1426.5,4,1,0,4,7.18,1146,1,0,0.2272,0.0856,UPI,Electronics,0
50,2367.47,3,0,0,3,22.94,978,0,0,0.1413,0.1124,UPI,Electronics,1
29,1417.24,5,0,0,2,26.79,400,3,1,0.0637,0.0532,UPI,Fashion,0
41,1174.22,10,0,0,4,7.56,437,2,1,0.097,0.0256,Credit Card,Beauty,0
37,1017.42,7,1,1,4,4.01,456,2,0,0.1498,0.1444,Debit Card,Fashion,0
46,1430.19,6,0,0,2,17.23,464,3,0,0.0533,0.0396,UPI,Fashion,0
21,1570.2,6,1,1,6,40.38,246,6,2,0.2584,0.1804,Debit Card,Home,1
19,1406.3,5,0,0,3,24.82,1066,7,4,0.1441,0.0422,Net Banking,Fashion,1
39,887.68,4,0,0,4,12.11,899,0,0,0.0884,0.0433,Credit Card,Grocery,0
25,2209.19,6,0,0,3,16.08,2269,2,0,0.0506,0.0102,UPI,Grocery,1
18,1380.59,8,0,0,4,18.88,369,3,0,0.0123,0.0341,UPI,Fashion,0
37,4774.89,7,0,0,4,4.36,750,0,0,0.0,0.0306,Net Banking,Fashion,0
29,5022.94,7,0,0,3,1.07,819,0,1,0.1305,0.0402,Debit Card,Grocery,0
25,1086.78,4,0,0,5,20.51,1971,2,1,0.1133,0.0525,Debit Card,Fashion,0
23,1448.97,7,0,0,2,6.46,1247,1,0,0.1032,0.0491,Credit Card,Grocery,0
35,598.25,8,0,0,2,18.95,940,5,1,0.1259,0.0717,Debit Card,Home,0
48,709.73,12,0,0,4,5.83,426,1,0,0.0,0.0028,Net Banking,Accessories,0
30,2788.95,12,4,1,2,3.52,1005,1,2,0.3818,0.0973,UPI,Electronics,0
39,2059.39,1,0,0,3,25.15,1378,1,2,0.3301,0.1567,Net Banking,Fashion,1
33,1128.74,5,1,1,3,14.94,361,2,0,0.1611,0.1897,UPI,Beauty,0
31,1351.33,10,2,2,5,10.77,627,10,6,0.2535,0.2444,Cash on Delivery,Fashion,1
23,3168.68,1,0,0,9,17.7,182,5,3,0.3174,0.1742,UPI,Grocery,1
22,1218.89,6,0,0,4,6.16,937,4,1,0.1171,0.0513,UPI,Accessories,0
41,1105.73,7,0,0,3,9.3,1110,2,1,0.0856,0.016,UPI,Fashion,1
24,1336.9,9,0,0,5,6.54,1218,1,0,0.0538,0.0292,UPI,Beauty,0
34,1119.15,5,2,0,5,9.17,1131,0,0,0.3366,0.0088,UPI,Fashion,0
31,1348.1,6,1,0,3,11.36,1527,3,0,0.1118,0.0311,Credit Card,Electronics,0
42,1624.92,12,1,1,2,4.35,347,3,0,0.0551,0.0858,UPI,Accessories,1
24,1371.93,9,1,0,2,8.51,1605,4,2,0.1899,0.0612,UPI,Beauty,0
38,2921.07,5,0,0,5,25.07,315,4,1,0.1131,0.0775,UPI,Beauty,1
26,1506.63,9,1,0,4,8.46,1168,2,1,0.1874,0.0,Credit Card,Electronics,0
29,1004.77,4,0,0,2,11.0,1583,3,1,0.1047,0.0527,Credit Card,Home,0
18,1701.87,5,0,0,3,17.73,588,0,1,0.1124,0.031,UPI,Electronics,0
53,3408.26,11,0,0,4,12.37,459,3,1,0.0794,0.0199,UPI,Home,0
39,5369.24,8,0,0,3,24.39,422,2,1,0.0903,0.0089,Cash on Delivery,Home,1
39,2200.09,9,0,0,3,23.99,586,2,0,0.0317,0.0293,UPI,Grocery,0
27,2286.5,15,1,1,2,8.58,608,3,0,0.0814,0.0697,UPI,Grocery,0
18,1701.65,2,0,0,5,25.92,179,4,2,0.1926,0.0612,Cash on Delivery,Grocery,1
33,530.63,6,1,1,4,21.6,434,2,5,0.4204,0.1741,Net Banking,Accessories,1
24,2683.56,11,0,0,4,5.87,687,2,2,0.157,0.0418,Credit Card,Electronics,0
21,1783.72,10,1,1,4,17.41,396,8,1,0.1445,0.0877,Debit Card,Fashion,0
30,620.24,5,0,0,5,15.59,1263,3,3,0.1581,0.0304,Net Banking,Electronics,0
40,1218.73,4,0,0,6,2.53,781,0,0,0.0804,0.0792,Credit Card,Electronics,0
18,2172.83,8,1,0,3,6.82,1002,3,1,0.1621,0.0344,UPI,Accessories,0
33,2935.82,6,1,0,2,9.14,568,4,0,0.1789,0.0322,Credit Card,Electronics,0
50,847.15,9,0,0,2,4.01,521,2,1,0.1099,0.0,UPI,Grocery,1
24,2603.97,7,0,0,4,10.49,538,2,2,0.1082,0.0556,Cash on Delivery,Accessories,0
35,709.6,6,0,0,4,20.32,986,2,1,0.1122,0.0517,Cash on Delivery,Accessories,0
54,1198.55,5,0,0,2,20.26,1087,6,1,0.0295,0.0495,Credit Card,Grocery,0
40,989.79,5,0,0,2,14.91,1357,5,1,0.1014,0.0689,Net Banking,Home,0
35,990.41,10,0,0,1,33.35,1128,5,0,0.0338,0.0449,Cash on Delivery,Grocery,0
39,1350.38,11,0,0,4,14.31,865,2,0,0.0214,0.0683,Debit Card,Electronics,0
30,910.61,9,0,0,6,14.94,708,4,0,0.0388,0.0,Credit Card,Fashion,1
46,872.7,9,1,1,2,11.12,371,5,1,0.1653,0.1208,Cash on Delivery,Home,0
22,1423.12,6,3,2,4,37.17,246,6,2,0.4065,0.3049,Credit Card,Electronics,1
30,1833.93,6,0,0,2,13.93,582,4,0,0.0146,0.02,UPI,Electronics,0
18,2533.12,4,1,0,1,1.53,286,0,1,0.2965,0.0783,Credit Card,Fashion,0
30,1554.51,10,2,1,3,7.5,831,2,2,0.2769,0.1308,UPI,Grocery,0
25,990.41,7,4,0,2,19.18,507,4,2,0.5099,0.0411,Cash on Delivery,Home,0
31,532.58,9,0,0,5,3.24,638,1,0,0.0,0.0589,UPI,Electronics,0
32,868.62,10,0,0,2,8.15,929,3,1,0.0615,0.0271,Debit Card,Accessories,0
45,1700.43,9,0,0,5,14.56,644,3,1,0.0099,0.0,UPI,Electronics,0
40,1395.19,6,0,0,6,5.12,513,7,0,0.0441,0.0,Credit Card,Home,1
33,4615.63,7,1,1,2,25.7,868,4,3,0.2755,0.1579,UPI,Beauty,1
36,1541.99,12,0,0,2,17.04,488,2,0,0.0154,0.0555,UPI,Fashion,1
34,826.41,10,1,0,2,10.08,1537,2,0,0.1064,0.0154,Cash on Delivery,Fashion,0
24,1166.51,4,1,0,7,17.4,332,4,3,0.3534,0.0385,Credit Card,Accessories,1
24,1415.57,9,0,0,5,33.49,860,4,1,0.0929,0.0476,Credit Card,Fashion,0
18,1566.7,13,0,0,4,12.48,1069,4,0,0.0531,0.0,UPI,Fashion,0
35,815.99,8,0,0,3,10.32,458,4,1,0.0464,0.0095,UPI,Home,0
41,3228.53,5,0,0,1,16.13,375,5,1,0.1123,0.0271,UPI,Beauty,1
33,1569.68,7,1,0,5,7.92,203,2,0,0.1321,0.0516,Debit Card,Grocery,0
29,2750.59,9,2,0,2,16.68,590,3,1,0.2798,0.024,Credit Card,Fashion,0
38,2215.36,10,0,0,4,4.0,1926,4,3,0.1325,0.0113,UPI,Fashion,0
33,1625.08,11,0,0,5,26.47,1025,0,0,0.0319,0.0551,UPI,Accessories,0
49,1625.05,9,3,0,2,21.05,605,1,2,0.3986,0.0708,Net Banking,Beauty,0
45,771.7,7,0,0,3,10.42,1304,2,1,0.0891,0.0176,Net Banking,Home,0
43,976.39,14,3,1,4,7.95,352,4,2,0.2411,0.083,UPI,Grocery,0
25,1110.32,5,1,1,7,20.65,1591,3,1,0.201,0.1995,Net Banking,Home,0
41,1543.28,10,0,0,3,21.02,1426,2,0,0.0646,0.019,Net Banking,Electronics,0
22,776.11,11,1,0,3,28.42,1595,2,1,0.1205,0.0139,UPI,Grocery,0
40,1703.9,5,0,0,4,5.45,601,2,0,0.023,0.0726,Cash on Delivery,Fashion,0
37,1795.43,4,1,0,3,6.18,652,4,2,0.3029,0.0732,UPI,Electronics,1
39,2407.77,7,1,0,4,8.26,918,2,1,0.1873,0.0512,Debit Card,Fashion,0
38,2643.31,7,0,0,3,18.59,367,1,0,0.0401,0.0566,Cash on Delivery,Fashion,0
23,3399.41,5,2,1,4,7.03,201,4,7,0.5501,0.2118,Credit Card,Home,0
43,2249.8,6,0,0,6,33.51,441,7,3,0.1231,0.0389,UPI,Home,1
38,434.91,6,0,0,1,11.32,775,3,0,0.0607,0.0456,UPI,Accessories,0
58,736.9,8,1,0,2,19.24,2259,4,0,0.1496,0.0733,Cash on Delivery,Home,0
33,1627.75,3,0,0,4,18.81,540,0,2,0.2845,0.0915,UPI,Electronics,0
42,1041.35,7,0,0,4,6.85,719,4,0,0.05,0.0404,Credit Card,Home,0
30,824.53,7,0,0,5,8.85,740,3,0,0.0736,0.0417,Credit Card,Beauty,0
41,807.63,10,0,0,3,7.59,1317,1,0,0.0336,0.0396,Credit Card,Electronics,1
42,2749.74,5,0,0,3,21.23,986,1,0,0.1035,0.0464,Net Banking,Electronics,0
37,902.88,5,1,0,4,24.26,1276,3,0,0.1835,0.0355,UPI,Home,0
49,1287.81,2,0,0,3,25.55,587,3,0,0.091,0.0873,Credit Card,Fashion,0
24,1646.35,5,0,0,5,19.49,540,1,4,0.3131,0.0214,UPI,Home,1
26,1230.5,8,0,0,5,17.17,1127,2,1,0.1445,0.027,Cash on Delivery,Beauty,0
30,1117.37,9,2,0,3,17.61,364,1,0,0.2008,0.0017,Credit Card,Accessories,0
36,694.75,8,0,0,2,7.07,286,4,2,0.1139,0.0511,UPI,Fashion,1
42,413.47,5,1,1,4,16.79,1382,1,0,0.1934,0.1895,Debit Card,Electronics,0
36,1622.0,8,1,1,2,23.25,454,1,0,0.1186,0.1502,Cash on Delivery,Fashion,0
46,2076.19,3,0,0,3,5.61,228,6,2,0.093,0.0939,Debit Card,Accessories,0
28,774.98,6,1,0,4,8.65,779,3,0,0.1124,0.0551,Credit Card,Electronics,0
24,1023.48,6,1,0,4,8.52,1083,1,2,0.2825,0.0406,UPI,Fashion,0
37,1128.3,15,2,0,2,17.74,267,1,0,0.1442,0.0,Net Banking,Fashion,0
33,498.83,7,1,0,2,9.23,661,2,0,0.1313,0.0186,Credit Card,Grocery,0
39,574.87,9,1,1,3,33.69,1044,2,1,0.164,0.1134,UPI,Grocery,0
29,2554.64,6,1,1,2,24.43,151,6,2,0.2197,0.1528,UPI,Fashion,1
34,531.33,11,3,2,1,27.24,1017,4,0,0.1929,0.1956,Cash on Delivery,Home,0
31,1702.38,5,1,0,5,13.4,222,4,0,0.1682,0.0408,Debit Card,Accessories,0
33,579.51,11,2,1,1,14.58,882,0,0,0.2027,0.0919,UPI,Fashion,0
27,290.87,2,0,0,4,39.21,217,5,1,0.163,0.0999,UPI,Fashion,1
34,1885.98,11,0,0,3,15.03,924,1,0,0.0571,0.0242,UPI,Electronics,0
31,1216.36,4,0,0,4,13.3,781,1,1,0.1585,0.0299,Debit Card,Grocery,1
32,1102.64,5,1,0,2,11.33,1439,1,0,0.1722,0.0807,UPI,Home,0
30,997.69,6,1,0,2,6.27,692,2,1,0.2503,0.062,Cash on Delivery,Grocery,0
42,1548.94,4,0,0,3,7.65,1099,2,1,0.1222,0.0469,UPI,Beauty,1
36,1429.05,11,1,0,4,21.25,864,4,2,0.211,0.0023,Net Banking,Beauty,0
31,2389.73,8,1,0,6,30.78,257,4,2,0.2066,0.0206,Debit Card,Home,0
54,1447.15,13,0,0,4,1.35,974,1,0,0.0,0.0306,Credit Card,Electronics,0
35,1577.48,7,0,0,3,13.13,824,0,1,0.1269,0.0315,Debit Card,Accessories,0
29,1552.88,8,0,0,4,27.45,755,2,1,0.1295,0.0391,Credit Card,Home,0
58,846.22,11,0,0,4,2.53,1566,1,0,0.0,0.0238,Credit Card,Electronics,0
24,2824.9,6,2,1,3,10.24,371,2,2,0.3218,0.1745,UPI,Beauty,0
38,1502.03,7,2,1,4,3.89,549,1,0,0.2465,0.1762,Credit Card,Accessories,1
43,930.34,10,2,0,2,14.39,524,2,0,0.1672,0.0,Debit Card,Accessories,0
39,1208.09,12,1,0,2,8.02,1512,0,0,0.123,0.0217,UPI,Fashion,0
40,916.23,7,0,0,3,13.41,556,1,1,0.1142,0.0414,UPI,Beauty,0
39,1924.97,9,0,0,3,7.33,255,2,0,0.0298,0.0669,UPI,Fashion,0
24,629.21,6,0,0,3,28.67,764,3,0,0.0474,0.0095,Credit Card,Home,0
27,1600.45,6,2,0,3,40.75,266,4,2,0.3222,0.0375,UPI,Electronics,1
32,2436.73,12,5,2,5,17.51,579,5,2,0.3804,0.1519,Credit Card,Beauty,0
37,1067.6,8,0,0,1,7.14,299,0,1,0.0912,0.0326,UPI,Home,0
22,1465.98,7,0,0,2,11.33,151,3,2,0.108,0.0,Debit Card,Grocery,0
22,1426.79,13,0,0,1,9.46,105,0,0,0.0257,0.0492,Debit Card,Home,0
32,1291.94,5,0,0,3,10.54,756,4,0,0.0599,0.0478,Net Banking,Accessories,0
27,2239.91,6,0,0,2,12.13,1045,3,1,0.0984,0.0281,UPI,Electronics,0
37,564.48,7,1,0,3,15.47,1440,4,0,0.115,0.0318,UPI,Grocery,1
37,648.59,7,0,0,3,7.54,1284,0,1,0.1238,0.0191,Cash on Delivery,Accessories,0
38,1074.46,16,2,2,3,12.03,347,3,1,0.1328,0.1514,Credit Card,Beauty,0
37,812.63,8,0,0,3,9.08,639,0,0,0.0613,0.0933,UPI,Beauty,0
29,979.92,7,1,0,5,22.25,1135,3,0,0.1345,0.0583,UPI,Fashion,1
32,1513.7,8,1,1,3,21.05,726,5,2,0.1629,0.1554,UPI,Beauty,0
42,744.58,10,0,0,4,27.17,504,0,1,0.1225,0.0161,UPI,Beauty,0
44,904.15,8,0,0,3,15.53,208,2,0,0.0589,0.0454,Debit Card,Fashion,0
24,2179.26,11,2,0,1,8.62,800,3,0,0.1757,0.0322,Cash on Delivery,Grocery,1
20,625.92,8,0,0,4,20.36,341,2,1,0.1053,0.0298,Credit Card,Electronics,0
27,1176.09,15,0,0,4,14.56,964,2,1,0.0639,0.0,Debit Card,Grocery,0
38,1513.27,8,4,4,5,8.61,280,3,1,0.3749,0.4615,Credit Card,Electronics,1
43,2669.62,12,0,0,5,10.51,559,0,0,0.0269,0.0238,UPI,Fashion,0
45,1553.9,9,1,0,5,5.74,582,3,2,0.2127,0.0318,Credit Card,Electronics,0
38,1401.18,6,1,1,4,41.87,328,3,2,0.2588,0.1622,UPI,Home,1
26,618.25,9,0,0,2,15.48,1148,2,1,0.094,0.0372,Cash on Delivery,Fashion,0
37,571.13,9,1,0,2,1.81,539,3,1,0.164,0.0495,Credit Card,Beauty,0
51,1411.43,2,0,0,1,22.12,477,3,1,0.1691,0.1049,Credit Card,Fashion,1
34,601.22,6,1,1,5,42.53,126,7,4,0.2627,0.1712,Cash on Delivery,Beauty,1
38,2418.53,12,2,0,6,7.2,897,1,0,0.11,0.0068,UPI,Fashion,0
47,2167.76,8,0,0,5,17.22,548,3,0,0.0109,0.013,Credit Card,Grocery,0
43,1126.33,11,1,1,3,15.73,705,1,1,0.1732,0.0926,UPI,Accessories,0
26,1055.8,6,0,0,4,15.81,1735,0,0,0.0624,0.0524,Credit Card,Accessories,0
32,1007.56,8,1,1,3,26.52,837,4,0,0.0907,0.1751,Debit Card,Grocery,1
34,1667.78,9,2,0,3,15.83,714,2,0,0.1492,0.0514,Debit Card,Fashion,0
35,1206.49,9,0,0,2,4.02,1296,0,1,0.1014,0.0223,Debit Card,Grocery,0
30,1909.55,4,1,1,6,21.9,452,3,2,0.3662,0.2833,UPI,Home,1
42,1388.19,10,1,1,5,7.25,182,4,0,0.0776,0.1247,Debit Card,Grocery,0
38,1758.03,10,2,0,2,20.11,1381,5,0,0.1606,0.0139,UPI,Beauty,0
18,243.09,7,0,0,4,18.08,420,9,0,0.0377,0.0432,Credit Card,Beauty,1
18,824.55,11,2,1,4,5.9,176,2,0,0.1177,0.1077,Debit Card,Accessories,0
22,895.23,15,2,1,2,18.09,1695,2,1,0.1519,0.0887,UPI,Accessories,0
18,2026.31,11,0,0,2,5.61,316,1,0,0.0325,0.0169,Debit Card,Fashion,0
32,811.19,6,1,1,1,14.65,408,5,3,0.2731,0.1813,Credit Card,Home,1
36,1063.65,2,0,0,3,16.54,805,4,0,0.1158,0.1082,Net Banking,Fashion,1
36,1409.89,11,1,1,1,4.45,305,2,0,0.0808,0.1208,Credit Card,Electronics,0
26,2021.73,5,2,1,6,30.99,475,3,2,0.3864,0.2203,UPI,Electronics,0
37,1196.22,5,1,0,5,21.33,1220,1,0,0.1941,0.037,Debit Card,Grocery,0
27,3050.3,6,3,1,4,26.96,318,7,3,0.4033,0.2223,Debit Card,Electronics,1
18,2116.48,6,1,0,4,28.56,486,3,1,0.2217,0.0844,Cash on Delivery,Home,0
25,3085.18,5,0,0,5,8.12,1359,1,0,0.0644,0.0704,UPI,Grocery,1
40,817.45,6,0,0,3,16.99,1314,2,0,0.0115,0.0108,UPI,Beauty,0
40,965.14,7,0,0,3,1.79,497,2,3,0.181,0.0576,UPI,Fashion,0
23,823.0,12,1,0,4,30.56,982,1,1,0.1393,0.0,Debit Card,Electronics,0
21,990.94,10,0,0,3,5.05,1707,3,0,0.0374,0.0,Credit Card,Fashion,0
34,1440.54,12,0,0,4,21.35,703,0,0,0.0803,0.0302,UPI,Fashion,0
33,3845.59,6,1,1,4,20.01,396,9,2,0.2202,0.1711,UPI,Grocery,1
50,675.33,7,0,0,3,13.2,714,2,0,0.0356,0.0189,Credit Card,Grocery,0
49,2839.25,7,1,1,2,17.05,1043,1,0,0.154,0.1257,UPI,Electronics,0
18,969.47,3,1,0,3,10.77,88,5,2,0.3567,0.0842,UPI,Electronics,1
30,1455.66,10,1,1,4,16.58,118,2,1,0.1526,0.1322,Credit Card,Home,0
39,1293.81,6,0,0,6,9.45,496,2,1,0.117,0.0911,Credit Card,Fashion,1
36,2067.79,6,1,1,4,48.25,821,3,4,0.3506,0.1612,Cash on Delivery,Fashion,1
27,1329.01,9,0,0,3,11.16,376,4,1,0.0879,0.0434,Credit Card,Beauty,0
25,1680.44,4,3,3,4,14.08,327,3,0,0.5153,0.6663,Credit Card,Electronics,1
42,581.42,9,1,0,3,8.07,234,0,0,0.0931,0.058,Credit Card,Fashion,0
30,4613.65,6,1,0,3,9.22,1073,2,0,0.1184,0.0615,Debit Card,Grocery,0
27,1150.56,8,1,1,2,23.56,595,1,1,0.1727,0.133,Debit Card,Fashion,0
18,1999.46,8,0,0,1,15.68,947,7,0,0.0685,0.0239,Net Banking,Fashion,0
35,585.42,9,1,0,4,7.54,691,3,1,0.2154,0.016,Credit Card,Beauty,0
28,1290.17,6,1,0,3,25.42,1363,1,0,0.1318,0.0453,UPI,Electronics,0
35,1142.47,11,0,0,2,3.2,1517,3,1,0.1497,0.0283,Credit Card,Beauty,0
39,987.41,3,2,1,1,29.08,429,5,2,0.5384,0.3413,Credit Card,Electronics,0
18,897.47,6,0,0,2,18.04,818,1,1,0.1099,0.0379,UPI,Beauty,0
36,1420.98,11,0,0,3,18.7,1715,3,0,0.016,0.0495,Cash on Delivery,Fashion,0
18,1413.47,3,0,0,3,8.83,493,1,0,0.1092,0.0624,UPI,Electronics,0
44,1129.36,7,1,0,3,6.06,464,3,0,0.1157,0.0293,Debit Card,Electronics,0
23,1707.21,6,3,2,4,15.76,410,8,3,0.4791,0.3251,UPI,Accessories,1
34,547.75,14,4,4,5,23.33,360,3,3,0.3397,0.284,UPI,Beauty,1
39,571.38,9,1,0,2,28.04,853,0,0,0.0613,0.0116,UPI,Grocery,0
31,3038.26,8,0,0,2,16.59,987,3,0,0.0723,0.0199,Cash on Delivery,Fashion,0
39,1626.24,4,1,0,5,15.87,1500,1,1,0.2639,0.0338,UPI,Fashion,0
25,1042.74,5,0,0,3,4.06,752,2,1,0.1099,0.0426,Credit Card,Fashion,1
19,3393.2,9,1,1,3,15.68,1106,6,2,0.1708,0.1184,Credit Card,Fashion,1
35,826.89,7,0,0,5,11.66,907,5,2,0.1411,0.0342,Debit Card,Home,0
41,3967.97,8,0,0,4,14.51,3000,1,0,0.0398,0.0119,UPI,Home,1
18,574.0,6,0,0,4,11.27,432,3,1,0.0941,0.0221,UPI,Grocery,1
30,1193.23,11,0,0,2,13.81,660,3,0,0.0,0.0437,Debit Card,Electronics,0
37,1216.98,5,3,0,4,31.78,471,3,1,0.5223,0.0216,UPI,Accessories,0
34,1132.48,7,0,0,4,13.42,1012,1,0,0.0756,0.032,Credit Card,Fashion,0
32,1043.92,3,0,0,3,13.28,1954,3,0,0.0823,0.0596,UPI,Fashion,0
47,1126.44,8,0,0,3,2.5,595,3,0,0.0385,0.0,Cash on Delivery,Home,0
24,1393.33,8,0,0,3,27.34,290,2,1,0.0637,0.0,Debit Card,Electronics,0
28,3488.3,5,0,0,2,16.63,1715,2,2,0.2232,0.0426,Net Banking,Electronics,0
18,412.47,7,1,1,3,6.39,559,1,0,0.1515,0.1429,Debit Card,Electronics,0
48,397.87,8,2,0,3,20.29,462,2,1,0.2856,0.0162,Net Banking,Electronics,0
32,993.31,9,2,1,2,4.63,610,2,1,0.2548,0.1352,Cash on Delivery,Accessories,0
30,1128.33,15,1,1,4,5.8,489,5,0,0.0827,0.0838,Debit Card,Grocery,0
34,1691.4,8,2,0,2,12.6,988,0,0,0.2062,0.0305,Credit Card,Accessories,0
40,852.85,5,1,0,3,16.05,1211,1,0,0.1865,0.0467,UPI,Accessories,0
37,933.62,5,1,0,3,13.13,781,2,0,0.2041,0.0065,UPI,Fashion,0
58,1185.95,10,1,1,5,19.53,692,2,1,0.1573,0.0983,Credit Card,Fashion,0
38,2377.33,11,0,0,3,12.93,1335,5,0,0.0059,0.036,Cash on Delivery,Electronics,0
30,1045.1,6,0,0,5,27.45,500,0,0,0.1086,0.035,UPI,Accessories,0
29,1160.18,9,0,0,3,3.34,493,2,1,0.099,0.04,Debit Card,Home,0
30,2288.21,4,0,0,4,23.77,793,4,1,0.1087,0.0899,Credit Card,Accessories,0
20,543.14,9,1,0,1,29.54,336,5,0,0.1459,0.0306,UPI,Electronics,0
34,1809.9,7,1,0,3,15.9,302,0,2,0.3443,0.0409,UPI,Beauty,0
41,2863.61,8,0,0,2,2.85,582,1,0,0.0214,0.0481,Debit Card,Fashion,1
28,1632.14,6,0,0,2,9.01,659,3,0,0.0699,0.0042,Credit Card,Fashion,0
27,1394.5,8,0,0,4,5.25,1381,4,3,0.1497,0.0625,Credit Card,Home,0
48,369.31,12,0,0,4,2.47,719,4,0,0.04,0.0116,UPI,Fashion,0
36,287.66,4,2,0,4,18.62,244,3,6,0.6397,0.0628,UPI,Electronics,1
21,1514.96,6,0,0,4,13.3,589,5,1,0.1056,0.0197,Credit Card,Beauty,1
18,1419.65,5,0,0,4,16.98,381,2,1,0.1386,0.0751,Credit Card,Fashion,0
24,526.17,9,0,0,3,18.21,1270,1,0,0.0,0.0388,UPI,Fashion,0
20,1289.28,6,0,0,3,12.92,551,0,2,0.2542,0.0507,Credit Card,Fashion,1
37,1596.15,7,0,0,5,23.31,468,0,0,0.0176,0.0315,Credit Card,Grocery,0
31,2372.79,15,0,0,5,7.94,725,2,0,0.0149,0.0162,Cash on Delivery,Fashion,1
33,360.67,2,0,0,4,48.21,813,7,1,0.162,0.0869,Cash on Delivery,Electronics,0
32,1340.48,11,0,0,4,20.34,1320,3,0,0.066,0.0195,Credit Card,Accessories,0
26,2130.82,6,3,1,3,38.0,312,1,0,0.378,0.1819,Net Banking,Fashion,1
44,771.86,10,0,0,4,10.01,959,2,0,0.0791,0.0342,Cash on Delivery,Grocery,1
28,216.18,8,2,0,3,12.37,1018,2,1,0.209,0.0146,UPI,Grocery,0
41,1179.67,6,0,0,6,9.33,533,0,0,0.0321,0.0312,UPI,Fashion,0
48,2215.39,9,0,0,4,10.06,1118,1,0,0.049,0.0494,Debit Card,Fashion,0
30,588.0,10,0,0,3,6.41,1175,3,0,0.0216,0.0233,UPI,Home,0
41,1053.44,2,0,0,4,30.27,1017,1,3,0.3431,0.0746,UPI,Beauty,0
32,1202.02,8,0,0,4,6.39,1235,0,1,0.15,0.0439,Debit Card,Grocery,0
18,5116.65,3,0,0,4,35.38,448,4,2,0.1271,0.0873,Credit Card,Fashion,0
26,5856.45,3,0,0,2,7.84,383,3,2,0.179,0.0925,UPI,Accessories,0
42,1704.18,6,0,0,3,25.83,2036,3,0,0.095,0.0545,UPI,Fashion,0
20,1124.74,6,0,0,1,15.19,1513,2,0,0.0468,0.0696,UPI,Electronics,0
19,1595.74,9,0,0,6,15.81,447,4,1,0.0565,0.0,UPI,Electronics,0
30,962.36,9,1,1,3,2.84,487,2,0,0.1282,0.0927,Debit Card,Home,0
26,2252.94,8,1,1,4,1.72,1248,3,0,0.1573,0.1393,Credit Card,Home,0
29,2312.06,7,1,0,3,7.99,925,3,0,0.1689,0.0484,Credit Card,Home,0
32,2133.02,6,0,0,4,9.12,1787,2,1,0.1123,0.0469,Credit Card,Accessories,0
40,1082.86,7,0,0,6,19.11,1431,2,0,0.056,0.0512,UPI,Fashion,0
38,2057.27,6,2,1,4,36.82,816,3,1,0.2888,0.1818,Debit Card,Accessories,0
30,1463.97,10,2,2,2,16.11,579,2,0,0.2452,0.1949,UPI,Beauty,0
30,1708.07,6,1,1,5,18.13,341,5,1,0.1421,0.1983,Credit Card,Home,0
27,4277.21,13,0,0,2,33.29,352,1,0,0.0251,0.0328,UPI,Grocery,0
31,1579.29,12,0,0,2,21.04,1226,2,0,0.0154,0.0407,UPI,Electronics,0
27,559.16,8,0,0,2,7.63,535,1,1,0.0755,0.0368,UPI,Home,0
26,3065.11,5,3,0,4,10.01,652,3,1,0.5397,0.0326,Credit Card,Accessories,0
19,563.23,15,0,0,5,15.69,537,1,1,0.1111,0.0483,UPI,Accessories,0
35,886.13,9,0,0,1,23.68,776,3,0,0.0,0.0197,UPI,Electronics,0
29,1642.44,6,0,0,2,19.07,1124,1,1,0.104,0.0,Cash on Delivery,Accessories,0
43,1949.61,7,0,0,3,18.68,688,0,1,0.1628,0.0402,Credit Card,Fashion,0
21,1150.72,8,1,0,3,12.0,838,0,1,0.2566,0.0025,UPI,Electronics,0
29,403.94,6,1,1,2,9.84,724,1,0,0.111,0.1473,Cash on Delivery,Fashion,1
50,2717.46,9,0,0,4,23.01,1237,3,1,0.0841,0.0359,UPI,Electronics,0
26,596.39,7,0,0,1,2.12,1396,0,1,0.1382,0.0283,Cash on Delivery,Grocery,0
32,1329.24,9,1,0,3,11.07,1301,3,2,0.1907,0.0143,Credit Card,Accessories,0
23,713.42,7,2,0,4,3.01,1735,1,0,0.2581,0.0555,Credit Card,Electronics,0
18,1714.61,3,3,0,5,20.46,303,5,3,0.7317,0.0916,UPI,Beauty,1
22,1431.68,8,1,0,1,18.33,330,4,0,0.1195,0.0304,UPI,Grocery,0
48,781.64,5,2,0,2,13.69,1420,0,0,0.3009,0.0157,Debit Card,Home,0
36,1102.32,7,0,0,1,23.84,603,4,1,0.0824,0.0594,Cash on Delivery,Beauty,0
35,865.28,12,2,0,3,9.02,662,2,0,0.1763,0.0395,Debit Card,Fashion,0
19,2042.47,14,0,0,6,33.47,238,3,1,0.0816,0.018,Debit Card,Fashion,0
37,2589.08,7,0,0,2,8.87,1041,1,1,0.1271,0.0394,Debit Card,Beauty,0
44,2000.48,7,0,0,4,16.62,355,3,1,0.068,0.0297,UPI,Grocery,0
44,1661.85,7,0,0,1,4.16,1025,1,0,0.0218,0.0328,UPI,Electronics,0
40,1490.11,14,1,1,1,21.99,428,2,0,0.0775,0.1029,Debit Card,Electronics,0
24,1169.82,6,1,0,3,21.37,987,2,1,0.2181,0.0244,Credit Card,Electronics,1
37,633.18,10,2,0,4,3.25,1409,2,0,0.1782,0.0,Credit Card,Fashion,0
20,1991.17,6,3,0,6,45.35,505,4,2,0.4305,0.0532,UPI,Fashion,1
40,1125.0,4,0,0,4,7.59,967,4,0,0.0792,0.0289,UPI,Accessories,0
18,1322.38,6,0,0,3,16.33,699,2,0,0.0746,0.0411,Credit Card,Grocery,1
24,1001.29,8,0,0,3,17.83,822,2,1,0.094,0.0388,Net Banking,Home,0
42,3864.93,10,0,0,5,8.54,332,1,0,0.0874,0.0097,Cash on Delivery,Beauty,0
39,1638.38,3,0,0,5,27.26,615,4,2,0.1536,0.0716,Debit Card,Grocery,1
42,1518.35,9,0,0,3,11.58,626,2,1,0.0871,0.0385,UPI,Fashion,0
33,1613.07,6,1,0,3,14.39,803,4,2,0.2273,0.033,UPI,Fashion,1
19,631.61,7,2,2,4,35.05,456,4,5,0.478,0.2988,Credit Card,Grocery,1
20,2006.76,13,0,0,4,7.54,917,3,0,0.0224,0.0,Credit Card,Fashion,0
41,2488.93,8,0,0,3,22.99,299,1,2,0.1615,0.0311,UPI,Fashion,0
35,2783.2,10,1,1,4,17.72,192,2,0,0.1062,0.1716,Credit Card,Beauty,0
18,2107.18,4,1,1,6,17.87,624,3,0,0.1709,0.2713,UPI,Home,0
41,1549.02,6,0,0,5,27.28,1099,3,1,0.1154,0.0199,Credit Card,Electronics,0
28,1830.41,7,0,0,1,24.06,637,4,1,0.0446,0.0416,Debit Card,Fashion,0
40,1719.15,6,0,0,4,25.29,865,1,0,0.0599,0.0151,UPI,Electronics,0
42,2209.95,15,1,0,4,28.29,1104,3,1,0.1236,0.0,Credit Card,Accessories,0
31,879.06,11,0,0,5,30.77,818,5,0,0.1031,0.0348,Debit Card,Accessories,0
34,396.29,5,0,0,4,24.95,1146,1,0,0.0904,0.0285,UPI,Home,0
24,4363.57,5,2,2,2,26.38,657,8,2,0.3542,0.3871,Debit Card,Accessories,1
18,1282.79,9,2,2,4,55.38,316,7,2,0.2277,0.2379,Credit Card,Electronics,1
28,923.64,3,0,0,5,26.69,302,1,2,0.2083,0.0749,UPI,Home,0
28,1337.2,6,1,0,5,3.61,509,0,1,0.2648,0.0421,UPI,Beauty,0
49,1249.52,7,0,0,4,7.96,881,0,0,0.0146,0.0523,Credit Card,Fashion,0
33,728.33,9,0,0,2,20.01,226,1,1,0.1388,0.0198,UPI,Electronics,0
26,1101.13,4,0,0,5,12.8,787,4,1,0.1388,0.0737,UPI,Electronics,0
28,978.71,9,2,0,1,14.57,362,2,0,0.2049,0.0222,Debit Card,Fashion,0
35,2278.74,11,0,0,4,6.84,1994,4,0,0.0861,0.0129,Debit Card,Electronics,0
41,1173.85,7,0,0,4,12.22,651,1,0,0.0101,0.0181,UPI,Beauty,0
49,2036.05,1,0,0,6,33.38,202,6,1,0.2367,0.1514,Credit Card,Accessories,1
22,954.25,7,0,0,2,14.35,466,4,0,0.0252,0.0433,Cash on Delivery,Electronics,0
51,2103.97,3,0,0,1,17.03,672,2,0,0.1242,0.0815,Credit Card,Electronics,0
37,1570.06,7,0,0,4,24.98,676,4,1,0.1031,0.0295,Debit Card,Grocery,0
38,2041.12,9,0,0,1,6.95,309,0,0,0.0337,0.0235,UPI,Fashion,1
33,510.25,9,0,0,3,12.02,1317,3,0,0.0435,0.006,Debit Card,Accessories,0
18,1581.77,6,2,1,2,16.99,163,3,1,0.3063,0.1765,UPI,Fashion,0
28,1765.31,6,1,0,3,32.3,156,6,5,0.2961,0.052,Credit Card,Electronics,1
39,3732.92,4,1,1,4,43.95,152,8,2,0.2954,0.2583,UPI,Fashion,0
35,333.74,12,2,2,5,37.67,419,4,1,0.1927,0.1675,Net Banking,Electronics,0
34,2079.67,5,1,0,5,1.78,1400,1,0,0.1856,0.0463,UPI,Home,0
33,1453.19,4,2,0,5,17.28,1984,1,0,0.3345,0.0559,UPI,Grocery,1
43,1770.83,11,0,0,7,11.66,1448,0,1,0.148,0.0,Net Banking,Electronics,0
34,877.09,11,0,0,2,24.32,1302,3,0,0.0159,0.031,UPI,Accessories,0
41,2792.75,6,0,0,2,14.45,1015,4,0,0.0238,0.0545,Cash on Delivery,Fashion,0
30,1541.69,8,2,1,2,18.07,962,1,0,0.2436,0.128,Cash on Delivery,Electronics,0
36,2601.45,5,0,0,4,12.89,747,4,0,0.0293,0.04,UPI,Accessories,0
27,1553.12,11,2,0,4,18.97,890,0,0,0.1509,0.08,Credit Card,Electronics,0
45,934.63,5,0,0,4,11.71,922,0,0,0.0627,0.0446,Cash on Delivery,Electronics,0
26,758.77,7,0,0,6,15.2,905,3,1,0.1437,0.058,Credit Card,Grocery,0
31,1523.97,9,0,0,2,12.68,1300,2,0,0.0173,0.028,Debit Card,Electronics,0
31,771.83,7,0,0,2,16.91,471,2,1,0.1158,0.0133,UPI,Fashion,0
31,2093.59,9,1,0,2,4.24,975,3,2,0.2108,0.0354,Cash on Delivery,Grocery,0
41,789.27,5,0,0,3,6.43,667,1,0,0.0343,0.0326,UPI,Electronics,0
31,1049.58,7,1,0,3,14.75,1055,2,0,0.1766,0.0497,UPI,Home,0
47,1198.72,7,1,1,2,26.4,1573,3,0,0.1304,0.2041,UPI,Fashion,0
27,2026.66,5,0,0,4,16.11,976,5,0,0.0867,0.0886,Cash on Delivery,Fashion,0
36,1257.22,10,1,0,3,21.71,1673,0,0,0.116,0.0027,Credit Card,Accessories,0
27,906.98,8,0,0,3,28.78,1459,4,1,0.0857,0.0384,Credit Card,Fashion,0
38,6890.92,6,0,0,3,1.87,1277,2,0,0.0459,0.0528,Net Banking,Grocery,0
34,1266.57,5,1,0,4,11.43,1197,5,1,0.2521,0.0409,UPI,Electronics,1
33,1543.36,8,0,0,1,7.67,471,0,0,0.0392,0.0517,UPI,Electronics,0
45,692.28,7,0,0,4,19.47,906,2,0,0.0771,0.0238,UPI,Home,1
28,1013.06,8,0,0,4,13.3,1489,3,1,0.0944,0.035,UPI,Fashion,0
39,925.75,7,0,0,2,10.46,2083,2,1,0.1264,0.0195,Cash on Delivery,Electronics,0
27,1299.26,9,1,0,1,15.45,327,1,1,0.2115,0.006,Credit Card,Home,0
35,1949.27,10,0,0,4,21.6,274,2,0,0.02,0.0188,Debit Card,Electronics,0
23,1119.6,13,1,1,2,9.67,427,3,0,0.0047,0.0698,UPI,Home,0
28,2226.01,12,0,0,3,16.83,784,1,0,0.0348,0.0241,Credit Card,Grocery,0
33,1933.16,5,1,0,2,6.46,2244,0,0,0.1916,0.0353,UPI,Fashion,0
50,1704.6,10,0,0,3,13.8,793,1,0,0.0416,0.0338,UPI,Fashion,0
35,721.91,5,1,0,2,20.57,639,2,1,0.2829,0.0547,Net Banking,Home,0
49,889.15,11,1,1,2,11.53,395,2,0,0.0828,0.1342,UPI,Beauty,0
36,1024.96,8,1,0,6,39.53,814,4,2,0.2176,0.018,Net Banking,Fashion,0
31,708.95,8,0,0,4,8.85,2595,1,1,0.1384,0.0014,Credit Card,Fashion,0
48,690.76,5,0,0,4,7.17,494,0,1,0.1593,0.0678,UPI,Grocery,0
38,1539.12,9,1,1,4,19.03,539,5,2,0.1762,0.1243,Credit Card,Home,0
28,638.77,2,0,0,2,30.32,45,3,1,0.1761,0.0935,UPI,Electronics,1
28,2096.35,7,2,0,3,23.22,1248,2,0,0.3089,0.0451,Cash on Delivery,Electronics,0
38,1260.34,10,0,0,2,15.14,1552,0,0,0.0509,0.0189,UPI,Grocery,0
31,1112.58,7,0,0,3,15.24,581,2,0,0.1021,0.0221,Credit Card,Beauty,0
18,1147.26,9,0,0,3,19.03,847,3,1,0.0839,0.0553,UPI,Accessories,0
42,2966.17,6,1,0,3,29.0,1187,1,1,0.2671,0.048,Cash on Delivery,Fashion,1
44,265.33,7,1,1,2,22.16,840,3,0,0.1449,0.1638,Cash on Delivery,Electronics,0
51,609.39,7,1,0,5,17.07,1131,1,0,0.1966,0.0793,UPI,Electronics,0
28,3405.54,9,2,2,5,25.26,666,3,3,0.36,0.2336,Debit Card,Home,1
38,1211.32,5,3,1,4,6.75,1297,0,0,0.4497,0.2204,Cash on Delivery,Home,0
32,881.74,18,2,0,3,8.48,779,1,0,0.1323,0.032,Credit Card,Beauty,0
20,735.43,8,3,3,7,23.17,264,2,4,0.4806,0.3534,Credit Card,Beauty,1
42,1845.06,4,0,0,4,5.4,658,2,0,0.0068,0.0216,Credit Card,Beauty,0
27,1054.02,4,2,2,4,10.21,283,6,1,0.3542,0.4818,UPI,Fashion,1
42,4012.44,6,1,0,2,19.94,328,1,0,0.1563,0.0577,Cash on Delivery,Fashion,0
31,896.59,2,0,0,4,39.94,297,8,1,0.1577,0.1216,Credit Card,Beauty,0
49,1620.13,7,1,1,2,16.78,359,4,0,0.1665,0.1761,UPI,Electronics,0
34,839.01,6,0,0,1,26.37,385,3,2,0.087,0.0719,Net Banking,Home,0
38,1185.16,7,1,1,6,14.13,483,9,2,0.1823,0.1783,UPI,Beauty,1
33,885.67,7,0,0,4,3.16,1296,3,0,0.0357,0.0443,Cash on Delivery,Fashion,0
28,906.04,8,0,0,4,14.88,1656,1,1,0.134,0.0279,UPI,Accessories,0
39,2469.11,8,0,0,4,8.86,389,1,0,0.0328,0.0161,Credit Card,Beauty,0
20,1864.02,7,1,0,3,6.86,1173,2,1,0.166,0.0317,Credit Card,Beauty,0
41,2979.28,9,1,0,1,4.95,378,1,1,0.1965,0.0721,UPI,Home,0
39,316.99,11,0,0,3,14.93,228,0,0,0.013,0.06,Debit Card,Accessories,0
39,4318.77,9,2,0,3,20.57,2020,2,0,0.1991,0.0187,Credit Card,Grocery,1
35,2296.57,4,1,0,2,3.67,416,1,0,0.2118,0.0498,Debit Card,Accessories,0
48,2327.46,7,2,2,2,2.99,784,1,0,0.2178,0.2855,Credit Card,Beauty,1
42,1002.73,6,0,0,3,7.69,206,2,0,0.039,0.0111,UPI,Electronics,0
29,542.84,10,3,0,3,17.56,1274,2,1,0.272,0.0244,Credit Card,Home,1
29,1393.48,9,0,0,3,5.42,693,2,0,0.0287,0.0513,UPI,Electronics,0
26,846.3,6,0,0,1,17.27,852,2,0,0.0311,0.0485,UPI,Electronics,0
39,991.45,3,0,0,5,20.49,869,1,0,0.0972,0.0756,Cash on Delivery,Grocery,0
25,1268.37,11,0,0,3,6.85,421,3,2,0.1396,0.0198,Debit Card,Beauty,0
44,939.23,9,0,0,3,18.27,507,3,0,0.0325,0.0436,UPI,Grocery,0
46,1930.26,1,0,0,2,19.02,356,2,0,0.1995,0.1577,Net Banking,Grocery,0
24,1789.93,5,3,2,5,16.41,547,3,1,0.4785,0.3676,UPI,Grocery,1
26,807.63,9,0,0,4,4.42,981,0,2,0.1758,0.0482,Debit Card,Grocery,0
32,2549.92,10,0,0,3,9.63,853,3,0,0.0347,0.0208,Cash on Delivery,Beauty,0
34,1227.96,12,2,1,3,23.75,788,1,0,0.1091,0.0985,Cash on Delivery,Home,0
42,1395.12,11,0,0,3,9.67,1181,1,2,0.1487,0.0444,UPI,Home,1
27,526.9,5,3,2,4,4.03,82,3,3,0.5437,0.3585,Cash on Delivery,Grocery,1
48,1699.06,9,0,0,1,12.29,959,2,0,0.0612,0.0161,Credit Card,Home,0
19,1473.37,10,3,3,4,2.07,729,1,0,0.2335,0.273,UPI,Fashion,0
21,1459.5,2,1,0,3,22.14,511,5,1,0.4234,0.0831,Debit Card,Grocery,0
31,2658.82,9,3,1,3,37.15,1198,6,0,0.2467,0.145,Debit Card,Fashion,0
32,1177.08,7,1,0,3,8.88,542,2,0,0.1268,0.001,UPI,Grocery,0
21,1629.57,9,0,0,3,16.58,320,2,3,0.1493,0.0333,UPI,Electronics,0
30,974.56,11,1,0,3,13.86,674,3,3,0.2551,0.0078,UPI,Fashion,1
31,1494.57,5,0,0,4,28.61,256,6,6,0.2124,0.0528,Cash on Delivery,Electronics,1
35,1680.88,6,4,1,4,23.8,194,5,3,0.5445,0.1986,Credit Card,Home,0
38,1542.64,14,1,0,3,5.12,532,4,3,0.1963,0.0235,UPI,Electronics,0
31,276.21,6,0,0,4,11.59,1449,1,1,0.1043,0.0138,Credit Card,Electronics,0
34,1227.92,6,3,2,1,29.74,69,2,1,0.4135,0.363,Debit Card,Grocery,1
20,1802.09,10,2,0,2,28.19,1163,3,1,0.1913,0.0066,UPI,Fashion,0
60,590.43,7,0,0,4,7.78,453,1,1,0.1216,0.0279,Cash on Delivery,Grocery,0
20,506.1,6,5,1,4,12.48,83,2,1,0.6156,0.1856,UPI,Electronics,1
36,1496.08,5,0,0,1,11.33,407,5,0,0.1039,0.0505,Debit Card,Home,0
35,1637.38,9,2,0,5,26.86,551,0,1,0.2802,0.0543,UPI,Home,0
24,1544.52,6,0,0,3,13.28,747,2,0,0.0723,0.0695,Credit Card,Home,0
30,6147.09,8,2,1,4,19.57,169,2,1,0.2855,0.1747,Cash on Delivery,Beauty,1
36,2654.17,7,0,0,4,20.19,780,3,0,0.0348,0.0508,UPI,Fashion,1
33,1280.7,11,0,0,4,10.06,547,2,2,0.1044,0.0364,Debit Card,Fashion,0
18,1745.65,4,0,0,2,19.37,891,4,1,0.0941,0.0715,UPI,Grocery,0
24,2841.28,8,0,0,5,10.64,504,2,2,0.1474,0.0013,Cash on Delivery,Fashion,0
41,1343.32,8,0,0,3,9.21,1745,1,0,0.0274,0.0446,UPI,Electronics,0
51,1514.04,8,1,0,4,7.27,696,2,1,0.1926,0.0077,Credit Card,Home,0
37,934.29,10,0,0,2,14.32,1211,5,0,0.0634,0.0023,UPI,Fashion,0
44,1330.83,8,1,1,7,6.38,1275,1,1,0.1856,0.146,UPI,Fashion,0
24,4966.26,1,0,0,5,43.3,274,4,1,0.2484,0.1718,Cash on Delivery,Fashion,0
33,3640.31,6,3,0,3,9.58,762,0,0,0.4027,0.0441,Credit Card,Fashion,0
37,3166.66,6,1,0,5,22.73,134,4,3,0.2382,0.0433,Net Banking,Electronics,1
33,1782.55,6,1,0,3,6.33,579,4,1,0.2044,0.0152,Net Banking,Fashion,0
44,2044.28,8,0,0,4,5.02,321,2,0,0.0386,0.0,UPI,Electronics,1
49,1937.13,7,0,0,5,10.54,480,2,0,0.0147,0.0206,Credit Card,Accessories,0
46,1517.85,9,2,1,2,5.22,698,1,0,0.2116,0.1419,UPI,Beauty,1
28,368.49,4,1,1,5,13.59,829,2,2,0.2977,0.2661,Net Banking,Grocery,0
24,2874.97,15,0,0,2,16.39,476,2,0,0.0,0.058,UPI,Electronics,0
33,890.49,5,0,0,2,5.97,623,1,0,0.0422,0.0296,UPI,Electronics,0
36,1038.98,9,1,1,2,8.87,1898,2,0,0.1442,0.184,Cash on Delivery,Electronics,0
32,1158.0,12,0,0,4,10.67,666,2,1,0.0521,0.0604,UPI,Home,0
37,2070.66,11,1,1,3,5.93,989,1,0,0.0901,0.1092,UPI,Home,0
41,794.86,13,0,0,3,25.91,1283,2,0,0.0315,0.0,Debit Card,Home,0
43,1136.77,10,1,0,3,13.55,1790,2,2,0.263,0.0392,Net Banking,Fashion,1
49,568.37,7,0,0,5,7.35,1034,1,1,0.094,0.0436,Debit Card,Electronics,0
31,697.07,9,0,0,5,15.54,107,1,1,0.1258,0.0741,UPI,Home,0
22,1068.69,12,0,0,4,5.82,898,2,0,0.0129,0.0,UPI,Fashion,1
37,904.53,2,0,0,3,8.28,412,0,1,0.2145,0.1018,Credit Card,Beauty,0
51,721.06,8,1,0,2,2.98,544,3,2,0.1948,0.001,Cash on Delivery,Fashion,0
30,1572.63,6,0,0,4,15.55,774,5,2,0.0865,0.0187,Debit Card,Fashion,1
40,775.95,12,0,0,2,5.91,1266,2,0,0.0048,0.0193,Debit Card,Electronics,0
40,878.06,6,0,0,3,9.16,781,6,0,0.0516,0.047,UPI,Beauty,1
36,1618.41,5,0,0,4,5.43,446,3,1,0.1161,0.0155,Net Banking,Electronics,0
18,2474.66,6,0,0,4,44.92,79,10,0,0.0423,0.0321,UPI,Grocery,0
34,946.96,5,0,0,4,7.07,1288,2,0,0.0895,0.0494,Credit Card,Home,0
26,3139.33,6,1,1,3,22.67,457,2,0,0.1157,0.1916,Cash on Delivery,Fashion,0
27,2270.15,6,1,1,3,30.98,221,2,4,0.3539,0.1592,Cash on Delivery,Grocery,1
33,660.35,7,2,1,3,12.22,597,4,3,0.3593,0.1715,UPI,Home,1
18,1388.87,6,0,0,3,30.94,113,3,0,0.0981,0.064,Net Banking,Fashion,1
31,556.73,8,3,2,3,29.16,477,3,1,0.3204,0.2919,Debit Card,Accessories,1
24,4786.79,12,1,1,4,17.56,549,0,0,0.0793,0.132,Cash on Delivery,Home,0
30,2439.77,6,0,0,4,20.97,473,2,2,0.1939,0.0507,UPI,Fashion,0
44,1597.31,11,0,0,4,13.31,843,2,1,0.0649,0.026,Credit Card,Fashion,0
33,1652.36,5,2,0,5,13.76,1252,1,0,0.3207,0.0689,Credit Card,Accessories,0
29,664.28,9,4,0,1,26.77,456,2,0,0.3374,0.0517,Debit Card,Home,0
26,2132.56,7,0,0,3,8.27,818,0,0,0.0252,0.0323,Credit Card,Grocery,0
40,1789.58,5,1,0,4,3.99,1556,5,2,0.2351,0.0401,Debit Card,Beauty,0
25,2079.55,12,6,1,4,14.86,110,9,3,0.4333,0.1189,Cash on Delivery,Electronics,1
24,2306.44,6,2,1,5,13.28,660,0,5,0.7505,0.1908,Net Banking,Beauty,1
46,792.83,6,1,0,3,1.95,426,2,0,0.1634,0.0738,Credit Card,Accessories,0
21,3550.46,7,3,3,7,13.39,551,5,4,0.4235,0.4243,Cash on Delivery,Beauty,1
26,3338.07,9,4,1,6,29.39,261,7,1,0.379,0.1219,Net Banking,Electronics,1
44,631.03,7,0,0,2,14.6,879,1,0,0.0417,0.0267,Debit Card,Grocery,0
39,1830.66,5,1,0,2,1.39,2254,3,1,0.2126,0.0562,Debit Card,Fashion,0
21,770.25,7,0,0,4,15.9,961,0,0,0.0496,0.0292,Debit Card,Beauty,0
22,1724.98,5,3,0,5,31.75,107,6,1,0.4581,0.0144,Debit Card,Beauty,0
31,1186.99,7,1,0,3,12.01,718,3,0,0.1649,0.0231,Debit Card,Fashion,0
52,487.93,8,0,0,1,1.81,1065,7,2,0.1154,0.0166,UPI,Grocery,1
44,966.51,6,0,0,4,6.98,1253,3,2,0.1554,0.0491,UPI,Beauty,0
20,729.54,5,0,0,4,9.88,858,1,1,0.1516,0.0398,UPI,Fashion,0
33,1129.3,8,1,1,3,2.15,1886,7,0,0.1241,0.1537,Debit Card,Grocery,0
37,1280.12,10,1,0,1,3.06,638,3,0,0.1553,0.0229,UPI,Home,0
27,707.93,3,1,0,4,13.97,524,2,1,0.3379,0.0791,Credit Card,Fashion,0
37,2360.24,12,5,1,2,41.47,70,7,2,0.3801,0.0957,Cash on Delivery,Accessories,1
22,2086.3,6,2,1,6,19.87,211,8,3,0.351,0.1867,UPI,Fashion,1
18,1206.02,3,1,0,5,23.4,979,5,0,0.2557,0.1017,Cash on Delivery,Fashion,1
30,1146.97,5,5,2,3,13.29,168,8,1,0.7143,0.3869,Cash on Delivery,Home,1
35,726.69,7,0,0,4,10.78,719,3,0,0.0,0.0521,UPI,Accessories,0
27,1689.34,8,2,0,3,11.26,1477,3,0,0.22,0.0446,Credit Card,Electronics,0
27,1454.82,11,3,0,6,24.62,1339,1,1,0.2682,0.0188,Cash on Delivery,Electronics,0
29,1765.29,12,4,4,6,19.0,761,1,5,0.5654,0.3309,UPI,Home,1
37,650.64,5,2,2,6,9.49,285,5,3,0.4256,0.3756,Credit Card,Grocery,1
31,855.6,4,0,0,6,8.87,914,1,1,0.147,0.0565,Cash on Delivery,Home,0
38,1118.86,9,4,3,4,28.52,538,8,3,0.3946,0.3423,Cash on Delivery,Home,1
33,2352.25,8,0,0,3,5.77,1081,2,0,0.0627,0.0434,UPI,Fashion,0
34,789.98,5,1,1,1,34.89,628,1,1,0.2458,0.1711,UPI,Accessories,0
26,1325.26,2,0,0,3,9.63,920,4,1,0.2004,0.0749,Cash on Delivery,Fashion,0
32,2273.31,8,1,0,2,26.18,191,3,0,0.1205,0.0506,Credit Card,Home,0
18,860.97,6,1,0,4,7.58,1563,4,0,0.1832,0.0387,Credit Card,Fashion,0
35,2045.74,8,4,0,5,39.84,312,2,2,0.4965,0.0463,UPI,Electronics,1
37,2607.18,6,0,0,2,11.66,988,2,2,0.1624,0.0371,Cash on Delivery,Grocery,0
18,1620.09,7,0,0,4,22.1,1057,2,0,0.0352,0.0463,Credit Card,Accessories,0
31,1146.78,14,1,1,5,9.84,774,2,1,0.0526,0.0677,UPI,Beauty,0
42,936.97,8,0,0,4,16.38,880,3,0,0.0281,0.0059,Cash on Delivery,Home,0
32,1144.58,5,4,0,7,16.94,176,10,0,0.5754,0.0571,Debit Card,Beauty,1
24,2062.48,8,0,0,3,4.23,712,2,0,0.0545,0.0126,UPI,Fashion,1
40,1367.78,9,2,0,4,4.55,1059,2,0,0.2166,0.0567,Credit Card,Home,0
21,4679.51,7,2,0,2,31.75,440,4,1,0.2963,0.0486,Credit Card,Beauty,1
44,1113.16,6,0,0,2,10.03,759,5,0,0.0511,0.0115,UPI,Fashion,1
18,393.67,7,0,0,5,15.39,750,2,0,0.0595,0.0336,Credit Card,Fashion,0
33,3331.2,9,0,0,2,7.28,141,2,1,0.0851,0.05,Net Banking,Fashion,0
18,647.62,8,1,0,3,7.08,941,1,1,0.1582,0.0641,Net Banking,Beauty,0
33,885.74,8,0,0,5,12.2,1037,2,2,0.1303,0.0103,Debit Card,Grocery,0
34,845.11,6,0,0,2,11.23,1176,2,0,0.083,0.0408,Credit Card,Grocery,1
20,746.49,7,1,1,5,32.96,142,5,7,0.3475,0.1591,Debit Card,Accessories,1
22,1940.36,4,0,0,6,30.92,849,2,2,0.1947,0.0711,Cash on Delivery,Home,0
18,2009.91,5,0,0,4,15.58,1057,0,0,0.0472,0.0429,Debit Card,Beauty,0
51,826.79,9,0,0,4,6.68,201,1,0,0.0377,0.0356,UPI,Home,0
35,1052.24,2,1,0,4,12.69,162,4,6,0.5974,0.1105,UPI,Home,0
37,1237.6,13,0,0,2,17.12,843,2,1,0.0802,0.0274,Cash on Delivery,Electronics,0
26,450.81,7,1,0,4,7.7,775,1,1,0.1762,0.0496,Credit Card,Home,1
47,863.76,3,0,0,3,10.47,591,1,1,0.1823,0.1148,UPI,Electronics,0
30,1049.19,3,1,1,4,22.87,933,4,1,0.3028,0.3741,Credit Card,Grocery,1
18,1330.61,9,1,0,3,10.81,1347,1,0,0.0705,0.0366,UPI,Beauty,1
23,818.59,14,0,0,2,8.8,905,2,0,0.0183,0.0094,UPI,Electronics,0
18,684.57,10,0,0,5,3.1,1358,2,0,0.0269,0.0306,Cash on Delivery,Fashion,0
36,2213.57,7,2,2,4,54.75,839,4,4,0.3777,0.2866,Debit Card,Beauty,1
50,1676.61,5,0,0,3,7.82,272,2,0,0.0522,0.0274,Debit Card,Accessories,0
37,459.86,7,4,1,4,49.3,568,4,3,0.4937,0.1507,Debit Card,Grocery,1
37,1948.73,6,2,0,1,6.17,613,6,0,0.2792,0.0214,Credit Card,Home,0
40,436.95,8,0,0,3,24.07,169,0,1,0.1242,0.03,UPI,Electronics,0
37,1964.53,7,0,0,3,20.94,1630,0,0,0.0358,0.0468,UPI,Electronics,0
39,678.57,7,0,0,2,21.68,1374,3,1,0.0861,0.019,Net Banking,Fashion,0
23,1017.92,5,0,0,1,22.88,464,2,4,0.2458,0.0432,UPI,Fashion,1
35,2067.85,7,0,0,4,24.73,1784,3,0,0.056,0.0439,UPI,Accessories,0
36,1733.11,8,1,1,4,13.53,1494,0,0,0.1185,0.1744,UPI,Home,0
35,846.09,10,1,0,3,24.79,848,1,0,0.113,0.0281,UPI,Fashion,0
29,1837.01,7,0,0,2,7.49,627,0,0,0.0824,0.0483,Credit Card,Electronics,0
34,824.7,4,0,0,2,34.39,1082,0,2,0.236,0.0518,UPI,Grocery,0
36,3404.29,9,1,0,3,2.68,646,2,2,0.2235,0.0517,UPI,Home,0
29,1012.45,7,3,2,5,29.14,544,4,1,0.4014,0.2881,Credit Card,Electronics,0
35,982.41,7,1,1,4,12.65,1097,2,0,0.1296,0.1797,Credit Card,Home,1
21,1839.87,7,1,0,3,12.36,653,1,0,0.1098,0.0344,Cash on Delivery,Electronics,0
22,1598.68,11,2,0,2,27.02,1244,5,0,0.1869,0.0188,Cash on Delivery,Electronics,0
44,580.52,6,0,0,4,18.87,461,1,0,0.0741,0.057,UPI,Grocery,0
31,1498.72,10,1,1,5,13.59,1221,1,0,0.0429,0.1186,Cash on Delivery,Electronics,0
29,602.31,9,0,0,5,33.58,273,2,0,0.0334,0.0264,Debit Card,Accessories,0
39,806.04,11,0,0,3,17.72,380,2,0,0.0747,0.0276,UPI,Fashion,0
24,1333.56,6,0,0,7,3.61,687,3,0,0.0102,0.0259,Credit Card,Fashion,0
21,671.65,11,1,0,3,3.12,315,0,1,0.1841,0.0293,Credit Card,Fashion,1
26,2412.93,8,0,0,4,38.45,409,2,1,0.1135,0.0242,UPI,Fashion,0
26,888.7,7,0,0,5,14.92,715,1,2,0.1519,0.041,Debit Card,Home,0
32,1149.3,11,0,0,4,11.96,319,1,0,0.0338,0.0042,UPI,Fashion,0
28,1134.07,8,0,0,4,18.78,583,2,0,0.002,0.0293,Net Banking,Fashion,0
46,1943.48,8,1,0,2,12.48,1005,2,0,0.118,0.0311,Debit Card,Fashion,0
36,1744.44,7,0,0,1,6.32,627,2,0,0.0218,0.0168,Debit Card,Accessories,0
51,3000.25,8,0,0,4,10.93,560,0,1,0.1118,0.0126,Credit Card,Electronics,0
38,1035.48,6,1,0,3,10.72,502,2,1,0.2052,0.0562,Credit Card,Grocery,1
18,2025.26,5,1,0,3,12.38,420,3,0,0.1639,0.0505,UPI,Home,0
25,693.52,3,3,0,2,17.66,476,6,1,0.7059,0.0817,UPI,Accessories,0
44,962.67,6,0,0,2,9.57,404,6,1,0.0863,0.0614,Net Banking,Grocery,0
20,680.16,8,1,0,3,3.66,1184,1,2,0.2591,0.0546,Net Banking,Home,0
36,911.88,3,0,0,5,21.05,1476,2,1,0.1429,0.102,Credit Card,Beauty,0
27,1538.53,7,1,0,4,9.51,792,3,1,0.165,0.0088,UPI,Fashion,1
53,1175.66,7,0,0,3,16.03,1368,3,0,0.0247,0.0466,Debit Card,Fashion,1
47,2541.89,9,0,0,3,19.96,1844,3,0,0.0467,0.0286,Credit Card,Electronics,0
27,972.69,7,0,0,3,9.12,721,2,1,0.0885,0.0562,UPI,Grocery,0
33,3447.5,9,1,0,3,10.99,582,1,0,0.1197,0.0111,Net Banking,Grocery,0
38,1040.27,6,1,1,8,10.63,276,5,2,0.2273,0.1833,Credit Card,Electronics,1
36,348.26,12,2,0,1,16.04,589,2,0,0.1308,0.0186,UPI,Fashion,0
29,1173.23,6,3,0,4,10.85,322,6,3,0.4491,0.0298,UPI,Home,1
42,1884.5,4,0,0,2,9.74,1020,2,1,0.1414,0.0572,UPI,Beauty,1
34,807.12,7,0,0,3,14.74,2547,0,1,0.0684,0.0334,Net Banking,Fashion,0
25,1451.56,3,0,0,4,2.05,287,1,0,0.0818,0.1028,Debit Card,Fashion,0
28,649.2,8,2,0,6,6.59,2271,5,0,0.1566,0.0187,Cash on Delivery,Beauty,1
34,2186.69,10,0,0,3,26.83,567,0,1,0.1356,0.0517,UPI,Electronics,1
45,1691.24,5,1,0,3,9.63,686,2,0,0.194,0.0537,Debit Card,Fashion,0
29,2542.67,5,2,0,5,27.24,476,5,1,0.2738,0.0578,Debit Card,Fashion,0
23,2166.8,10,3,1,4,6.46,213,6,2,0.3362,0.1,Credit Card,Electronics,1
38,1241.52,8,0,0,1,14.26,1126,3,3,0.1405,0.0187,UPI,Accessories,0
27,1728.76,7,1,1,6,8.44,2364,0,1,0.2269,0.1704,Cash on Delivery,Accessories,0
40,1192.47,6,1,0,3,9.41,71,1,1,0.229,0.0386,UPI,Home,0
31,932.64,16,0,0,4,8.2,504,1,0,0.0601,0.0425,UPI,Grocery,0
42,1611.01,11,1,0,4,15.85,1951,3,0,0.0932,0.0377,UPI,Electronics,1
34,2420.04,5,0,0,4,34.87,545,1,1,0.158,0.0494,Credit Card,Fashion,1
57,986.6,8,1,0,2,13.94,180,1,0,0.111,0.0202,Cash on Delivery,Accessories,1
31,633.81,2,0,0,6,18.88,383,2,3,0.2745,0.0825,Debit Card,Beauty,0
41,820.39,10,0,0,2,6.96,797,4,0,0.0409,0.0521,UPI,Electronics,0
27,3243.0,6,0,0,2,9.2,478,5,0,0.0418,0.0745,Credit Card,Home,0
33,1217.55,16,3,0,1,8.45,814,3,1,0.1618,0.0189,UPI,Grocery,0
34,879.81,5,0,0,4,7.35,988,3,0,0.0596,0.0497,Credit Card,Fashion,0
32,1316.7,9,2,0,4,19.18,759,0,1,0.2856,0.0492,UPI,Fashion,0
56,1180.0,12,0,0,3,4.44,1333,2,0,0.0224,0.0,UPI,Accessories,0
31,1161.65,8,1,1,2,12.15,1575,1,1,0.2099,0.1511,Credit Card,Beauty,0
21,1665.76,10,7,1,6,39.42,278,5,1,0.5357,0.1291,UPI,Fashion,1
39,1905.0,7,0,0,3,19.03,1561,1,1,0.1685,0.0183,Net Banking,Grocery,0
18,1639.91,5,0,0,5,16.29,434,1,0,0.1208,0.0601,UPI,Accessories,0
38,1426.92,12,0,0,4,0.39,1542,3,2,0.1059,0.0257,Net Banking,Fashion,0
44,2385.26,7,0,0,4,14.9,2357,1,1,0.0846,0.0335,Net Banking,Beauty,0
29,1517.86,5,1,1,3,18.13,1014,0,0,0.1879,0.2155,Credit Card,Grocery,0
33,1779.15,8,1,1,4,13.27,401,5,0,0.1393,0.1274,UPI,Home,1
18,1681.44,11,1,0,2,9.83,794,4,0,0.0848,0.0259,Cash on Delivery,Electronics,0
34,1690.97,7,0,0,2,11.19,831,5,0,0.0176,0.0192,UPI,Fashion,0
34,324.47,4,0,0,3,4.83,335,1,1,0.1194,0.0638,Credit Card,Accessories,0
41,2576.46,6,1,1,3,16.11,1091,1,0,0.1697,0.1565,UPI,Grocery,0
33,1988.19,7,4,2,4,30.54,244,5,2,0.4929,0.2772,Credit Card,Beauty,1
26,1855.1,7,2,0,4,17.86,796,3,2,0.3356,0.0467,Credit Card,Beauty,0
52,1638.02,8,0,0,3,5.27,587,2,0,0.0821,0.0444,Net Banking,Beauty,0
31,606.48,10,0,0,4,5.08,2433,2,0,0.0782,0.0672,UPI,Fashion,0
26,1183.57,10,0,0,2,16.92,1463,2,0,0.0563,0.0117,UPI,Beauty,0
32,3459.72,7,2,2,5,16.45,108,7,3,0.3091,0.2907,Cash on Delivery,Grocery,1
23,515.46,8,0,0,3,13.69,1163,1,0,0.0562,0.0438,Credit Card,Home,0
30,3607.46,8,1,1,5,14.22,62,4,2,0.2177,0.14,UPI,Fashion,1
36,1006.23,8,0,0,3,31.17,994,2,0,0.0073,0.0459,Debit Card,Electronics,0
38,481.74,8,0,0,3,20.22,176,2,1,0.1084,0.0346,Debit Card,Electronics,0
29,934.55,4,0,0,5,7.72,1534,2,0,0.0458,0.0486,UPI,Fashion,0
29,980.59,5,1,1,4,33.76,625,6,3,0.2917,0.187,Credit Card,Fashion,1
29,3808.37,4,1,0,6,20.98,666,4,3,0.3529,0.0479,Credit Card,Home,1
41,1513.08,3,1,0,1,15.21,589,1,0,0.2686,0.0848,Debit Card,Fashion,1
38,2680.28,6,2,0,2,17.27,759,5,1,0.3111,0.0115,UPI,Grocery,0
34,4368.84,9,2,1,2,12.57,887,3,0,0.1787,0.1147,Cash on Delivery,Fashion,0
26,1305.82,6,0,0,1,15.02,2130,2,3,0.1682,0.0455,UPI,Grocery,0
30,1519.31,9,0,0,4,12.14,1667,3,1,0.0928,0.0453,Net Banking,Fashion,0
18,1398.06,5,0,0,3,1.85,212,2,1,0.1509,0.0823,UPI,Grocery,0
29,1402.73,4,0,0,5,27.75,509,10,0,0.0759,0.1071,UPI,Grocery,0
36,908.38,5,0,0,3,2.46,484,1,0,0.0656,0.0684,Debit Card,Grocery,0
30,1771.4,4,3,0,3,35.99,293,8,2,0.5457,0.0456,UPI,Electronics,0
34,3750.39,6,0,0,2,10.82,1816,2,0,0.0938,0.0356,Credit Card,Home,0
36,1249.34,6,0,0,2,13.84,772,2,0,0.0499,0.0416,UPI,Accessories,0
39,3416.57,9,0,0,2,11.38,366,3,1,0.0897,0.041,Credit Card,Electronics,0
37,496.71,8,1,1,3,14.41,941,1,2,0.2505,0.1085,Credit Card,Home,0
33,1314.98,10,1,0,3,16.94,1030,2,0,0.0856,0.0,Debit Card,Accessories,0
34,2673.63,10,1,0,3,7.59,360,3,0,0.076,0.0141,Debit Card,Electronics,0
21,799.81,4,0,0,2,28.42,1150,1,3,0.2662,0.0748,UPI,Home,0
29,1610.07,10,1,0,4,27.36,231,2,1,0.1402,0.0272,UPI,Grocery,0
34,872.59,11,0,0,3,7.52,1765,2,1,0.1137,0.0241,Debit Card,Fashion,1
27,1200.27,6,0,0,5,5.29,1296,2,0,0.0874,0.0312,Debit Card,Grocery,0
29,1951.87,3,1,1,3,13.09,259,5,6,0.4979,0.3354,Net Banking,Fashion,1
20,850.27,4,3,0,2,18.91,278,2,2,0.6406,0.0571,Net Banking,Accessories,1
42,1293.68,10,0,0,3,12.81,1376,3,1,0.0583,0.0314,UPI,Electronics,0
28,3649.61,8,2,1,1,21.34,815,2,1,0.2521,0.1566,Debit Card,Fashion,0
36,670.02,11,3,0,2,10.87,1620,2,1,0.2656,0.0298,Net Banking,Fashion,0
28,5206.76,4,1,1,6,27.44,589,6,1,0.2459,0.2395,UPI,Fashion,1
35,890.19,8,1,0,3,3.33,1014,5,1,0.1803,0.0175,Credit Card,Accessories,0
41,5015.6,8,0,0,2,28.74,1626,2,0,0.0409,0.0,Credit Card,Grocery,0
42,835.6,9,0,0,4,8.54,881,0,1,0.1348,0.0542,Credit Card,Fashion,0
40,1715.34,9,0,0,1,10.38,1681,2,0,0.0286,0.042,Credit Card,Accessories,0
18,1377.22,11,0,0,3,18.47,544,0,1,0.1034,0.0416,Credit Card,Fashion,0
45,1264.95,4,0,0,1,13.92,473,2,0,0.0917,0.0707,Debit Card,Fashion,1
48,1493.86,5,1,0,3,0.88,972,2,0,0.238,0.0532,Debit Card,Accessories,0
30,820.65,5,0,0,5,24.52,593,1,1,0.1277,0.0466,Credit Card,Accessories,0
36,2170.5,9,0,0,2,2.1,849,2,0,0.0239,0.0081,Debit Card,Home,0
26,3715.0,14,0,0,3,6.14,210,2,0,0.0166,0.0294,Debit Card,Electronics,0
31,657.94,3,0,0,3,22.41,523,4,1,0.1139,0.0507,UPI,Home,0
18,1463.34,8,0,0,2,6.25,1164,2,0,0.0033,0.0307,Debit Card,Fashion,0
30,1788.68,5,0,0,2,36.93,135,2,2,0.1232,0.0077,Cash on Delivery,Electronics,1
27,808.78,11,0,0,3,12.97,1584,6,0,0.0134,0.0415,Debit Card,Accessories,0
29,1865.13,9,0,0,4,6.21,583,3,0,0.0399,0.0216,Cash on Delivery,Electronics,0
37,1145.6,4,0,0,4,26.07,449,4,0,0.1024,0.0381,UPI,Fashion,0
31,2170.69,5,1,1,3,21.58,1061,3,0,0.1784,0.2326,Debit Card,Fashion,0
34,2027.5,3,0,0,5,2.81,102,2,1,0.1358,0.0851,Debit Card,Fashion,1
25,1753.33,10,0,0,2,24.03,1299,0,1,0.1527,0.0051,Debit Card,Fashion,0
22,2849.94,6,3,1,7,9.86,177,5,3,0.4759,0.2261,UPI,Beauty,0
27,2107.2,11,0,0,1,1.48,631,3,0,0.0426,0.0255,Cash on Delivery,Home,0
34,3980.56,2,0,0,2,6.47,316,4,1,0.1115,0.1012,UPI,Home,0
27,415.98,7,1,0,2,7.99,925,1,0,0.127,0.0519,UPI,Home,0
28,929.38,6,0,0,2,29.51,60,6,5,0.2267,0.0597,UPI,Fashion,1
27,634.66,7,1,1,3,20.93,680,3,3,0.254,0.1432,UPI,Electronics,0
29,3193.83,4,1,1,4,14.35,135,7,4,0.2972,0.2572,Debit Card,Grocery,1
29,890.14,8,1,1,5,36.27,79,4,1,0.1578,0.1422,Credit Card,Accessories,1
39,727.91,9,2,0,4,22.11,1223,0,0,0.1645,0.0513,UPI,Fashion,0
40,1776.13,7,0,0,2,23.07,436,0,0,0.029,0.0392,UPI,Electronics,0
55,1471.03,10,1,0,2,14.71,1489,5,0,0.0738,0.0338,Credit Card,Fashion,1
44,804.79,5,0,0,4,10.16,1056,0,0,0.1002,0.0541,Cash on Delivery,Home,0
36,603.91,7,1,1,3,12.73,556,4,2,0.2149,0.167,Debit Card,Fashion,0
28,2587.75,10,0,0,2,3.13,1882,2,0,0.0463,0.0,Net Banking,Grocery,1
37,1622.6,7,0,0,3,24.17,624,1,2,0.1726,0.0275,Cash on Delivery,Fashion,0
37,1305.79,8,0,0,6,17.86,207,0,0,0.0612,0.0319,Credit Card,Electronics,0
29,1504.02,12,0,0,2,7.65,1348,2,1,0.0922,0.0,Credit Card,Home,1
41,555.58,5,0,0,4,9.47,481,1,3,0.2502,0.0448,UPI,Electronics,0
21,640.06,5,0,0,4,18.91,676,1,1,0.164,0.0579,UPI,Fashion,0
32,960.4,10,0,0,5,7.2,605,3,2,0.0845,0.0242,UPI,Home,1
39,1515.03,6,0,0,4,8.59,1334,1,0,0.05,0.0421,Credit Card,Electronics,0
31,959.13,8,0,0,5,15.08,965,2,1,0.0961,0.0713,UPI,Beauty,0
32,1223.81,7,0,0,3,11.43,399,3,2,0.0959,0.0032,Cash on Delivery,Fashion,0
33,1901.04,9,0,0,4,19.23,390,1,0,0.0539,0.0107,UPI,Electronics,0
26,1760.69,8,3,0,3,15.04,355,3,0,0.2659,0.0383,Credit Card,Electronics,0
45,868.97,8,1,0,4,34.48,640,2,2,0.2213,0.0178,UPI,Accessories,0
25,2344.63,8,1,0,1,18.43,1443,1,2,0.2589,0.0534,UPI,Fashion,1
37,2148.74,6,1,0,2,10.58,735,0,0,0.1369,0.0574,UPI,Accessories,0
38,1816.98,7,1,0,3,7.76,1774,3,2,0.2194,0.0463,Net Banking,Electronics,0
34,1464.67,5,2,1,2,21.53,167,6,0,0.2833,0.2433,UPI,Grocery,0
30,2081.46,7,1,1,4,43.85,999,8,2,0.207,0.17,UPI,Grocery,0
25,1549.54,9,0,0,3,18.48,807,2,1,0.1139,0.0521,Credit Card,Electronics,0
35,1496.43,11,0,0,4,18.76,325,2,2,0.1481,0.0073,UPI,Electronics,1
26,1753.87,10,0,0,2,12.24,267,3,1,0.0803,0.0097,Credit Card,Fashion,0
47,671.63,5,0,0,5,3.24,1453,0,1,0.1266,0.0698,UPI,Grocery,1
39,1739.88,5,1,1,1,13.67,222,4,1,0.2086,0.2177,Credit Card,Electronics,1
24,1314.81,6,1,0,3,23.06,1120,3,1,0.1913,0.0586,UPI,Electronics,1
28,1156.32,11,0,0,3,5.04,496,4,0,0.0527,0.0,Debit Card,Fashion,0
23,1955.26,5,2,0,3,13.71,307,0,2,0.4699,0.0702,UPI,Fashion,0
31,3415.48,9,4,2,3,30.26,203,3,4,0.4973,0.2626,UPI,Accessories,1
22,1567.25,6,0,0,3,10.26,465,0,1,0.1662,0.0225,UPI,Fashion,0
48,3517.68,10,0,0,3,9.87,1185,3,0,0.0175,0.0159,Credit Card,Beauty,0
39,1072.73,7,0,0,4,14.66,1414,1,0,0.02,0.0634,Cash on Delivery,Beauty,0
35,2565.01,2,2,1,2,20.67,281,5,0,0.5613,0.4664,Cash on Delivery,Fashion,1
28,2560.94,13,2,0,2,5.65,405,1,0,0.1408,0.024,UPI,Fashion,0
42,1944.04,11,6,2,3,28.0,2005,3,1,0.4472,0.1698,Credit Card,Accessories,1
22,2536.51,5,1,1,3,34.61,588,4,5,0.3704,0.213,UPI,Grocery,1
25,1368.21,8,1,1,3,36.02,322,5,2,0.1484,0.1574,UPI,Electronics,1
34,6919.24,6,2,0,3,34.89,514,2,1,0.3457,0.048,UPI,Fashion,1
27,837.58,13,1,0,4,4.92,1201,3,1,0.101,0.0179,Net Banking,Home,0
18,1544.98,4,0,0,5,24.14,162,6,2,0.1186,0.0819,UPI,Home,0
41,2657.35,9,0,0,4,9.31,388,2,1,0.0519,0.0293,UPI,Grocery,0
26,529.13,7,0,0,2,13.76,521,2,1,0.1295,0.034,Debit Card,Home,0
28,1033.16,4,0,0,5,12.99,1717,2,1,0.0931,0.0772,UPI,Electronics,0
41,997.0,6,0,0,4,15.22,601,0,0,0.0783,0.0127,Debit Card,Fashion,0
42,560.35,13,0,0,3,13.28,646,1,1,0.0675,0.0027,Credit Card,Home,0
39,463.49,5,0,0,3,32.87,636,3,1,0.1059,0.0167,UPI,Fashion,0
25,1079.81,12,2,0,3,5.05,643,4,0,0.1446,0.0355,Cash on Delivery,Fashion,0
18,699.17,4,0,0,1,14.49,192,4,2,0.1615,0.0716,Credit Card,Fashion,0
30,1309.89,9,1,0,1,8.44,1254,1,1,0.1832,0.0472,Cash on Delivery,Fashion,0
35,1456.78,9,0,0,2,18.65,947,3,1,0.0809,0.0,Credit Card,Electronics,1
26,795.24,6,0,0,2,29.55,1245,3,0,0.0136,0.0175,UPI,Grocery,0
46,1159.28,11,0,0,3,13.99,536,2,0,0.0201,0.025,Credit Card,Home,0
18,953.84,3,0,0,5,4.4,151,1,1,0.1508,0.083,UPI,Grocery,0
27,2097.43,2,1,0,3,12.06,582,2,1,0.4202,0.0973,Debit Card,Electronics,0
29,2308.63,6,1,0,3,21.39,694,2,1,0.1897,0.0327,Debit Card,Fashion,0
18,1284.68,12,2,0,2,20.95,1019,0,1,0.2416,0.0238,Debit Card,Fashion,0
21,1346.74,7,2,0,2,7.53,666,4,0,0.1985,0.0154,UPI,Beauty,0
29,2740.75,6,3,1,5,33.33,705,2,2,0.468,0.2203,UPI,Electronics,1
40,1776.86,7,0,0,2,4.68,415,2,1,0.1108,0.0309,Cash on Delivery,Home,0
34,3170.22,8,2,0,3,1.27,253,4,0,0.1936,0.0,Cash on Delivery,Home,0
37,1655.37,1,1,0,6,15.75,749,5,3,0.6331,0.1372,UPI,Grocery,1
48,2071.84,6,0,0,3,28.11,2540,2,1,0.0848,0.0438,UPI,Beauty,0
48,528.38,12,2,0,4,9.57,1285,3,2,0.2023,0.0,UPI,Fashion,1
39,1285.95,2,0,0,6,14.95,672,2,3,0.2702,0.1218,Cash on Delivery,Home,1
38,933.14,10,0,0,4,19.28,934,3,1,0.0781,0.0243,UPI,Beauty,0
37,346.11,6,0,0,5,2.31,842,0,0,0.0373,0.0278,UPI,Electronics,0
35,3302.88,8,0,0,1,24.4,582,3,1,0.0609,0.0,Net Banking,Electronics,0
18,673.39,5,0,0,3,4.07,728,1,0,0.0351,0.0515,Credit Card,Fashion,1
21,1052.78,8,1,0,1,13.83,437,2,0,0.1673,0.0,Cash on Delivery,Electronics,0
35,1873.29,6,1,0,4,21.09,807,2,1,0.1968,0.0273,Credit Card,Home,0
40,614.24,6,0,0,3,6.42,1187,3,1,0.0725,0.0439,Cash on Delivery,Home,0
37,1047.0,3,0,0,3,17.49,701,2,0,0.1028,0.0792,Credit Card,Beauty,0
26,1609.62,9,0,0,4,6.01,199,1,0,0.0,0.02,UPI,Fashion,0
42,803.22,9,1,0,3,19.61,1052,2,0,0.1103,0.0322,Debit Card,Home,0
47,1924.54,6,1,0,4,4.97,932,4,1,0.2001,0.0428,Credit Card,Accessories,1
42,5582.59,13,0,0,2,11.53,1333,2,0,0.0,0.0258,Cash on Delivery,Accessories,0
43,1510.88,13,2,1,4,21.95,752,3,1,0.208,0.1014,UPI,Beauty,0
27,766.31,5,0,0,5,42.58,366,2,3,0.2372,0.0192,UPI,Grocery,0
29,1077.39,6,1,1,2,3.3,1255,0,0,0.1242,0.1808,UPI,Fashion,0
44,1565.91,12,0,0,3,17.24,258,0,0,0.0,0.0297,UPI,Beauty,0
35,319.36,15,2,1,3,9.5,417,5,0,0.1616,0.0743,UPI,Fashion,0
39,737.44,5,0,0,2,10.06,658,5,2,0.1464,0.0515,Net Banking,Electronics,0
37,1890.36,6,3,3,3,7.47,339,3,2,0.4374,0.4839,UPI,Fashion,1
37,4460.28,7,1,0,2,21.09,809,2,2,0.2578,0.0299,Debit Card,Fashion,1
30,4062.37,9,3,0,6,31.72,248,2,2,0.3691,0.024,Cash on Delivery,Fashion,1
33,2814.93,8,1,0,3,15.28,1302,5,0,0.0914,0.005,UPI,Electronics,0
26,1081.13,6,0,0,3,4.75,934,4,0,0.0628,0.0756,UPI,Accessories,0
33,3576.73,5,1,0,2,22.63,445,3,1,0.2348,0.0377,Credit Card,Beauty,0
18,3240.53,5,2,0,5,32.74,356,3,1,0.3228,0.0762,UPI,Electronics,1
43,1037.22,7,0,0,3,27.18,1085,7,1,0.0491,0.0409,Cash on Delivery,Home,1
30,1997.97,9,0,0,1,18.22,521,2,1,0.0753,0.0102,Debit Card,Grocery,0
42,1894.32,5,0,0,5,16.85,629,4,0,0.0694,0.0383,UPI,Fashion,0
41,1016.52,5,0,0,5,11.65,1121,1,0,0.0701,0.0613,Net Banking,Home,0
29,708.33,5,0,0,2,10.8,408,4,4,0.1824,0.0594,Credit Card,Fashion,1
31,471.66,5,1,0,2,10.8,495,1,1,0.2336,0.0416,Net Banking,Accessories,0
46,1122.92,10,0,0,5,8.69,1098,1,1,0.0387,0.0352,Debit Card,Fashion,0
31,1010.67,3,0,0,1,7.0,272,0,1,0.1719,0.075,UPI,Home,0
48,1057.07,6,1,0,4,8.57,450,2,0,0.1782,0.029,Credit Card,Beauty,0
24,2944.61,7,1,0,5,24.9,549,0,1,0.2396,0.0407,Cash on Delivery,Electronics,0
38,1400.68,7,1,0,2,13.14,427,1,0,0.1126,0.0023,UPI,Grocery,0
34,1169.74,8,1,1,4,11.44,545,4,1,0.1567,0.1691,Debit Card,Home,0
36,5377.07,7,1,1,4,22.41,361,7,3,0.2059,0.1723,Debit Card,Accessories,1
26,1385.93,14,0,0,4,32.65,537,0,0,0.0,0.0262,UPI,Fashion,0
33,818.95,8,0,0,3,15.68,436,4,1,0.0559,0.0521,Debit Card,Home,0
32,1797.34,9,0,0,2,12.88,686,0,1,0.0987,0.0414,Credit Card,Home,0
23,1236.09,4,0,0,3,17.31,238,0,1,0.1789,0.0508,Net Banking,Beauty,1
32,1086.35,10,0,0,5,18.28,236,3,0,0.0027,0.0107,UPI,Home,0
29,2785.95,3,2,0,3,17.81,125,7,0,0.4642,0.0762,Credit Card,Electronics,1
27,1266.32,9,0,0,5,15.35,1001,2,4,0.224,0.0322,UPI,Electronics,1
39,2961.65,8,3,0,6,8.98,359,2,0,0.2871,0.0086,Credit Card,Beauty,0
19,2066.21,5,0,0,4,26.27,259,3,1,0.0988,0.0522,Credit Card,Beauty,0
46,1958.7,7,0,0,3,11.31,589,2,0,0.1055,0.0444,Net Banking,Home,0
23,3648.92,7,2,0,2,5.08,820,5,0,0.204,0.047,Credit Card,Fashion,1
49,1217.33,9,1,1,3,7.29,1876,1,0,0.1391,0.1146,Credit Card,Home,0
18,1322.47,8,2,2,5,41.0,45,2,3,0.3176,0.243,Debit Card,Beauty,1
33,1584.91,7,1,0,1,3.83,791,1,1,0.2039,0.0426,UPI,Fashion,0
25,639.27,6,0,0,3,3.92,1448,0,0,0.0176,0.0417,UPI,Electronics,0
29,2202.31,4,3,2,6,42.21,783,5,2,0.5808,0.4816,Debit Card,Home,1
41,2887.04,12,0,0,4,16.09,922,2,0,0.0116,0.0277,UPI,Beauty,0
30,2540.88,15,0,0,3,20.18,2169,0,1,0.1403,0.0137,UPI,Fashion,0
18,2238.49,13,6,5,5,29.54,30,3,4,0.5047,0.379,UPI,Electronics,1
33,1746.86,4,0,0,3,18.05,1362,4,0,0.0561,0.048,Credit Card,Home,0
30,1801.36,6,0,0,4,10.37,811,0,0,0.0273,0.0499,Cash on Delivery,Electronics,0
25,2494.53,3,0,0,5,27.17,709,5,1,0.0887,0.0756,UPI,Home,0
27,1547.33,5,0,0,3,9.07,1106,2,1,0.1182,0.0491,Credit Card,Electronics,0
41,919.77,6,0,0,1,7.81,681,2,0,0.0416,0.088,Cash on Delivery,Fashion,0
31,630.32,5,0,0,5,22.7,370,7,5,0.2249,0.0167,Credit Card,Accessories,0
21,933.0,8,3,2,2,28.19,435,8,6,0.4054,0.2461,Debit Card,Beauty,1
31,683.46,8,1,1,4,13.3,677,2,0,0.1635,0.1694,Credit Card,Home,0
21,1375.12,11,0,0,1,16.65,2108,1,1,0.0921,0.0054,UPI,Electronics,0
39,1122.21,10,0,0,2,30.68,368,4,0,0.0365,0.0231,Net Banking,Fashion,0
23,2662.22,9,0,0,1,10.1,765,3,0,0.0911,0.0375,Credit Card,Electronics,1
24,2039.66,11,0,0,3,16.95,975,1,1,0.1483,0.0,Net Banking,Home,1
45,645.49,4,0,0,3,20.09,601,0,2,0.214,0.0924,UPI,Grocery,0
23,3478.35,9,0,0,4,12.95,1007,4,2,0.1267,0.0617,UPI,Home,0
18,2234.97,4,0,0,2,15.5,679,1,2,0.1774,0.0325,UPI,Home,0
40,1064.38,11,0,0,3,5.66,1096,3,2,0.0701,0.0388,Net Banking,Accessories,0
31,547.36,9,0,0,2,5.39,383,3,0,0.0299,0.0428,UPI,Accessories,0
32,1606.32,11,2,0,4,25.19,512,3,0,0.1568,0.0246,UPI,Fashion,1
31,1363.0,5,0,0,6,24.15,468,3,0,0.1142,0.0309,Cash on Delivery,Grocery,0
36,1183.61,7,0,0,4,4.99,290,2,0,0.0142,0.0496,Credit Card,Fashion,0
27,1431.94,7,0,0,3,8.72,1541,2,2,0.1943,0.044,Debit Card,Grocery,0
47,1986.75,13,2,1,2,24.76,569,4,0,0.1212,0.0969,Credit Card,Fashion,0
21,1344.17,5,1,0,4,0.83,1316,3,0,0.199,0.0407,Credit Card,Grocery,0
37,506.3,7,0,0,7,39.6,435,4,2,0.082,0.0264,UPI,Grocery,1
38,3922.21,8,0,0,4,15.48,592,3,0,0.0749,0.0574,Net Banking,Electronics,1
39,1637.42,9,2,0,3,39.19,241,3,1,0.3065,0.0429,UPI,Home,1
40,1409.44,9,1,0,1,26.0,832,4,2,0.1403,0.0255,UPI,Electronics,1
27,781.9,8,1,0,2,19.11,1963,0,2,0.3223,0.0093,UPI,Grocery,0
21,979.29,3,0,0,5,22.85,84,3,1,0.1037,0.0988,Debit Card,Fashion,0
25,1579.43,7,3,0,2,29.24,1328,3,1,0.3985,0.0324,UPI,Electronics,0
43,1214.78,10,0,0,3,1.64,1332,3,0,0.021,0.0573,UPI,Fashion,0
25,668.97,5,1,0,4,30.28,673,2,1,0.2095,0.0428,Debit Card,Electronics,0
29,2772.7,14,2,0,4,20.66,351,1,1,0.1993,0.0355,Credit Card,Fashion,1
42,1499.36,9,0,0,3,13.32,424,2,0,0.0405,0.0197,Debit Card,Fashion,0
34,3705.24,3,0,0,4,0.9,676,3,0,0.1113,0.0618,Credit Card,Accessories,0
18,1500.02,8,0,0,3,19.91,1713,4,0,0.0576,0.047,UPI,Home,1
50,2441.85,11,2,1,1,12.32,1001,3,0,0.2026,0.1157,UPI,Accessories,0
27,877.03,4,2,0,7,12.58,436,4,4,0.5019,0.0559,Credit Card,Electronics,1
29,1512.5,7,0,0,1,24.65,1378,4,0,0.0178,0.035,Cash on Delivery,Grocery,0
30,1051.37,10,0,0,4,31.54,977,4,1,0.0635,0.0282,Credit Card,Fashion,1
37,946.25,3,0,0,3,7.1,508,3,0,0.0363,0.0654,Debit Card,Home,1
36,1090.56,2,0,0,2,24.73,565,3,1,0.111,0.0777,Debit Card,Home,0
40,1583.93,9,1,0,4,16.84,569,4,0,0.1145,0.0454,UPI,Fashion,0
52,1057.13,10,1,0,3,10.27,958,0,0,0.1131,0.0,Net Banking,Electronics,1
19,1220.58,7,1,1,2,5.42,2007,4,0,0.1066,0.1592,Debit Card,Grocery,0
41,1154.11,7,1,1,4,31.25,680,2,0,0.1547,0.1572,UPI,Fashion,0
41,919.13,15,0,0,4,16.97,815,1,0,0.0645,0.0485,UPI,Fashion,0
29,3329.32,5,2,1,6,23.19,265,4,3,0.4108,0.192,UPI,Accessories,0
33,2008.17,12,1,0,6,11.05,377,1,0,0.0795,0.0269,Net Banking,Fashion,0
41,718.75,11,2,0,4,4.44,1106,3,0,0.1062,0.0434,Debit Card,Electronics,0
42,1668.49,9,0,0,3,29.05,662,4,4,0.1592,0.0254,UPI,Electronics,1
22,2257.81,10,0,0,3,4.22,887,5,2,0.075,0.0527,UPI,Electronics,1
18,1274.63,6,4,2,4,23.73,293,2,1,0.5359,0.3257,UPI,Grocery,1
50,2965.45,9,0,0,1,0.34,574,4,0,0.0173,0.0065,Debit Card,Beauty,0
20,3583.91,3,0,0,3,4.97,1346,4,1,0.1245,0.0814,Cash on Delivery,Accessories,0
28,778.24,7,1,1,5,25.04,210,5,5,0.294,0.1765,Debit Card,Beauty,1
24,3362.81,11,0,0,3,20.48,1202,2,0,0.0035,0.0,Credit Card,Beauty,0
32,815.73,11,1,1,5,0.86,402,2,1,0.1676,0.0869,Net Banking,Electronics,0
51,1949.64,3,0,0,1,15.53,351,1,1,0.1338,0.0702,UPI,Home,0
22,853.73,5,0,0,4,30.09,30,3,0,0.0738,0.0187,Credit Card,Beauty,1
31,1469.25,8,0,0,5,16.81,730,4,1,0.0188,0.0728,Cash on Delivery,Grocery,1
38,3103.02,10,2,2,6,19.93,242,2,1,0.2382,0.1971,UPI,Home,1
34,2373.29,5,0,0,3,19.95,530,5,1,0.0493,0.0556,UPI,Electronics,1
47,1779.45,10,1,0,4,13.37,968,2,1,0.1504,0.0262,Net Banking,Fashion,0
34,1725.98,6,3,2,3,14.42,1054,3,2,0.4164,0.3251,Cash on Delivery,Grocery,1
31,3413.57,6,1,0,4,14.46,1133,0,1,0.2569,0.0357,UPI,Accessories,0
23,1071.13,7,0,0,4,19.87,2203,2,0,0.0536,0.0093,UPI,Fashion,0
30,991.8,11,0,0,1,17.31,714,2,0,0.0135,0.0466,Credit Card,Fashion,1
46,528.43,5,0,0,3,10.74,306,3,1,0.0963,0.071,UPI,Accessories,0
35,1416.81,7,0,0,6,7.97,588,3,1,0.1325,0.0567,Credit Card,Accessories,0
51,2675.87,13,3,0,5,13.18,298,2,0,0.1798,0.0242,Debit Card,Fashion,0
41,3878.38,7,0,0,3,21.07,502,3,0,0.0781,0.0562,UPI,Fashion,0
28,809.31,11,2,0,3,7.88,892,2,1,0.192,0.0,Credit Card,Grocery,0
34,586.8,10,1,1,2,24.56,757,2,1,0.1383,0.1135,Cash on Delivery,Fashion,0
26,1462.36,6,0,0,4,9.95,1067,1,0,0.0183,0.0283,UPI,Fashion,0
28,1219.65,9,0,0,4,5.53,592,3,1,0.0969,0.0037,UPI,Fashion,0
26,1157.01,7,2,2,3,10.67,881,6,1,0.3012,0.3017,Cash on Delivery,Home,1
70,2222.84,10,2,0,4,23.33,268,1,0,0.169,0.0,Net Banking,Fashion,0
43,789.08,3,0,0,5,18.23,1883,2,0,0.1186,0.0637,Debit Card,Fashion,0
30,3208.93,3,0,0,6,24.59,368,8,2,0.1458,0.0771,UPI,Beauty,1
42,1428.06,13,2,0,2,9.19,635,2,1,0.1841,0.0024,Credit Card,Fashion,0
19,1147.37,6,1,1,6,38.18,844,6,1,0.2114,0.202,Cash on Delivery,Home,0
28,2178.31,6,0,0,4,1.91,125,1,0,0.031,0.0899,UPI,Beauty,1
48,1968.15,4,0,0,4,15.44,840,2,0,0.0467,0.0546,Credit Card,Beauty,0
44,1019.6,8,1,0,3,9.72,942,1,0,0.1655,0.0333,UPI,Grocery,0
51,1722.7,14,0,0,2,3.78,251,2,0,0.0071,0.0496,UPI,Home,0
50,1230.23,4,0,0,6,17.28,722,2,0,0.0747,0.0986,UPI,Fashion,0
21,3402.5,13,0,0,3,2.39,957,0,1,0.1093,0.0146,UPI,Home,0
24,1006.14,7,0,0,4,33.72,1312,6,0,0.0547,0.0136,UPI,Accessories,1
25,2031.62,9,2,0,1,7.42,1426,2,0,0.2041,0.0158,UPI,Electronics,0
26,1264.81,8,0,0,4,9.27,1043,1,0,0.0801,0.0374,UPI,Beauty,1
37,1734.22,9,0,0,3,13.24,1278,4,0,0.0189,0.0392,Net Banking,Electronics,0
29,1497.26,16,0,0,1,6.08,1307,3,1,0.0885,0.0,UPI,Fashion,0
53,1564.42,6,0,0,4,9.53,929,6,0,0.0875,0.0312,Net Banking,Home,0
23,3040.62,0,0,0,6,31.66,267,1,2,0.4918,0.2907,Credit Card,Home,1
51,690.67,11,0,0,5,6.01,1612,1,1,0.1101,0.0301,UPI,Beauty,0
41,951.8,4,1,1,2,26.82,491,3,2,0.3333,0.2546,Credit Card,Home,1
34,860.0,8,0,0,3,10.05,1537,2,1,0.1048,0.0231,Credit Card,Fashion,0
52,1656.21,8,1,0,4,17.81,97,2,0,0.114,0.0369,UPI,Electronics,0
47,1820.56,6,0,0,2,14.1,249,1,1,0.1361,0.065,UPI,Home,0
30,1692.28,12,1,0,4,19.37,924,5,0,0.0705,0.0067,UPI,Home,1
18,667.81,6,1,1,2,35.82,750,3,0,0.1462,0.1667,Credit Card,Beauty,0
32,517.44,6,2,0,4,2.39,441,1,0,0.2809,0.036,Cash on Delivery,Electronics,0
28,1390.21,5,0,0,5,26.87,918,2,0,0.0438,0.0433,Credit Card,Beauty,0
36,911.77,6,0,0,5,14.23,1532,1,1,0.1483,0.015,Debit Card,Electronics,0
35,1366.0,8,0,0,4,15.33,591,2,0,0.0601,0.0397,Cash on Delivery,Fashion,0
35,900.32,9,4,1,3,6.11,677,1,0,0.3435,0.1324,UPI,Home,0
39,849.72,2,1,1,4,4.48,940,3,0,0.3629,0.4246,Cash on Delivery,Grocery,0
29,799.8,9,4,2,7,27.74,92,4,2,0.3758,0.2483,UPI,Accessories,0
23,911.05,3,0,0,2,13.86,1048,4,0,0.1323,0.1458,Debit Card,Beauty,0
38,2008.81,8,1,0,4,11.48,999,6,1,0.1729,0.0302,Credit Card,Home,0
30,1848.14,7,1,0,4,29.24,226,3,1,0.1811,0.036,Credit Card,Home,0
36,703.42,10,3,0,4,15.47,1840,3,1,0.3114,0.0255,Credit Card,Home,0
43,1367.03,7,0,0,4,23.37,1100,1,1,0.098,0.0606,UPI,Beauty,0
23,967.59,9,0,0,2,14.02,2608,0,0,0.0277,0.0183,Credit Card,Grocery,0
31,1107.96,7,0,0,2,12.02,1092,2,1,0.1067,0.0362,Cash on Delivery,Fashion,0
33,1874.3,6,0,0,4,21.23,535,3,0,0.0351,0.0495,Credit Card,Beauty,0
36,1271.51,9,0,0,7,36.27,450,7,2,0.07,0.0138,Cash on Delivery,Accessories,1
31,1262.47,4,2,1,4,41.55,419,6,4,0.4899,0.2819,UPI,Grocery,1
29,2213.94,10,0,0,5,6.54,814,5,0,0.0345,0.0291,UPI,Grocery,0
42,1294.93,7,0,0,3,17.32,538,0,0,0.0,0.0467,UPI,Grocery,0
28,2365.7,9,1,1,6,10.1,1328,3,1,0.1179,0.1095,Net Banking,Home,1
29,629.44,8,1,0,3,6.52,1079,1,2,0.2302,0.017,Credit Card,Fashion,0
28,1767.36,6,0,0,4,15.01,1107,3,0,0.0758,0.0659,Credit Card,Grocery,0
44,1380.52,5,0,0,4,6.77,303,0,0,0.0787,0.0301,UPI,Beauty,0
40,1194.16,6,0,0,1,10.42,74,3,2,0.1259,0.0279,UPI,Fashion,0
30,1143.78,9,0,0,4,20.05,1839,3,1,0.0586,0.0531,Debit Card,Fashion,0
38,1147.0,5,0,0,4,10.8,1159,2,1,0.1027,0.0652,Debit Card,Accessories,0
52,1401.32,10,1,0,1,11.67,120,4,0,0.1031,0.0284,Net Banking,Fashion,0
33,770.95,5,0,0,4,7.61,820,7,2,0.0768,0.0599,UPI,Fashion,1
44,3022.0,6,0,0,3,11.99,1139,0,3,0.3336,0.0107,UPI,Accessories,1
18,1847.26,9,2,2,3,4.8,528,4,3,0.2878,0.2317,Credit Card,Grocery,1
49,3025.12,10,1,0,3,3.94,843,1,2,0.2445,0.0165,Cash on Delivery,Beauty,0
43,697.39,15,1,1,4,26.61,1609,2,3,0.2383,0.0897,Debit Card,Home,1
34,941.59,11,1,0,2,4.66,556,0,1,0.1897,0.0047,Credit Card,Home,0
40,727.88,11,0,0,2,18.57,977,2,0,0.0615,0.0193,UPI,Fashion,0
22,1481.56,10,0,0,3,19.8,518,3,0,0.032,0.0451,Cash on Delivery,Grocery,0
27,616.33,11,0,0,1,23.75,604,5,0,0.0283,0.0029,Debit Card,Electronics,1
29,1669.05,9,1,0,1,7.85,146,0,0,0.1127,0.0656,Cash on Delivery,Fashion,0
27,971.39,6,0,0,3,13.75,269,7,2,0.101,0.0107,UPI,Fashion,0
54,1135.23,5,0,0,5,13.48,818,1,1,0.107,0.0389,Cash on Delivery,Home,0
27,978.83,7,2,0,3,12.19,635,2,1,0.2976,0.0538,Debit Card,Electronics,0
27,1153.28,8,0,0,2,18.9,1058,2,1,0.0504,0.0098,Debit Card,Beauty,0
25,1041.28,8,0,0,5,7.21,1232,2,0,0.047,0.0,UPI,Beauty,0
39,701.78,8,1,0,5,1.11,291,1,1,0.2257,0.0222,Credit Card,Fashion,0
35,1107.19,11,0,0,3,3.73,520,5,1,0.0344,0.0665,Credit Card,Accessories,0
44,421.52,7,5,1,2,4.87,768,0,1,0.567,0.1776,Cash on Delivery,Fashion,0
40,3045.6,7,0,0,4,2.27,1595,1,1,0.1176,0.0333,UPI,Electronics,0
22,1700.32,7,0,0,3,12.09,575,2,0,0.0314,0.0164,Credit Card,Fashion,0
42,926.74,8,1,1,1,25.7,97,4,2,0.1988,0.1263,UPI,Electronics,0
27,2475.18,7,0,0,2,8.13,77,2,0,0.0198,0.0429,Credit Card,Electronics,1
46,1015.36,7,2,1,4,4.67,1474,1,0,0.2615,0.1944,Credit Card,Electronics,1
32,479.68,7,0,0,3,18.32,1003,0,0,0.0373,0.0179,Credit Card,Beauty,0
37,1520.29,6,0,0,8,29.66,157,4,1,0.078,0.0141,UPI,Electronics,1
45,853.29,10,0,0,1,19.16,1038,4,0,0.0213,0.0157,Debit Card,Electronics,0
33,1904.85,10,0,0,5,11.92,1422,1,0,0.0,0.0194,Debit Card,Grocery,0
25,1292.53,11,0,0,2,32.25,905,2,0,0.0198,0.0438,Credit Card,Grocery,0
31,2165.27,14,0,0,3,10.2,1670,3,0,0.027,0.0202,UPI,Home,0
25,3133.5,7,1,0,1,9.46,1159,0,1,0.1917,0.0359,Credit Card,Accessories,0
29,733.0,13,0,0,5,30.41,1083,3,0,0.0047,0.0414,UPI,Electronics,0
36,704.28,7,0,0,1,2.94,448,0,1,0.1558,0.037,UPI,Grocery,0
39,1681.9,5,0,0,3,7.76,374,4,0,0.0117,0.051,Cash on Delivery,Home,0
20,542.22,6,0,0,1,17.55,1533,3,1,0.0977,0.0303,Cash on Delivery,Electronics,0
34,1135.27,4,0,0,1,15.73,359,1,0,0.0808,0.0586,UPI,Fashion,0
29,762.42,10,0,0,4,14.77,1884,3,0,0.0186,0.022,Cash on Delivery,Home,0
28,2173.47,10,2,2,4,14.72,1343,0,0,0.1772,0.2377,Debit Card,Electronics,0
40,1288.72,4,3,0,5,21.0,215,5,0,0.5245,0.0479,Credit Card,Home,1
29,1295.94,12,1,1,5,18.08,154,7,1,0.1301,0.0859,UPI,Beauty,1
25,1939.55,6,1,1,6,27.83,615,2,3,0.3255,0.1733,UPI,Grocery,1
35,975.61,7,0,0,2,13.28,664,1,1,0.0608,0.0539,UPI,Beauty,0
29,666.06,8,0,0,1,31.66,597,3,3,0.2008,0.0341,Net Banking,Fashion,1
46,1195.55,7,0,0,2,7.76,632,3,2,0.1399,0.0352,Credit Card,Fashion,0
45,1702.66,5,0,0,4,4.78,405,3,1,0.0742,0.0475,Debit Card,Beauty,0
45,1887.55,4,0,0,3,11.25,1196,2,0,0.0432,0.0838,UPI,Home,0
30,1388.21,8,0,0,3,5.0,1132,5,1,0.0676,0.0,UPI,Fashion,0
25,1153.87,8,1,0,1,8.01,770,1,0,0.1574,0.0032,UPI,Home,0
35,1990.8,13,3,0,2,9.44,377,0,1,0.2779,0.0276,Credit Card,Electronics,0
33,1093.64,11,0,0,5,6.27,1828,1,1,0.0746,0.0077,Cash on Delivery,Beauty,0
21,903.87,8,2,0,5,8.32,282,4,1,0.2377,0.0365,Debit Card,Fashion,1
29,574.44,7,0,0,3,26.6,400,2,2,0.2008,0.0258,Cash on Delivery,Home,0
23,2017.31,10,0,0,3,9.34,685,2,1,0.0838,0.0043,UPI,Home,0
20,2570.55,12,2,2,3,30.23,229,5,3,0.2292,0.1445,Debit Card,Fashion,1
34,1912.35,8,0,0,3,8.77,580,4,1,0.0242,0.0259,Credit Card,Home,1
30,586.83,7,1,1,1,8.91,446,2,0,0.1505,0.1701,UPI,Grocery,1
40,1450.63,9,0,0,5,12.0,252,1,1,0.0615,0.0578,UPI,Accessories,0
40,801.54,10,0,0,3,15.4,309,6,0,0.0115,0.0,UPI,Electronics,0
35,1016.59,10,2,1,3,6.92,227,3,2,0.2324,0.1183,UPI,Electronics,0
44,924.2,7,0,0,3,24.24,533,2,1,0.0525,0.06,UPI,Grocery,0
23,1990.15,13,3,1,3,2.9,821,1,0,0.1684,0.1024,UPI,Electronics,0
38,1049.13,7,2,0,3,3.64,1555,3,1,0.2793,0.026,Credit Card,Electronics,0
27,200.57,4,1,0,2,27.41,599,2,2,0.3118,0.0508,Net Banking,Fashion,0
33,1387.74,4,0,0,3,22.95,363,9,3,0.1239,0.0668,Credit Card,Electronics,1
23,1164.5,4,0,0,4,12.1,541,2,0,0.0953,0.0629,UPI,Electronics,0
30,620.42,7,1,0,1,10.38,340,3,0,0.1337,0.0,Debit Card,Electronics,1
44,518.85,8,0,0,2,31.22,553,2,1,0.068,0.0683,Debit Card,Beauty,0
31,1766.9,9,1,1,4,2.81,775,4,1,0.1261,0.1537,UPI,Beauty,0
28,1814.82,5,0,0,3,26.29,386,10,3,0.1019,0.0402,UPI,Grocery,0
48,1292.18,15,5,1,4,18.37,640,1,1,0.2755,0.0637,UPI,Accessories,0
39,1844.67,6,0,0,1,19.7,590,1,1,0.103,0.0678,UPI,Fashion,0
30,832.23,9,1,0,4,4.5,960,3,2,0.1907,0.0261,Net Banking,Accessories,0
44,806.83,10,0,0,2,6.79,1173,4,2,0.0779,0.008,UPI,Home,0
38,904.12,11,1,0,1,10.44,1101,1,0,0.1375,0.0649,UPI,Fashion,0
33,992.81,5,0,0,5,2.57,737,2,2,0.1313,0.0001,Cash on Delivery,Grocery,1
26,1425.8,4,0,0,5,19.5,707,3,0,0.0894,0.0479,Debit Card,Beauty,0
30,1796.87,5,1,0,3,12.05,711,4,3,0.2988,0.0406,UPI,Electronics,1
51,686.22,6,0,0,3,20.43,1273,0,0,0.052,0.0264,Cash on Delivery,Fashion,0
36,1928.76,4,1,0,4,16.93,709,4,1,0.2556,0.0487,Debit Card,Accessories,0
34,1562.1,7,1,0,3,6.59,1348,2,0,0.1188,0.05,Credit Card,Grocery,1
26,919.11,8,0,0,5,26.3,1851,3,1,0.051,0.048,UPI,Fashion,1
37,601.32,2,0,0,7,7.76,226,5,1,0.1653,0.1105,UPI,Electronics,1
45,753.0,6,0,0,2,3.86,128,2,0,0.0323,0.0937,Credit Card,Fashion,1
39,1790.17,4,0,0,3,3.15,910,4,1,0.1658,0.092,Credit Card,Beauty,1
40,1021.6,6,0,0,2,19.06,1602,5,0,0.056,0.037,UPI,Home,0
29,1879.77,5,0,0,3,19.58,929,1,0,0.0356,0.0449,UPI,Home,0
42,1358.83,8,1,1,5,22.4,1617,1,0,0.1407,0.1707,Cash on Delivery,Grocery,0
42,2858.36,6,0,0,3,4.94,1196,0,1,0.1642,0.0308,Credit Card,Electronics,0
28,1481.09,9,2,0,4,15.13,612,1,0,0.1984,0.0463,Net Banking,Beauty,1
21,653.06,7,1,0,2,8.02,1244,1,1,0.1992,0.064,UPI,Beauty,0
39,794.54,10,0,0,4,18.07,277,0,3,0.2878,0.0278,Debit Card,Electronics,0
20,872.81,12,0,0,4,34.81,688,2,2,0.1012,0.047,UPI,Home,1
35,2740.39,5,0,0,3,3.95,828,1,0,0.0835,0.0434,UPI,Fashion,0
30,847.2,6,0,0,1,17.63,709,1,1,0.1306,0.0299,UPI,Accessories,0
37,2072.88,2,0,0,4,24.1,265,4,1,0.1534,0.1429,UPI,Beauty,1
45,1071.16,14,0,0,4,4.56,374,8,0,0.0326,0.0207,Debit Card,Accessories,0
30,828.44,5,0,0,2,7.56,845,0,0,0.0943,0.0854,Net Banking,Accessories,0
44,656.18,6,1,1,4,18.94,709,2,1,0.2151,0.1947,UPI,Grocery,1
29,2086.88,7,1,0,5,21.09,450,4,0,0.1464,0.0,UPI,Beauty,0
43,581.4,9,1,0,2,10.26,1881,5,1,0.1489,0.0235,Debit Card,Electronics,0
53,3396.95,5,0,0,3,8.83,540,6,0,0.0586,0.0322,UPI,Home,0
24,850.81,23,0,0,3,5.14,621,1,0,0.0247,0.0,Cash on Delivery,Fashion,0
37,861.51,9,0,0,6,13.34,945,1,1,0.0575,0.0162,Credit Card,Beauty,1
59,2089.94,11,0,0,3,5.42,653,2,2,0.1483,0.0406,Cash on Delivery,Fashion,0
20,2610.17,7,0,0,3,21.2,360,11,1,0.0956,0.0554,Credit Card,Electronics,0
31,986.97,1,0,0,2,18.34,290,6,3,0.2819,0.1516,UPI,Grocery,0
35,1295.41,8,1,1,2,0.29,793,6,0,0.1649,0.1526,Debit Card,Fashion,0
35,917.71,6,1,0,4,8.06,1208,3,0,0.1582,0.0486,UPI,Accessories,1
18,1133.12,12,4,0,4,31.76,383,8,1,0.2639,0.0305,Credit Card,Electronics,1
41,1681.27,9,1,0,2,9.05,288,4,0,0.1197,0.0356,UPI,Fashion,0
30,726.42,3,0,0,4,16.55,151,2,1,0.158,0.0809,UPI,Fashion,1
34,1491.5,4,0,0,4,12.16,1620,2,0,0.115,0.0751,UPI,Beauty,0
34,753.04,6,3,1,3,46.33,308,7,1,0.3742,0.2171,UPI,Fashion,1
19,2578.97,8,0,0,3,14.67,613,3,1,0.0571,0.0172,Credit Card,Beauty,0
18,1300.82,6,0,0,5,22.44,433,5,5,0.2284,0.0228,Credit Card,Home,1
44,921.9,8,0,0,2,10.13,334,3,0,0.068,0.0,UPI,Fashion,0
18,765.63,7,0,0,4,2.29,673,3,0,0.0849,0.0458,Cash on Delivery,Fashion,0
26,873.55,4,1,1,7,26.96,259,6,4,0.3657,0.2716,UPI,Grocery,1
30,1255.9,6,0,0,4,4.09,751,4,0,0.0549,0.0785,Credit Card,Fashion,0
45,1802.25,15,2,0,2,16.92,244,2,0,0.1683,0.0,Net Banking,Beauty,0
31,1990.56,7,0,0,3,11.15,1122,2,1,0.074,0.0,Credit Card,Electronics,0
28,563.43,7,0,0,3,18.72,367,1,2,0.2301,0.0478,UPI,Beauty,0
29,3273.37,3,0,0,3,17.59,419,5,2,0.1338,0.0791,Credit Card,Electronics,1
42,1997.19,5,1,0,3,2.29,937,2,0,0.2115,0.0358,Cash on Delivery,Electronics,0
26,1318.91,8,1,0,2,14.45,951,2,0,0.103,0.0411,Debit Card,Accessories,0
23,1756.57,12,5,0,3,11.02,693,2,1,0.3742,0.0205,UPI,Accessories,0
36,1565.16,11,1,0,3,7.74,548,2,0,0.0912,0.0469,UPI,Home,0
32,1440.32,6,0,0,3,4.56,1313,3,0,0.0531,0.0714,UPI,Grocery,0
23,611.65,7,3,0,3,17.37,618,6,0,0.3615,0.0279,UPI,Electronics,0
40,997.41,8,0,0,2,6.5,754,5,3,0.1386,0.0506,UPI,Grocery,1
31,331.96,4,0,0,3,24.46,348,5,3,0.1453,0.0632,UPI,Fashion,0
38,1014.91,4,0,0,1,17.58,550,3,2,0.1857,0.0294,UPI,Fashion,1
31,748.43,14,2,0,5,6.0,598,2,0,0.1169,0.0441,UPI,Home,0
27,1267.61,3,1,1,2,15.61,284,3,1,0.3199,0.3234,UPI,Beauty,1
31,2091.69,14,0,0,4,12.44,474,1,0,0.0773,0.0267,Credit Card,Home,1
20,815.22,7,1,1,7,42.72,535,6,3,0.2291,0.1346,Cash on Delivery,Home,1
38,545.99,12,0,0,3,7.62,738,0,0,0.0266,0.0388,Credit Card,Accessories,0
29,1931.8,4,2,1,2,29.52,318,3,1,0.4,0.2684,Debit Card,Home,0
45,871.24,7,0,0,2,30.5,775,1,1,0.084,0.0536,Credit Card,Grocery,0
18,4801.26,9,5,1,4,38.1,466,7,1,0.4809,0.108,UPI,Grocery,1
31,1368.32,12,3,0,4,18.43,601,2,3,0.3298,0.0153,UPI,Home,0
40,1407.4,6,1,0,3,1.59,542,3,0,0.1676,0.0277,UPI,Beauty,0
39,1469.36,14,3,2,3,9.21,1526,0,0,0.153,0.1632,UPI,Home,0
42,1695.29,5,0,0,4,2.87,854,1,0,0.0531,0.0337,Credit Card,Grocery,0
34,1590.1,9,0,0,5,29.21,1374,1,1,0.0552,0.002,UPI,Grocery,1
26,1066.36,7,0,0,2,5.11,878,2,1,0.0901,0.0568,UPI,Home,0
30,1767.09,10,0,0,3,25.56,476,7,1,0.0578,0.0169,Debit Card,Home,0
37,648.28,9,0,0,1,19.87,803,2,2,0.1315,0.0116,UPI,Home,0
50,774.9,6,2,0,3,4.26,978,5,0,0.2567,0.053,UPI,Home,0
30,879.17,11,0,0,2,14.5,418,1,1,0.0758,0.0549,Debit Card,Fashion,0
41,1607.31,10,0,0,4,10.68,355,3,1,0.0436,0.0229,Credit Card,Fashion,0
31,946.78,6,0,0,2,16.28,720,3,0,0.073,0.0813,UPI,Accessories,0
35,1920.36,8,2,0,2,20.94,348,3,1,0.2143,0.0187,Credit Card,Electronics,0
48,1613.55,6,0,0,4,12.38,49,1,0,0.059,0.0565,Cash on Delivery,Electronics,0
41,506.04,7,0,0,2,17.34,884,2,0,0.0258,0.0506,UPI,Fashion,0
23,2112.65,8,1,0,4,10.96,329,0,0,0.1039,0.043,UPI,Fashion,0
27,2186.47,6,1,0,4,43.36,129,5,3,0.245,0.0506,Debit Card,Accessories,1
29,1124.76,14,1,0,3,2.05,747,3,0,0.0478,0.0459,Net Banking,Home,0
45,1965.46,7,0,0,4,19.03,596,3,0,0.0198,0.0345,UPI,Grocery,0
35,999.24,9,2,1,2,29.32,432,2,0,0.1631,0.1527,Net Banking,Electronics,0
24,1025.31,6,0,0,2,5.62,1265,4,1,0.1136,0.0133,Cash on Delivery,Fashion,1
27,772.06,4,0,0,3,18.72,1015,1,0,0.101,0.0555,Debit Card,Fashion,0
40,792.72,10,1,1,5,31.33,1187,5,0,0.1298,0.0881,Debit Card,Home,0
43,851.75,9,1,0,5,10.11,1588,1,1,0.1856,0.0127,Credit Card,Home,1
34,2529.28,8,0,0,3,23.55,1072,2,0,0.0479,0.0304,UPI,Electronics,1
56,3051.29,12,0,0,2,10.41,579,3,0,0.0581,0.0,Net Banking,Accessories,0
41,750.75,9,0,0,1,13.43,472,3,0,0.0696,0.0226,UPI,Accessories,0
32,570.91,5,0,0,5,6.77,499,2,0,0.0408,0.0384,Credit Card,Electronics,0
27,3681.3,13,0,0,3,27.4,1488,2,5,0.2737,0.0403,UPI,Fashion,1
25,1115.89,9,5,2,6,29.64,840,3,2,0.5169,0.2316,UPI,Fashion,1
25,962.65,8,0,0,4,6.92,426,0,0,0.0,0.0,UPI,Accessories,0
37,2425.06,10,1,0,4,5.01,377,4,0,0.0736,0.0041,Debit Card,Fashion,0
28,1104.57,5,0,0,5,33.89,175,2,2,0.1763,0.054,UPI,Home,1
30,838.88,3,0,0,4,14.96,955,2,0,0.0988,0.0999,UPI,Home,0
49,3396.02,8,1,0,4,10.26,582,0,1,0.188,0.0,UPI,Grocery,0
47,725.09,10,1,1,4,5.63,481,5,2,0.1638,0.0973,UPI,Accessories,0
25,3085.79,6,0,0,5,6.97,402,7,1,0.0246,0.0686,Credit Card,Accessories,1
40,1536.33,9,0,0,4,4.54,665,1,1,0.0975,0.0389,Net Banking,Home,0
23,666.99,13,0,0,3,5.33,461,0,0,0.0171,0.0,UPI,Home,1
28,1367.31,10,1,0,1,26.15,2075,1,0,0.1145,0.0141,UPI,Home,0
18,1523.95,10,0,0,5,13.41,102,6,2,0.1048,0.0359,Cash on Delivery,Home,1
45,1885.4,5,1,0,3,10.58,1256,2,2,0.2423,0.0586,UPI,Accessories,0
29,1096.05,3,2,1,2,10.52,1449,0,0,0.4886,0.3188,UPI,Electronics,0
26,2057.91,5,2,1,5,20.05,355,3,6,0.5522,0.2304,Credit Card,Electronics,1
44,1463.32,8,0,0,2,1.46,1213,2,0,0.0127,0.0394,Cash on Delivery,Grocery,0
38,1310.0,9,0,0,3,7.42,783,1,0,0.033,0.0346,Credit Card,Beauty,0
34,885.78,11,3,1,1,26.26,1838,3,2,0.2859,0.1091,Credit Card,Electronics,0
28,1824.21,12,1,0,2,5.65,694,3,0,0.093,0.0012,Debit Card,Electronics,0
36,588.63,4,3,0,4,17.28,146,2,1,0.6265,0.038,Cash on Delivery,Accessories,0
33,2158.14,3,0,0,5,24.87,723,2,1,0.1387,0.0845,UPI,Beauty,0
39,1177.41,4,0,0,2,52.74,434,6,1,0.1177,0.0934,Cash on Delivery,Fashion,1
36,1408.74,11,0,0,2,6.39,1623,4,1,0.0749,0.0047,Debit Card,Grocery,0
43,2934.31,6,2,0,3,6.9,1543,2,0,0.2267,0.0224,Net Banking,Fashion,1
49,2470.21,5,2,2,5,24.64,412,4,0,0.3178,0.407,Cash on Delivery,Fashion,1
26,323.9,11,1,0,2,14.44,501,2,0,0.0762,0.0292,UPI,Beauty,0
32,535.81,15,0,0,3,29.97,1506,2,0,0.0,0.0564,Credit Card,Fashion,1
34,855.88,7,1,0,1,21.84,1000,2,2,0.2095,0.0039,Cash on Delivery,Electronics,0
43,852.67,6,1,0,1,17.6,581,3,2,0.2399,0.034,Credit Card,Home,0
40,1297.01,8,1,0,4,26.78,446,1,0,0.0904,0.0493,Cash on Delivery,Fashion,0
26,1040.11,4,1,0,4,5.0,367,1,1,0.3277,0.0688,UPI,Electronics,0
22,1914.55,12,2,0,3,30.5,413,5,0,0.1592,0.036,Debit Card,Electronics,0
40,3926.38,8,0,0,2,5.55,1218,1,0,0.0294,0.0156,UPI,Beauty,1
20,1015.63,11,0,0,2,5.6,501,4,2,0.1447,0.028,Credit Card,Accessories,1
46,402.14,9,0,0,4,39.19,905,2,0,0.0536,0.0167,Debit Card,Electronics,0
33,942.6,6,3,1,3,18.31,947,0,1,0.4635,0.1552,Cash on Delivery,Fashion,0
20,1454.28,7,1,0,3,9.43,526,3,0,0.1472,0.0051,UPI,Electronics,1
30,2120.91,4,0,0,3,10.46,783,2,0,0.0261,0.062,UPI,Accessories,0
19,2625.32,5,0,0,2,19.79,371,6,5,0.2609,0.0568,UPI,Fashion,1
37,2380.66,3,0,0,4,4.14,436,3,0,0.0725,0.0616,Net Banking,Home,0
26,2261.86,10,0,0,3,36.61,346,3,1,0.0777,0.0188,Cash on Delivery,Fashion,0
29,1124.81,9,2,2,6,9.18,696,1,1,0.2008,0.2213,Cash on Delivery,Accessories,0
34,1076.46,7,0,0,3,4.22,594,3,0,0.04,0.0199,UPI,Beauty,0
29,503.46,7,0,0,2,23.1,131,9,3,0.0947,0.0,UPI,Electronics,1
41,1045.02,6,0,0,3,8.3,1045,2,0,0.0784,0.0227,Net Banking,Grocery,0
32,974.03,9,0,0,4,16.86,1354,4,1,0.069,0.0257,Debit Card,Fashion,0
28,1593.16,9,1,1,3,32.58,482,7,1,0.1611,0.1574,Credit Card,Grocery,0
26,1938.34,11,0,0,3,17.94,286,3,0,0.0166,0.0309,UPI,Electronics,1
31,2209.46,4,0,0,2,16.38,391,4,0,0.0304,0.0857,Debit Card,Home,0
47,2183.14,8,0,0,4,9.21,1301,1,0,0.0463,0.0321,Debit Card,Accessories,1
49,729.36,9,0,0,3,13.88,564,4,1,0.0638,0.007,UPI,Electronics,0
18,3068.82,6,0,0,3,21.63,1738,5,0,0.0696,0.0218,UPI,Electronics,0
44,779.75,7,0,0,1,21.16,1455,2,2,0.1708,0.0395,UPI,Fashion,0
36,233.83,8,1,0,3,13.47,419,3,0,0.1051,0.0231,Debit Card,Grocery,0
42,970.75,7,0,0,5,9.91,950,2,1,0.148,0.0458,Cash on Delivery,Grocery,0
29,1024.05,9,0,0,5,17.52,724,2,1,0.1081,0.0389,UPI,Electronics,1
18,3424.39,7,0,0,3,2.5,226,2,0,0.0568,0.0361,Credit Card,Accessories,0
39,1820.99,12,0,0,3,12.08,435,1,2,0.1573,0.0684,UPI,Accessories,0
26,1893.23,9,1,0,5,9.53,607,4,1,0.1714,0.0015,Credit Card,Accessories,0
22,1226.58,10,1,1,2,5.79,202,1,1,0.1945,0.1074,Net Banking,Fashion,0
22,902.28,7,1,0,2,41.11,396,3,0,0.1033,0.0275,UPI,Home,0
39,861.89,14,2,0,4,14.43,906,2,0,0.0859,0.0271,UPI,Home,0
35,813.06,7,1,0,4,3.34,450,4,0,0.1127,0.0351,UPI,Fashion,0
30,1058.15,6,1,1,5,47.33,603,3,4,0.322,0.1759,Debit Card,Fashion,1
41,1193.32,11,1,0,3,25.09,812,0,0,0.082,0.0,UPI,Electronics,0
40,1365.42,4,0,0,2,19.92,706,2,1,0.1306,0.0818,Credit Card,Accessories,0
30,1311.88,7,0,0,3,3.61,358,0,2,0.2602,0.058,Debit Card,Grocery,0
33,1811.3,5,3,0,5,9.18,1304,1,0,0.4596,0.002,UPI,Home,0
48,2960.17,7,3,1,4,36.03,211,3,1,0.3419,0.1756,Cash on Delivery,Accessories,1
20,1685.48,6,2,2,3,13.15,197,6,5,0.4143,0.3236,UPI,Beauty,1
29,454.93,6,1,0,3,34.7,178,1,0,0.1478,0.0349,Cash on Delivery,Electronics,0
32,2101.63,10,1,0,1,6.81,1302,3,3,0.2152,0.0026,UPI,Home,1
23,3040.25,6,3,1,4,31.39,595,3,2,0.456,0.2142,UPI,Fashion,1
42,1810.18,5,1,0,4,31.39,188,2,4,0.4216,0.0539,Cash on Delivery,Home,1
25,2101.47,5,0,0,5,26.92,510,0,0,0.083,0.0297,Credit Card,Electronics,0
38,1367.35,4,1,1,2,12.28,546,1,0,0.2078,0.2285,UPI,Accessories,1
44,952.93,5,0,0,4,6.17,780,0,0,0.0607,0.0514,Net Banking,Beauty,0
24,519.0,10,4,3,4,12.5,543,4,1,0.3237,0.2731,Credit Card,Grocery,1
27,1644.63,11,4,1,5,30.12,791,2,0,0.2494,0.1189,Credit Card,Electronics,0
46,1486.1,10,1,0,1,11.49,899,2,0,0.1264,0.0332,Credit Card,Accessories,0
35,827.64,6,0,0,1,17.45,1003,2,0,0.078,0.0283,UPI,Accessories,0
36,1479.48,11,0,0,3,12.77,861,2,1,0.0714,0.0285,UPI,Accessories,1
19,1856.15,5,0,0,5,30.88,927,2,1,0.1118,0.0305,UPI,Home,0
32,1440.12,6,2,0,2,22.83,365,3,6,0.4988,0.0458,UPI,Grocery,1
18,1149.28,10,0,0,3,23.51,1647,2,1,0.1053,0.0222,Cash on Delivery,Electronics,0
35,703.86,10,2,0,5,22.06,237,1,0,0.1383,0.0189,Net Banking,Electronics,0
41,1820.41,6,1,0,3,5.47,627,0,0,0.1575,0.0593,Credit Card,Fashion,0
28,892.67,9,1,0,2,18.52,772,6,2,0.1627,0.0398,Credit Card,Grocery,1
49,3698.92,6,1,0,4,8.63,216,4,0,0.1477,0.0674,UPI,Accessories,0
41,2288.47,6,0,0,1,16.03,278,1,3,0.2431,0.0613,Debit Card,Fashion,0
26,792.72,7,0,0,3,8.92,267,3,1,0.1237,0.0745,Net Banking,Home,0
34,1688.87,5,1,0,3,26.37,407,1,2,0.326,0.0639,UPI,Fashion,0
56,716.33,5,1,0,3,2.49,1001,0,0,0.2044,0.0411,Debit Card,Electronics,0
23,313.37,13,0,0,3,22.47,359,0,0,0.0582,0.0243,Cash on Delivery,Grocery,0
37,1911.74,9,4,1,4,18.37,421,3,4,0.4963,0.1029,Debit Card,Home,0
33,1884.78,5,1,1,2,41.41,278,6,2,0.2437,0.2322,UPI,Grocery,0
39,2327.85,7,1,0,5,6.75,488,2,1,0.2067,0.0378,UPI,Electronics,0
31,1510.72,7,0,0,2,1.63,769,1,0,0.0453,0.0371,UPI,Grocery,0
31,1735.45,3,0,0,3,16.22,866,8,0,0.0902,0.0706,UPI,Electronics,1
40,1174.87,8,1,0,1,17.76,627,1,1,0.1843,0.0772,Debit Card,Electronics,0
37,1082.21,6,5,0,2,31.38,585,1,0,0.6229,0.0442,Debit Card,Electronics,1
22,932.03,3,2,2,3,26.83,127,6,1,0.5061,0.5765,UPI,Beauty,1
45,2493.76,11,0,0,3,32.78,683,4,2,0.1098,0.0297,Debit Card,Beauty,0
31,2009.07,8,1,1,4,9.56,1234,2,1,0.1607,0.1496,Debit Card,Home,0
25,496.97,5,2,1,4,29.58,421,2,1,0.3995,0.2114,Credit Card,Electronics,1
44,1069.53,10,1,1,3,6.4,1000,3,1,0.1046,0.1306,Net Banking,Accessories,0
54,707.4,6,1,1,4,3.76,1542,3,0,0.1704,0.2034,UPI,Fashion,0
35,3387.74,12,0,0,3,8.27,333,6,1,0.0553,0.0376,UPI,Beauty,0
41,567.05,12,6,4,4,1.79,1106,3,0,0.3795,0.3336,Debit Card,Beauty,0
29,763.52,7,0,0,4,29.66,272,0,1,0.1102,0.0348,UPI,Electronics,0
34,2052.83,3,0,0,3,13.77,209,1,0,0.05,0.0834,UPI,Electronics,0
33,1909.25,5,4,0,5,20.73,160,6,1,0.608,0.045,UPI,Grocery,1
32,1327.7,14,0,0,2,4.26,1009,0,1,0.1293,0.0064,Debit Card,Beauty,0
41,458.43,10,0,0,2,7.4,966,3,1,0.0751,0.0108,UPI,Fashion,0
45,993.08,9,0,0,3,9.12,436,2,1,0.0935,0.0344,Debit Card,Home,0
33,3379.88,11,2,1,3,9.77,394,1,0,0.1431,0.0864,UPI,Electronics,1
48,1121.22,8,0,0,4,19.2,944,2,0,0.043,0.032,Debit Card,Home,1
18,1275.67,9,2,0,4,19.85,175,4,1,0.2112,0.0327,Credit Card,Home,0
40,1655.9,4,2,2,5,32.3,180,5,1,0.3807,0.4834,Credit Card,Home,1
48,2854.72,9,1,1,2,21.83,314,4,0,0.1154,0.0912,UPI,Accessories,0
42,845.1,9,0,0,3,9.69,351,5,1,0.0937,0.0063,UPI,Home,0
29,2600.46,6,0,0,4,12.11,733,7,0,0.0687,0.0473,UPI,Home,0
28,588.9,6,0,0,3,13.3,1572,1,3,0.2368,0.002,UPI,Accessories,0
27,771.74,13,0,0,1,25.14,769,2,0,0.0133,0.0062,UPI,Electronics,0
43,882.89,3,1,0,3,21.61,494,2,0,0.2643,0.0493,Cash on Delivery,Electronics,0
31,1186.64,3,1,0,5,12.01,398,2,4,0.4464,0.1013,Credit Card,Home,1
23,1753.31,13,0,0,4,8.26,1011,5,0,0.0128,0.0347,Credit Card,Home,0
40,2288.48,8,2,2,6,13.85,1753,3,0,0.2422,0.2685,UPI,Beauty,0
24,4100.68,8,2,0,4,17.61,1012,1,1,0.2527,0.0266,Credit Card,Electronics,0
41,1594.8,10,0,0,5,12.34,497,4,0,0.0269,0.0,UPI,Home,0
34,1741.78,6,1,0,4,11.16,409,1,0,0.1685,0.0729,Debit Card,Electronics,0
46,3295.65,10,1,0,4,18.42,2341,1,1,0.1699,0.0387,UPI,Electronics,1
44,1168.86,7,0,0,3,25.62,571,3,0,0.0309,0.0242,UPI,Accessories,0
47,693.21,9,2,0,3,21.43,867,2,1,0.2345,0.0597,Cash on Delivery,Accessories,0
47,1967.25,3,0,0,3,6.14,1280,2,0,0.0931,0.1112,Cash on Delivery,Accessories,0
35,2102.66,5,0,0,4,15.28,570,4,0,0.0338,0.0542,UPI,Electronics,0
24,3028.88,4,2,0,5,20.4,622,3,2,0.482,0.0396,UPI,Electronics,0
25,2028.98,9,0,0,3,15.25,1826,0,0,0.0743,0.0235,Credit Card,Beauty,1
30,3069.49,4,0,0,7,35.81,975,6,2,0.1032,0.0409,Net Banking,Grocery,0
18,1723.29,8,0,0,2,3.31,770,4,1,0.0685,0.0,UPI,Fashion,0
24,786.39,8,1,0,4,9.77,1182,2,1,0.1222,0.0222,UPI,Grocery,1
35,1762.85,3,0,0,3,12.73,1379,2,1,0.1826,0.0714,Credit Card,Fashion,0
29,1457.92,7,0,0,1,27.04,1036,1,0,0.0508,0.03,UPI,Electronics,0
32,634.92,5,0,0,3,1.27,527,1,1,0.1032,0.0815,Debit Card,Home,0
38,1169.52,8,0,0,3,31.91,453,2,0,0.0327,0.0374,UPI,Fashion,0
31,2872.2,9,1,0,4,1.26,1677,2,1,0.16,0.0464,Debit Card,Home,0
24,1282.95,7,0,0,2,29.61,658,2,0,0.0213,0.0256,Credit Card,Fashion,0
18,2323.64,4,0,0,3,5.54,533,2,2,0.1673,0.0812,Debit Card,Electronics,1
34,1053.87,12,0,0,2,12.02,270,2,1,0.0591,0.015,Credit Card,Grocery,0
19,1389.45,10,4,0,4,30.56,180,4,1,0.3204,0.0271,UPI,Accessories,1
26,3308.4,4,1,0,4,10.34,2680,2,1,0.2829,0.069,Debit Card,Home,0
32,2561.67,6,0,0,2,7.9,1106,3,1,0.0993,0.0645,Credit Card,Electronics,0
26,842.4,4,2,2,8,33.61,826,6,1,0.3974,0.4475,Credit Card,Accessories,1
46,2101.31,2,0,0,1,13.98,521,2,0,0.0948,0.1054,Credit Card,Fashion,0
32,1837.42,8,1,0,4,8.61,734,3,0,0.101,0.02,Debit Card,Home,0
50,868.12,4,0,0,2,7.78,380,2,0,0.0908,0.0992,UPI,Beauty,0
47,1433.52,6,0,0,4,11.45,510,2,1,0.1258,0.0969,UPI,Fashion,1
29,1907.9,4,0,0,2,10.63,304,0,3,0.3184,0.0628,Cash on Delivery,Home,0
24,1726.02,15,0,0,1,1.14,95,10,1,0.0209,0.0196,UPI,Beauty,0
35,3628.18,6,2,1,1,32.38,604,6,3,0.3423,0.1943,UPI,Electronics,1
34,609.45,8,1,0,4,21.98,788,3,0,0.1499,0.0172,Debit Card,Beauty,0
18,1346.23,5,1,1,3,37.11,202,2,4,0.349,0.1975,UPI,Home,0
35,3665.97,3,1,0,6,8.9,301,4,2,0.3715,0.0813,UPI,Fashion,1
44,1522.16,8,0,0,3,5.48,1225,2,0,0.0568,0.0534,Credit Card,Electronics,0
30,540.69,8,0,0,1,19.84,1748,2,0,0.0147,0.0378,Credit Card,Home,0
26,3054.54,8,5,1,5,24.5,651,6,1,0.4865,0.1333,UPI,Home,1
27,2593.29,7,4,0,5,28.53,764,3,5,0.6351,0.0335,UPI,Grocery,0
42,1144.3,11,0,0,4,9.7,1703,3,1,0.0709,0.0184,Credit Card,Electronics,0
45,1961.5,6,1,0,3,0.78,1045,2,1,0.2178,0.0368,Credit Card,Fashion,0
27,2123.32,17,0,0,5,7.21,968,5,0,0.0379,0.009,Net Banking,Home,0
28,1370.98,8,0,0,4,11.02,1403,0,2,0.192,0.0394,Cash on Delivery,Grocery,0
40,1500.55,7,0,0,1,15.43,344,3,1,0.056,0.043,UPI,Electronics,0
35,773.62,6,0,0,4,15.54,339,5,0,0.0561,0.0,Credit Card,Beauty,0
28,821.73,10,0,0,3,16.64,573,2,0,0.0201,0.0275,Cash on Delivery,Accessories,0
31,1536.44,14,3,1,1,18.87,556,4,0,0.1767,0.1132,Net Banking,Electronics,0
33,3845.79,11,1,0,6,13.61,542,5,0,0.0456,0.014,UPI,Fashion,0
20,1851.33,10,1,0,1,5.75,662,2,1,0.1371,0.0642,Credit Card,Accessories,0
41,2864.41,4,0,0,1,13.74,763,1,0,0.0699,0.0669,UPI,Electronics,0
30,722.96,11,0,0,2,8.84,946,3,0,0.0073,0.0495,Credit Card,Fashion,1
18,1011.71,8,1,0,4,2.9,795,3,2,0.2318,0.0657,UPI,Fashion,1
34,3402.42,3,0,0,4,19.06,537,2,1,0.1901,0.0849,Cash on Delivery,Grocery,0
27,1331.34,10,0,0,2,3.91,449,4,2,0.0919,0.0292,Debit Card,Home,0
31,1591.77,7,2,0,4,36.48,242,4,3,0.3165,0.0484,Debit Card,Home,1
49,1427.02,6,0,0,2,6.86,889,5,1,0.1208,0.0537,Cash on Delivery,Grocery,1
29,716.78,13,1,0,2,16.91,1504,4,0,0.0561,0.028,Credit Card,Home,0
24,621.74,11,0,0,3,23.08,683,2,1,0.125,0.036,Credit Card,Grocery,0
31,581.97,5,2,1,5,16.55,69,8,4,0.3964,0.2075,Credit Card,Accessories,1
39,1640.38,10,1,0,3,11.57,567,1,0,0.0893,0.0222,Credit Card,Home,1
28,735.55,7,1,0,3,3.46,688,4,1,0.176,0.0293,Credit Card,Accessories,0
27,2386.1,4,1,0,2,16.19,901,2,1,0.2908,0.0453,UPI,Electronics,1
39,1138.11,5,0,0,4,4.11,440,3,1,0.0577,0.0979,Credit Card,Beauty,0
25,919.08,10,0,0,3,20.4,321,3,1,0.0592,0.0562,Credit Card,Fashion,0
21,1598.82,6,0,0,4,1.8,438,4,0,0.0445,0.0137,Net Banking,Beauty,0
50,631.14,4,0,0,4,25.14,707,2,0,0.0643,0.0285,UPI,Home,0
39,1922.39,5,0,0,2,19.11,518,0,1,0.1163,0.0395,Cash on Delivery,Beauty,0
32,1512.92,6,0,0,2,19.61,446,5,1,0.102,0.0179,Debit Card,Beauty,0
34,1299.72,9,0,0,3,6.4,600,1,1,0.1216,0.036,Credit Card,Electronics,0
23,2408.78,3,0,0,5,8.47,554,5,1,0.1659,0.0975,Cash on Delivery,Home,1
39,3951.2,9,1,0,3,10.64,1521,2,1,0.1199,0.0378,Net Banking,Home,0
34,1209.81,8,5,2,8,51.72,596,2,2,0.6328,0.2253,Debit Card,Grocery,1
43,627.18,9,1,0,2,7.42,647,2,1,0.1736,0.0384,UPI,Accessories,0
27,1591.73,6,0,0,3,30.13,386,0,0,0.0458,0.0467,Debit Card,Home,0
37,3237.37,9,0,0,1,8.4,1491,3,2,0.1015,0.0229,UPI,Fashion,0
18,880.77,8,3,2,5,14.97,44,7,3,0.376,0.2445,UPI,Electronics,1
29,1398.65,13,0,0,2,23.6,1203,2,0,0.0,0.023,Cash on Delivery,Fashion,0
32,905.05,4,0,0,2,8.45,820,4,1,0.0934,0.0519,Net Banking,Electronics,0
35,974.92,5,0,0,3,22.05,1495,3,0,0.05,0.0803,Cash on Delivery,Fashion,0
34,1591.53,7,1,0,2,16.92,938,4,0,0.0925,0.0039,Net Banking,Fashion,0
41,1630.31,9,1,0,6,12.64,944,2,1,0.1576,0.0268,UPI,Beauty,0
38,956.8,8,0,0,2,5.11,720,0,0,0.0666,0.024,UPI,Electronics,0
20,1737.99,11,0,0,2,36.39,1398,3,1,0.0242,0.0253,Cash on Delivery,Fashion,0
22,2122.54,8,3,0,4,6.13,340,3,0,0.2961,0.0213,UPI,Fashion,1
31,935.32,6,1,1,4,11.13,1213,4,0,0.1393,0.1968,Credit Card,Electronics,0
50,395.17,10,0,0,4,22.03,2617,4,0,0.0318,0.0239,Cash on Delivery,Grocery,1
26,1143.39,11,3,0,3,15.56,1393,1,2,0.3927,0.0589,Credit Card,Beauty,0
32,1159.04,6,1,0,3,6.4,1138,2,0,0.2386,0.0397,UPI,Electronics,0
29,1766.42,10,2,0,3,11.4,489,3,0,0.1838,0.0039,Debit Card,Fashion,0
29,795.56,11,2,1,5,7.68,2002,7,2,0.2377,0.1301,Net Banking,Fashion,0
25,1247.54,7,2,2,3,25.35,354,7,2,0.2763,0.2809,Credit Card,Fashion,1
30,1989.74,8,0,0,4,18.87,1069,4,1,0.0809,0.0423,Cash on Delivery,Home,1
26,1992.75,8,5,1,4,23.66,493,4,2,0.446,0.1717,UPI,Electronics,0
36,1747.24,11,0,0,4,17.39,464,2,0,0.0712,0.0352,Net Banking,Beauty,0
47,963.44,6,1,1,1,4.87,781,5,0,0.144,0.2037,Cash on Delivery,Home,0
38,973.97,7,0,0,2,18.77,808,1,1,0.1407,0.1001,Debit Card,Electronics,0
27,2928.05,13,0,0,3,7.59,142,3,0,0.0144,0.0296,UPI,Electronics,0
59,1140.63,7,1,0,3,15.37,925,1,0,0.1228,0.0301,Credit Card,Accessories,0
35,2564.84,8,0,0,2,14.85,501,2,1,0.0556,0.0341,Debit Card,Fashion,0
18,1860.43,7,1,1,7,22.77,243,4,2,0.1974,0.1624,Debit Card,Fashion,1
35,3875.61,6,1,1,4,30.43,375,6,4,0.2779,0.1936,Net Banking,Fashion,0
29,1089.16,5,0,0,3,18.75,103,2,1,0.1073,0.0865,Debit Card,Fashion,0
47,1071.98,5,0,0,1,8.76,1223,3,2,0.1514,0.0442,Debit Card,Electronics,0
30,2390.63,11,0,0,4,3.61,710,1,1,0.0715,0.0063,Debit Card,Electronics,0
49,686.34,8,0,0,4,14.41,315,1,0,0.0071,0.0603,UPI,Electronics,0
26,1297.61,10,3,0,4,3.39,1216,2,1,0.2669,0.035,Debit Card,Home,0
47,902.25,11,3,0,2,19.31,434,2,1,0.2583,0.0102,Credit Card,Fashion,1
36,866.97,6,0,0,3,0.23,466,0,0,0.0869,0.0756,UPI,Home,0
46,707.05,5,0,0,3,6.57,1024,0,2,0.2324,0.0722,UPI,Accessories,0
51,1185.77,5,0,0,3,17.4,235,2,0,0.0713,0.0565,Net Banking,Fashion,0
24,1578.24,11,0,0,4,15.04,778,3,0,0.0332,0.0236,Debit Card,Electronics,0
45,2128.62,5,0,0,2,34.99,1048,1,1,0.1128,0.0199,UPI,Electronics,0
19,1133.39,4,0,0,2,22.95,278,10,1,0.0596,0.0558,UPI,Grocery,1
21,1733.7,1,0,0,4,9.15,362,3,0,0.1838,0.1471,UPI,Grocery,0
25,2290.61,7,0,0,2,8.44,480,2,1,0.0757,0.0243,Credit Card,Fashion,1
27,1569.89,14,1,1,4,25.11,894,4,0,0.0685,0.1063,Cash on Delivery,Fashion,0
39,1166.12,5,1,0,3,20.85,1292,1,0,0.1571,0.0526,UPI,Grocery,0
28,2515.21,13,1,1,4,23.0,60,5,3,0.2053,0.1249,UPI,Grocery,1
34,2149.7,6,0,0,3,4.51,1911,3,1,0.1055,0.0104,Cash on Delivery,Fashion,0
32,1170.4,8,1,0,4,9.35,1511,3,0,0.0785,0.0,Debit Card,Home,0
35,2583.5,7,0,0,6,26.39,1347,2,0,0.0314,0.0347,UPI,Grocery,0
30,1621.81,5,0,0,2,23.12,189,2,1,0.1514,0.04,Debit Card,Home,1
39,3418.07,7,0,0,4,3.48,998,0,0,0.0392,0.0453,Cash on Delivery,Fashion,0
40,462.22,8,0,0,3,17.88,466,2,0,0.0324,0.0567,UPI,Electronics,0
44,2001.09,5,2,1,2,24.68,1180,1,0,0.2909,0.2091,Net Banking,Grocery,0
50,1207.18,7,0,0,1,18.4,676,1,1,0.0927,0.0617,UPI,Beauty,0
34,2593.26,8,2,0,3,14.94,394,3,0,0.2103,0.0247,UPI,Grocery,0
29,519.88,8,1,0,3,9.89,789,1,1,0.1689,0.0515,UPI,Accessories,0
40,1679.23,9,0,0,4,13.37,1535,3,0,0.0225,0.0059,UPI,Accessories,0
29,817.01,8,1,1,3,26.91,413,9,3,0.2149,0.1612,Debit Card,Fashion,1
24,1323.32,7,2,0,2,11.41,361,6,0,0.2063,0.0254,Debit Card,Beauty,0
28,652.65,14,0,0,3,11.08,2761,3,1,0.0956,0.0,Net Banking,Electronics,0
43,2081.38,7,0,0,1,5.54,662,2,1,0.1069,0.0241,Credit Card,Home,0
33,611.12,6,0,0,3,12.97,424,3,0,0.0675,0.0487,UPI,Electronics,1
23,2650.7,7,0,0,3,9.36,604,1,0,0.0333,0.084,Cash on Delivery,Electronics,0
21,2612.86,5,0,0,4,2.41,1989,2,0,0.0988,0.0382,Cash on Delivery,Fashion,0
34,530.44,11,0,0,4,19.02,548,1,1,0.1122,0.0232,UPI,Fashion,0
44,878.36,7,0,0,4,14.5,409,2,1,0.0912,0.0403,Debit Card,Beauty,0
44,797.99,14,0,0,4,10.73,1209,6,0,0.0053,0.0061,UPI,Beauty,1
35,1072.9,8,0,0,2,4.91,1283,1,2,0.1597,0.015,UPI,Electronics,0
52,1698.35,12,2,0,4,16.64,211,1,1,0.1889,0.0168,Credit Card,Home,0
33,1763.92,8,0,0,4,39.05,1468,3,0,0.0459,0.007,Credit Card,Electronics,0
33,885.38,14,1,0,3,4.23,818,1,0,0.0545,0.0326,UPI,Grocery,0
38,2447.09,8,4,4,4,18.86,206,8,2,0.4398,0.5155,Credit Card,Beauty,0
29,1155.38,6,0,0,5,16.95,118,6,6,0.1887,0.0511,UPI,Beauty,1
18,1099.8,5,0,0,4,1.69,695,1,0,0.0621,0.0573,Cash on Delivery,Accessories,0
30,702.29,8,1,1,5,14.25,547,0,0,0.1037,0.1218,Debit Card,Fashion,0
42,994.61,12,0,0,2,8.26,514,3,0,0.0543,0.008,UPI,Electronics,0
32,3444.85,3,3,0,2,15.25,435,5,3,0.7627,0.0727,UPI,Beauty,1
48,848.23,8,0,0,4,27.8,884,2,0,0.0436,0.0582,Debit Card,Fashion,0
27,1499.65,14,1,0,4,17.06,461,2,0,0.0465,0.0309,Credit Card,Fashion,0
38,1390.61,5,1,0,3,15.15,1446,1,1,0.269,0.0744,UPI,Accessories,0
29,1076.32,6,4,2,5,19.65,966,9,2,0.51,0.3342,Net Banking,Accessories,1
43,1056.41,8,0,0,6,17.91,3000,0,0,0.0687,0.0,Credit Card,Fashion,0
34,1339.29,7,1,0,4,16.25,735,0,0,0.1416,0.043,Cash on Delivery,Electronics,0
18,843.7,7,1,0,2,16.78,2082,1,1,0.2017,0.0641,UPI,Home,0
36,583.67,12,1,0,5,13.08,897,1,0,0.0629,0.0404,Credit Card,Accessories,0
41,3089.79,6,0,0,5,10.43,748,6,1,0.0562,0.0557,Debit Card,Home,1
25,2327.83,6,0,0,3,9.78,1026,1,3,0.2639,0.0266,Credit Card,Accessories,0
32,1132.31,7,1,0,6,18.65,891,2,3,0.269,0.019,Cash on Delivery,Fashion,0
24,1961.89,10,1,0,3,16.33,1065,0,0,0.1033,0.052,UPI,Beauty,0
18,1019.02,8,0,0,3,7.45,1063,3,0,0.0524,0.0054,Debit Card,Fashion,0
43,877.74,7,0,0,4,5.43,582,2,0,0.0375,0.053,Debit Card,Fashion,0
34,1949.86,12,0,0,4,10.38,853,1,2,0.1544,0.007,UPI,Fashion,0
48,679.95,7,1,1,4,13.43,1070,1,1,0.2,0.1694,Cash on Delivery,Grocery,0
42,1705.24,5,1,0,2,30.67,1191,1,0,0.22,0.0319,Net Banking,Accessories,0
31,465.35,7,2,2,2,10.8,403,0,1,0.3224,0.3076,Debit Card,Home,0
33,2082.01,9,0,0,3,5.54,636,0,0,0.0228,0.0399,UPI,Home,0
39,2897.59,10,0,0,2,10.69,600,2,0,0.006,0.0485,Cash on Delivery,Home,0
34,2061.31,11,4,1,5,5.76,219,6,3,0.3259,0.0867,Net Banking,Home,1
43,3577.74,2,0,0,4,2.89,292,2,2,0.2386,0.1263,Debit Card,Electronics,0
37,2791.63,12,1,0,2,13.06,865,3,2,0.1591,0.0071,Debit Card,Fashion,1
44,2530.56,4,0,0,2,8.63,918,1,0,0.0543,0.0604,UPI,Electronics,0
31,496.47,7,0,0,1,1.75,1687,2,0,0.018,0.0419,Credit Card,Fashion,0
40,1805.16,6,1,1,3,11.24,311,7,1,0.2001,0.1604,Credit Card,Home,0
30,1319.94,9,0,0,4,25.95,156,3,5,0.3051,0.0,UPI,Electronics,1
25,2160.04,12,0,0,5,11.05,484,1,0,0.0524,0.0069,UPI,Accessories,1
33,1252.68,8,0,0,4,21.36,734,1,0,0.0723,0.0605,Credit Card,Home,0
36,1166.69,8,1,0,4,10.61,1405,0,0,0.1732,0.0438,Cash on Delivery,Accessories,0
23,373.19,4,0,0,4,23.47,1069,1,1,0.094,0.0573,Cash on Delivery,Beauty,0
22,1723.37,3,0,0,3,3.8,1988,3,0,0.101,0.0673,Debit Card,Fashion,1
38,1027.27,9,0,0,3,13.62,953,2,1,0.0521,0.032,Credit Card,Home,0
30,1228.57,14,2,1,4,3.34,760,2,0,0.1729,0.1177,UPI,Fashion,0
33,1725.99,12,0,0,2,4.11,577,1,1,0.0999,0.0,Credit Card,Fashion,0
35,3399.78,5,3,0,2,3.87,308,6,1,0.4714,0.0537,Cash on Delivery,Electronics,0
31,1574.57,8,2,0,2,8.94,422,1,1,0.2715,0.0311,UPI,Grocery,0
41,2180.73,8,5,0,4,9.36,200,2,2,0.5735,0.0457,Credit Card,Electronics,1
48,948.58,8,0,0,4,19.72,828,4,0,0.0491,0.0114,Credit Card,Accessories,1
45,957.64,7,0,0,2,11.15,624,1,0,0.0322,0.0398,UPI,Beauty,0
23,1494.05,9,0,0,1,12.55,794,1,0,0.0539,0.0308,Credit Card,Fashion,0
29,1332.1,9,0,0,4,3.17,1720,0,1,0.0892,0.0012,UPI,Grocery,0
42,1240.56,9,2,0,2,7.12,953,5,2,0.241,0.0004,UPI,Fashion,0
39,533.87,12,0,0,3,16.59,259,1,1,0.1255,0.0319,UPI,Grocery,0
40,3651.77,5,0,0,5,21.89,348,4,1,0.0934,0.0316,Credit Card,Grocery,1
34,1101.78,7,1,0,3,13.49,402,2,4,0.3194,0.0352,Credit Card,Home,1
24,1091.03,6,1,0,3,24.45,737,3,0,0.2077,0.0365,UPI,Beauty,1
26,1654.72,6,2,2,8,6.46,222,0,2,0.4674,0.3779,UPI,Accessories,1
28,2910.71,9,0,0,3,6.15,613,5,0,0.0569,0.0207,Cash on Delivery,Electronics,0
29,1945.64,8,1,0,2,2.26,1594,0,0,0.1138,0.0744,Credit Card,Accessories,0
36,297.92,15,1,0,2,16.26,757,4,1,0.095,0.0275,Debit Card,Home,0
37,1307.04,4,1,0,4,20.1,870,7,5,0.3576,0.0299,UPI,Grocery,0
31,359.73,6,3,0,3,46.6,854,3,5,0.5944,0.0517,Debit Card,Home,1
38,1337.17,11,4,4,5,34.25,216,5,3,0.3921,0.3305,Credit Card,Fashion,1
49,279.77,9,2,0,3,31.85,557,4,0,0.2087,0.0316,Debit Card,Fashion,1
34,1660.04,5,0,0,6,21.55,367,1,2,0.2264,0.0729,Credit Card,Fashion,1
28,801.85,9,0,0,5,12.59,1413,1,0,0.0,0.027,Credit Card,Fashion,0
25,265.21,11,0,0,5,13.85,786,3,2,0.131,0.0252,Net Banking,Electronics,0
33,2539.19,12,0,0,2,17.19,127,3,0,0.0,0.0,Credit Card,Accessories,1
43,362.29,10,0,0,5,6.31,669,2,0,0.0377,0.0338,Cash on Delivery,Fashion,0
31,1151.56,6,1,1,2,16.81,175,0,3,0.4071,0.2349,UPI,Home,0
32,1427.65,3,2,0,4,28.52,555,3,4,0.646,0.0762,Net Banking,Electronics,1
21,1869.99,9,0,0,4,16.92,1039,5,0,0.0556,0.0223,Cash on Delivery,Home,0
47,860.11,6,0,0,2,10.48,570,3,2,0.1543,0.0593,UPI,Home,0
32,1065.72,8,0,0,2,11.12,1081,4,0,0.036,0.0059,Credit Card,Electronics,0
31,898.06,9,2,2,3,12.94,518,6,4,0.3335,0.2312,Credit Card,Home,1
27,505.35,6,0,0,4,27.77,1313,4,0,0.1082,0.0439,UPI,Electronics,1
20,1538.32,10,0,0,3,19.92,1126,1,0,0.0167,0.0183,Credit Card,Electronics,0
40,1743.52,7,1,0,3,20.22,839,2,0,0.173,0.0611,Debit Card,Accessories,0
32,1447.72,5,0,0,5,22.2,835,3,0,0.0725,0.0815,Net Banking,Grocery,0
36,1004.22,14,0,0,4,25.81,548,0,0,0.0178,0.0396,Debit Card,Home,0
31,1215.84,7,1,1,6,6.39,247,7,2,0.1913,0.1796,Cash on Delivery,Fashion,1
26,937.43,9,0,0,7,11.79,491,4,1,0.0381,0.0333,Net Banking,Accessories,0
31,391.7,9,0,0,1,11.81,1043,0,1,0.1558,0.0363,Debit Card,Electronics,0
30,882.7,9,0,0,5,2.0,603,3,0,0.0322,0.071,UPI,Home,0
33,936.52,9,1,0,2,4.34,507,4,1,0.1315,0.0039,Cash on Delivery,Fashion,0
28,1914.39,6,1,1,5,16.52,319,5,1,0.1954,0.1512,Debit Card,Accessories,0
28,2823.5,6,1,0,4,12.7,700,3,0,0.163,0.0383,Credit Card,Electronics,1
20,490.97,7,0,0,1,2.8,727,2,1,0.0822,0.0161,Cash on Delivery,Beauty,0
59,1096.02,10,0,0,3,15.22,885,3,1,0.0795,0.0,UPI,Accessories,0
22,3546.21,9,0,0,3,6.59,371,5,1,0.0629,0.0182,Cash on Delivery,Home,0
36,1060.89,6,1,1,4,8.21,697,1,1,0.2154,0.1941,Net Banking,Electronics,0
18,2382.37,11,2,2,4,37.0,624,4,1,0.201,0.1764,Debit Card,Grocery,0
18,1107.77,7,0,0,2,25.41,1076,2,0,0.0453,0.0298,UPI,Electronics,0
35,1182.04,6,0,0,3,8.27,1161,1,0,0.1071,0.0586,Credit Card,Home,0
36,793.41,6,1,0,5,7.1,789,3,0,0.1619,0.0345,UPI,Grocery,0
45,732.09,5,1,0,3,15.11,936,1,0,0.1747,0.0,UPI,Home,0
38,2828.57,11,2,0,5,7.72,734,0,0,0.1891,0.0272,UPI,Home,0
33,528.56,8,1,1,3,14.94,1393,2,1,0.1971,0.1436,Cash on Delivery,Electronics,0
27,2679.82,6,0,0,3,10.33,310,5,2,0.111,0.044,Credit Card,Electronics,1
43,926.45,9,1,1,5,15.36,184,3,6,0.3365,0.1324,Credit Card,Home,1
25,1584.84,6,0,0,4,7.03,1377,2,1,0.0959,0.0278,Debit Card,Fashion,0
47,1228.37,5,0,0,1,1.71,483,0,0,0.0825,0.0581,UPI,Home,0
42,599.81,10,0,0,3,7.98,312,1,1,0.1039,0.0121,Net Banking,Electronics,1
23,634.7,4,2,0,3,14.14,1123,4,1,0.4185,0.0754,Debit Card,Fashion,1
33,1498.65,7,2,2,7,38.32,189,7,2,0.2646,0.2817,Credit Card,Fashion,1
34,1004.66,11,2,0,4,8.44,363,1,1,0.2463,0.0129,Cash on Delivery,Home,0
35,2190.73,9,1,0,4,14.08,1445,2,0,0.1008,0.0247,UPI,Home,0
24,548.94,6,4,1,6,16.11,466,3,0,0.4677,0.1814,Debit Card,Home,1
27,1597.24,5,2,0,4,27.42,476,7,1,0.3723,0.0704,UPI,Grocery,1
31,5239.3,7,0,0,4,10.19,364,0,0,0.0191,0.0365,Debit Card,Fashion,0
41,1015.46,9,0,0,5,11.35,1160,1,1,0.0735,0.0293,Credit Card,Grocery,0
41,1178.27,8,1,0,2,26.71,760,2,0,0.1263,0.045,UPI,Grocery,0
32,1434.68,10,1,0,2,20.88,2015,1,0,0.087,0.028,Cash on Delivery,Beauty,0
37,753.79,4,2,0,4,27.91,824,9,3,0.4298,0.0673,Net Banking,Electronics,1
23,1450.27,8,3,3,7,32.78,26,5,5,0.432,0.3555,Cash on Delivery,Home,1
31,2511.32,5,0,0,4,8.7,1462,2,1,0.11,0.0187,UPI,Accessories,0
47,462.44,6,0,0,4,8.14,312,1,0,0.0313,0.0548,Debit Card,Accessories,0
18,2018.53,8,0,0,5,29.41,145,5,1,0.1065,0.0118,Cash on Delivery,Home,1
42,3139.87,9,3,0,1,10.47,419,1,1,0.3175,0.0187,Cash on Delivery,Grocery,1
35,772.96,8,0,0,1,31.15,1047,3,0,0.0394,0.051,UPI,Fashion,0
19,1768.12,13,0,0,2,14.27,1305,1,1,0.1042,0.0,UPI,Accessories,0
37,1359.51,5,0,0,6,13.53,352,3,2,0.1265,0.0442,UPI,Beauty,0
40,549.38,6,1,0,4,9.77,1187,1,1,0.2514,0.0366,Cash on Delivery,Grocery,0
18,1461.83,6,0,0,4,15.35,850,3,2,0.1581,0.0366,Cash on Delivery,Electronics,0
36,1460.44,7,0,0,4,18.97,947,3,1,0.1589,0.0239,Credit Card,Fashion,0
30,1946.03,7,2,0,3,20.7,463,2,0,0.2538,0.024,UPI,Electronics,0
32,1332.48,4,0,0,3,14.93,1770,1,0,0.0974,0.0191,UPI,Electronics,0
26,1137.5,7,0,0,4,4.34,923,3,0,0.0493,0.0418,Cash on Delivery,Fashion,0
33,1130.45,4,1,0,4,3.64,625,4,1,0.2724,0.0703,UPI,Fashion,0
18,340.53,9,3,1,3,46.19,949,3,2,0.3861,0.1298,UPI,Electronics,0
47,1704.99,8,0,0,3,9.45,667,2,0,0.0337,0.0466,Cash on Delivery,Electronics,0
30,1258.6,10,0,0,4,8.67,638,4,0,0.0068,0.031,Credit Card,Accessories,0
43,851.11,11,3,0,4,3.65,907,1,0,0.2485,0.0132,UPI,Fashion,0
18,1172.33,6,1,0,2,14.87,472,3,5,0.3572,0.0418,UPI,Fashion,1
27,3164.46,11,2,0,4,8.11,801,2,0,0.1768,0.0329,Credit Card,Grocery,0
41,4200.19,7,0,0,2,16.07,317,2,1,0.0868,0.0215,Net Banking,Beauty,0
34,2019.07,5,0,0,5,18.69,281,3,0,0.0481,0.0571,Net Banking,Home,0
37,1017.02,9,0,0,3,4.09,1168,1,2,0.1658,0.0534,Debit Card,Fashion,0
34,1136.7,4,0,0,6,3.78,981,6,0,0.1197,0.0433,Net Banking,Grocery,0
40,1085.71,4,1,0,4,4.71,1709,2,0,0.2229,0.0953,Net Banking,Home,0
18,903.74,4,0,0,3,5.01,344,3,0,0.0076,0.0701,Credit Card,Fashion,0
21,1127.28,8,0,0,5,12.75,749,2,1,0.1134,0.0696,Debit Card,Electronics,0
38,1289.36,9,3,0,2,30.99,764,3,0,0.2161,0.0071,Debit Card,Fashion,0
18,890.61,3,0,0,4,11.8,137,2,0,0.1159,0.0659,UPI,Home,0
29,2436.08,9,0,0,3,12.58,712,1,2,0.1545,0.0282,Debit Card,Grocery,0
34,1178.01,5,0,0,5,10.91,1054,1,0,0.0,0.0622,Credit Card,Grocery,1
27,952.51,11,0,0,4,12.04,118,0,0,0.0444,0.006,Net Banking,Home,1
28,1186.19,12,0,0,1,17.98,1375,2,0,0.0353,0.0,Credit Card,Fashion,0
36,1166.77,7,1,0,4,10.69,356,2,1,0.1796,0.0475,Credit Card,Beauty,0
19,2507.18,7,4,1,5,37.01,112,8,2,0.4738,0.17,UPI,Accessories,0
20,1475.54,4,0,0,3,4.61,264,5,3,0.1733,0.0583,UPI,Fashion,0
43,1582.68,7,1,1,2,15.05,963,1,1,0.18,0.1559,UPI,Fashion,0
25,2140.71,6,1,0,3,18.23,269,0,1,0.2794,0.0433,UPI,Accessories,0
29,4204.56,7,0,0,2,24.11,604,2,1,0.0943,0.0365,Debit Card,Fashion,1
40,937.25,9,3,3,3,13.89,371,2,1,0.3305,0.3285,Credit Card,Home,1
27,1164.63,5,1,0,6,21.35,848,1,0,0.1855,0.0929,Credit Card,Fashion,0
18,979.85,5,0,0,6,12.01,753,3,1,0.0983,0.0407,Debit Card,Electronics,0
35,1361.85,7,3,0,3,5.81,254,1,0,0.3334,0.039,Credit Card,Fashion,0
42,897.7,3,0,0,3,9.98,347,0,0,0.1157,0.0879,UPI,Beauty,0
29,2794.95,8,4,3,4,33.07,114,6,4,0.5023,0.3598,UPI,Home,1
43,625.12,15,3,1,3,20.07,435,3,0,0.2051,0.0839,UPI,Beauty,0
26,1673.57,8,0,0,4,20.67,913,2,0,0.0018,0.0621,Credit Card,Electronics,0
26,1477.97,11,3,1,6,38.14,551,6,2,0.291,0.1025,UPI,Grocery,0
23,2302.02,13,1,1,3,5.47,686,2,0,0.0729,0.1003,Debit Card,Electronics,0
34,1292.73,11,0,0,2,5.62,539,0,1,0.0936,0.0363,UPI,Home,0
41,939.81,6,0,0,3,15.65,978,1,0,0.0959,0.0798,Net Banking,Accessories,0
18,1706.44,4,2,2,2,34.64,233,3,1,0.4462,0.4646,UPI,Fashion,1
35,1119.33,6,0,0,4,11.86,945,2,0,0.032,0.0491,UPI,Electronics,0
37,2100.76,8,2,1,1,16.84,482,0,1,0.2553,0.1331,Credit Card,Grocery,0
44,1311.08,7,2,0,4,14.9,814,2,0,0.2336,0.0395,UPI,Electronics,0
27,3784.88,6,0,0,3,31.94,941,2,0,0.0168,0.0505,Credit Card,Accessories,1
32,1169.78,6,0,0,3,3.06,450,1,0,0.0566,0.0398,Debit Card,Grocery,0
49,1252.72,8,3,0,3,16.97,578,3,1,0.3358,0.062,Cash on Delivery,Fashion,1
32,3344.58,9,0,0,4,8.71,648,3,0,0.0282,0.0228,UPI,Accessories,0
28,1027.14,9,4,1,7,29.99,221,3,7,0.6047,0.1575,UPI,Accessories,1
23,985.32,4,1,0,4,8.88,1048,1,1,0.2476,0.0733,Credit Card,Home,1
28,2152.51,11,1,1,3,18.2,1150,4,0,0.1544,0.0967,UPI,Accessories,0
26,1093.94,9,0,0,3,5.05,977,3,0,0.0265,0.0,UPI,Electronics,0
37,707.7,8,1,0,3,19.43,291,4,2,0.1763,0.0231,Debit Card,Beauty,0
18,798.16,9,4,3,6,12.6,711,3,2,0.3995,0.3042,Net Banking,Fashion,1
26,1128.16,6,1,0,3,23.48,436,2,0,0.1775,0.0415,Cash on Delivery,Electronics,0
36,1045.5,8,1,1,3,18.96,1036,4,0,0.1271,0.1613,Cash on Delivery,Fashion,0
27,3980.07,9,1,0,3,5.26,1102,3,0,0.1232,0.0432,UPI,Beauty,1
18,2142.56,11,1,1,1,9.9,778,1,0,0.0978,0.0921,Debit Card,Grocery,0
37,933.93,3,0,0,3,7.78,678,4,0,0.1612,0.0413,Cash on Delivery,Fashion,0
35,2704.37,7,0,0,3,14.53,1269,3,0,0.0465,0.0624,Credit Card,Home,0
39,1140.7,8,1,0,3,8.7,194,3,0,0.1346,0.0106,Cash on Delivery,Grocery,0
28,2236.45,6,1,1,3,6.32,578,2,2,0.2753,0.184,Credit Card,Fashion,1
27,2303.47,7,1,0,2,17.38,1529,2,1,0.1976,0.0168,UPI,Grocery,1
38,627.25,8,2,0,5,27.71,1512,4,1,0.2569,0.0515,Credit Card,Home,1
26,2245.48,6,3,2,4,26.78,243,6,2,0.4111,0.3119,Credit Card,Accessories,1
48,4528.54,11,0,0,2,12.37,337,1,0,0.0199,0.0563,Debit Card,Fashion,0
34,1519.24,2,0,0,2,13.12,531,3,0,0.1255,0.0648,Net Banking,Home,1
38,715.61,5,0,0,5,7.3,956,3,1,0.1139,0.0572,Debit Card,Home,1
31,806.75,7,0,0,4,20.49,684,2,1,0.0614,0.0767,UPI,Grocery,0
20,1846.25,5,0,0,4,19.31,886,3,0,0.0599,0.0386,Debit Card,Beauty,1
46,1350.64,5,1,1,4,49.15,583,5,1,0.2191,0.2492,UPI,Grocery,1
43,1231.63,5,0,0,2,3.39,303,0,0,0.0547,0.0311,UPI,Beauty,0
34,1053.2,8,0,0,5,38.8,366,2,3,0.1706,0.0117,Cash on Delivery,Fashion,1
42,1289.25,3,0,0,4,1.95,1240,1,0,0.1109,0.0837,UPI,Electronics,0
40,1507.73,9,0,0,2,15.18,787,6,1,0.0326,0.0148,Credit Card,Beauty,0
27,3064.74,7,1,1,3,40.79,559,6,3,0.2383,0.1153,UPI,Accessories,1
32,1564.09,5,0,0,5,15.78,648,1,1,0.1244,0.0773,Credit Card,Fashion,0
35,1460.79,6,2,1,6,17.91,291,5,1,0.2901,0.1797,Credit Card,Accessories,0
39,695.66,12,1,1,3,10.11,1113,3,0,0.0558,0.1035,UPI,Beauty,0
25,1482.53,4,3,2,4,4.95,376,5,4,0.6315,0.4679,UPI,Home,1
42,1823.62,6,1,1,2,17.62,842,2,1,0.2306,0.1998,Debit Card,Fashion,0
49,1452.14,8,0,0,4,24.4,976,0,1,0.1553,0.0486,UPI,Fashion,0
43,3460.23,9,0,0,2,14.68,763,2,0,0.0425,0.041,UPI,Accessories,0
35,1939.74,11,1,0,3,21.47,572,2,0,0.0771,0.036,Cash on Delivery,Fashion,0
22,930.27,10,0,0,4,23.62,1039,1,0,0.0,0.0115,Debit Card,Fashion,0
35,2645.73,8,0,0,2,21.83,1351,3,0,0.0491,0.0285,Debit Card,Grocery,0
36,1695.01,10,1,0,2,4.2,1481,3,0,0.1122,0.0077,Credit Card,Grocery,0
40,3705.04,5,0,0,3,7.93,622,2,0,0.0419,0.0417,UPI,Beauty,0
46,2289.68,4,0,0,4,10.7,368,1,1,0.1498,0.0798,Debit Card,Fashion,0
33,729.9,8,0,0,3,20.64,1031,1,1,0.1184,0.0,UPI,Grocery,0
53,685.64,7,1,0,1,24.24,493,0,1,0.244,0.027,Cash on Delivery,Fashion,1
18,771.56,6,0,0,3,19.94,634,1,0,0.0448,0.0286,Debit Card,Electronics,0
38,1354.74,4,0,0,4,5.74,1139,4,1,0.0975,0.0424,UPI,Electronics,0
27,1009.56,3,0,0,3,1.61,666,1,1,0.1607,0.0684,Debit Card,Accessories,0
18,1427.3,8,0,0,3,6.47,326,3,1,0.044,0.0484,UPI,Electronics,1
23,1593.01,4,2,1,3,40.17,737,2,2,0.4686,0.2603,Cash on Delivery,Grocery,0
43,1200.78,6,3,1,5,24.09,406,9,3,0.4218,0.1934,Credit Card,Accessories,1
32,2457.97,6,1,0,1,15.41,689,3,0,0.1433,0.0185,Credit Card,Beauty,0
21,1317.09,13,0,0,1,26.83,1107,3,1,0.0798,0.0206,Credit Card,Electronics,0
33,805.6,4,0,0,5,9.19,1118,2,0,0.0528,0.0907,UPI,Fashion,0
34,2420.77,6,1,0,2,14.31,1729,2,2,0.2488,0.0466,UPI,Beauty,0
44,1404.12,9,1,1,4,9.87,685,3,1,0.1473,0.1233,Credit Card,Home,0
20,1716.87,9,0,0,4,7.59,705,3,1,0.0911,0.019,UPI,Beauty,0
42,1004.79,10,0,0,3,17.91,957,3,2,0.1462,0.019,Credit Card,Grocery,0
35,2249.92,13,1,1,4,13.81,384,2,1,0.1349,0.0963,UPI,Home,0
43,420.93,13,2,0,4,14.91,1395,0,0,0.1526,0.031,Debit Card,Accessories,0
20,660.6,4,1,0,3,7.85,176,4,0,0.1936,0.0285,Credit Card,Home,0
30,387.51,7,1,1,2,15.35,1106,3,0,0.1241,0.1496,UPI,Fashion,0
26,1157.44,8,0,0,5,21.77,242,5,2,0.0803,0.0423,Credit Card,Accessories,1
31,1858.7,5,1,1,4,17.82,539,4,3,0.3161,0.223,Net Banking,Beauty,1
22,871.87,11,0,0,1,3.86,760,3,0,0.0516,0.0122,UPI,Electronics,0
23,1059.81,5,0,0,3,5.58,840,2,0,0.0153,0.0251,UPI,Fashion,0
22,1042.31,9,0,0,1,14.79,1176,1,1,0.1191,0.0274,UPI,Electronics,0
22,1388.03,8,0,0,7,32.61,240,6,3,0.1789,0.0328,Cash on Delivery,Fashion,0
34,683.78,3,1,1,3,32.82,102,9,3,0.3454,0.3258,UPI,Electronics,1
38,774.04,9,1,0,6,28.98,2081,4,2,0.2203,0.0362,Debit Card,Home,0
47,924.25,12,1,0,4,13.62,787,1,0,0.0891,0.0,UPI,Fashion,0
29,2459.46,7,1,1,3,26.9,529,2,1,0.1755,0.1408,Debit Card,Fashion,0
40,3118.36,8,1,1,5,23.22,661,7,1,0.1338,0.1548,Debit Card,Electronics,1
20,842.19,8,1,0,4,13.24,1260,0,0,0.0829,0.053,Net Banking,Electronics,1
27,2700.58,4,3,2,3,18.68,368,4,2,0.6285,0.4569,UPI,Fashion,1
36,797.3,11,1,0,4,4.63,894,2,1,0.1219,0.0415,Cash on Delivery,Electronics,0
40,1470.7,10,0,0,5,21.13,1562,1,0,0.0636,0.0435,UPI,Grocery,0
21,461.45,7,1,1,5,10.65,290,0,0,0.1117,0.12,Credit Card,Grocery,1
32,755.39,8,0,0,3,8.49,723,0,0,0.0418,0.0228,Debit Card,Fashion,0
40,1404.62,8,0,0,4,30.78,1234,2,0,0.0831,0.0184,Credit Card,Accessories,0
18,1679.11,7,0,0,4,6.81,295,2,0,0.0587,0.0001,Net Banking,Fashion,0
34,1154.91,3,0,0,2,23.21,193,6,2,0.1182,0.0704,UPI,Grocery,1
34,3823.61,4,2,1,6,27.63,345,8,3,0.4239,0.2909,UPI,Fashion,1
46,2284.47,12,1,1,3,2.7,250,1,1,0.1559,0.078,Credit Card,Fashion,0
27,1201.32,3,0,0,3,23.47,235,4,3,0.2549,0.0892,Credit Card,Home,1
37,646.79,7,1,0,4,15.33,1211,1,2,0.2558,0.0572,Credit Card,Beauty,0
40,2081.89,11,0,0,3,14.06,601,0,0,0.023,0.0507,Net Banking,Accessories,0
30,3105.79,9,0,0,3,13.36,1041,1,0,0.03,0.0,Debit Card,Home,0
18,1406.32,7,0,0,3,8.0,376,2,0,0.0498,0.0311,Debit Card,Fashion,0
43,2210.35,8,6,5,4,40.04,417,1,3,0.7371,0.5567,Credit Card,Grocery,1
39,1029.54,6,1,0,2,2.4,621,3,2,0.2472,0.0571,UPI,Home,0
33,505.17,6,0,0,3,4.55,893,1,1,0.1173,0.0425,Debit Card,Home,1
34,1012.49,10,1,0,1,9.88,384,2,0,0.0467,0.0348,Cash on Delivery,Electronics,0
44,3021.03,8,0,0,3,17.84,354,0,1,0.1399,0.0537,Cash on Delivery,Fashion,1
41,2490.68,8,0,0,5,21.75,782,3,0,0.034,0.0596,Cash on Delivery,Electronics,0
51,1687.8,14,1,1,3,5.16,268,4,1,0.1409,0.0728,Credit Card,Fashion,0
35,804.07,9,0,0,4,13.57,476,4,1,0.0564,0.0522,Debit Card,Beauty,1
28,1851.29,6,2,0,3,51.03,1170,3,0,0.239,0.0459,Cash on Delivery,Home,1
24,1644.7,8,3,0,5,30.08,948,2,5,0.6105,0.0035,Net Banking,Beauty,1
32,1539.83,4,0,0,3,13.75,961,1,0,0.0805,0.0637,Net Banking,Fashion,0
38,2069.88,6,0,0,4,24.14,1137,4,0,0.0308,0.0122,UPI,Grocery,0
43,1584.34,7,0,0,2,12.34,935,5,0,0.0,0.0369,Debit Card,Beauty,0
21,642.61,7,2,2,1,23.84,88,0,0,0.2439,0.2775,Net Banking,Home,0
34,2218.95,6,0,0,3,5.47,326,5,2,0.1452,0.0565,UPI,Electronics,0
48,1168.65,8,2,0,3,3.07,476,3,1,0.2623,0.0182,Credit Card,Beauty,0
40,1518.14,5,1,1,5,25.82,1072,2,1,0.2368,0.2344,Cash on Delivery,Home,0
32,1685.27,11,1,0,4,2.42,1585,0,2,0.236,0.0206,Debit Card,Home,0
38,1508.93,3,0,0,6,29.21,255,7,3,0.13,0.0802,UPI,Home,1
43,2764.68,5,3,0,4,7.82,346,3,5,0.6242,0.04,Credit Card,Fashion,1
42,414.49,3,0,0,4,2.04,1200,2,1,0.1646,0.0772,Cash on Delivery,Fashion,0
38,2685.31,13,0,0,5,29.43,1464,3,1,0.048,0.0262,UPI,Beauty,0
43,1379.83,12,2,0,6,10.31,1388,5,0,0.1736,0.0,Credit Card,Home,0
30,2107.49,7,2,2,4,18.49,386,7,0,0.2105,0.2531,UPI,Beauty,1
23,2034.61,5,3,1,3,20.94,184,5,6,0.6076,0.223,Net Banking,Electronics,1
27,568.17,6,3,0,1,10.45,1186,1,1,0.4324,0.0595,Cash on Delivery,Beauty,0
27,2832.67,9,2,0,3,3.22,365,2,1,0.2473,0.0509,UPI,Grocery,0
34,1170.57,8,1,1,5,3.61,711,2,0,0.1012,0.1258,Debit Card,Grocery,0
46,1139.13,7,2,2,6,18.09,84,6,1,0.2784,0.3022,Cash on Delivery,Fashion,1
26,1548.36,8,1,1,4,36.74,750,2,2,0.2312,0.1734,UPI,Fashion,1
20,2015.37,11,3,0,4,18.62,561,0,1,0.3136,0.0229,UPI,Accessories,0
32,1194.23,11,0,0,4,14.34,502,2,0,0.0261,0.0488,Credit Card,Accessories,0
36,1222.71,9,0,0,4,2.27,1342,5,0,0.0339,0.0161,Debit Card,Home,0
50,595.87,7,0,0,2,14.62,913,2,0,0.0151,0.0337,UPI,Beauty,0
22,1290.63,2,0,0,3,8.78,634,4,4,0.242,0.107,UPI,Electronics,1
38,1797.17,7,3,1,4,12.29,583,3,0,0.3445,0.1557,Debit Card,Electronics,0
40,717.45,9,1,1,3,14.55,1403,2,0,0.1327,0.1092,Credit Card,Beauty,0
44,999.89,15,0,0,1,25.52,367,1,0,0.0227,0.0175,Debit Card,Fashion,0
27,1877.92,0,0,0,5,40.67,100,3,3,0.5174,0.309,Cash on Delivery,Fashion,1
25,1544.44,7,1,0,4,10.38,1095,3,4,0.3359,0.0725,Net Banking,Grocery,0
33,1338.48,7,1,0,2,21.95,222,3,0,0.1767,0.0202,Net Banking,Grocery,0
56,2030.8,4,0,0,3,5.63,812,2,0,0.1043,0.0548,Cash on Delivery,Home,0
21,701.18,3,1,0,3,29.73,712,6,0,0.2556,0.069,UPI,Accessories,1
33,524.3,2,0,0,7,31.36,365,2,2,0.2258,0.0885,Credit Card,Home,0
33,797.6,11,0,0,3,19.65,404,4,0,0.0839,0.018,Cash on Delivery,Electronics,0
44,2585.65,10,1,0,3,5.65,477,2,0,0.1158,0.0005,Debit Card,Beauty,0
43,1222.52,8,0,0,3,6.27,1146,1,1,0.0471,0.0574,UPI,Grocery,0
21,1630.08,3,0,0,4,5.75,516,2,3,0.2456,0.0749,Net Banking,Home,0
37,1599.78,7,0,0,3,12.44,364,3,0,0.0385,0.0373,Credit Card,Fashion,0
24,2147.77,10,2,2,2,34.92,383,3,3,0.3122,0.2038,UPI,Fashion,0
35,1011.7,9,2,0,3,6.04,981,0,0,0.1879,0.0,UPI,Grocery,0
27,737.62,10,1,1,4,21.49,711,8,0,0.1098,0.1325,UPI,Accessories,1
37,2140.89,11,0,0,2,5.48,1114,2,2,0.119,0.0328,UPI,Grocery,0
27,968.23,7,0,0,4,1.99,207,2,0,0.0183,0.0792,UPI,Fashion,0
24,1028.24,10,2,1,4,16.36,1631,0,1,0.2458,0.1396,Debit Card,Grocery,1
30,900.79,8,1,1,6,5.47,560,2,0,0.1484,0.1786,Credit Card,Fashion,0
33,1601.16,10,0,0,2,4.99,532,4,1,0.0557,0.0368,Credit Card,Fashion,0
45,1083.83,7,0,0,2,7.76,168,2,1,0.1257,0.0192,Credit Card,Grocery,0
50,2515.17,8,0,0,6,1.89,1007,1,0,0.0233,0.0,Credit Card,Electronics,0
47,5004.28,11,0,0,3,13.55,398,1,0,0.0264,0.0059,UPI,Grocery,0
42,1104.25,7,0,0,3,3.23,597,0,0,0.0696,0.0163,Credit Card,Accessories,0
37,623.94,5,1,1,6,3.4,271,1,3,0.3963,0.2201,Credit Card,Home,0
25,1264.82,11,1,1,3,12.58,1051,2,0,0.1109,0.0696,UPI,Home,0
34,1009.07,8,1,1,6,23.53,259,4,3,0.1905,0.1657,Cash on Delivery,Beauty,1
30,838.74,8,0,0,6,8.71,596,2,1,0.0763,0.0121,UPI,Electronics,0
36,920.02,7,0,0,3,5.43,556,2,0,0.0613,0.0825,Cash on Delivery,Home,0
28,1142.24,8,1,0,3,29.39,710,2,0,0.1899,0.042,Credit Card,Electronics,0
29,2030.73,2,0,0,5,35.83,721,7,0,0.1147,0.0946,Credit Card,Grocery,1
39,653.15,8,0,0,6,32.3,953,2,1,0.077,0.0128,UPI,Beauty,1
40,2154.21,11,0,0,3,17.0,1213,4,0,0.0319,0.0,UPI,Beauty,0
39,709.72,10,0,0,1,35.71,220,2,0,0.0518,0.0205,UPI,Fashion,0
43,1131.05,9,0,0,3,8.26,1183,2,0,0.056,0.0173,Cash on Delivery,Grocery,1
26,1579.12,8,2,0,1,27.24,1102,0,0,0.2152,0.0115,Debit Card,Fashion,0
42,830.6,4,1,1,3,12.19,501,4,0,0.2435,0.2952,Debit Card,Accessories,0
28,2410.45,4,0,0,4,14.35,903,2,3,0.2125,0.052,UPI,Electronics,0
30,718.92,8,6,3,4,36.13,54,2,3,0.6944,0.3568,Credit Card,Grocery,1
26,3287.29,12,0,0,5,24.95,849,0,1,0.1061,0.0422,Debit Card,Electronics,0
39,1581.28,7,1,0,4,10.74,991,2,0,0.165,0.0233,UPI,Home,0
45,1383.39,12,2,0,3,8.43,806,1,0,0.1062,0.034,UPI,Accessories,0
38,1233.56,6,0,0,4,11.52,315,1,0,0.0436,0.0218,Net Banking,Home,0
34,1449.26,13,3,1,4,5.39,958,5,0,0.1599,0.0638,Credit Card,Beauty,1
37,1659.93,8,0,0,3,3.22,410,0,0,0.0667,0.0428,Cash on Delivery,Fashion,0
29,3479.89,7,2,2,6,32.51,127,4,3,0.339,0.2797,Credit Card,Electronics,1
26,1281.09,4,1,1,6,34.98,615,4,1,0.2745,0.2699,Credit Card,Electronics,1
29,1045.35,4,0,0,4,42.76,669,6,7,0.243,0.05,Cash on Delivery,Fashion,1
35,636.01,8,3,0,3,15.04,1348,2,1,0.2976,0.0101,Net Banking,Fashion,0
24,2694.52,5,0,0,3,18.88,2115,3,0,0.0413,0.0628,Net Banking,Accessories,0
23,1713.97,4,0,0,3,5.0,702,2,1,0.1429,0.0769,UPI,Beauty,0
33,2245.27,10,0,0,2,21.53,334,3,2,0.1263,0.0437,UPI,Accessories,0
35,922.6,15,1,0,1,11.3,500,4,1,0.1048,0.0504,UPI,Electronics,0
34,2240.48,8,0,0,4,19.49,1376,1,0,0.0186,0.0275,Debit Card,Fashion,0
40,1420.18,7,3,0,2,16.08,1168,0,1,0.3533,0.0258,Cash on Delivery,Beauty,0
32,1624.12,9,0,0,2,19.86,1063,5,1,0.0516,0.0183,UPI,Beauty,0
39,3331.83,12,1,0,1,9.47,1487,3,1,0.1471,0.0518,Credit Card,Fashion,0
33,2469.63,11,0,0,3,20.04,483,1,0,0.0395,0.0254,UPI,Home,0
50,315.8,12,0,0,1,5.36,725,5,1,0.0749,0.0,Credit Card,Home,0
35,1338.62,5,0,0,3,40.47,547,0,1,0.142,0.0379,Credit Card,Electronics,0
55,688.5,6,0,0,1,4.06,867,1,0,0.0338,0.0667,UPI,Fashion,0
37,1027.65,8,0,0,4,10.73,1084,2,1,0.0683,0.0613,Net Banking,Electronics,0
33,1147.26,8,3,3,5,24.56,172,7,3,0.3519,0.3751,Cash on Delivery,Grocery,1
32,1587.91,6,0,0,3,8.67,517,2,1,0.1041,0.0393,Credit Card,Accessories,0
26,449.99,8,0,0,4,15.01,1352,1,0,0.0567,0.0134,Cash on Delivery,Grocery,0
21,1211.68,7,1,1,2,6.18,554,2,1,0.1779,0.1683,UPI,Electronics,0
25,2454.14,5,1,0,5,15.43,761,1,0,0.2168,0.0616,Cash on Delivery,Electronics,1
28,1816.97,8,3,2,4,22.29,611,7,3,0.4166,0.2548,Cash on Delivery,Electronics,0
26,1662.31,9,1,0,4,16.76,1231,2,1,0.1542,0.0,UPI,Home,0
38,1596.08,11,6,0,3,19.81,1023,1,1,0.4678,0.0198,Debit Card,Grocery,1
32,1229.3,5,2,1,4,19.27,596,7,2,0.3446,0.2016,Credit Card,Fashion,1
29,858.89,6,1,1,2,4.13,658,2,0,0.167,0.1773,Debit Card,Beauty,0
36,5884.81,8,0,0,4,7.68,980,1,0,0.0385,0.0273,UPI,Home,0
46,6271.93,10,1,1,4,31.04,759,4,2,0.1795,0.0697,Cash on Delivery,Fashion,0
33,1330.69,6,3,2,3,7.87,852,1,0,0.3539,0.3121,UPI,Fashion,0
53,1802.45,9,0,0,4,6.45,809,2,0,0.011,0.0485,Credit Card,Electronics,0
23,2508.51,10,1,1,4,29.34,262,0,0,0.1112,0.1191,Credit Card,Grocery,0
22,1620.76,7,0,0,4,31.69,398,4,2,0.1213,0.0122,Credit Card,Grocery,0
33,1319.78,10,1,0,2,6.85,684,0,1,0.2262,0.0237,UPI,Fashion,0
29,921.38,9,1,1,5,6.87,936,3,0,0.0809,0.1318,Debit Card,Home,1
42,488.13,10,0,0,2,24.26,1933,2,2,0.1621,0.0151,Debit Card,Beauty,0
24,2748.29,5,2,0,3,33.43,345,8,1,0.316,0.0664,Credit Card,Home,1
23,3353.19,4,0,0,5,31.89,235,6,1,0.1025,0.0474,Credit Card,Grocery,0
18,860.18,9,0,0,3,13.76,703,0,1,0.127,0.0603,UPI,Beauty,0
21,1267.83,8,1,0,4,6.7,1489,1,0,0.1196,0.0001,UPI,Home,0
33,1150.51,12,2,0,5,3.52,525,1,0,0.1403,0.0,Credit Card,Home,0
48,1483.39,10,1,0,3,29.83,1401,4,1,0.0821,0.0308,UPI,Accessories,0
36,622.52,8,0,0,3,6.83,1940,4,2,0.1179,0.0385,Debit Card,Grocery,0
22,856.58,11,0,0,3,26.3,223,1,0,0.0415,0.0396,UPI,Grocery,0
23,1233.15,9,1,1,4,11.42,440,0,1,0.1952,0.1529,Cash on Delivery,Grocery,1
24,1337.5,3,0,0,4,34.3,219,6,4,0.1875,0.0683,Debit Card,Fashion,1
49,1650.57,5,0,0,3,3.28,748,4,0,0.0291,0.0717,UPI,Accessories,0
39,1159.65,4,0,0,3,13.17,73,6,2,0.144,0.0826,UPI,Home,1
28,1785.75,4,0,0,4,4.17,193,2,0,0.0528,0.0615,UPI,Home,0
26,3867.51,9,0,0,5,3.0,496,2,0,0.0256,0.0223,Debit Card,Accessories,0
47,3373.97,4,0,0,5,17.63,784,0,0,0.04,0.0642,Credit Card,Electronics,0
43,1980.56,9,0,0,2,7.67,279,2,0,0.0524,0.0152,UPI,Home,0
45,1365.21,11,0,0,4,22.75,260,1,0,0.0131,0.0737,UPI,Home,0
25,1080.98,5,1,0,4,6.74,354,1,0,0.2008,0.0549,Credit Card,Grocery,0
20,1463.28,10,1,0,4,12.3,473,4,1,0.1502,0.0249,Credit Card,Electronics,1
35,3670.86,6,2,1,3,4.86,1338,3,0,0.2134,0.1717,UPI,Beauty,0
37,1866.61,3,0,0,6,6.12,595,1,0,0.1044,0.0844,Net Banking,Electronics,0
37,540.43,11,2,0,5,27.93,1004,2,0,0.1363,0.055,Credit Card,Fashion,0
47,1371.62,4,1,0,4,7.47,654,1,2,0.3236,0.0928,UPI,Electronics,0
18,2012.8,10,0,0,3,11.93,588,2,2,0.1457,0.0357,Net Banking,Fashion,0
35,2076.21,6,0,0,4,38.23,215,0,1,0.1665,0.0349,Debit Card,Beauty,1
42,731.93,9,0,0,4,4.58,969,4,0,0.0232,0.0286,Debit Card,Electronics,0
24,481.03,5,0,0,1,16.07,736,2,1,0.0744,0.0552,Cash on Delivery,Fashion,0
42,2621.96,10,1,0,4,1.77,953,2,0,0.0906,0.0037,Credit Card,Electronics,0
30,2293.2,6,1,0,3,13.21,998,3,0,0.1904,0.0157,Cash on Delivery,Home,0
20,1906.08,6,2,0,3,22.06,391,9,1,0.2696,0.0228,UPI,Accessories,1
27,1421.84,10,1,1,3,15.52,440,1,1,0.1985,0.1487,UPI,Fashion,1
29,1417.17,8,0,0,2,9.96,1371,6,0,0.097,0.049,UPI,Home,1
21,3587.33,13,4,0,3,6.36,1477,2,3,0.3993,0.0258,Credit Card,Beauty,0
34,1310.04,5,0,0,1,30.0,215,5,1,0.1577,0.0599,Cash on Delivery,Grocery,0
32,2330.99,5,1,1,3,21.66,96,9,1,0.2034,0.2303,Cash on Delivery,Accessories,1
27,980.81,11,0,0,2,4.7,1127,1,1,0.0551,0.0317,UPI,Fashion,0
41,1195.97,5,0,0,1,20.34,983,2,1,0.0881,0.1046,Cash on Delivery,Grocery,0
40,1334.43,3,0,0,5,10.55,246,2,2,0.2076,0.0787,Credit Card,Fashion,0
49,1477.11,8,0,0,2,17.19,764,0,0,0.0611,0.0279,UPI,Fashion,0
37,947.28,7,0,0,3,10.25,856,2,0,0.086,0.0436,Cash on Delivery,Beauty,0
39,1151.66,7,1,0,6,26.23,396,2,0,0.1519,0.0458,Cash on Delivery,Electronics,1
47,721.39,9,1,0,4,5.93,474,0,0,0.1038,0.01,Cash on Delivery,Fashion,0
26,979.9,4,1,0,6,25.53,501,6,1,0.2571,0.0426,Cash on Delivery,Electronics,0
28,394.77,9,0,0,4,13.4,570,0,0,0.037,0.0244,Cash on Delivery,Grocery,0
21,722.16,7,0,0,4,2.14,665,4,1,0.0758,0.0111,UPI,Beauty,0
36,1824.08,4,0,0,2,4.67,497,3,0,0.0665,0.0976,UPI,Home,0
24,2094.8,5,4,2,5,19.73,272,5,0,0.5616,0.3767,Debit Card,Home,1
21,1238.98,7,1,0,3,7.41,499,1,0,0.1175,0.0416,UPI,Beauty,0
56,1556.55,7,1,0,3,17.95,201,0,1,0.2715,0.0131,Credit Card,Beauty,0
47,819.85,9,0,0,2,14.57,1175,4,0,0.0564,0.0433,Credit Card,Fashion,1
53,894.82,12,2,2,2,4.63,568,3,2,0.2288,0.1999,UPI,Electronics,1
35,697.93,9,0,0,3,4.26,740,3,0,0.0586,0.02,Credit Card,Fashion,0
39,411.44,8,0,0,4,33.09,1497,4,2,0.1114,0.0193,Cash on Delivery,Electronics,0
30,1095.63,11,1,0,2,6.84,330,1,1,0.1299,0.0165,UPI,Fashion,0
42,2419.49,10,1,0,3,10.31,591,1,1,0.2315,0.049,UPI,Fashion,0
23,607.0,5,1,0,1,5.18,963,3,0,0.1878,0.059,Credit Card,Grocery,0
18,857.4,6,3,2,5,29.65,332,7,1,0.4218,0.3546,UPI,Fashion,1
37,1625.12,6,1,0,2,24.02,499,4,0,0.1409,0.0184,UPI,Fashion,1
18,1150.25,6,1,0,3,34.06,1092,2,0,0.144,0.0435,UPI,Fashion,0
27,2187.26,5,1,0,4,7.87,419,4,2,0.2672,0.0508,Net Banking,Fashion,1
21,4267.77,9,0,0,3,8.59,825,0,0,0.0249,0.012,UPI,Accessories,0
47,981.43,6,0,0,2,4.11,395,6,0,0.1306,0.0792,UPI,Accessories,1
18,2954.76,6,1,1,3,17.33,227,2,1,0.1899,0.1749,UPI,Home,0
50,1552.59,11,1,0,1,21.2,328,5,0,0.0416,0.0246,Debit Card,Home,0
21,1615.67,15,6,0,1,17.46,1333,4,0,0.3326,0.0142,Net Banking,Accessories,0
46,1128.5,10,0,0,2,22.99,574,0,0,0.0138,0.0005,UPI,Electronics,0
43,1899.08,5,1,0,3,16.26,1524,4,0,0.1781,0.0497,Debit Card,Accessories,0
20,1235.21,8,1,0,2,15.86,440,3,0,0.1052,0.0735,Net Banking,Beauty,0
30,1021.21,9,1,0,2,9.51,983,2,0,0.0987,0.0796,Credit Card,Fashion,1
29,771.9,7,0,0,3,19.59,424,1,0,0.0048,0.0865,UPI,Fashion,0
41,855.62,6,0,0,6,14.93,656,6,0,0.09,0.0593,Credit Card,Fashion,1
23,720.11,7,0,0,6,8.91,171,0,0,0.0107,0.0,UPI,Fashion,0
29,829.96,4,2,0,7,18.28,389,8,1,0.3905,0.0532,UPI,Fashion,1
33,792.03,3,0,0,2,9.15,1009,1,0,0.0822,0.0577,Net Banking,Fashion,0
21,2903.25,4,0,0,3,8.65,444,4,0,0.0683,0.0525,Credit Card,Fashion,1
28,2088.23,5,0,0,4,9.16,602,1,0,0.0564,0.0421,UPI,Grocery,0
38,881.99,10,1,0,4,14.66,610,0,0,0.1476,0.0049,Credit Card,Accessories,0
32,1220.11,9,2,1,4,13.86,566,3,0,0.1923,0.1184,Credit Card,Fashion,0
35,1091.06,4,2,2,6,13.94,460,5,4,0.5439,0.4879,Debit Card,Home,1
26,4268.34,10,4,0,3,17.51,457,3,2,0.3695,0.0082,Credit Card,Home,1
29,468.2,11,0,0,3,11.9,883,5,1,0.038,0.0278,UPI,Electronics,0
28,788.41,5,1,0,6,22.05,139,8,4,0.3241,0.0513,UPI,Electronics,1
28,1047.95,2,1,0,3,18.85,179,4,4,0.5394,0.0979,UPI,Fashion,1
32,597.43,9,1,0,4,22.37,547,2,2,0.2406,0.0253,UPI,Electronics,0
52,2123.88,5,1,0,3,15.69,779,3,1,0.2348,0.049,Credit Card,Electronics,1
31,1574.7,3,2,0,5,12.88,496,8,5,0.6057,0.1041,Credit Card,Fashion,1
29,661.45,7,1,0,4,24.85,181,9,4,0.2335,0.0482,Credit Card,Home,1
30,940.2,10,0,0,1,23.78,432,2,0,0.0127,0.0483,Debit Card,Beauty,0
29,1498.68,3,3,0,1,21.86,350,3,0,0.6444,0.0509,Net Banking,Grocery,0
25,710.12,3,0,0,5,10.68,1171,4,0,0.0725,0.0927,UPI,Accessories,0
39,1524.03,6,1,0,4,2.86,508,3,3,0.295,0.0132,UPI,Home,0
33,1034.86,10,0,0,4,4.6,792,4,0,0.0518,0.0,UPI,Fashion,0
21,2185.36,4,0,0,3,18.22,1530,2,1,0.1135,0.0839,Cash on Delivery,Beauty,0
54,1293.2,6,0,0,4,26.89,842,5,2,0.104,0.0178,Credit Card,Home,0
31,841.31,10,0,0,2,4.83,1036,2,0,0.0256,0.0456,Credit Card,Home,0
25,1287.0,6,0,0,4,17.8,412,4,1,0.07,0.0287,UPI,Grocery,0
31,1487.9,7,0,0,4,17.53,868,2,1,0.0787,0.0136,UPI,Electronics,0
35,1176.3,12,1,0,6,28.64,794,0,1,0.1634,0.0188,UPI,Beauty,0
50,1087.79,10,0,0,3,13.88,691,3,1,0.0637,0.0256,Debit Card,Fashion,0
19,1750.44,11,0,0,5,4.6,305,3,0,0.0968,0.0058,Net Banking,Fashion,0
18,765.51,3,2,0,6,18.19,106,5,3,0.5618,0.0943,UPI,Grocery,1
36,911.55,12,0,0,3,9.52,535,3,0,0.0205,0.0305,UPI,Accessories,0
20,1179.29,6,2,1,4,4.18,149,6,3,0.3348,0.1956,UPI,Fashion,1
53,1121.37,6,1,0,5,20.66,410,2,0,0.1798,0.0827,Credit Card,Electronics,0
35,974.4,9,0,0,1,7.45,619,2,1,0.1235,0.0491,Credit Card,Fashion,0
23,1072.7,10,4,0,3,3.48,316,2,1,0.3858,0.004,Credit Card,Accessories,0
28,927.42,7,0,0,1,15.78,666,2,2,0.1595,0.0404,UPI,Grocery,0
36,1141.0,7,0,0,4,12.01,1418,2,0,0.0054,0.0188,UPI,Fashion,0
46,664.11,7,0,0,4,11.18,1429,0,2,0.2264,0.0274,UPI,Electronics,1
31,1535.56,6,1,1,2,25.91,970,3,0,0.205,0.1543,Debit Card,Electronics,0
41,1202.64,5,1,0,4,4.72,530,1,0,0.1845,0.0823,Cash on Delivery,Home,0
21,958.26,10,3,1,4,14.68,666,1,1,0.2846,0.1281,Cash on Delivery,Fashion,0
21,2771.7,5,1,0,5,16.1,1192,1,0,0.1918,0.0461,Debit Card,Home,0
30,1029.53,12,2,0,3,18.06,776,1,0,0.0968,0.0,Net Banking,Accessories,0
47,1552.76,10,2,2,2,6.32,1839,0,0,0.1303,0.1831,UPI,Home,0
35,860.57,5,3,2,5,17.44,452,4,0,0.4486,0.401,Cash on Delivery,Home,1
35,1373.65,7,1,0,3,28.22,990,1,2,0.2678,0.073,UPI,Home,0
37,702.88,10,1,1,5,31.31,961,1,1,0.2011,0.1004,Credit Card,Grocery,1
27,1480.91,6,1,1,3,8.19,527,3,3,0.3016,0.2053,Net Banking,Beauty,1
37,890.27,12,1,1,3,16.5,908,2,0,0.0756,0.0749,UPI,Beauty,0
44,849.99,4,0,0,2,8.85,768,4,1,0.0972,0.0254,UPI,Fashion,0
29,2430.62,2,0,0,3,16.41,771,0,0,0.1088,0.1452,Credit Card,Beauty,0
40,775.46,10,3,0,5,6.31,824,2,1,0.3158,0.0403,Debit Card,Fashion,0
24,2213.42,5,3,0,4,12.01,455,3,3,0.5959,0.0899,Debit Card,Beauty,0
18,1048.03,5,1,1,6,21.88,73,7,4,0.278,0.2321,UPI,Home,1
18,2325.05,6,2,1,3,41.25,102,6,4,0.371,0.2069,UPI,Fashion,1
27,3293.66,5,0,0,3,12.12,832,2,0,0.0166,0.0625,UPI,Fashion,0
52,4775.61,8,3,0,4,17.07,317,6,1,0.3118,0.0602,UPI,Home,0
27,873.67,4,0,0,2,4.23,152,4,0,0.06,0.0587,UPI,Fashion,1
26,3023.01,11,0,0,5,24.34,442,1,0,0.0273,0.0,UPI,Grocery,0
39,1903.9,7,0,0,3,2.63,578,2,0,0.0648,0.0154,UPI,Fashion,0
35,303.41,12,0,0,3,12.45,1382,2,2,0.1253,0.0533,Cash on Delivery,Home,0
37,1610.61,7,3,1,3,13.05,1161,1,1,0.4152,0.166,UPI,Home,1
36,1036.8,3,0,0,4,6.21,447,2,0,0.0866,0.0873,Debit Card,Home,1
23,2270.26,5,1,1,3,42.0,271,4,5,0.3383,0.222,UPI,Home,0
36,1699.77,6,1,0,4,21.06,95,3,5,0.3498,0.0223,UPI,Accessories,0
24,829.68,5,1,1,5,24.88,605,1,1,0.2912,0.1997,Credit Card,Grocery,0
49,1691.38,9,0,0,2,13.77,619,1,2,0.1821,0.0855,Credit Card,Fashion,0
42,3013.06,9,0,0,3,4.71,1943,5,0,0.0107,0.0407,Credit Card,Accessories,0
25,4329.64,10,3,0,4,22.85,182,7,2,0.3316,0.0469,Credit Card,Accessories,0
46,13851.32,8,0,0,2,2.97,835,2,0,0.098,0.0258,Debit Card,Fashion,0
29,1026.04,11,3,0,4,15.4,1864,2,1,0.2458,0.0529,Credit Card,Grocery,1
38,2184.06,4,1,0,3,11.32,988,5,1,0.2266,0.054,Debit Card,Fashion,0
36,1294.03,9,1,0,5,29.08,834,3,0,0.1654,0.0078,Cash on Delivery,Beauty,0
44,559.18,6,3,0,2,1.52,184,2,0,0.4265,0.0261,UPI,Electronics,0
44,1270.14,7,0,0,3,17.86,694,2,0,0.0045,0.0787,Cash on Delivery,Fashion,1
36,4235.78,6,0,0,4,14.9,1092,1,0,0.0509,0.0238,Cash on Delivery,Fashion,0
20,1534.01,4,1,0,3,0.96,538,2,1,0.2563,0.049,Debit Card,Electronics,0
50,2539.33,12,1,0,1,22.68,1401,5,0,0.0808,0.0088,Cash on Delivery,Accessories,0
39,1235.33,7,0,0,4,1.85,1380,1,2,0.1712,0.0305,Credit Card,Beauty,1
32,994.42,8,4,0,6,41.28,1165,4,2,0.4412,0.024,UPI,Accessories,0
29,501.74,8,0,0,4,25.32,255,2,0,0.0294,0.0033,Credit Card,Electronics,0
24,1231.02,7,3,1,4,24.95,698,3,0,0.3635,0.1697,Credit Card,Accessories,0
38,3196.61,8,1,0,2,12.75,248,2,0,0.1383,0.0051,Cash on Delivery,Home,0
20,1790.22,8,0,0,2,13.27,1544,4,0,0.0135,0.0468,UPI,Electronics,1
43,2803.92,7,0,0,1,12.97,458,2,1,0.1317,0.0592,Cash on Delivery,Fashion,0
21,3425.78,11,1,1,3,4.43,482,1,0,0.0999,0.0914,Debit Card,Electronics,1
32,1180.6,6,2,0,4,26.07,277,1,0,0.2792,0.0478,UPI,Electronics,0
36,1255.98,10,0,0,4,17.98,592,0,0,0.0803,0.046,UPI,Grocery,1
43,440.3,9,0,0,2,8.0,585,1,1,0.1174,0.0292,Credit Card,Fashion,0
35,1239.7,9,0,0,3,15.99,507,3,0,0.0295,0.0146,UPI,Fashion,0
34,1384.55,2,0,0,5,25.5,165,7,3,0.2074,0.0981,Cash on Delivery,Electronics,1
26,980.55,9,0,0,1,33.22,82,5,2,0.1168,0.0217,Net Banking,Fashion,1
40,1392.31,7,0,0,3,10.26,1591,4,1,0.0542,0.0127,Debit Card,Fashion,0
19,3511.07,6,1,1,4,35.81,409,4,5,0.3498,0.1826,Cash on Delivery,Electronics,1
34,2084.05,12,0,0,1,0.72,1541,2,0,0.0087,0.0189,UPI,Home,0
34,1283.88,7,0,0,5,26.26,680,1,0,0.0265,0.0362,UPI,Fashion,0
27,2867.91,5,2,1,5,13.13,214,11,4,0.3881,0.2144,Debit Card,Electronics,1
35,2068.27,7,0,0,6,15.0,1282,1,0,0.0764,0.0387,Debit Card,Electronics,0
32,367.22,7,0,0,4,14.21,833,3,0,0.0637,0.0377,Cash on Delivery,Fashion,0
19,2417.51,9,0,0,3,16.23,1300,3,0,0.0953,0.0141,UPI,Accessories,1
44,1403.66,0,0,0,3,37.13,495,6,3,0.4139,0.3045,Debit Card,Fashion,1
43,986.05,7,1,1,4,21.56,304,2,6,0.4489,0.1497,UPI,Electronics,1
27,502.84,11,0,0,5,31.55,1682,1,1,0.1016,0.0107,UPI,Electronics,0
36,807.12,9,0,0,3,1.0,758,2,0,0.0399,0.0419,Net Banking,Home,0
32,2201.68,3,0,0,2,16.64,70,1,0,0.1024,0.1173,Credit Card,Electronics,0
33,1977.3,12,0,0,1,9.2,1306,1,0,0.0231,0.013,Credit Card,Electronics,0
31,777.86,7,1,0,2,18.35,508,3,0,0.1614,0.0993,UPI,Fashion,0
26,5120.81,10,1,0,5,20.36,1140,3,0,0.0881,0.0206,UPI,Fashion,0
30,547.29,7,0,0,5,9.71,2237,0,0,0.0754,0.0443,UPI,Accessories,0
31,1129.29,13,1,1,4,9.9,757,0,0,0.1017,0.0923,UPI,Fashion,1
34,1785.56,6,0,0,2,7.4,1593,5,1,0.1109,0.0509,UPI,Grocery,0
38,893.16,7,2,0,4,7.96,1151,0,0,0.2097,0.059,Credit Card,Beauty,0
33,1185.52,4,1,0,5,28.08,1254,5,2,0.2731,0.0575,Net Banking,Grocery,1
32,1487.82,14,0,0,1,22.39,1518,2,0,0.0371,0.0186,Net Banking,Accessories,1
25,883.83,4,0,0,4,19.34,1055,1,2,0.192,0.0565,Debit Card,Electronics,0
21,1021.11,7,0,0,5,7.94,991,0,0,0.0699,0.0283,UPI,Accessories,0
57,2508.98,5,1,0,3,34.18,958,5,1,0.1676,0.0397,UPI,Beauty,0
24,1286.8,8,0,0,1,1.0,749,2,1,0.1282,0.0697,Cash on Delivery,Beauty,1
29,1750.1,8,1,0,3,23.09,2487,1,2,0.3074,0.0339,Cash on Delivery,Beauty,0
39,2739.81,7,0,0,2,5.9,864,1,2,0.1691,0.0109,Net Banking,Home,0
37,630.16,11,1,0,3,9.88,1230,1,3,0.2827,0.0,UPI,Electronics,0
39,971.84,7,0,0,4,5.77,343,0,1,0.1235,0.0397,Credit Card,Fashion,0
30,945.97,10,2,0,3,13.06,2102,1,0,0.164,0.0345,UPI,Home,0
28,778.59,10,2,1,5,22.57,375,4,1,0.2315,0.1076,UPI,Accessories,1
36,1119.85,3,1,0,3,7.46,1460,0,3,0.5442,0.0425,Credit Card,Beauty,0
35,2112.25,8,0,0,5,7.6,484,3,0,0.0016,0.0549,Credit Card,Fashion,0
31,3654.67,6,0,0,3,10.35,1044,4,0,0.0468,0.032,UPI,Grocery,0
36,1979.99,2,1,0,4,10.19,1038,1,1,0.4387,0.0767,UPI,Beauty,0
43,2301.13,9,0,0,2,29.54,1280,0,0,0.0814,0.0096,Credit Card,Fashion,1
34,471.72,3,0,0,3,5.46,759,2,1,0.1432,0.0873,Debit Card,Accessories,0
34,530.77,8,0,0,2,11.9,393,0,0,0.0,0.0114,Debit Card,Home,0
44,318.05,7,1,0,3,13.76,919,3,0,0.1302,0.0243,Debit Card,Grocery,0
43,3083.52,10,0,0,3,16.13,450,2,0,0.0582,0.0463,Credit Card,Fashion,0
48,1270.89,9,0,0,3,1.57,2281,1,0,0.0692,0.0,Debit Card,Fashion,0
18,2044.54,8,0,0,4,5.73,932,3,1,0.0672,0.0134,Debit Card,Beauty,0
42,1243.89,8,1,0,2,21.76,292,4,0,0.1481,0.0449,UPI,Fashion,0
39,575.91,6,1,0,2,12.84,646,1,0,0.1979,0.0304,Credit Card,Accessories,0
26,2321.5,12,1,0,4,8.05,920,2,0,0.1377,0.0029,UPI,Home,0
36,1538.51,7,0,0,3,19.08,2506,2,0,0.0293,0.0688,Cash on Delivery,Home,0
31,2147.37,4,1,0,2,30.32,421,4,1,0.2396,0.0572,UPI,Home,0
43,854.09,10,0,0,5,24.55,407,1,0,0.0609,0.0454,Cash on Delivery,Fashion,0
32,1172.42,8,2,1,6,17.67,865,1,3,0.4612,0.1264,UPI,Home,1
27,1626.62,7,0,0,1,19.34,343,3,0,0.052,0.0,Credit Card,Beauty,0
38,485.52,3,1,1,5,10.12,838,3,0,0.281,0.3614,Credit Card,Home,1
42,2252.33,10,0,0,3,5.53,843,0,0,0.0,0.019,Credit Card,Accessories,0
29,4303.77,7,4,1,6,27.32,76,9,4,0.5218,0.1563,UPI,Grocery,1
24,1808.19,9,0,0,4,12.57,967,1,2,0.2026,0.035,Debit Card,Grocery,0
33,415.09,11,0,0,3,16.14,1021,2,0,0.0542,0.0291,Credit Card,Grocery,0
37,1073.81,5,0,0,3,3.03,884,0,0,0.0766,0.0626,Credit Card,Grocery,0
27,1364.83,5,0,0,2,0.44,1936,1,0,0.0209,0.0131,UPI,Home,0
26,1378.36,7,0,0,4,6.74,904,2,2,0.1274,0.0563,UPI,Fashion,0
33,2055.71,10,4,0,6,23.94,641,4,1,0.3326,0.0477,Credit Card,Home,1
31,2118.09,3,0,0,1,15.95,660,2,1,0.1739,0.0874,Cash on Delivery,Accessories,1
33,1462.46,15,0,0,3,26.49,504,2,1,0.0897,0.0362,Credit Card,Fashion,0
26,1042.05,6,3,1,4,19.08,361,5,4,0.4799,0.1578,Debit Card,Grocery,1
41,543.91,8,2,0,2,2.0,1257,3,0,0.2094,0.0208,UPI,Beauty,0
40,3128.83,9,2,0,3,13.02,1202,1,2,0.3219,0.0544,Credit Card,Fashion,0
26,1128.11,3,0,0,3,12.18,622,0,1,0.1941,0.0896,Debit Card,Grocery,0
40,1662.07,6,0,0,2,8.09,220,2,0,0.0353,0.0394,Debit Card,Electronics,0
19,740.36,4,3,0,2,3.31,343,4,0,0.5252,0.0826,UPI,Grocery,0
26,1485.71,8,0,0,5,17.93,611,4,1,0.0902,0.0198,Credit Card,Beauty,0
20,1516.95,10,1,0,4,28.8,853,5,0,0.1641,0.0416,Cash on Delivery,Fashion,0
31,993.53,11,1,0,3,32.26,187,3,1,0.1283,0.0304,UPI,Home,0
44,789.56,6,0,0,2,1.22,502,3,0,0.0469,0.0646,Cash on Delivery,Fashion,1
40,977.8,16,0,0,2,26.14,342,4,0,0.026,0.0,UPI,Home,0
25,2989.04,8,2,2,5,9.3,232,7,3,0.3001,0.2414,UPI,Home,1
35,639.77,10,2,1,4,9.24,92,4,0,0.156,0.1139,Cash on Delivery,Electronics,0
34,877.91,4,1,0,3,11.99,399,1,0,0.2224,0.0469,Cash on Delivery,Fashion,0
30,741.3,7,0,0,3,26.27,855,1,1,0.1099,0.0149,UPI,Home,0
30,1042.34,8,1,0,3,13.81,873,3,2,0.177,0.031,Net Banking,Fashion,0
35,1441.46,9,0,0,3,13.6,484,2,0,0.0459,0.0032,UPI,Home,0
24,1071.53,11,0,0,3,10.0,1170,0,0,0.0244,0.0242,Cash on Delivery,Beauty,0
31,1634.35,3,0,0,6,4.23,1262,0,0,0.1251,0.0682,UPI,Accessories,0
32,310.98,6,0,0,4,1.51,305,4,0,0.0948,0.0389,UPI,Electronics,0
22,2338.01,13,0,0,5,17.07,1565,2,0,0.0365,0.0267,Credit Card,Beauty,0
26,902.91,7,0,0,3,12.23,858,3,0,0.0531,0.0297,Debit Card,Accessories,0
38,509.02,12,1,1,4,13.41,1172,2,0,0.1134,0.084,Debit Card,Grocery,1
34,1854.19,11,0,0,4,9.76,1179,2,0,0.0476,0.0,Cash on Delivery,Fashion,0
31,699.34,4,0,0,5,21.73,765,5,0,0.0652,0.0575,UPI,Accessories,0
29,1626.21,10,5,4,6,35.99,242,6,2,0.3929,0.3997,Credit Card,Electronics,1
26,573.63,7,1,0,4,11.29,1354,1,0,0.1715,0.0125,Credit Card,Grocery,0
31,1719.36,8,3,0,5,22.52,148,4,1,0.3349,0.0633,UPI,Grocery,1
48,1310.85,9,1,0,2,4.85,876,4,0,0.171,0.0095,UPI,Fashion,0
26,567.97,7,0,0,5,9.33,1447,0,0,0.0373,0.0566,UPI,Fashion,0
36,1627.63,12,0,0,2,18.45,286,2,1,0.0881,0.0413,Cash on Delivery,Fashion,0
27,1374.89,5,0,0,4,26.27,178,11,2,0.1118,0.0202,Credit Card,Grocery,1
30,1571.74,8,3,0,3,10.43,1641,2,0,0.357,0.0349,Debit Card,Accessories,1
34,1213.2,8,0,0,2,2.68,2025,2,0,0.0649,0.0172,UPI,Electronics,0
38,664.72,4,0,0,3,12.0,863,1,0,0.1346,0.09,UPI,Electronics,0
22,1068.77,6,0,0,6,9.11,1156,3,0,0.0661,0.0245,UPI,Electronics,0
34,535.66,6,0,0,3,22.4,821,2,0,0.0885,0.0523,Debit Card,Electronics,1
21,917.36,6,3,1,5,15.86,376,5,2,0.445,0.2124,Net Banking,Beauty,0
45,780.56,5,2,0,1,15.28,192,1,2,0.407,0.0634,UPI,Electronics,1
50,847.64,17,1,0,3,11.15,367,1,1,0.0968,0.0,Credit Card,Fashion,0
33,1388.5,6,0,0,3,27.77,949,2,1,0.0875,0.0313,UPI,Home,0
34,1617.82,5,0,0,6,16.65,457,1,0,0.0861,0.0446,UPI,Accessories,0
54,1123.28,6,0,0,5,14.86,2250,0,0,0.0638,0.0576,Debit Card,Beauty,0
44,804.55,5,0,0,4,11.51,1236,2,1,0.1504,0.0306,Credit Card,Home,0
28,858.2,10,1,1,5,18.48,1514,2,0,0.1299,0.1416,Debit Card,Fashion,0
28,1314.48,5,0,0,5,25.8,365,5,0,0.0704,0.0415,Debit Card,Grocery,0
43,1098.96,10,0,0,3,29.91,702,2,0,0.0661,0.0225,Debit Card,Home,0
27,923.46,1,0,0,2,30.1,207,6,3,0.2898,0.1437,UPI,Grocery,1
25,2179.11,5,0,0,4,14.77,358,2,0,0.0314,0.0056,Credit Card,Accessories,0
44,1925.8,6,1,0,4,13.58,1412,3,1,0.2124,0.046,UPI,Fashion,0
37,587.58,4,0,0,4,10.86,285,2,1,0.1575,0.062,UPI,Home,0
39,1359.97,2,0,0,3,5.86,1001,4,0,0.1102,0.0784,Cash on Delivery,Home,0
32,1034.24,7,2,0,1,11.34,275,1,0,0.2239,0.0563,UPI,Grocery,1
28,950.73,9,0,0,5,5.93,620,4,0,0.0541,0.0748,UPI,Beauty,0
47,755.47,9,0,0,3,20.4,704,0,0,0.0347,0.041,UPI,Home,0
21,1378.41,10,6,1,7,48.16,462,8,0,0.4761,0.1123,UPI,Fashion,0
32,1504.69,7,0,0,4,19.4,1623,3,0,0.0247,0.0832,Cash on Delivery,Fashion,1
30,2936.21,6,0,0,4,20.98,1196,3,0,0.074,0.0554,Debit Card,Accessories,0
33,1710.12,13,3,0,4,15.19,900,3,0,0.194,0.0256,Debit Card,Electronics,1
36,892.04,8,1,1,6,33.46,421,1,1,0.2082,0.1856,Cash on Delivery,Home,0
25,2837.52,4,0,0,4,9.78,434,0,1,0.1569,0.0573,Credit Card,Grocery,0
20,3787.94,4,0,0,4,20.48,341,8,5,0.1896,0.0795,UPI,Fashion,1
29,2198.83,8,0,0,3,18.3,548,4,2,0.1119,0.0223,Net Banking,Fashion,1
28,1198.35,12,0,0,5,3.99,714,1,0,0.0131,0.0085,Debit Card,Electronics,0
42,1265.41,11,2,0,3,5.94,721,3,1,0.1442,0.0199,Net Banking,Fashion,0
26,1118.8,7,0,0,2,14.31,1264,1,1,0.086,0.0396,Net Banking,Fashion,0
18,919.58,6,0,0,1,4.99,587,1,0,0.0551,0.0319,UPI,Home,0
18,2116.88,7,1,0,5,15.04,1204,4,1,0.1576,0.0501,Cash on Delivery,Beauty,1
21,820.63,4,0,0,2,9.71,930,3,1,0.1198,0.0681,Credit Card,Accessories,0
46,1444.82,7,0,0,4,1.49,456,2,0,0.0247,0.0222,Debit Card,Accessories,0
34,945.1,5,0,0,3,9.64,1016,1,0,0.014,0.0645,UPI,Electronics,0
39,568.08,5,3,0,3,38.84,296,4,2,0.5175,0.0466,UPI,Home,1
39,1092.24,7,0,0,5,21.36,787,2,2,0.1908,0.0062,Credit Card,Fashion,0
26,741.91,5,3,1,5,50.62,148,7,1,0.4862,0.2088,UPI,Home,1
39,1258.25,11,0,0,1,9.92,237,4,2,0.0771,0.0,Debit Card,Electronics,0
35,1668.93,11,1,0,3,12.9,332,0,1,0.2163,0.0395,Net Banking,Home,0
33,1555.06,7,0,0,2,8.6,1078,4,1,0.0662,0.0331,Net Banking,Accessories,0
43,2070.11,13,2,0,3,17.85,569,2,2,0.2637,0.0256,UPI,Accessories,0
35,634.02,9,0,0,4,7.71,870,2,1,0.0609,0.0368,Cash on Delivery,Electronics,1
47,1661.53,16,1,0,4,5.72,1340,2,1,0.1024,0.0,UPI,Grocery,0
40,3000.73,7,0,0,4,8.75,705,2,0,0.0357,0.0235,Net Banking,Home,0
23,1169.32,3,1,1,4,37.9,301,4,1,0.3222,0.3191,UPI,Fashion,0
28,1474.4,8,0,0,3,20.07,1396,1,0,0.0128,0.03,Debit Card,Home,0
30,768.33,6,1,0,5,2.43,345,2,0,0.1707,0.0317,UPI,Beauty,0
27,2720.86,6,0,0,2,7.94,1378,4,1,0.1173,0.0464,UPI,Fashion,0
42,937.3,7,5,0,4,23.43,570,8,2,0.5572,0.0,Credit Card,Grocery,1
45,858.48,16,1,1,3,16.0,458,1,2,0.1744,0.0738,Credit Card,Accessories,0
30,1114.27,11,1,0,2,13.3,911,4,0,0.1132,0.0,Credit Card,Electronics,0
27,902.81,8,0,0,4,2.5,1171,2,0,0.0161,0.041,UPI,Fashion,0
37,733.9,8,2,0,3,20.9,1818,1,1,0.2784,0.0,Credit Card,Home,0
36,1408.91,5,1,1,3,14.89,106,4,0,0.1958,0.202,Credit Card,Home,0
33,3311.11,4,0,0,1,6.17,2411,2,1,0.0521,0.0618,UPI,Grocery,0
37,1671.81,7,1,1,2,10.35,364,5,0,0.1692,0.1488,Debit Card,Beauty,0
26,2015.2,5,0,0,5,15.23,148,6,2,0.0964,0.0398,Credit Card,Electronics,1
51,1150.48,3,0,0,3,26.29,1981,1,0,0.0842,0.0719,UPI,Fashion,0
42,448.83,8,0,0,4,6.75,977,2,1,0.111,0.0372,UPI,Grocery,0
34,1186.48,8,0,0,5,15.82,541,3,0,0.0364,0.0619,UPI,Accessories,0
21,888.52,7,0,0,4,14.74,1552,3,1,0.115,0.0432,Cash on Delivery,Grocery,0
30,1094.27,6,0,0,2,24.1,1066,2,1,0.0731,0.0467,UPI,Fashion,0
40,3455.89,7,1,0,5,3.64,871,1,0,0.0959,0.026,Credit Card,Beauty,0
23,2344.23,8,2,1,3,11.16,856,1,1,0.3164,0.146,UPI,Electronics,0
53,2195.57,13,0,0,3,36.6,1705,1,0,0.0226,0.0204,Credit Card,Accessories,1
34,1039.97,11,1,1,3,14.74,1021,0,0,0.1171,0.1031,Credit Card,Beauty,1
32,2835.48,1,0,0,6,28.29,356,1,3,0.3943,0.1374,UPI,Electronics,1
34,2149.24,10,0,0,4,8.21,1123,2,0,0.0218,0.0137,UPI,Beauty,0
28,2002.67,14,0,0,4,2.94,1292,1,1,0.106,0.0216,Debit Card,Fashion,0
38,1024.83,8,0,0,4,4.49,482,4,1,0.1031,0.0413,Credit Card,Beauty,0
24,1652.84,8,0,0,4,3.98,1184,4,0,0.0547,0.0382,UPI,Electronics,0
53,1816.38,7,2,0,3,14.25,979,2,2,0.3266,0.0373,Debit Card,Accessories,0
46,2001.81,9,0,0,3,17.39,1573,2,0,0.05,0.0187,UPI,Electronics,0
43,2190.68,13,4,1,5,14.6,1163,4,2,0.3107,0.0907,Debit Card,Grocery,1
21,1584.65,5,0,0,4,19.61,338,2,0,0.0497,0.0,Debit Card,Home,0
36,707.18,13,0,0,4,4.55,556,4,0,0.024,0.0317,Credit Card,Home,0
45,908.0,6,0,0,7,19.02,1223,0,2,0.2163,0.0669,UPI,Beauty,0
39,1240.34,5,0,0,3,6.66,750,3,2,0.1422,0.0477,UPI,Accessories,1
27,1785.79,5,2,1,2,27.3,67,2,2,0.4051,0.2088,Net Banking,Fashion,1
25,1645.88,13,1,1,4,27.7,580,2,1,0.1344,0.1013,UPI,Fashion,0
28,2794.44,5,1,1,3,14.9,459,2,1,0.2235,0.2156,UPI,Home,0
30,1704.66,7,0,0,2,24.74,684,2,0,0.0443,0.041,UPI,Beauty,0
23,1218.74,7,2,2,3,11.15,326,6,1,0.2254,0.2695,UPI,Electronics,1
29,659.34,12,0,0,3,24.91,822,4,1,0.0932,0.0483,UPI,Beauty,0
48,1553.73,8,0,0,2,22.15,720,0,1,0.1586,0.0415,Cash on Delivery,Fashion,0
18,2054.42,6,1,1,1,20.73,1052,1,2,0.2831,0.1823,UPI,Fashion,1
33,1336.25,7,1,1,4,16.71,107,5,0,0.1665,0.1566,Credit Card,Accessories,0
40,1336.27,7,0,0,4,4.29,384,3,2,0.1316,0.0433,Cash on Delivery,Grocery,0
22,268.07,5,0,0,2,8.59,722,1,1,0.1041,0.0659,UPI,Accessories,0
26,2303.13,5,0,0,7,33.33,465,5,1,0.0715,0.0666,Credit Card,Fashion,1
30,2178.61,7,1,0,3,55.38,356,8,7,0.2845,0.0436,UPI,Fashion,1
37,1834.84,6,3,0,5,25.36,1094,5,2,0.4285,0.0183,UPI,Home,1
25,1092.56,11,2,0,4,20.64,861,2,0,0.1546,0.01,UPI,Beauty,0
18,976.54,9,0,0,3,8.33,1061,2,1,0.1333,0.0106,Credit Card,Fashion,1
29,687.87,6,0,0,3,32.27,821,3,0,0.0524,0.0303,Debit Card,Fashion,0
48,1232.08,7,0,0,2,11.06,680,2,0,0.0315,0.0498,UPI,Home,0
36,2575.19,7,0,0,3,12.96,497,2,0,0.0643,0.0324,Cash on Delivery,Grocery,0
23,1147.28,11,0,0,2,19.11,993,2,0,0.0,0.0579,UPI,Grocery,0
43,2456.53,4,1,0,3,22.56,814,4,0,0.2696,0.0425,UPI,Electronics,0
45,919.05,5,0,0,2,5.31,714,4,0,0.0437,0.0865,Credit Card,Beauty,0
35,680.91,9,0,0,6,7.99,740,2,1,0.1316,0.0199,Credit Card,Beauty,0
52,747.94,6,0,0,5,8.54,428,1,0,0.0798,0.0537,Credit Card,Home,0
41,2167.19,5,0,0,3,10.1,810,1,4,0.3112,0.0293,Cash on Delivery,Electronics,0
40,1089.73,5,1,1,2,11.78,528,1,0,0.239,0.217,Credit Card,Grocery,0
27,2664.86,6,0,0,3,7.04,740,5,2,0.0917,0.0305,Debit Card,Beauty,1
40,1563.68,9,1,1,1,14.41,863,5,0,0.0984,0.1232,Credit Card,Home,0
36,1459.62,9,1,0,3,25.17,593,3,1,0.1487,0.0259,UPI,Accessories,0
39,1506.52,6,1,1,4,16.91,234,3,0,0.15,0.154,UPI,Home,1
28,761.08,6,2,0,2,28.99,1610,1,1,0.3634,0.0602,UPI,Beauty,1
36,1194.11,7,1,1,2,28.4,273,3,0,0.1304,0.1645,Net Banking,Fashion,0
35,935.53,10,2,0,1,15.82,457,2,0,0.1869,0.0415,UPI,Fashion,0
27,1392.34,9,1,0,2,2.57,830,2,0,0.107,0.0256,UPI,Electronics,0
25,1490.36,2,1,1,3,6.47,439,5,2,0.4046,0.4068,Debit Card,Electronics,1
18,2009.89,10,0,0,3,18.07,963,1,0,0.0353,0.0596,UPI,Electronics,0
33,611.69,8,6,0,3,28.42,203,9,1,0.5498,0.0364,UPI,Fashion,1
20,1470.31,7,2,1,6,20.48,264,6,2,0.3045,0.1376,Credit Card,Beauty,1
43,1005.4,7,0,0,3,18.88,1186,1,0,0.0472,0.0314,UPI,Electronics,0
33,844.76,4,2,2,6,51.9,70,6,1,0.4075,0.4952,Credit Card,Fashion,1
20,762.97,9,1,0,4,17.41,242,1,1,0.1806,0.0333,UPI,Beauty,0
35,843.54,4,0,0,4,17.99,664,2,1,0.1321,0.0655,Cash on Delivery,Fashion,0
37,2437.57,10,1,0,5,1.77,1467,1,0,0.0465,0.0128,Credit Card,Home,1
37,1935.07,6,0,0,5,3.17,1901,4,1,0.1335,0.0296,Credit Card,Electronics,0
30,5302.84,4,1,0,3,36.55,160,2,2,0.352,0.0624,UPI,Home,0
31,895.16,6,1,1,1,3.12,609,2,0,0.1631,0.2059,Debit Card,Grocery,0
36,722.67,14,2,1,4,19.6,924,2,0,0.0971,0.0905,Cash on Delivery,Home,0
38,1481.71,7,0,0,3,5.53,516,2,2,0.1296,0.004,UPI,Accessories,1
41,1070.19,12,0,0,5,6.79,820,2,0,0.0242,0.0387,Credit Card,Home,0
50,1350.23,6,1,0,4,30.57,1250,3,1,0.1807,0.0503,UPI,Grocery,0
36,1479.33,10,0,0,4,10.14,516,1,1,0.0946,0.041,UPI,Fashion,0
32,1536.69,3,1,0,5,41.66,348,3,2,0.3754,0.0373,UPI,Accessories,1
35,1503.55,8,0,0,1,19.06,879,3,2,0.147,0.0193,Debit Card,Fashion,0
27,1939.94,6,0,0,3,42.02,350,2,4,0.2458,0.0595,UPI,Fashion,1
26,3744.27,8,0,0,3,6.76,1138,0,0,0.0074,0.0343,UPI,Fashion,0
38,1897.41,5,0,0,5,12.02,990,5,0,0.0494,0.0661,Debit Card,Fashion,0
40,2715.72,11,3,0,2,18.45,313,2,0,0.2473,0.0451,Net Banking,Electronics,0
32,1047.48,7,2,0,2,36.97,962,2,0,0.2453,0.0437,Debit Card,Electronics,1
39,1399.65,6,1,0,4,26.19,345,2,1,0.2263,0.0196,Credit Card,Beauty,0
46,1875.62,3,1,0,3,15.86,427,6,2,0.2989,0.0723,Credit Card,Fashion,1
31,994.03,4,0,0,2,2.2,205,3,1,0.1043,0.043,Credit Card,Home,0
22,884.19,7,0,0,4,56.93,445,3,1,0.1116,0.0625,Cash on Delivery,Home,1
40,1009.3,7,2,2,2,12.24,400,3,0,0.2538,0.2736,UPI,Fashion,0
42,1119.18,11,0,0,3,8.48,470,2,3,0.1552,0.0,Credit Card,Accessories,0
42,686.74,7,0,0,3,14.08,415,2,1,0.0674,0.0,UPI,Accessories,0
37,1722.19,5,3,0,6,35.08,114,5,0,0.4735,0.0199,UPI,Home,0
35,1413.06,9,5,1,3,9.54,810,3,0,0.4425,0.139,Credit Card,Home,1
21,2620.81,7,3,1,6,14.8,794,3,2,0.409,0.1488,UPI,Fashion,1
33,692.32,9,3,3,6,12.11,106,2,3,0.4237,0.35,Net Banking,Beauty,0
25,1204.16,4,1,1,2,22.41,1960,3,0,0.244,0.259,UPI,Electronics,0
28,1509.34,8,0,0,3,14.22,709,3,1,0.0768,0.0648,Credit Card,Accessories,0
39,1031.49,8,2,0,3,6.39,924,0,1,0.2881,0.0433,UPI,Fashion,0
56,1711.22,5,3,0,2,21.13,1258,2,0,0.4692,0.0565,UPI,Home,0
31,1109.99,9,0,0,3,6.7,1767,3,0,0.0256,0.0283,Debit Card,Fashion,0
38,1990.94,6,0,0,3,7.92,804,3,0,0.0543,0.0443,UPI,Electronics,0
29,1553.16,4,0,0,3,7.84,412,0,1,0.1813,0.0803,Credit Card,Accessories,0
25,813.6,3,0,0,2,26.39,1579,2,1,0.1325,0.0956,UPI,Accessories,0
28,749.51,11,1,0,4,10.1,615,3,0,0.1057,0.0359,Credit Card,Accessories,0
18,1041.41,11,0,0,2,13.1,1484,5,0,0.0,0.0565,UPI,Accessories,0
46,2279.02,7,0,0,3,20.13,1133,2,0,0.0227,0.0173,UPI,Accessories,0
18,763.13,7,1,1,4,17.12,1223,3,0,0.15,0.1764,UPI,Electronics,0
32,2859.07,12,0,0,2,7.47,1366,4,0,0.0521,0.0201,UPI,Beauty,0
34,959.96,10,1,1,2,7.54,443,4,1,0.128,0.1262,UPI,Grocery,0
23,1776.75,11,1,0,1,4.36,1018,1,1,0.1485,0.0033,UPI,Home,0
26,1537.39,4,0,0,4,23.82,611,2,1,0.1411,0.0682,Credit Card,Beauty,0
46,662.87,14,1,0,1,10.88,1221,1,1,0.1254,0.0,Credit Card,Electronics,0
36,990.3,1,0,0,3,8.71,408,2,0,0.1967,0.1709,Credit Card,Accessories,0
25,2326.62,12,0,0,1,29.79,1403,2,1,0.0583,0.0285,UPI,Electronics,1
29,1343.81,8,0,0,3,25.72,656,5,2,0.1529,0.0419,UPI,Electronics,0
29,1683.1,9,0,0,2,29.09,2040,2,0,0.0563,0.0222,Credit Card,Home,1
27,617.33,3,1,0,3,6.66,406,1,1,0.338,0.0662,Cash on Delivery,Accessories,0
34,1764.34,7,0,0,3,20.11,245,2,0,0.0457,0.0631,UPI,Electronics,0
36,2578.72,7,1,0,4,15.1,1177,1,0,0.1876,0.0728,Net Banking,Grocery,0
51,2735.5,4,0,0,3,4.84,862,3,0,0.0531,0.0098,Credit Card,Grocery,0
18,1190.53,7,0,0,3,4.66,296,1,0,0.0264,0.0,Credit Card,Grocery,1
34,598.97,7,2,0,4,10.28,311,4,0,0.2825,0.0213,Credit Card,Electronics,0
31,3395.97,9,1,1,3,10.78,1060,3,2,0.1909,0.1231,Credit Card,Beauty,1
43,785.22,11,0,0,1,5.45,944,0,0,0.0,0.0279,Debit Card,Home,0
37,1629.3,6,0,0,4,27.89,325,2,1,0.0958,0.0177,Cash on Delivery,Home,0
25,534.36,5,3,2,5,25.26,147,3,3,0.6145,0.3593,Debit Card,Fashion,1
39,634.41,9,0,0,2,6.52,1567,2,1,0.0794,0.0522,Debit Card,Accessories,0
37,2483.87,8,0,0,4,9.46,1164,3,0,0.0371,0.0354,Cash on Delivery,Home,0
26,1463.25,8,3,0,2,8.19,723,1,1,0.3874,0.0373,Credit Card,Grocery,0
45,3168.66,8,0,0,2,4.07,602,3,0,0.0601,0.0458,Cash on Delivery,Grocery,0
41,1030.43,7,0,0,2,9.25,632,4,0,0.067,0.0686,Credit Card,Electronics,0
42,1184.7,11,1,0,5,8.9,470,2,0,0.0524,0.0,Debit Card,Accessories,0
45,367.49,10,1,0,4,7.33,2201,3,0,0.0951,0.0436,Net Banking,Fashion,0
38,2106.46,7,1,0,2,25.5,681,5,0,0.1206,0.0225,Cash on Delivery,Grocery,0
47,920.39,9,0,0,3,28.5,1016,2,1,0.1344,0.0,UPI,Fashion,0
37,2286.36,13,1,0,2,15.99,387,2,2,0.1494,0.0105,UPI,Home,0
32,752.22,16,0,0,3,16.53,653,1,1,0.0642,0.0199,Credit Card,Beauty,0
34,1081.56,5,0,0,2,13.97,869,1,1,0.126,0.0514,Credit Card,Fashion,1
34,1583.01,4,0,0,4,9.25,840,1,0,0.072,0.0696,Credit Card,Home,0
29,2342.89,5,0,0,5,7.69,120,3,0,0.0677,0.0399,UPI,Fashion,0
49,881.55,7,0,0,3,18.37,686,2,1,0.1232,0.0185,Cash on Delivery,Electronics,1
37,556.11,6,0,0,3,8.76,1336,2,0,0.0296,0.0532,Cash on Delivery,Electronics,0
30,1761.48,3,2,0,3,13.52,151,0,3,0.7063,0.0977,UPI,Fashion,1
35,2410.76,5,0,0,4,13.09,316,1,0,0.07,0.0751,Credit Card,Grocery,0
37,2384.39,9,1,0,2,2.8,2368,2,1,0.1814,0.0501,Credit Card,Fashion,0
61,631.49,6,1,0,5,23.95,885,2,0,0.1555,0.0339,Credit Card,Beauty,0
31,640.6,4,3,1,3,35.58,215,2,6,0.8092,0.3114,UPI,Electronics,1
24,1111.51,5,0,0,2,8.99,974,2,0,0.0314,0.0603,Cash on Delivery,Fashion,0
26,965.05,6,1,0,2,1.57,308,1,0,0.1244,0.0525,Credit Card,Home,0
22,889.79,8,0,0,4,6.93,889,2,1,0.0684,0.0224,UPI,Home,0
32,2160.32,10,0,0,3,19.68,856,0,0,0.0,0.0149,Credit Card,Fashion,0
36,815.88,8,1,0,5,15.14,322,2,1,0.1944,0.0436,Debit Card,Accessories,0
30,665.08,7,1,0,5,24.6,1434,1,0,0.1629,0.029,UPI,Fashion,0
43,1377.7,4,2,1,4,19.84,597,0,3,0.6208,0.2216,Credit Card,Beauty,1
22,2350.62,9,6,2,3,22.44,173,3,6,0.6832,0.2137,Cash on Delivery,Electronics,1
29,971.8,7,0,0,3,4.7,479,0,2,0.1903,0.0043,UPI,Electronics,0
35,566.3,6,1,0,4,9.75,724,2,0,0.1698,0.0312,Credit Card,Electronics,0
25,1927.17,2,1,1,6,27.4,455,5,1,0.3725,0.4113,UPI,Accessories,1
29,2815.33,8,0,0,1,12.68,1476,2,0,0.0424,0.0417,UPI,Fashion,0
37,2368.37,9,1,0,4,7.09,361,3,0,0.07,0.0226,Net Banking,Electronics,0
44,775.06,9,0,0,3,4.27,469,5,2,0.0881,0.0003,Credit Card,Accessories,0
40,1627.68,3,0,0,2,13.5,778,5,0,0.1282,0.0838,UPI,Fashion,0
42,867.72,9,0,0,3,4.45,826,3,0,0.008,0.0529,Cash on Delivery,Fashion,0
44,1176.38,8,1,0,2,7.45,1054,1,0,0.0863,0.03,UPI,Fashion,0
37,1144.83,5,3,0,4,16.93,2027,5,0,0.4081,0.0691,Net Banking,Electronics,0
33,899.9,3,0,0,1,20.31,1565,2,0,0.068,0.0971,UPI,Beauty,0
27,739.2,8,0,0,2,6.06,1168,2,0,0.076,0.0387,UPI,Accessories,0
30,1086.75,9,0,0,3,5.26,1019,6,2,0.0614,0.0284,UPI,Grocery,0
31,845.23,5,1,0,3,37.07,227,7,3,0.2641,0.0476,UPI,Accessories,0
29,731.15,3,0,0,4,3.89,597,2,0,0.0673,0.0758,UPI,Beauty,0
41,3243.57,9,1,0,5,6.29,219,2,0,0.1269,0.0599,Debit Card,Grocery,0
27,387.93,4,1,1,1,19.68,311,1,5,0.5231,0.2333,UPI,Accessories,0
28,1956.81,8,2,0,3,38.71,544,3,1,0.2223,0.0079,Credit Card,Grocery,0
37,756.42,12,0,0,4,15.16,3000,2,1,0.0971,0.0184,Cash on Delivery,Electronics,0
40,2338.79,11,0,0,1,7.56,583,3,1,0.0989,0.0504,UPI,Fashion,0
24,950.71,3,2,0,2,14.36,594,1,0,0.4366,0.0753,Credit Card,Fashion,0
38,1424.76,6,3,0,4,20.76,294,6,4,0.4956,0.0332,Cash on Delivery,Beauty,1
18,2151.36,7,1,1,5,17.22,300,0,1,0.2039,0.1676,Cash on Delivery,Electronics,1
24,956.7,4,1,1,4,40.7,73,4,0,0.2093,0.2514,UPI,Fashion,0
47,527.52,6,0,0,2,11.15,357,1,0,0.07,0.0433,Debit Card,Grocery,0
30,1501.98,9,1,0,4,15.35,1060,1,2,0.2026,0.0252,Debit Card,Fashion,0
24,425.87,9,0,0,8,7.68,617,2,1,0.1221,0.0309,Debit Card,Electronics,0
30,2771.52,7,0,0,1,8.16,1647,2,1,0.1016,0.0249,Debit Card,Fashion,0
56,611.67,5,0,0,3,8.78,1717,0,0,0.0943,0.0222,Cash on Delivery,Electronics,0
31,2432.4,15,2,0,3,5.21,651,2,1,0.1335,0.0554,UPI,Accessories,0
31,2027.33,9,2,0,3,6.02,1506,4,1,0.1825,0.0191,UPI,Beauty,0
32,833.21,6,0,0,3,11.47,772,2,0,0.0768,0.0206,Debit Card,Fashion,0
33,1577.74,14,0,0,5,14.22,458,3,1,0.0873,0.0114,UPI,Fashion,0
27,577.04,7,2,0,1,14.13,446,1,0,0.2509,0.0375,Cash on Delivery,Beauty,1
35,1670.01,6,1,0,4,9.45,1015,5,0,0.1841,0.0339,Debit Card,Home,0
44,1979.98,6,0,0,1,13.76,605,1,0,0.0278,0.0331,UPI,Home,0
37,995.14,11,1,1,3,8.3,962,1,2,0.225,0.1046,Credit Card,Grocery,1
24,1205.83,8,1,1,3,16.13,1071,7,0,0.1009,0.0888,Credit Card,Accessories,1
18,5833.07,9,4,4,2,16.28,263,4,2,0.4039,0.4245,Credit Card,Grocery,1
31,733.57,9,1,0,4,26.86,722,5,1,0.1278,0.0166,Cash on Delivery,Home,0
29,1219.65,10,1,0,2,5.76,586,1,0,0.0879,0.0203,UPI,Fashion,0
34,1851.24,6,0,0,5,18.1,644,2,0,0.0486,0.0265,UPI,Fashion,0
46,2385.38,10,1,0,4,8.27,1459,3,0,0.1348,0.0646,Debit Card,Grocery,0
19,444.81,7,2,0,4,33.68,440,8,1,0.2643,0.0635,Debit Card,Fashion,1
33,697.79,16,2,0,4,6.26,388,3,0,0.1313,0.0269,Cash on Delivery,Accessories,0
48,1121.35,6,0,0,2,6.39,347,2,0,0.0805,0.0489,Debit Card,Beauty,0
33,855.72,7,0,0,1,9.79,389,4,1,0.0722,0.0551,Cash on Delivery,Electronics,0
34,868.5,7,0,0,4,19.55,764,5,2,0.112,0.0005,UPI,Accessories,0
50,3813.49,10,3,0,2,16.68,576,2,2,0.3313,0.0238,UPI,Grocery,1
37,1158.72,9,4,4,7,31.81,500,6,4,0.4394,0.4416,UPI,Home,1
42,1392.87,10,0,0,3,29.67,1482,3,0,0.0036,0.0254,Debit Card,Beauty,0
39,1291.14,8,1,0,2,12.68,1519,4,1,0.1569,0.0471,UPI,Beauty,0
52,1564.46,11,1,0,1,9.42,1045,3,0,0.0615,0.0284,UPI,Home,0
28,1069.82,10,2,2,5,42.07,396,5,1,0.1666,0.2167,Debit Card,Electronics,1
38,1210.38,10,2,2,2,7.16,1365,2,1,0.2378,0.2251,Credit Card,Electronics,0
18,2763.32,10,2,2,5,7.96,549,3,0,0.1372,0.2418,Credit Card,Electronics,0
35,1170.27,8,1,1,4,35.09,495,5,2,0.1869,0.1333,Credit Card,Electronics,1
41,902.87,8,0,0,3,9.11,393,4,7,0.3428,0.0254,Cash on Delivery,Accessories,1
20,484.04,3,0,0,3,21.13,881,2,0,0.0838,0.0773,Debit Card,Electronics,0
38,1126.15,8,0,0,2,3.39,1102,3,0,0.0628,0.0117,UPI,Fashion,0
19,1318.51,10,0,0,4,14.44,1650,3,0,0.0258,0.0176,UPI,Fashion,0
18,2844.19,7,0,0,1,19.46,454,1,2,0.1885,0.0123,UPI,Beauty,0
30,1726.84,12,0,0,2,8.27,324,3,2,0.0774,0.0248,Credit Card,Electronics,0
31,2680.89,3,0,0,1,31.79,759,1,2,0.2273,0.0935,Debit Card,Fashion,0
37,2764.09,6,2,1,3,28.47,103,3,4,0.4286,0.1976,Credit Card,Electronics,1
27,2221.73,10,0,0,3,20.29,477,1,0,0.0261,0.0253,UPI,Beauty,1
31,1092.63,6,0,0,2,18.83,162,3,1,0.0684,0.0117,Cash on Delivery,Fashion,1
43,1693.86,12,0,0,5,8.81,801,2,0,0.043,0.0,Debit Card,Fashion,0
28,1106.82,6,1,1,4,5.96,1030,2,2,0.2553,0.1524,Credit Card,Accessories,0
39,863.05,10,3,0,4,12.71,663,1,2,0.3299,0.0231,UPI,Grocery,1
22,2587.2,5,2,0,3,0.95,637,2,2,0.4222,0.0396,Cash on Delivery,Fashion,1
25,1038.98,7,0,0,1,35.22,707,2,0,0.0259,0.0796,Cash on Delivery,Home,0
32,1563.63,9,0,0,2,2.53,703,2,0,0.0026,0.02,UPI,Home,0
37,1419.8,8,3,0,2,16.81,316,3,0,0.2863,0.0246,Debit Card,Beauty,0
25,1810.75,10,0,0,1,11.43,688,2,1,0.1032,0.0317,UPI,Electronics,0
25,1444.66,4,0,0,4,14.35,227,3,4,0.2205,0.0517,Net Banking,Fashion,0
33,1447.98,13,8,2,3,24.95,485,11,2,0.4754,0.1634,Debit Card,Beauty,1
22,555.11,8,0,0,4,10.03,234,1,0,0.046,0.0324,UPI,Electronics,0
38,1019.43,8,0,0,3,8.86,1087,2,1,0.1048,0.0271,Cash on Delivery,Accessories,0
44,2414.05,10,1,0,2,10.3,485,1,0,0.1231,0.0265,Credit Card,Grocery,0
33,693.11,11,0,0,1,29.53,1487,2,0,0.048,0.0,Credit Card,Electronics,0
30,2218.7,12,1,0,4,15.3,130,4,1,0.1428,0.0,UPI,Home,0
35,673.34,10,0,0,3,20.65,1469,1,1,0.1051,0.0761,Credit Card,Fashion,0
34,1773.93,9,1,1,3,17.91,458,0,0,0.1234,0.1008,Cash on Delivery,Electronics,1
36,1432.39,6,0,0,4,13.53,1737,1,0,0.0445,0.0208,Debit Card,Fashion,0
18,773.2,6,0,0,2,2.08,1073,1,3,0.2406,0.0194,UPI,Accessories,0
24,2488.72,6,0,0,3,5.03,1628,2,2,0.1942,0.0145,UPI,Home,0
26,1643.85,12,3,0,2,23.89,745,5,0,0.2258,0.0486,UPI,Fashion,0
35,837.34,6,2,0,3,5.03,1266,1,0,0.2327,0.0577,Cash on Delivery,Fashion,0
36,630.52,9,3,0,4,2.38,844,0,1,0.3357,0.0066,UPI,Electronics,0
32,1714.53,6,2,2,5,46.98,103,7,2,0.3049,0.3192,UPI,Beauty,1
40,852.31,11,0,0,3,13.53,310,1,1,0.0856,0.022,Debit Card,Accessories,0
36,1117.51,12,0,0,3,26.47,448,2,0,0.0643,0.0,Credit Card,Electronics,0
22,1008.51,4,0,0,3,3.47,1689,0,1,0.1542,0.0572,UPI,Electronics,0
30,1040.57,4,0,0,3,13.76,1045,8,3,0.1869,0.0641,Credit Card,Electronics,0
18,544.21,4,0,0,3,39.67,332,5,1,0.0985,0.0532,Cash on Delivery,Home,1
47,2969.2,10,0,0,4,7.16,715,2,1,0.0702,0.0034,Net Banking,Grocery,0
45,1295.66,12,0,0,2,10.79,788,0,1,0.1343,0.0,UPI,Electronics,0
30,861.87,3,1,0,5,5.87,116,6,1,0.3113,0.0848,Cash on Delivery,Grocery,1
23,1282.43,8,0,0,3,12.77,634,5,1,0.0484,0.0129,Credit Card,Fashion,0
37,940.71,3,0,0,1,24.88,506,1,1,0.1616,0.0681,Cash on Delivery,Home,0
29,671.78,3,0,0,4,4.65,580,0,0,0.0372,0.0862,Credit Card,Home,0
35,1013.56,4,1,0,4,2.18,736,1,1,0.3363,0.0611,UPI,Fashion,0
43,554.44,11,0,0,2,1.34,629,3,3,0.1169,0.0556,Credit Card,Electronics,0
53,1391.78,6,2,0,2,15.55,1472,1,1,0.3107,0.0355,Debit Card,Grocery,1
41,888.84,9,1,1,3,17.07,598,2,0,0.1069,0.1095,UPI,Grocery,1
37,1073.63,6,0,0,9,22.59,375,5,2,0.08,0.0484,Cash on Delivery,Fashion,1
37,848.85,4,0,0,4,12.55,1573,6,2,0.1189,0.043,Credit Card,Grocery,1
25,1563.84,8,3,3,4,36.48,552,4,1,0.3359,0.3594,UPI,Grocery,1
31,1014.51,7,2,0,2,5.37,565,3,1,0.2736,0.0466,Cash on Delivery,Fashion,0
36,3035.53,10,0,0,4,18.39,737,2,3,0.1497,0.0298,Debit Card,Electronics,0
46,2127.22,7,0,0,6,5.27,514,4,1,0.1169,0.0283,UPI,Beauty,0
40,1596.8,9,0,0,3,21.7,755,1,2,0.121,0.0443,Cash on Delivery,Electronics,1
34,1015.99,7,3,0,5,4.32,757,2,0,0.3242,0.0541,Credit Card,Beauty,0
26,1485.49,11,1,1,1,20.85,697,3,0,0.0939,0.1161,Cash on Delivery,Fashion,0
22,2238.62,8,4,4,6,38.44,407,5,1,0.3921,0.4646,UPI,Fashion,1
19,2233.64,9,1,0,4,16.62,1180,2,1,0.1728,0.0404,UPI,Fashion,0
29,1978.26,4,1,0,4,9.04,410,3,3,0.3563,0.086,UPI,Fashion,0
39,845.53,5,0,0,3,12.05,716,2,0,0.0863,0.0414,UPI,Fashion,0
41,1983.26,5,2,2,5,16.23,459,6,1,0.3873,0.3785,UPI,Beauty,1
36,1227.47,2,0,0,1,8.33,1696,0,0,0.1747,0.1081,UPI,Beauty,0
28,1258.98,8,0,0,3,17.8,503,5,0,0.0726,0.0146,Debit Card,Electronics,0
43,1231.83,8,1,0,4,43.15,958,2,2,0.2004,0.0695,Net Banking,Home,0
30,892.71,9,0,0,3,13.31,1060,2,0,0.102,0.0254,Cash on Delivery,Home,0
33,952.95,4,0,0,4,11.9,1379,2,0,0.0813,0.0236,UPI,Fashion,1
34,3130.54,7,0,0,4,17.92,492,1,1,0.0711,0.0219,Credit Card,Accessories,0
31,1297.4,5,0,0,2,18.69,1303,3,1,0.1267,0.034,UPI,Electronics,0
36,1604.73,12,0,0,2,9.17,2126,2,1,0.0819,0.0161,UPI,Beauty,0
44,1124.64,5,1,0,4,5.69,1224,2,0,0.2252,0.0846,UPI,Electronics,0
24,3144.39,12,0,0,3,10.62,442,4,1,0.0288,0.0606,Cash on Delivery,Fashion,0
24,659.44,6,2,1,4,17.8,210,8,1,0.297,0.1782,UPI,Fashion,1
38,1230.02,4,0,0,4,9.21,646,3,1,0.1404,0.0524,Debit Card,Electronics,0
36,4323.15,4,1,0,5,7.76,821,2,1,0.274,0.1011,Debit Card,Fashion,1
35,924.7,9,3,0,2,15.68,553,2,0,0.2698,0.0681,UPI,Grocery,0
42,2515.41,13,3,0,3,6.85,1491,4,0,0.1484,0.0016,UPI,Beauty,0
34,4416.25,6,1,0,3,4.95,328,1,1,0.215,0.0458,Cash on Delivery,Electronics,0
38,1590.93,8,0,0,2,17.57,476,5,0,0.0262,0.0117,UPI,Home,0
40,625.99,4,0,0,4,4.3,585,2,0,0.0873,0.0791,Debit Card,Fashion,0
37,1774.48,3,0,0,3,18.09,271,6,5,0.2344,0.1159,Cash on Delivery,Accessories,1
29,3956.84,10,0,0,3,12.9,1248,1,0,0.0,0.019,UPI,Fashion,0
37,1582.76,6,0,0,3,6.74,807,1,0,0.0246,0.0284,UPI,Grocery,0
32,1563.3,7,0,0,1,33.37,1146,0,1,0.1245,0.0238,Cash on Delivery,Beauty,0
33,478.17,9,2,0,1,21.9,800,2,1,0.2169,0.0335,Cash on Delivery,Beauty,0
31,1955.17,5,0,0,2,7.28,904,2,1,0.0987,0.0404,Credit Card,Home,0
38,1796.61,8,1,0,2,14.02,605,1,0,0.1125,0.0471,UPI,Beauty,0
35,5906.04,6,0,0,3,15.58,1013,1,0,0.0436,0.0431,Net Banking,Fashion,0
38,834.25,11,1,0,2,9.21,1225,5,0,0.0745,0.0169,Cash on Delivery,Grocery,0
34,883.99,7,0,0,1,4.82,439,1,0,0.0724,0.0292,UPI,Accessories,0
20,1524.47,11,1,1,3,12.86,624,1,1,0.1261,0.115,UPI,Grocery,0
45,714.84,7,2,2,5,8.27,619,3,4,0.3905,0.2814,UPI,Fashion,1
34,994.18,10,3,0,3,9.56,911,0,0,0.2073,0.0548,UPI,Grocery,0
30,1317.21,4,2,2,3,21.43,339,6,2,0.4351,0.4484,UPI,Fashion,1
25,872.56,7,1,1,6,33.09,511,9,2,0.2174,0.1282,Credit Card,Fashion,1
35,408.88,7,0,0,1,4.82,993,0,1,0.1187,0.0494,UPI,Fashion,0
36,1271.53,12,1,0,3,18.42,418,2,0,0.094,0.0229,Debit Card,Home,0
29,1555.32,6,0,0,3,6.62,1635,2,0,0.0845,0.0227,Debit Card,Electronics,0
23,1699.95,3,0,0,4,38.01,140,5,1,0.1743,0.0711,UPI,Home,0
23,1693.49,3,0,0,2,23.82,737,3,1,0.0916,0.0619,UPI,Home,0
40,2559.98,5,1,0,2,18.96,651,2,0,0.2043,0.0454,Cash on Delivery,Grocery,0
32,1174.05,13,1,0,2,14.82,2278,3,0,0.0518,0.0,UPI,Accessories,0
39,16040.14,8,2,0,5,21.53,179,4,7,0.4779,0.0446,Credit Card,Fashion,1
36,1576.35,6,2,0,3,10.84,990,2,0,0.2406,0.0292,Net Banking,Grocery,0
39,3615.31,4,0,0,4,41.53,299,1,4,0.352,0.0636,UPI,Home,1
31,1958.73,9,1,0,4,18.04,1085,0,0,0.131,0.0324,UPI,Electronics,0
34,1240.01,5,0,0,6,18.59,864,4,0,0.0582,0.0593,Cash on Delivery,Beauty,0
30,884.04,7,0,0,5,22.14,764,1,0,0.086,0.036,Debit Card,Grocery,0
25,2201.93,10,1,0,2,5.45,1033,1,1,0.1361,0.0349,Debit Card,Accessories,0
38,1482.45,6,1,1,2,14.55,370,0,1,0.2229,0.1732,UPI,Beauty,0
29,3373.7,10,0,0,3,18.75,805,3,1,0.0723,0.046,UPI,Electronics,0
41,5024.1,3,2,0,6,15.25,849,4,3,0.6144,0.0502,Debit Card,Grocery,1
35,457.6,5,0,0,2,27.56,511,1,0,0.047,0.0555,Cash on Delivery,Beauty,0
29,2546.43,7,2,0,5,22.34,566,5,3,0.3516,0.0668,UPI,Home,1
38,1675.2,9,0,0,2,3.4,534,4,0,0.0434,0.0091,Credit Card,Electronics,0
37,1669.89,8,2,2,4,33.29,241,6,3,0.273,0.2453,Credit Card,Electronics,1
29,1374.88,8,1,0,4,13.63,334,3,1,0.1493,0.0532,UPI,Accessories,1
29,1328.34,2,1,1,4,6.17,468,5,2,0.4559,0.4543,UPI,Accessories,1
22,1699.51,13,2,2,4,52.52,204,5,4,0.2615,0.1649,Debit Card,Fashion,1
23,1174.2,7,0,0,3,7.3,527,6,1,0.0862,0.0266,Credit Card,Electronics,0
56,661.74,8,1,0,3,36.09,545,2,0,0.141,0.0651,Cash on Delivery,Fashion,0
29,892.78,7,0,0,2,5.93,188,2,1,0.1081,0.0474,Credit Card,Fashion,0
40,1268.34,8,1,1,1,11.59,1582,0,1,0.1756,0.1285,Cash on Delivery,Home,1
38,986.89,3,2,0,4,19.36,400,4,1,0.5115,0.0656,Debit Card,Electronics,0
51,738.33,17,1,0,5,13.71,1128,1,0,0.0453,0.0,Debit Card,Fashion,0
41,4347.66,8,1,0,3,11.14,396,3,0,0.1866,0.0403,UPI,Accessories,0
31,2280.43,4,0,0,4,28.86,466,0,1,0.1181,0.0338,UPI,Fashion,0
42,1587.42,9,4,0,3,13.19,703,3,2,0.4278,0.0142,Debit Card,Fashion,1
21,3077.62,11,1,1,5,12.72,458,4,1,0.0875,0.1264,UPI,Grocery,1
33,550.26,8,0,0,3,0.46,393,4,0,0.0675,0.0386,Credit Card,Beauty,0
27,3342.89,5,0,0,4,4.5,610,3,0,0.0869,0.0594,Cash on Delivery,Grocery,1
42,1421.98,8,1,1,5,7.89,594,5,1,0.1371,0.1655,Cash on Delivery,Electronics,1
39,567.0,10,3,0,4,14.12,2197,3,1,0.295,0.0182,Cash on Delivery,Fashion,0
29,1112.83,4,0,0,1,17.01,608,3,0,0.1068,0.0851,Debit Card,Fashion,0
25,1949.67,11,0,0,3,7.35,951,1,1,0.1017,0.0,Cash on Delivery,Grocery,0
22,1560.39,7,1,0,2,19.03,473,4,1,0.1812,0.0493,UPI,Electronics,0
43,1140.52,5,0,0,4,11.72,1185,0,2,0.2687,0.0338,Credit Card,Electronics,0
35,1367.84,8,0,0,6,6.3,598,3,1,0.0389,0.0376,UPI,Fashion,0
36,2693.02,8,0,0,4,37.63,329,3,0,0.0196,0.0249,UPI,Home,1
27,995.05,14,1,1,3,17.97,538,2,2,0.174,0.071,Debit Card,Home,0
21,411.77,7,2,0,2,17.27,517,1,2,0.3733,0.0312,Cash on Delivery,Electronics,0
43,1541.1,12,2,0,2,7.06,1007,0,0,0.13,0.0344,Debit Card,Electronics,1
34,1320.89,8,0,0,4,14.01,775,2,1,0.0568,0.0307,Net Banking,Fashion,0
42,4747.73,7,0,0,4,8.19,890,0,1,0.1636,0.0306,Cash on Delivery,Home,0
31,2920.24,10,0,0,2,18.0,1276,4,1,0.0781,0.0506,UPI,Electronics,0
21,1854.86,6,1,1,2,21.99,139,9,5,0.2312,0.2027,UPI,Grocery,1
32,1976.57,9,2,0,4,19.45,261,1,0,0.2143,0.0,Credit Card,Accessories,0
40,520.01,8,1,1,5,25.12,674,0,1,0.2656,0.13,Debit Card,Electronics,0
41,2334.29,11,0,0,4,5.8,583,3,1,0.0291,0.0563,Cash on Delivery,Home,0
41,2487.59,7,1,0,4,8.63,1003,2,1,0.2255,0.0781,UPI,Electronics,0
31,2120.85,6,0,0,4,4.45,949,0,0,0.0639,0.0375,UPI,Grocery,0
40,1600.46,12,0,0,4,17.61,242,3,0,0.0341,0.0337,UPI,Accessories,0
44,2568.78,12,2,0,3,16.88,958,4,1,0.1959,0.0336,Cash on Delivery,Accessories,0
33,628.1,8,3,0,4,9.97,509,2,1,0.3323,0.018,Credit Card,Grocery,0
29,1250.87,8,1,0,4,6.71,1446,0,0,0.1536,0.0464,UPI,Electronics,0
46,1320.75,9,2,0,2,6.87,714,1,0,0.1555,0.0055,UPI,Electronics,0
28,776.58,8,0,0,6,13.35,496,2,0,0.0619,0.0503,UPI,Electronics,1
40,952.0,6,1,0,1,12.03,1454,3,1,0.1799,0.0635,UPI,Electronics,0
33,439.84,10,0,0,3,7.01,464,3,2,0.0972,0.0461,UPI,Accessories,0
29,2128.66,8,2,1,5,20.3,352,1,3,0.3984,0.1927,Credit Card,Home,1
18,2561.74,5,1,1,3,7.42,1260,4,1,0.1884,0.2269,Debit Card,Beauty,0
44,1378.39,3,0,0,2,2.44,1018,1,0,0.1368,0.0607,UPI,Fashion,0
37,2548.04,5,4,0,1,38.65,159,7,2,0.6309,0.0522,Credit Card,Beauty,0
18,692.33,9,1,0,2,10.89,1482,3,0,0.1101,0.0243,Credit Card,Beauty,0
18,1882.84,7,2,0,3,5.59,1036,0,0,0.2231,0.0308,Credit Card,Accessories,0
39,1262.43,8,1,1,3,13.23,1329,4,2,0.2124,0.1192,Credit Card,Electronics,0
20,1315.72,10,4,4,2,34.76,402,4,1,0.319,0.3817,Net Banking,Home,1
31,3573.23,7,3,2,1,45.63,77,3,4,0.5332,0.2907,Net Banking,Fashion,0
39,1438.96,13,3,0,5,4.47,843,1,0,0.1822,0.0051,Debit Card,Fashion,0
28,1104.13,5,0,0,4,10.04,1691,4,0,0.0909,0.0718,Cash on Delivery,Home,0
35,972.26,5,0,0,4,4.94,740,0,0,0.033,0.0412,UPI,Beauty,0
18,1409.54,8,3,0,4,13.78,333,1,0,0.2742,0.0252,Cash on Delivery,Fashion,0
40,1682.63,10,1,1,1,5.95,342,1,0,0.1341,0.1342,UPI,Electronics,0
36,3687.59,6,0,0,4,26.33,254,3,1,0.0981,0.0335,Cash on Delivery,Fashion,0
34,2210.22,10,1,0,5,10.44,1931,5,0,0.0897,0.0383,Cash on Delivery,Electronics,0
34,1015.81,9,0,0,5,6.15,777,0,0,0.0722,0.0305,Cash on Delivery,Home,0
38,1268.36,12,0,0,4,4.73,233,3,1,0.0855,0.0208,Debit Card,Beauty,0
34,1335.61,12,0,0,4,7.65,1041,3,1,0.0645,0.0137,Credit Card,Home,0
18,1545.1,7,3,0,4,15.14,621,1,0,0.3795,0.0547,UPI,Electronics,0
24,2115.98,5,4,3,5,13.42,525,7,3,0.6533,0.5262,Credit Card,Electronics,1
54,1215.26,8,0,0,3,7.62,1483,2,0,0.0283,0.0253,Cash on Delivery,Accessories,0
45,1093.09,13,0,0,4,15.2,1105,3,1,0.0877,0.0031,Credit Card,Home,1
22,1470.06,11,1,1,5,3.94,1017,3,0,0.0809,0.1063,Credit Card,Fashion,0
31,1402.31,5,0,0,2,7.21,550,4,0,0.0382,0.0772,UPI,Fashion,0
35,2553.35,3,1,1,2,16.46,235,3,3,0.4461,0.3426,UPI,Accessories,1
32,1864.87,9,0,0,3,15.95,2000,2,1,0.1133,0.0364,Credit Card,Grocery,0
44,1257.67,10,0,0,4,2.56,879,4,0,0.0045,0.0427,Debit Card,Accessories,0
18,399.48,5,1,0,4,15.02,1099,1,0,0.1789,0.041,UPI,Fashion,0
30,1713.38,15,0,0,5,27.75,483,1,2,0.1602,0.0719,Credit Card,Grocery,0
23,1740.26,4,1,1,5,32.93,569,7,1,0.2528,0.2765,Cash on Delivery,Beauty,1
18,1846.26,9,0,0,3,5.99,671,0,0,0.0536,0.0191,UPI,Fashion,0
31,821.55,6,1,0,1,9.98,306,2,0,0.1427,0.038,Debit Card,Beauty,0
30,1283.33,10,1,0,3,44.55,666,5,1,0.1372,0.0235,UPI,Beauty,1
35,2011.04,7,0,0,3,7.78,979,2,1,0.0692,0.0303,UPI,Grocery,0
35,1184.26,2,0,0,4,12.87,196,3,1,0.1426,0.1228,UPI,Home,0
29,973.98,8,0,0,2,9.52,239,0,0,0.0392,0.0433,UPI,Grocery,0
28,2837.49,3,1,1,3,12.05,91,3,7,0.5663,0.3243,Credit Card,Accessories,1
27,1153.28,8,1,0,4,27.01,340,1,0,0.1093,0.0288,Debit Card,Grocery,0
40,870.65,10,0,0,2,18.69,475,1,0,0.0242,0.018,Net Banking,Accessories,0
38,1352.31,8,1,0,4,22.43,439,2,0,0.0972,0.0327,UPI,Accessories,0
39,949.5,9,3,1,2,8.17,388,2,1,0.2808,0.1349,UPI,Electronics,0
32,1707.79,11,0,0,3,11.12,554,3,3,0.1117,0.0,UPI,Electronics,0
29,3492.89,7,1,1,2,9.94,951,1,1,0.2234,0.1482,UPI,Beauty,0
33,2342.2,6,0,0,3,13.98,307,4,0,0.0435,0.0248,Cash on Delivery,Fashion,0
39,686.05,5,2,1,5,1.5,360,2,0,0.3176,0.2667,Cash on Delivery,Grocery,0
18,1458.06,4,0,0,4,18.64,878,4,0,0.1538,0.0241,UPI,Home,0
38,946.58,10,0,0,1,6.66,1322,2,3,0.1434,0.0047,Debit Card,Electronics,0
37,1433.48,10,2,0,6,25.91,1905,3,1,0.1881,0.0,UPI,Fashion,1
35,1030.3,8,1,0,3,18.31,374,1,1,0.1709,0.0235,UPI,Fashion,0
33,1410.69,8,1,0,3,12.1,455,5,0,0.1311,0.0351,Cash on Delivery,Accessories,1
22,2097.74,6,0,0,6,19.29,610,4,0,0.044,0.0446,UPI,Home,0
18,868.61,6,0,0,1,1.44,430,1,1,0.1246,0.0266,Credit Card,Home,0
30,2081.87,6,1,1,4,37.11,415,6,1,0.1388,0.2075,Debit Card,Electronics,0
30,1297.49,7,1,1,5,6.33,2486,7,0,0.161,0.1745,UPI,Accessories,1
50,2084.43,15,0,0,2,14.64,604,5,1,0.012,0.0173,UPI,Beauty,0
34,3162.39,8,1,1,3,19.19,2259,3,0,0.1003,0.1137,Net Banking,Electronics,1
31,1226.04,12,0,0,6,10.86,952,4,0,0.0665,0.0072,Debit Card,Electronics,0
34,2465.48,7,0,0,2,10.52,1310,2,0,0.0714,0.0431,Cash on Delivery,Home,0
37,1190.71,6,1,0,2,8.7,950,1,1,0.2255,0.0267,Debit Card,Home,0
40,1685.31,9,2,1,3,11.8,691,1,0,0.1772,0.0933,UPI,Grocery,0
32,1553.69,11,0,0,1,3.32,656,1,1,0.1148,0.0096,Debit Card,Beauty,0
38,1285.3,9,1,0,3,7.85,208,3,0,0.1372,0.0608,UPI,Electronics,0
18,789.6,3,0,0,4,11.31,347,1,3,0.3234,0.0657,UPI,Fashion,0
49,1281.19,6,1,0,1,24.29,1115,0,0,0.1674,0.084,Net Banking,Grocery,0
43,1764.84,11,0,0,3,10.05,1518,0,0,0.0383,0.0462,UPI,Home,0
55,2617.42,10,0,0,3,2.73,258,2,0,0.0479,0.0312,Credit Card,Beauty,0
28,544.11,13,4,2,3,36.5,543,1,1,0.3354,0.2009,UPI,Accessories,0
49,828.28,8,0,0,3,5.92,391,1,1,0.0826,0.0555,UPI,Fashion,0
27,906.82,6,0,0,3,15.68,1359,5,0,0.0217,0.0111,UPI,Electronics,0
25,2599.34,1,0,0,5,20.97,554,7,3,0.2824,0.1554,Net Banking,Electronics,1
37,914.69,2,0,0,5,8.71,325,1,0,0.0934,0.105,Credit Card,Home,0
41,1408.8,13,0,0,2,13.85,794,2,1,0.0556,0.0449,Net Banking,Fashion,0
32,961.01,2,1,0,3,3.3,470,4,3,0.4429,0.0683,UPI,Fashion,1
18,2023.59,8,4,0,5,29.79,434,5,2,0.4237,0.0279,UPI,Accessories,1
29,1443.02,8,0,0,3,7.25,1639,2,1,0.06,0.0538,UPI,Home,0
18,2586.74,4,1,1,5,31.83,365,6,1,0.2545,0.2771,Credit Card,Electronics,1
35,980.06,5,1,1,2,5.35,645,1,1,0.2918,0.2232,UPI,Fashion,0
18,1721.89,3,2,0,4,35.66,686,9,1,0.4919,0.0599,UPI,Fashion,1
42,1052.37,9,0,0,3,15.88,836,0,1,0.1396,0.0509,Credit Card,Grocery,0
28,4232.92,7,1,0,3,20.87,362,0,2,0.3145,0.0384,Debit Card,Fashion,0
49,2228.93,3,0,0,2,13.84,749,3,2,0.1426,0.0802,Debit Card,Grocery,0
22,954.9,12,0,0,2,22.17,504,7,0,0.026,0.0224,Credit Card,Fashion,0
51,1369.97,7,0,0,3,10.45,722,0,0,0.047,0.08,Debit Card,Grocery,0
43,985.89,7,0,0,4,29.13,2148,2,2,0.1591,0.0532,Cash on Delivery,Grocery,0
33,1292.52,6,1,0,3,9.3,1867,5,1,0.1898,0.086,Credit Card,Home,1
30,1256.97,8,1,0,1,19.48,1606,2,1,0.1323,0.0572,UPI,Accessories,0
29,1861.33,6,0,0,4,30.33,782,2,1,0.0631,0.0175,Net Banking,Electronics,0
33,2115.05,10,1,0,3,8.43,702,6,1,0.1733,0.0387,UPI,Home,0
34,785.5,7,0,0,4,9.18,413,4,1,0.0996,0.0616,Cash on Delivery,Grocery,0
45,1142.76,7,0,0,4,15.57,931,1,0,0.0303,0.0523,Credit Card,Fashion,0
40,1301.75,11,0,0,4,21.3,312,3,0,0.0275,0.0387,Debit Card,Electronics,0
52,513.73,6,0,0,4,4.4,279,0,0,0.0499,0.071,Debit Card,Fashion,0
36,2344.61,4,1,0,2,3.89,756,0,0,0.1828,0.0313,Cash on Delivery,Home,0
26,1045.64,4,0,0,5,17.97,880,3,0,0.093,0.0383,Credit Card,Fashion,0
29,1193.38,5,1,1,2,3.86,372,3,0,0.2147,0.2296,UPI,Accessories,0
32,179.01,8,0,0,2,6.13,1014,0,0,0.0379,0.0937,Credit Card,Electronics,1
25,1663.06,9,1,0,3,5.58,796,0,0,0.1147,0.0,UPI,Home,0
28,1609.89,5,1,0,4,28.34,56,7,2,0.2179,0.0358,Net Banking,Beauty,0
23,1815.81,8,1,0,2,2.3,707,0,1,0.1882,0.027,UPI,Fashion,0
53,1254.05,8,1,0,3,4.89,983,3,1,0.1495,0.0555,Debit Card,Electronics,1
37,434.24,4,0,0,3,4.04,619,1,0,0.0683,0.0365,UPI,Home,1
25,2248.05,4,1,0,5,13.51,420,3,7,0.5198,0.0169,UPI,Home,0
27,517.73,4,0,0,2,20.54,643,2,1,0.1462,0.0387,Debit Card,Electronics,0
41,1797.09,5,0,0,3,8.05,659,2,0,0.0184,0.0398,Debit Card,Electronics,0
23,898.29,6,0,0,3,11.06,616,1,1,0.1241,0.0239,UPI,Electronics,0
24,1196.23,9,0,0,3,11.0,135,5,0,0.0167,0.0365,Debit Card,Grocery,0
27,1750.68,8,0,0,5,8.31,746,2,0,0.0646,0.0227,UPI,Fashion,0
49,1821.52,5,0,0,2,7.25,1133,1,1,0.0791,0.0287,UPI,Home,0
37,1253.18,6,4,1,4,16.58,25,6,2,0.5451,0.1788,Credit Card,Electronics,1
32,2780.54,6,0,0,2,14.91,640,8,1,0.1059,0.0201,Cash on Delivery,Beauty,0
18,500.96,8,0,0,3,19.71,637,1,2,0.1449,0.0353,UPI,Beauty,1
45,1275.48,7,0,0,3,30.36,346,3,0,0.0264,0.0586,UPI,Fashion,0
31,1426.16,8,0,0,3,8.08,398,1,2,0.2071,0.0107,UPI,Electronics,0
18,1471.08,13,1,0,2,4.58,903,0,1,0.144,0.0244,UPI,Electronics,0
31,570.35,3,0,0,4,2.71,599,2,1,0.1367,0.0668,UPI,Fashion,0
39,734.18,10,2,1,3,22.65,1091,1,1,0.2374,0.1119,Credit Card,Home,0
38,376.15,11,0,0,2,27.3,786,4,0,0.0147,0.025,Credit Card,Fashion,0
50,1099.8,7,0,0,3,14.65,1004,3,1,0.0968,0.0118,UPI,Electronics,0
26,742.95,8,2,0,4,31.55,508,2,1,0.254,0.0421,UPI,Accessories,0
26,1479.12,3,0,0,3,26.39,342,7,2,0.1579,0.0783,Cash on Delivery,Electronics,0
34,1194.44,3,0,0,1,5.27,939,1,1,0.1546,0.0719,UPI,Accessories,0
28,1670.73,7,0,0,3,12.18,325,1,0,0.0912,0.0075,Cash on Delivery,Fashion,1
20,518.76,7,0,0,4,11.35,1160,4,2,0.1196,0.0622,UPI,Accessories,0
42,1111.21,3,0,0,5,22.47,844,1,1,0.1454,0.1005,Credit Card,Fashion,0
31,3240.84,2,1,1,5,39.59,739,6,4,0.5272,0.4597,Debit Card,Electronics,1
38,3041.47,9,0,0,2,9.66,2839,4,2,0.1132,0.0273,UPI,Home,1
37,1002.97,9,3,0,4,8.1,822,0,2,0.3924,0.0358,Cash on Delivery,Fashion,0
38,2301.49,17,1,0,4,8.23,735,8,0,0.0134,0.0203,Debit Card,Electronics,0
28,666.23,9,0,0,4,3.55,769,7,0,0.0141,0.02,UPI,Fashion,0
25,1476.87,5,0,0,3,13.16,1016,3,0,0.0467,0.0462,UPI,Beauty,0
34,1084.35,7,1,0,1,11.69,585,1,0,0.1517,0.0316,UPI,Electronics,0
29,2072.79,7,1,1,2,47.75,422,4,2,0.1879,0.1816,UPI,Beauty,1
25,2126.07,5,3,2,5,20.62,349,1,1,0.5379,0.3588,UPI,Accessories,1
44,2514.5,12,2,1,3,23.18,894,1,2,0.2872,0.1105,Cash on Delivery,Electronics,0
48,717.26,5,0,0,2,16.94,828,1,1,0.1401,0.045,Credit Card,Accessories,0
31,941.4,8,4,1,6,41.55,375,4,1,0.364,0.1143,UPI,Fashion,1
41,2492.58,7,1,1,4,10.6,1305,6,0,0.1865,0.1793,Credit Card,Home,0
34,1050.11,14,4,0,2,20.97,661,2,1,0.2433,0.0182,UPI,Fashion,1
36,486.48,3,0,0,3,5.71,982,1,1,0.1768,0.0264,Debit Card,Fashion,0
35,1293.94,4,1,1,4,22.9,92,4,3,0.3097,0.2493,Credit Card,Fashion,1
28,912.38,8,0,0,4,20.91,397,3,1,0.0748,0.0371,Credit Card,Electronics,1
34,1444.44,8,0,0,4,12.15,1058,0,0,0.0429,0.0379,Credit Card,Home,1
25,831.32,8,0,0,4,7.2,1412,2,0,0.0524,0.0454,UPI,Beauty,0
34,918.8,7,2,0,4,21.82,525,6,1,0.2844,0.0504,Debit Card,Fashion,0
22,566.98,9,0,0,4,15.26,1001,1,0,0.05,0.0116,Debit Card,Home,0
33,1022.75,4,0,0,1,13.11,720,1,1,0.1524,0.0538,UPI,Home,0
49,1197.22,6,0,0,5,14.17,325,2,3,0.1665,0.0502,UPI,Fashion,0
41,815.02,8,0,0,2,11.42,804,1,0,0.0289,0.04,UPI,Fashion,0
25,1137.75,7,2,1,1,6.03,159,5,1,0.2537,0.1911,Net Banking,Beauty,0
26,980.15,7,1,1,1,32.36,291,2,0,0.1552,0.1734,UPI,Electronics,0
33,3297.4,6,1,1,2,7.98,1288,1,0,0.1804,0.1938,UPI,Fashion,0
26,1411.17,9,0,0,1,2.66,468,1,0,0.0,0.0069,Cash on Delivery,Electronics,0
33,2565.57,4,0,0,4,11.69,606,0,0,0.0721,0.0681,Debit Card,Home,1
43,3979.29,9,1,0,3,10.95,1282,2,1,0.1691,0.0135,Credit Card,Home,0
26,1929.11,5,1,1,4,14.83,194,10,3,0.2547,0.2305,Credit Card,Electronics,1
18,4098.3,8,1,0,1,14.04,321,9,6,0.246,0.0,Net Banking,Electronics,1
40,688.33,3,0,0,3,6.46,799,2,0,0.1172,0.0908,Credit Card,Electronics,0
56,1680.83,8,2,0,1,15.25,1476,0,1,0.2748,0.0405,Credit Card,Electronics,0
31,1221.84,6,1,0,6,27.5,657,6,3,0.216,0.0153,Cash on Delivery,Electronics,1
45,784.63,10,0,0,4,21.18,1042,3,0,0.0424,0.0307,Cash on Delivery,Fashion,0
36,1084.78,10,1,0,2,19.11,1139,4,0,0.0954,0.0197,Debit Card,Electronics,0
40,1261.42,8,0,0,2,8.15,621,2,0,0.0779,0.0169,Credit Card,Home,0
19,3381.8,8,0,0,5,36.32,282,3,2,0.1617,0.0051,Credit Card,Fashion,0
32,2393.82,5,0,0,3,2.11,1012,2,0,0.0794,0.0211,UPI,Home,0
24,1810.91,10,0,0,2,18.77,685,1,0,0.0327,0.0198,Cash on Delivery,Electronics,1
34,4694.44,4,1,1,3,40.21,123,3,2,0.3291,0.2639,Credit Card,Fashion,1
46,5206.8,7,0,0,4,11.13,931,0,3,0.2957,0.0609,Net Banking,Grocery,0
43,652.54,9,0,0,5,23.9,1580,3,2,0.1483,0.0264,Net Banking,Home,1
32,2391.39,5,1,0,5,15.82,1082,0,0,0.2093,0.0722,Credit Card,Fashion,0
28,2707.49,4,1,0,6,9.59,357,0,2,0.3913,0.0962,Cash on Delivery,Beauty,0
36,1725.67,3,1,0,1,2.65,1011,2,0,0.2719,0.0628,Credit Card,Fashion,0
30,2526.76,8,1,1,4,14.77,326,8,5,0.208,0.1579,UPI,Fashion,1
45,1263.06,7,0,0,3,12.18,1431,1,0,0.0169,0.0318,Net Banking,Accessories,0
42,1543.36,7,2,0,3,14.87,806,1,0,0.1928,0.0104,UPI,Accessories,0
35,3543.26,3,0,0,5,26.26,479,4,3,0.1467,0.0698,Debit Card,Home,0
21,1966.91,11,0,0,1,12.01,521,4,0,0.0,0.022,Debit Card,Beauty,0
36,1809.05,10,2,0,5,23.31,1460,1,0,0.2059,0.0098,Credit Card,Home,1
32,2660.62,14,0,0,3,14.18,1519,1,1,0.0899,0.0,UPI,Fashion,0
44,3110.41,9,0,0,2,4.1,1382,2,1,0.1154,0.0464,Debit Card,Home,0
43,353.72,8,0,0,3,7.17,259,3,0,0.012,0.0425,Credit Card,Home,0
46,818.36,13,2,1,4,20.07,1014,3,0,0.1402,0.0896,UPI,Fashion,0
24,1368.24,12,1,0,3,15.63,974,4,2,0.1277,0.0304,UPI,Electronics,0
22,1915.57,4,2,2,4,24.11,766,5,2,0.3691,0.446,Credit Card,Fashion,1
27,1469.47,7,1,0,3,25.57,688,3,1,0.175,0.0227,UPI,Beauty,0
32,2574.74,8,0,0,4,20.67,254,6,3,0.0901,0.0286,UPI,Fashion,0
44,1498.6,5,0,0,3,7.54,829,3,1,0.1085,0.0681,UPI,Home,0
29,352.9,5,0,0,3,11.01,1088,2,1,0.1089,0.0612,Credit Card,Home,0
20,687.58,10,0,0,3,12.39,1046,3,1,0.1197,0.0359,Credit Card,Electronics,0
39,488.24,11,1,0,1,11.27,269,0,1,0.1939,0.0261,UPI,Fashion,0
29,1558.69,15,2,0,3,11.66,1062,3,0,0.1241,0.0455,UPI,Electronics,0
50,679.96,14,2,0,5,7.57,511,3,0,0.1088,0.0219,UPI,Home,0
31,623.3,5,0,0,3,33.76,172,5,0,0.0669,0.0506,Cash on Delivery,Home,1
28,2654.02,2,2,0,5,32.77,505,3,1,0.669,0.0643,Debit Card,Fashion,0
37,448.22,6,0,0,3,7.23,1684,4,0,0.0358,0.0481,Credit Card,Accessories,0
22,1374.37,6,1,1,5,26.77,194,5,0,0.1213,0.1829,Credit Card,Beauty,1
35,1683.69,7,2,0,4,11.53,949,3,0,0.2879,0.0594,UPI,Electronics,0
31,1764.36,7,1,1,3,7.47,1221,1,0,0.1631,0.1604,UPI,Fashion,0
34,1347.48,10,2,2,5,22.09,387,2,3,0.3247,0.2096,UPI,Grocery,0
48,1236.3,4,0,0,2,13.06,634,1,0,0.0811,0.1022,Credit Card,Beauty,0
37,1846.17,8,1,0,3,4.3,1234,1,2,0.2903,0.0746,UPI,Fashion,0
30,1385.34,2,0,0,2,12.25,528,2,0,0.0977,0.0895,Debit Card,Electronics,0
27,2164.68,8,0,0,4,21.52,534,4,1,0.0828,0.0256,UPI,Grocery,1
33,1344.42,8,0,0,3,27.76,639,5,2,0.1199,0.0316,UPI,Fashion,0
25,687.19,7,0,0,5,5.86,1840,2,1,0.1052,0.0307,UPI,Grocery,0
35,1720.31,6,2,0,3,11.44,385,2,4,0.5055,0.0788,Cash on Delivery,Home,1
43,2417.83,5,0,0,1,6.81,650,0,0,0.0717,0.0316,Debit Card,Home,0
18,1395.24,7,0,0,2,12.64,770,3,0,0.0582,0.0673,Net Banking,Home,0
33,1496.51,4,0,0,2,3.64,227,3,0,0.0826,0.0809,Credit Card,Electronics,0
39,1885.59,3,0,0,3,28.48,2254,2,0,0.1135,0.0519,Credit Card,Beauty,0
37,2313.96,5,0,0,4,9.87,517,4,0,0.0567,0.0155,Credit Card,Grocery,0
28,994.87,13,0,0,3,17.37,1143,3,0,0.0183,0.0219,Cash on Delivery,Accessories,0
30,1463.71,7,0,0,7,32.93,209,2,4,0.2122,0.0216,Cash on Delivery,Grocery,0
20,501.94,4,2,0,5,15.57,649,10,1,0.404,0.051,Debit Card,Home,1
25,1056.51,11,3,3,3,8.94,473,0,2,0.4015,0.2692,Cash on Delivery,Accessories,1
29,1523.04,4,0,0,4,15.39,363,3,2,0.1169,0.0686,UPI,Fashion,0
40,1166.56,4,2,0,6,10.34,1157,1,0,0.3402,0.0738,Debit Card,Accessories,0
35,2993.11,4,0,0,6,4.79,161,4,1,0.1123,0.0483,Credit Card,Accessories,0
26,3226.71,7,0,0,3,6.68,756,0,0,0.0119,0.0262,Debit Card,Grocery,0
34,1635.72,5,0,0,2,18.33,533,1,1,0.0806,0.0535,UPI,Beauty,0
40,767.0,5,0,0,3,13.27,1302,4,0,0.018,0.0757,Cash on Delivery,Fashion,0
38,2880.5,9,2,1,3,12.3,857,3,1,0.2318,0.1512,UPI,Grocery,1
28,1401.72,9,1,0,3,8.34,634,5,0,0.1121,0.0,Net Banking,Electronics,0
18,4379.83,7,0,0,5,19.21,55,3,3,0.1972,0.041,Credit Card,Fashion,0
45,1115.39,10,0,0,1,5.14,614,2,0,0.0708,0.0616,Credit Card,Grocery,0
35,715.6,7,2,0,4,6.91,1316,3,0,0.259,0.0317,Cash on Delivery,Fashion,0
41,2534.26,12,0,0,4,2.58,1131,2,0,0.0226,0.0524,UPI,Electronics,1
48,1087.03,7,1,0,1,14.42,760,0,0,0.1564,0.0311,Credit Card,Beauty,0
44,2805.24,14,1,0,4,5.35,1320,0,0,0.0939,0.0048,UPI,Grocery,0
44,1154.66,6,0,0,5,20.14,962,5,1,0.0581,0.0439,Credit Card,Electronics,1
36,510.46,11,0,0,3,3.14,1054,2,1,0.0972,0.0343,UPI,Accessories,0
41,495.06,6,0,0,4,19.26,900,2,0,0.0706,0.035,UPI,Electronics,0
36,926.29,15,2,0,4,19.57,601,0,1,0.1757,0.0131,Net Banking,Beauty,0
23,822.24,6,2,0,5,8.91,676,2,0,0.2229,0.012,Debit Card,Fashion,0
37,559.86,11,1,1,3,4.28,303,4,0,0.1135,0.1058,UPI,Accessories,1
36,900.29,10,0,0,3,13.88,978,2,0,0.0624,0.0156,UPI,Home,0
39,1004.45,6,0,0,3,15.2,464,2,0,0.0511,0.0444,Credit Card,Home,1
33,520.38,4,1,0,4,6.95,1076,2,0,0.246,0.0381,UPI,Electronics,1
27,1090.79,5,0,0,2,10.37,624,1,0,0.0828,0.0734,Cash on Delivery,Grocery,0
40,1956.19,7,0,0,3,4.8,2137,3,0,0.108,0.0179,UPI,Beauty,0
22,1361.34,12,2,1,5,14.32,869,7,0,0.1243,0.0987,Cash on Delivery,Fashion,1
47,574.22,8,1,0,2,9.04,317,1,0,0.1392,0.0582,Cash on Delivery,Home,0
32,774.62,6,2,0,4,16.41,340,5,0,0.3131,0.0373,Credit Card,Grocery,1
36,602.29,6,0,0,4,23.37,585,0,0,0.0305,0.0173,Cash on Delivery,Electronics,0
24,1277.29,6,2,1,5,21.07,912,2,3,0.431,0.1922,Credit Card,Fashion,1
26,2414.19,9,0,0,4,18.7,160,2,5,0.3158,0.0208,Debit Card,Electronics,1
39,921.73,13,1,0,5,12.72,526,2,0,0.0655,0.0236,Credit Card,Home,0
39,858.77,11,2,0,3,9.27,2623,3,1,0.1443,0.0058,UPI,Beauty,0
21,2164.84,5,0,0,5,6.65,198,1,1,0.1227,0.1012,Debit Card,Fashion,0
28,1250.4,5,2,2,5,24.15,158,4,3,0.4303,0.3596,Cash on Delivery,Home,1
19,1652.55,3,0,0,6,26.18,234,5,1,0.0844,0.0981,UPI,Accessories,1
41,1655.9,5,0,0,4,20.11,738,1,0,0.0889,0.0649,Cash on Delivery,Electronics,0
27,2492.61,9,2,2,3,34.75,226,2,2,0.2721,0.2154,UPI,Fashion,1
37,2168.51,10,0,0,5,14.64,1663,2,0,0.0071,0.0268,Credit Card,Home,0
28,984.04,11,0,0,3,16.89,1001,4,1,0.0771,0.0,Debit Card,Beauty,0
27,2247.69,15,0,0,4,29.24,556,2,1,0.0507,0.0149,Debit Card,Electronics,0
31,755.55,7,0,0,3,18.06,1489,1,1,0.0386,0.0279,UPI,Home,1
27,922.29,9,0,0,3,21.8,339,9,0,0.0252,0.0366,UPI,Beauty,0
22,1641.18,4,1,0,3,3.91,1096,0,1,0.3198,0.0764,Net Banking,Home,0
50,1935.87,6,1,0,3,17.28,300,0,0,0.1184,0.0498,Credit Card,Electronics,0
21,2222.4,3,1,0,5,39.7,151,5,2,0.3534,0.0809,Cash on Delivery,Accessories,1
28,1227.53,7,0,0,4,37.53,46,7,1,0.1021,0.011,UPI,Accessories,1
47,994.7,10,1,0,4,11.87,1341,0,1,0.1853,0.016,Credit Card,Fashion,1
38,1374.6,10,0,0,3,5.56,1174,3,1,0.1091,0.0344,UPI,Accessories,0
32,1372.11,6,0,0,4,11.29,449,4,0,0.053,0.0409,UPI,Electronics,0
32,1628.58,6,1,0,3,8.33,2272,0,0,0.1684,0.0596,Credit Card,Home,0
25,963.95,4,0,0,7,15.31,973,3,0,0.0639,0.0253,Credit Card,Fashion,0
33,412.38,7,6,2,3,20.15,202,3,1,0.6446,0.3046,Debit Card,Home,1
41,1361.11,7,0,0,4,8.91,811,0,0,0.0591,0.0314,Net Banking,Accessories,0
50,1335.41,7,0,0,4,14.77,812,1,1,0.114,0.0355,Credit Card,Fashion,0
29,1256.53,8,1,0,4,8.4,1265,4,0,0.1211,0.0,Net Banking,Grocery,1
22,1457.83,4,3,0,2,31.69,358,4,1,0.5734,0.0636,Debit Card,Beauty,0
24,1079.18,11,3,0,3,6.2,784,2,0,0.2301,0.0101,UPI,Accessories,0
48,2772.53,8,0,0,2,5.89,678,2,1,0.0529,0.0154,UPI,Beauty,0
18,3256.83,8,2,0,3,14.81,782,3,1,0.2359,0.019,Cash on Delivery,Home,0
25,1782.43,9,0,0,3,5.3,933,2,1,0.0822,0.0453,Cash on Delivery,Fashion,0
32,1819.39,9,1,0,5,6.35,1184,2,0,0.0977,0.0036,Credit Card,Electronics,0
20,1246.03,7,1,0,4,11.15,564,2,1,0.1861,0.049,UPI,Home,1
30,1472.99,6,2,0,2,29.69,1147,6,1,0.3293,0.0362,Net Banking,Beauty,0
23,2074.95,9,2,2,4,25.48,78,2,1,0.1795,0.1937,Credit Card,Accessories,1
44,714.54,10,0,0,2,29.22,1267,2,0,0.0266,0.0091,Debit Card,Home,0
42,265.06,8,2,1,5,14.04,610,2,1,0.2752,0.1492,UPI,Fashion,0
29,496.7,5,0,0,6,22.92,783,7,1,0.0969,0.0823,UPI,Fashion,0
46,889.86,8,0,0,3,14.57,524,2,2,0.2048,0.0,Debit Card,Electronics,0
47,809.72,11,0,0,4,8.45,386,5,0,0.0,0.0322,Credit Card,Grocery,0
24,1146.35,7,2,2,4,12.44,743,3,3,0.3587,0.2644,Credit Card,Fashion,1
33,2096.82,7,0,0,5,19.77,1115,2,0,0.019,0.0318,UPI,Electronics,0
30,2741.35,7,0,0,4,3.21,1269,1,0,0.0593,0.0116,UPI,Electronics,0
31,1797.75,3,2,1,8,30.75,298,6,2,0.5417,0.3285,UPI,Fashion,1
31,1131.71,3,0,0,3,27.53,236,1,3,0.3056,0.0548,UPI,Electronics,0
54,1621.01,3,1,1,3,24.7,532,2,0,0.2938,0.3113,UPI,Electronics,1
40,2319.06,10,0,0,3,27.4,1576,2,1,0.056,0.0209,Debit Card,Electronics,0
36,908.97,7,0,0,2,6.61,670,2,2,0.1841,0.0033,UPI,Grocery,0
46,1377.21,6,0,0,2,9.35,363,2,0,0.0464,0.0352,UPI,Home,0
37,2279.77,6,0,0,5,2.36,379,1,0,0.0764,0.0574,UPI,Accessories,1
29,1241.28,11,0,0,3,29.34,1336,1,1,0.0845,0.0296,UPI,Home,0
26,1189.44,13,4,1,5,31.48,606,6,1,0.288,0.0804,UPI,Electronics,1
35,612.18,7,0,0,4,9.4,600,0,2,0.2388,0.0356,UPI,Accessories,0
43,797.37,10,0,0,3,12.64,632,1,1,0.1012,0.022,UPI,Fashion,0
18,851.15,6,0,0,3,9.17,375,2,2,0.1456,0.0527,UPI,Beauty,0
31,1439.28,7,0,0,5,9.12,502,4,0,0.0422,0.1044,UPI,Grocery,0
27,1471.65,6,0,0,5,23.43,593,7,2,0.1122,0.0391,Credit Card,Beauty,0
46,994.09,7,0,0,3,2.69,901,5,1,0.0844,0.0621,Credit Card,Home,0
29,1174.1,4,0,0,3,13.41,589,4,0,0.0748,0.0568,Cash on Delivery,Fashion,0
48,501.73,7,2,0,4,20.08,640,0,0,0.2282,0.002,UPI,Fashion,0
47,2189.15,11,2,0,3,13.91,889,1,0,0.1953,0.0374,Cash on Delivery,Grocery,0
33,1177.74,7,0,0,5,5.95,865,3,0,0.0479,0.0274,Credit Card,Fashion,0
29,3629.46,8,2,0,3,6.07,959,1,1,0.3014,0.0306,Credit Card,Home,0
31,2158.84,6,1,0,3,7.37,1060,0,0,0.1628,0.0479,UPI,Beauty,0
58,556.51,6,0,0,2,15.5,1896,0,0,0.0312,0.0578,UPI,Fashion,1
51,2164.66,10,0,0,5,21.99,546,1,0,0.0537,0.0242,UPI,Grocery,0
18,4167.67,4,1,1,5,30.59,700,5,2,0.3156,0.2362,Debit Card,Grocery,1
40,1455.3,7,3,0,4,28.12,253,5,5,0.4815,0.0036,Debit Card,Electronics,1
35,1234.43,2,0,0,4,15.62,512,7,0,0.1455,0.1242,UPI,Electronics,0
29,807.12,6,0,0,5,18.82,723,3,0,0.0513,0.077,Cash on Delivery,Electronics,0
35,765.45,8,0,0,3,5.71,768,3,0,0.0437,0.0474,Credit Card,Fashion,0
36,736.17,12,0,0,2,9.65,753,2,0,0.047,0.0157,UPI,Accessories,0
23,471.93,12,0,0,3,3.66,1373,5,1,0.0404,0.0326,Debit Card,Accessories,0
34,2538.44,5,1,0,6,21.56,646,4,3,0.3043,0.018,Credit Card,Electronics,1
34,1264.2,7,2,1,6,31.47,729,6,2,0.2996,0.1601,Credit Card,Electronics,0
35,2029.71,8,1,0,2,5.33,891,1,0,0.1016,0.0314,UPI,Fashion,0
46,3832.77,6,1,1,5,14.25,787,2,2,0.2462,0.2178,Debit Card,Electronics,1
18,2937.35,7,1,1,6,38.04,169,5,1,0.1486,0.1755,UPI,Home,1
24,2321.36,5,2,0,4,20.15,394,5,0,0.3191,0.0785,Credit Card,Electronics,1
18,1162.48,9,1,0,1,12.58,384,1,0,0.144,0.0191,Debit Card,Fashion,0
41,1063.81,6,0,0,2,13.2,274,2,2,0.1009,0.0347,UPI,Home,0
46,643.4,9,2,0,2,14.52,1183,2,2,0.257,0.018,UPI,Grocery,0
29,2383.59,5,1,0,3,22.93,1417,2,0,0.188,0.0182,Cash on Delivery,Home,0
49,719.55,3,0,0,3,5.34,763,2,0,0.1353,0.0576,UPI,Fashion,0
28,917.77,5,1,0,4,22.19,1647,1,1,0.2309,0.0599,Debit Card,Grocery,1
38,2043.81,4,0,0,2,15.5,519,2,0,0.0711,0.0709,UPI,Home,0
31,1136.7,15,1,1,3,10.32,375,1,1,0.1772,0.0824,Cash on Delivery,Fashion,1
31,543.96,8,0,0,4,13.82,813,2,0,0.0058,0.0116,Debit Card,Electronics,1
28,3929.0,9,1,0,2,13.21,471,2,2,0.2195,0.0425,UPI,Fashion,1
26,2946.57,4,2,1,4,25.16,601,6,1,0.3909,0.224,UPI,Electronics,1
18,1191.86,8,2,1,6,16.43,164,4,2,0.2601,0.1468,UPI,Grocery,0
40,1763.29,15,1,1,3,11.77,1473,3,0,0.0996,0.0895,UPI,Grocery,0
42,616.38,14,1,0,4,25.11,370,0,0,0.0556,0.0184,Credit Card,Grocery,0
36,2580.27,9,6,2,4,20.83,532,6,1,0.5265,0.2394,UPI,Beauty,1
33,1983.53,7,2,1,3,14.65,731,2,0,0.239,0.1811,Debit Card,Fashion,0
22,707.19,10,0,0,5,9.88,652,3,0,0.0351,0.0501,UPI,Accessories,1
38,1408.17,15,0,0,3,37.42,916,1,0,0.0067,0.0517,Net Banking,Electronics,0
38,1689.04,9,0,0,3,1.38,736,2,1,0.0764,0.0533,UPI,Accessories,0
32,2117.59,10,2,0,3,9.78,918,2,1,0.195,0.0894,Net Banking,Electronics,0
41,1696.05,6,1,0,5,34.51,286,4,2,0.2556,0.0492,UPI,Grocery,1
51,1012.96,5,0,0,1,10.45,977,1,0,0.019,0.0665,Net Banking,Electronics,0
20,1051.4,4,0,0,4,35.05,646,5,0,0.1048,0.0804,Credit Card,Home,1
45,1378.58,4,1,0,4,23.19,392,1,1,0.3286,0.0566,Debit Card,Accessories,1
18,929.54,6,0,0,6,4.72,971,1,1,0.1241,0.0232,Credit Card,Fashion,0
27,820.03,7,0,0,3,4.86,970,0,0,0.1013,0.0098,UPI,Beauty,0
40,1091.73,7,0,0,1,36.88,982,1,2,0.1886,0.0634,Cash on Delivery,Electronics,0
24,1130.45,7,0,0,2,22.31,314,1,2,0.1476,0.085,Debit Card,Fashion,1
25,904.55,5,0,0,1,14.88,1206,2,0,0.0698,0.0081,Debit Card,Electronics,0
43,1162.05,11,0,0,3,21.89,454,3,0,0.0724,0.0278,Credit Card,Home,0
38,1107.4,6,0,0,3,8.36,1422,3,0,0.0712,0.0779,Credit Card,Fashion,0
37,1510.05,11,0,0,3,8.43,890,2,0,0.0293,0.0126,Credit Card,Beauty,0
41,1034.69,10,0,0,5,8.63,954,1,2,0.1801,0.037,Credit Card,Home,0
30,1473.85,14,0,0,6,12.47,1333,4,0,0.0408,0.0074,Debit Card,Beauty,0
31,1467.7,8,0,0,4,14.23,370,0,1,0.1202,0.0167,UPI,Fashion,0
41,2138.46,8,0,0,4,22.62,994,2,0,0.0231,0.019,Cash on Delivery,Home,0
22,1824.75,7,1,0,4,7.64,1039,1,0,0.1528,0.0349,UPI,Electronics,0
21,1341.07,3,0,0,4,1.53,420,4,2,0.1714,0.0756,UPI,Electronics,0
18,1488.03,10,0,0,3,8.65,1500,3,0,0.0067,0.0171,Debit Card,Grocery,0
30,2753.3,17,1,1,5,10.09,521,1,0,0.0478,0.0852,Cash on Delivery,Fashion,1
42,1157.84,10,0,0,3,23.75,1386,3,0,0.0314,0.0162,UPI,Grocery,0
36,2700.68,9,1,1,3,12.02,1105,2,0,0.1488,0.1528,UPI,Home,1
42,1218.28,9,0,0,5,6.04,180,0,0,0.0373,0.0322,UPI,Fashion,0
30,1448.29,6,2,2,6,36.79,236,3,2,0.4166,0.3639,Credit Card,Electronics,1
40,2504.8,4,2,1,7,37.44,360,3,2,0.4892,0.2816,Credit Card,Grocery,0
18,1508.16,15,1,0,3,20.17,1264,0,1,0.1702,0.0222,Net Banking,Fashion,0
37,1267.47,6,1,0,3,4.85,311,1,0,0.1523,0.0573,Credit Card,Grocery,0
40,1367.95,7,0,0,5,5.75,868,2,0,0.0475,0.0615,Net Banking,Home,0
22,2638.0,4,0,0,3,5.38,783,2,1,0.1337,0.0687,UPI,Home,0
42,1781.24,11,1,1,3,20.56,623,4,0,0.0717,0.1004,Debit Card,Beauty,0
33,2185.97,12,1,0,3,11.87,1256,0,1,0.2123,0.0241,UPI,Home,1
27,1541.46,6,2,2,9,28.13,144,3,1,0.2805,0.3266,Cash on Delivery,Home,0
62,1555.82,6,0,0,3,6.5,2854,1,1,0.1441,0.0337,UPI,Fashion,0
18,626.87,16,0,0,3,7.46,786,2,0,0.0506,0.0255,Debit Card,Home,0
46,1849.71,4,1,1,3,11.8,1085,0,1,0.2919,0.2884,UPI,Electronics,0
30,2839.27,9,2,1,4,23.87,1148,3,2,0.2506,0.1469,UPI,Fashion,0
19,560.06,11,1,0,3,33.49,1480,2,1,0.1885,0.0331,Cash on Delivery,Electronics,1
24,910.04,6,1,0,3,29.88,393,3,2,0.2551,0.0429,Credit Card,Electronics,1
29,1130.6,10,0,0,4,17.02,540,2,1,0.0534,0.0031,Debit Card,Fashion,0
36,2491.58,7,0,0,4,22.21,344,5,0,0.0593,0.0125,UPI,Electronics,0
43,1227.35,10,2,0,1,26.18,663,0,1,0.2456,0.0138,Cash on Delivery,Beauty,0
49,1685.13,10,1,1,3,21.99,1403,2,0,0.0597,0.1061,Credit Card,Electronics,0
18,2827.15,7,3,0,3,11.82,655,5,6,0.5082,0.0,Credit Card,Accessories,1
47,999.67,3,0,0,3,3.63,702,1,1,0.1423,0.0475,Net Banking,Home,0
25,980.6,11,1,1,3,9.56,614,3,0,0.0886,0.1174,UPI,Fashion,0
38,1583.3,8,2,2,6,20.14,392,4,1,0.2573,0.2572,UPI,Electronics,1
44,1538.2,9,2,0,2,4.26,303,1,0,0.1895,0.062,UPI,Accessories,0
38,664.8,3,0,0,2,19.74,741,5,0,0.1631,0.0488,Debit Card,Beauty,0
28,1404.78,6,0,0,4,15.5,1130,2,0,0.0604,0.0039,Cash on Delivery,Electronics,1
29,2564.17,9,1,0,5,20.43,162,5,0,0.0816,0.0461,Cash on Delivery,Accessories,0
32,1255.97,9,3,0,4,20.46,883,3,0,0.2837,0.045,Credit Card,Grocery,0
28,610.53,7,0,0,3,7.73,499,3,0,0.0474,0.0207,Credit Card,Electronics,0
34,2983.32,9,1,0,3,10.37,1253,2,1,0.1212,0.0115,Credit Card,Accessories,0
27,734.25,4,0,0,4,14.89,487,1,1,0.172,0.067,UPI,Accessories,0
25,430.41,6,0,0,5,17.72,741,2,1,0.1043,0.0301,Debit Card,Electronics,0
38,809.3,10,1,0,3,14.32,976,1,0,0.1611,0.0263,UPI,Fashion,0
40,1604.5,10,1,1,4,1.69,887,2,1,0.1668,0.1476,Debit Card,Fashion,1
32,633.28,10,0,0,5,11.3,1058,0,1,0.1344,0.0302,UPI,Fashion,1
46,1090.08,3,0,0,5,11.83,1046,2,0,0.1255,0.1198,UPI,Fashion,0
32,1629.36,8,2,0,3,27.61,434,1,0,0.2162,0.0353,Debit Card,Electronics,0
23,789.15,8,3,2,5,20.84,248,6,4,0.3934,0.2515,UPI,Beauty,1
31,2845.34,10,1,1,5,2.89,519,0,1,0.1586,0.0879,UPI,Electronics,0
40,1176.32,5,0,0,5,5.15,1152,4,3,0.1806,0.0469,Debit Card,Electronics,1
33,527.83,5,0,0,2,8.35,1095,3,0,0.0293,0.008,Cash on Delivery,Home,0
35,1531.43,4,0,0,3,21.26,693,1,0,0.0499,0.0673,Cash on Delivery,Beauty,0
31,1588.35,5,1,1,3,32.86,423,4,1,0.2251,0.2124,Credit Card,Fashion,0
30,1231.57,6,1,1,4,38.74,906,3,2,0.2378,0.1864,UPI,Home,0
30,1015.87,3,1,1,6,22.19,130,2,3,0.4561,0.3028,Debit Card,Electronics,1
18,1033.04,7,0,0,2,12.35,460,3,0,0.0268,0.0178,UPI,Beauty,0
34,1109.7,3,0,0,5,24.03,1507,2,0,0.1153,0.0212,Cash on Delivery,Electronics,0
18,2864.81,9,0,0,2,33.72,589,2,0,0.0557,0.0605,Cash on Delivery,Beauty,0
23,703.19,7,0,0,4,12.71,990,4,2,0.1293,0.0604,UPI,Electronics,0
22,1407.44,17,1,0,2,17.73,929,2,0,0.0604,0.0398,Debit Card,Home,1
27,1814.47,7,6,0,5,40.55,470,2,2,0.6841,0.0509,Net Banking,Electronics,0
25,2052.7,9,0,0,3,9.71,613,0,0,0.0415,0.0396,UPI,Grocery,0
29,971.1,17,0,0,3,5.71,728,4,3,0.1282,0.0349,UPI,Fashion,0
30,2028.97,9,1,1,4,20.98,886,2,0,0.1147,0.1287,Credit Card,Grocery,1
42,980.34,7,2,2,5,12.3,347,1,5,0.5406,0.269,Credit Card,Fashion,0
40,1337.84,3,1,1,3,24.07,1152,0,1,0.3523,0.2804,UPI,Electronics,1
36,1619.13,4,0,0,2,8.34,672,2,1,0.0834,0.0449,Credit Card,Electronics,0
28,704.18,9,2,0,5,29.02,289,4,0,0.2243,0.0239,Debit Card,Accessories,1
18,1266.81,7,0,0,2,13.16,992,1,1,0.0841,0.0337,Credit Card,Fashion,0
35,2734.89,5,0,0,3,4.6,1409,2,0,0.0875,0.0899,Cash on Delivery,Electronics,0
37,691.63,8,0,0,4,3.93,749,1,0,0.049,0.0229,Credit Card,Fashion,0
31,2628.39,7,2,0,4,5.69,383,0,3,0.4624,0.0538,Cash on Delivery,Accessories,1
42,942.83,4,1,0,5,25.28,302,3,4,0.3946,0.0003,UPI,Fashion,1
33,1885.19,11,4,0,3,4.82,424,2,0,0.305,0.0296,UPI,Grocery,1
36,807.5,6,1,1,2,21.63,1112,4,0,0.164,0.2067,Credit Card,Beauty,0
41,2388.0,8,0,0,2,20.95,537,0,0,0.0123,0.028,UPI,Fashion,0
20,577.47,13,0,0,3,27.96,909,1,0,0.0088,0.0,Debit Card,Grocery,0
32,1058.14,8,0,0,1,12.64,760,4,0,0.037,0.0,UPI,Fashion,0
48,1717.54,8,0,0,5,3.77,149,2,1,0.0759,0.0047,UPI,Beauty,0
47,2653.95,4,0,0,3,2.82,624,0,1,0.1714,0.0424,Credit Card,Electronics,0
42,485.25,9,0,0,2,20.71,716,4,0,0.0222,0.0555,UPI,Electronics,0
34,1259.3,10,3,2,3,35.29,93,8,2,0.2138,0.2353,Credit Card,Electronics,1
39,1017.56,9,1,0,5,15.15,649,4,0,0.1126,0.023,UPI,Fashion,0
49,1012.18,10,0,0,3,5.25,650,0,1,0.1178,0.0484,Debit Card,Grocery,0
51,940.73,13,1,0,4,10.68,908,1,0,0.0585,0.0,UPI,Grocery,1
32,865.86,6,1,1,6,12.08,329,4,4,0.3144,0.2025,Credit Card,Home,1
33,1912.01,8,2,0,3,15.15,438,0,1,0.2715,0.04,Debit Card,Fashion,0
25,5119.96,5,1,0,1,22.79,344,3,1,0.2401,0.045,UPI,Accessories,0
32,992.53,5,0,0,4,14.5,478,0,0,0.0646,0.059,Credit Card,Fashion,0
62,1018.94,7,0,0,5,25.91,1624,1,1,0.0827,0.0,Net Banking,Accessories,0
20,2714.59,11,0,0,2,2.82,790,1,0,0.0,0.0059,Net Banking,Grocery,0
28,750.09,2,0,0,3,23.71,690,6,4,0.2416,0.1144,UPI,Electronics,1
37,3139.21,4,0,0,2,22.35,239,3,0,0.0737,0.0545,Cash on Delivery,Home,1
30,1312.29,6,0,0,5,24.83,376,1,0,0.083,0.0259,Debit Card,Home,0
21,1288.21,6,0,0,3,6.12,387,4,0,0.0568,0.0642,Credit Card,Electronics,0
35,1250.29,7,0,0,5,10.55,1067,0,0,0.0658,0.0186,UPI,Grocery,0
23,1912.39,8,1,1,1,20.66,1583,2,0,0.1475,0.1301,UPI,Electronics,0
30,1428.93,3,1,1,3,27.81,1031,4,1,0.297,0.3499,Credit Card,Home,0
33,750.06,6,0,0,3,15.92,558,1,0,0.0257,0.0275,UPI,Home,0
18,805.32,4,1,0,3,24.9,586,0,1,0.2662,0.0638,Cash on Delivery,Fashion,0
40,1656.25,11,0,0,6,22.84,2242,1,0,0.0003,0.0346,UPI,Accessories,0
45,867.37,7,0,0,2,12.4,598,2,0,0.071,0.0372,Net Banking,Grocery,0
31,954.64,7,1,1,1,22.06,190,1,0,0.1495,0.1736,Credit Card,Beauty,0
33,1307.23,12,0,0,4,12.79,854,1,0,0.0217,0.0224,UPI,Electronics,0
33,2121.93,10,0,0,3,13.68,504,4,0,0.0869,0.0147,Credit Card,Home,0
22,3823.09,4,0,0,4,7.42,52,10,2,0.1174,0.0399,Debit Card,Electronics,0
36,900.12,11,0,0,3,10.38,780,2,1,0.1053,0.006,UPI,Fashion,0
34,1558.45,9,1,0,3,24.6,1813,4,1,0.1552,0.0535,UPI,Electronics,0
41,1346.12,8,1,0,1,23.32,783,6,0,0.0928,0.0589,UPI,Home,1
45,1164.24,7,0,0,3,14.02,763,4,1,0.1081,0.0339,Credit Card,Grocery,0
27,2154.42,5,0,0,4,3.31,368,3,0,0.0479,0.0405,UPI,Electronics,0
31,1905.72,12,0,0,5,7.36,801,6,0,0.0446,0.0136,Credit Card,Home,0
42,2330.93,11,0,0,3,3.93,1178,0,0,0.031,0.0241,UPI,Electronics,0
21,1096.11,6,1,1,1,10.72,2019,0,0,0.1574,0.1836,Credit Card,Beauty,1
21,3526.91,4,0,0,4,32.53,162,5,2,0.0972,0.0647,Debit Card,Electronics,1
18,926.97,8,0,0,2,12.07,220,3,0,0.0169,0.0458,Net Banking,Electronics,0
36,817.82,6,2,0,3,4.34,1124,1,0,0.2706,0.0261,UPI,Beauty,0
38,1508.22,5,0,0,4,17.59,459,2,1,0.1448,0.0279,Cash on Delivery,Beauty,0
27,1397.31,12,0,0,3,13.14,1258,5,0,0.0191,0.0054,Credit Card,Fashion,0
29,2482.83,11,1,0,5,9.64,310,5,0,0.0817,0.0025,Debit Card,Electronics,0
32,6347.51,4,1,0,5,9.82,915,5,6,0.3541,0.0924,Net Banking,Fashion,1
27,718.56,2,0,0,3,10.02,1340,1,0,0.131,0.1088,UPI,Accessories,0
22,3109.12,8,3,1,6,9.23,275,2,5,0.5211,0.1556,Cash on Delivery,Fashion,1
26,1812.85,3,0,0,2,7.12,1266,1,1,0.1558,0.0731,UPI,Fashion,0
40,715.51,9,2,0,3,12.72,1050,0,0,0.1502,0.0,UPI,Fashion,0
23,956.13,12,1,0,4,9.01,849,0,0,0.0928,0.0328,UPI,Home,0
29,2022.52,5,2,0,5,25.55,876,1,2,0.4426,0.0796,Net Banking,Grocery,0
32,3185.23,7,0,0,3,8.25,225,1,0,0.0256,0.0414,UPI,Grocery,0
37,2923.06,10,2,0,4,21.22,381,6,2,0.1864,0.0486,Net Banking,Electronics,1
31,913.78,6,2,1,4,11.44,506,4,2,0.381,0.1844,Cash on Delivery,Beauty,1
23,1149.95,7,1,1,4,18.62,302,5,1,0.1587,0.164,Credit Card,Fashion,0
26,2167.72,9,3,0,3,11.67,1707,3,2,0.3491,0.0076,Net Banking,Electronics,1
21,671.19,10,0,0,4,29.27,648,0,0,0.0689,0.0538,Net Banking,Electronics,0
42,552.18,6,0,0,5,9.74,1650,2,0,0.0544,0.02,UPI,Home,0
29,1450.86,10,0,0,3,1.59,762,1,0,0.0172,0.0311,Credit Card,Fashion,0
36,2167.0,8,0,0,4,14.59,891,0,0,0.0,0.0298,Debit Card,Electronics,0
20,2343.53,9,0,0,4,12.36,857,1,0,0.0805,0.038,Credit Card,Electronics,0
27,803.85,6,0,0,1,36.94,656,2,0,0.0882,0.022,UPI,Fashion,0
41,1378.37,6,1,0,1,7.35,465,3,0,0.1755,0.0433,UPI,Home,0
57,884.08,8,0,0,3,8.27,1146,2,0,0.0379,0.0162,Credit Card,Electronics,0
18,453.64,6,1,0,3,21.17,319,3,0,0.1941,0.063,UPI,Home,0
32,2633.8,9,1,1,5,7.25,888,1,0,0.1015,0.157,UPI,Fashion,0
38,1295.22,9,0,0,2,30.89,457,3,2,0.1211,0.0445,Debit Card,Accessories,0
28,599.89,7,1,0,4,8.92,884,3,1,0.1659,0.0297,UPI,Fashion,0
42,760.56,6,0,0,4,6.27,935,2,1,0.1454,0.0789,Credit Card,Home,0
26,566.38,6,0,0,3,22.57,1152,1,1,0.1011,0.0272,Credit Card,Accessories,0
35,1793.39,9,1,0,3,7.77,1272,2,1,0.1608,0.04,UPI,Home,0
29,1436.99,10,0,0,5,21.35,630,2,2,0.109,0.0448,Cash on Delivery,Accessories,0
45,1330.06,8,0,0,5,29.86,445,1,1,0.0407,0.0613,Cash on Delivery,Grocery,1
28,521.54,9,0,0,5,16.81,160,2,1,0.0826,0.0119,Credit Card,Grocery,1
31,2438.61,10,0,0,5,17.65,193,0,0,0.0,0.0099,UPI,Home,0
43,542.56,5,0,0,5,5.81,1196,4,1,0.1312,0.0421,Credit Card,Beauty,1
25,414.99,9,0,0,2,6.31,369,1,2,0.1515,0.0324,Credit Card,Fashion,0
35,450.23,5,0,0,2,16.95,1036,4,0,0.0516,0.075,Credit Card,Accessories,0
18,1370.93,10,0,0,4,16.81,2154,4,0,0.0762,0.0373,Cash on Delivery,Fashion,0
24,581.53,13,0,0,4,7.56,402,4,1,0.0516,0.0246,Net Banking,Accessories,0
37,1202.39,6,1,0,2,8.78,802,1,1,0.2204,0.0564,Credit Card,Electronics,0
25,1040.22,9,0,0,3,18.33,643,3,2,0.142,0.0353,Net Banking,Fashion,0
29,1242.25,7,1,1,5,8.74,1493,4,0,0.1665,0.1597,UPI,Accessories,1
38,1228.34,13,1,0,1,11.36,497,0,0,0.1075,0.0034,Net Banking,Fashion,0
29,1110.53,8,0,0,3,2.5,684,2,1,0.0685,0.0289,Cash on Delivery,Home,0
40,741.1,4,0,0,3,11.28,451,3,4,0.2794,0.0626,Debit Card,Accessories,1
41,927.37,10,0,0,1,12.36,360,1,0,0.0006,0.0378,Credit Card,Accessories,0
36,1018.78,8,0,0,2,11.6,597,2,0,0.038,0.0112,Debit Card,Electronics,0
38,1273.2,6,1,1,3,12.39,380,2,0,0.1572,0.1951,Debit Card,Home,0
45,816.63,7,0,0,3,41.45,897,0,1,0.0877,0.035,Credit Card,Electronics,0
33,1768.56,6,2,1,5,30.67,536,3,6,0.5392,0.1701,Debit Card,Accessories,1
37,745.16,13,1,0,3,32.37,1693,1,1,0.118,0.0157,Cash on Delivery,Grocery,0
48,1317.73,4,1,1,4,15.73,828,2,0,0.192,0.2494,UPI,Accessories,0
37,2313.07,9,3,1,2,6.65,720,3,1,0.2892,0.1299,UPI,Electronics,1
42,6794.6,4,0,0,4,9.05,1213,3,0,0.0826,0.0606,Debit Card,Fashion,1
29,1673.01,9,1,0,3,6.64,425,1,1,0.1781,0.0,Debit Card,Grocery,0
18,676.15,8,1,0,4,13.55,510,3,2,0.2399,0.0066,UPI,Home,1
46,1707.46,8,0,0,5,9.66,371,3,1,0.0783,0.0,UPI,Grocery,1
36,1580.16,8,0,0,4,21.99,989,3,0,0.0988,0.0375,UPI,Fashion,0
30,1437.72,7,1,0,3,10.11,1361,3,0,0.1079,0.0278,Credit Card,Electronics,0
37,1299.19,6,2,1,3,13.21,556,2,1,0.3212,0.1522,Credit Card,Electronics,0
44,2766.5,7,0,0,3,25.34,650,5,1,0.0306,0.0055,Credit Card,Accessories,0
32,1421.52,4,4,0,3,15.99,436,6,2,0.7638,0.0489,UPI,Electronics,0
38,816.48,4,0,0,2,27.27,225,3,0,0.0661,0.0692,Cash on Delivery,Electronics,0
50,1139.76,10,0,0,2,10.99,1327,6,0,0.0197,0.0304,Debit Card,Electronics,0
36,3669.52,1,0,0,4,15.46,876,2,1,0.2619,0.1461,UPI,Accessories,0
44,2535.94,6,1,0,3,13.17,582,1,2,0.3156,0.0611,Cash on Delivery,Fashion,0
39,1704.52,9,0,0,5,16.05,867,3,2,0.0923,0.0501,Cash on Delivery,Fashion,1
25,1332.87,5,0,0,1,18.52,690,2,0,0.0537,0.0634,Debit Card,Electronics,0
43,1290.7,6,6,1,5,33.53,134,7,3,0.7468,0.1982,Cash on Delivery,Home,1
18,1046.22,4,2,0,3,23.15,57,2,1,0.4235,0.0816,Net Banking,Home,1
32,882.89,12,1,0,5,19.9,1555,2,1,0.126,0.0,Credit Card,Electronics,1
35,2207.67,7,0,0,3,28.5,300,0,1,0.1007,0.022,Cash on Delivery,Electronics,0
40,2256.72,10,0,0,2,25.74,997,3,0,0.0104,0.0148,Credit Card,Fashion,0
39,2069.58,3,1,0,4,14.91,159,5,2,0.3533,0.0913,Debit Card,Fashion,0
40,1637.61,8,2,0,5,22.02,688,1,0,0.1863,0.0383,UPI,Electronics,0
36,1205.14,10,0,0,4,10.98,991,0,0,0.0359,0.0081,Cash on Delivery,Beauty,0
42,1738.28,7,5,2,6,10.51,785,5,3,0.5869,0.2637,Debit Card,Fashion,1
35,4415.27,9,1,0,3,16.87,474,4,2,0.1907,0.049,UPI,Electronics,0
40,1943.41,11,0,0,2,12.62,632,3,0,0.0388,0.0468,Cash on Delivery,Grocery,1
26,385.21,5,0,0,2,24.67,196,4,0,0.0449,0.046,Debit Card,Home,0
49,1759.13,15,0,0,4,12.41,392,2,0,0.0448,0.0456,Credit Card,Beauty,0
18,952.18,10,1,0,3,9.11,282,2,1,0.1559,0.0256,UPI,Home,1
18,1934.11,7,2,0,4,25.15,199,4,4,0.3549,0.054,Net Banking,Home,1
47,2362.73,12,0,0,3,5.27,1010,1,0,0.0105,0.041,UPI,Beauty,0
34,1753.42,5,1,0,4,18.63,1125,1,1,0.2201,0.053,Credit Card,Electronics,0
43,1281.61,10,2,0,3,8.37,548,4,0,0.1868,0.0105,Credit Card,Fashion,0
37,666.49,6,0,0,5,4.68,1297,3,0,0.0389,0.0502,Credit Card,Beauty,0
37,2135.53,8,0,0,4,5.73,997,1,1,0.0879,0.0677,Cash on Delivery,Fashion,0
39,1701.7,12,2,0,3,3.99,534,4,0,0.1566,0.0314,UPI,Home,0
33,1142.52,4,0,0,2,30.1,206,0,2,0.2383,0.032,Credit Card,Home,0
41,2442.92,9,0,0,1,13.44,321,4,1,0.079,0.0023,Credit Card,Beauty,0
31,1309.1,4,0,0,1,10.82,257,1,1,0.1346,0.0377,UPI,Grocery,0
43,2312.36,6,0,0,2,22.45,420,0,0,0.0492,0.0571,Credit Card,Electronics,0
34,710.59,9,3,1,6,7.28,469,3,1,0.3212,0.1266,Cash on Delivery,Grocery,1
24,2462.21,6,0,0,4,6.89,1954,2,0,0.0103,0.0181,UPI,Fashion,0
34,2081.61,7,1,0,3,24.84,1251,2,0,0.135,0.0239,Credit Card,Electronics,0
42,462.36,7,0,0,2,17.77,1279,5,0,0.024,0.054,UPI,Home,0
26,1323.98,4,2,1,4,22.23,401,2,6,0.6055,0.2508,Cash on Delivery,Beauty,1
43,2549.96,7,0,0,4,22.19,486,5,0,0.0579,0.0358,Net Banking,Accessories,0
38,1368.32,12,0,0,4,11.43,1223,4,1,0.0445,0.0452,Cash on Delivery,Home,0
30,722.01,8,0,0,6,5.69,835,4,0,0.0562,0.0354,Credit Card,Grocery,0
42,1052.84,10,1,1,4,16.6,1363,5,0,0.071,0.1081,Cash on Delivery,Grocery,0
28,2043.93,4,1,0,4,17.95,1258,2,1,0.2638,0.0751,UPI,Electronics,0
50,2269.39,9,2,0,3,25.95,1212,3,0,0.2372,0.047,Cash on Delivery,Electronics,0
33,938.2,4,0,0,2,17.49,635,4,1,0.162,0.0391,Cash on Delivery,Electronics,0
25,790.08,5,1,0,5,36.12,81,7,0,0.1795,0.0487,Credit Card,Home,0
34,1014.84,5,3,1,3,20.78,333,5,6,0.6158,0.2033,UPI,Electronics,1
20,394.0,5,0,0,3,17.74,845,1,0,0.0903,0.0592,Credit Card,Beauty,0
24,1372.52,7,2,1,5,28.13,508,6,2,0.3408,0.1845,Credit Card,Fashion,1
23,458.79,7,1,0,1,3.41,626,4,0,0.1288,0.0353,Net Banking,Beauty,0
34,1085.38,6,1,0,1,9.38,641,2,0,0.1702,0.0374,Credit Card,Electronics,0
35,1108.39,12,3,0,3,10.35,723,1,0,0.1982,0.018,Debit Card,Fashion,0
52,2917.43,12,0,0,3,11.29,580,2,1,0.0845,0.0373,Net Banking,Fashion,0
25,1260.04,7,0,0,4,17.18,1269,1,0,0.0257,0.0366,Debit Card,Fashion,0
34,1774.91,10,1,0,3,2.94,1098,2,1,0.163,0.0139,Net Banking,Fashion,0
24,959.8,7,0,0,4,17.0,1846,3,0,0.0906,0.0156,Credit Card,Beauty,0
30,2655.59,12,0,0,4,12.8,373,1,0,0.0657,0.0259,Cash on Delivery,Electronics,0
49,2062.06,6,0,0,4,13.67,3000,1,2,0.155,0.0118,Credit Card,Accessories,0
24,1876.81,8,2,0,3,26.65,1097,3,1,0.2684,0.012,Cash on Delivery,Home,0
27,4290.04,6,4,1,7,28.87,246,3,1,0.5373,0.1834,Credit Card,Beauty,0
39,798.99,7,1,0,3,2.15,103,1,1,0.2383,0.0368,Cash on Delivery,Home,0
38,2020.51,8,0,0,3,31.63,492,3,0,0.0521,0.0111,Cash on Delivery,Home,0
34,3192.83,10,0,0,2,8.12,963,0,0,0.0632,0.019,UPI,Electronics,0
39,1368.02,10,1,1,2,12.9,1036,6,0,0.1223,0.1396,Debit Card,Beauty,0
35,3029.27,7,2,1,5,38.82,123,4,1,0.2904,0.1266,Credit Card,Grocery,0
24,1644.84,7,0,0,2,5.07,104,2,0,0.0147,0.0302,Debit Card,Fashion,0
49,1383.58,8,0,0,3,13.55,691,2,2,0.1043,0.0203,Debit Card,Home,0
51,1064.05,5,0,0,3,16.1,1085,2,3,0.2191,0.066,UPI,Grocery,0
34,1168.99,5,0,0,3,32.32,713,1,1,0.0877,0.0799,Net Banking,Accessories,0
43,2805.0,5,0,0,4,16.02,165,6,1,0.0991,0.0301,Credit Card,Electronics,0
56,1653.02,13,0,0,3,22.24,895,2,0,0.0435,0.0427,UPI,Electronics,0
30,1563.4,6,0,0,4,16.2,253,2,1,0.1773,0.0597,Debit Card,Beauty,1
38,1026.98,2,0,0,2,2.8,484,5,0,0.118,0.0964,Debit Card,Fashion,0
47,1027.83,4,0,0,1,14.39,1532,1,0,0.0463,0.0884,Net Banking,Grocery,0
30,1024.73,11,0,0,4,15.45,552,1,0,0.0458,0.0131,UPI,Fashion,0
22,1307.59,7,0,0,4,3.8,966,3,0,0.0663,0.0393,Credit Card,Beauty,1
19,1518.99,7,1,1,5,23.48,368,1,0,0.1366,0.1625,UPI,Fashion,0
53,922.05,12,2,0,3,6.16,409,2,1,0.2048,0.0074,Net Banking,Home,1
33,2697.97,6,0,0,3,24.33,198,7,3,0.1037,0.013,UPI,Grocery,0
29,1284.34,7,0,0,6,23.56,503,2,0,0.0148,0.0428,Credit Card,Accessories,0
32,1676.56,9,0,0,2,33.04,708,3,0,0.0366,0.0,Cash on Delivery,Electronics,0
24,2727.5,8,0,0,5,6.83,742,9,2,0.0989,0.0315,UPI,Accessories,0
43,1465.05,6,0,0,2,22.31,1958,3,1,0.1232,0.0093,Net Banking,Fashion,1
27,3065.0,6,0,0,2,10.03,1017,6,0,0.054,0.0313,Credit Card,Beauty,0
30,1308.6,9,0,0,3,18.46,824,3,1,0.0617,0.0252,Credit Card,Home,0
37,810.72,4,1,1,3,7.28,1208,4,1,0.266,0.273,UPI,Electronics,0
24,5417.84,4,0,0,5,19.44,432,4,0,0.0567,0.0845,Credit Card,Home,0
30,495.86,7,3,2,5,12.7,125,4,4,0.4562,0.2634,Credit Card,Fashion,0
32,2003.37,7,0,0,2,13.51,229,0,0,0.0193,0.0478,UPI,Beauty,0
47,1130.94,12,0,0,3,16.79,830,1,1,0.0812,0.0214,Cash on Delivery,Grocery,0
38,1111.43,7,0,0,1,18.25,723,1,0,0.07,0.0237,Debit Card,Accessories,0
25,1130.22,4,1,1,4,18.57,464,3,2,0.317,0.2478,UPI,Electronics,0
21,655.46,9,5,0,1,27.05,507,4,2,0.4716,0.0507,UPI,Home,0
35,3417.8,4,0,0,5,5.63,293,2,0,0.1214,0.0497,Credit Card,Accessories,0
36,3377.7,8,3,0,3,2.04,1177,2,0,0.3133,0.0,Cash on Delivery,Grocery,0
30,2094.72,4,0,0,3,10.48,606,0,2,0.2447,0.0749,Cash on Delivery,Accessories,0
52,1410.81,12,2,0,4,3.68,620,2,3,0.3043,0.0229,Debit Card,Fashion,0
38,2699.77,2,1,1,5,30.55,552,5,1,0.3936,0.4536,Credit Card,Electronics,1
27,1211.49,7,1,0,3,9.51,743,2,0,0.1509,0.0,Debit Card,Accessories,0
36,1371.07,6,2,0,4,6.46,1171,3,0,0.2376,0.0673,Credit Card,Fashion,0
35,1735.59,4,0,0,2,24.85,445,3,0,0.0736,0.0575,Credit Card,Electronics,0
43,2268.34,8,1,0,3,16.61,699,4,1,0.1581,0.0191,UPI,Accessories,1
44,3528.59,14,1,0,1,3.41,805,5,1,0.0778,0.0,Credit Card,Accessories,0
34,792.66,5,0,0,5,8.11,927,1,3,0.264,0.0541,Credit Card,Electronics,0
37,910.19,9,0,0,3,12.76,387,2,0,0.0131,0.0203,Credit Card,Grocery,0
37,1200.37,11,0,0,5,10.01,671,1,1,0.1105,0.0,UPI,Grocery,0
18,1676.91,6,1,0,2,7.51,1649,4,0,0.1532,0.0456,Credit Card,Beauty,0
20,1613.83,4,0,0,3,12.68,1291,1,2,0.2116,0.068,Debit Card,Fashion,0
29,1483.52,12,0,0,4,9.6,1723,3,0,0.0556,0.0151,UPI,Grocery,0
29,1244.2,7,1,0,3,21.71,916,3,0,0.111,0.0539,Debit Card,Fashion,0
23,693.21,6,0,0,3,2.52,801,3,0,0.0632,0.0296,Debit Card,Fashion,0
28,2288.02,6,1,1,6,33.95,499,4,2,0.2181,0.1787,UPI,Fashion,1
38,2276.39,6,0,0,5,26.84,621,7,3,0.1137,0.0409,Cash on Delivery,Home,1
26,1571.98,12,1,1,4,37.28,307,3,2,0.1796,0.058,Debit Card,Beauty,1
41,619.45,7,0,0,2,7.54,405,2,2,0.1841,0.054,UPI,Home,0
34,910.61,8,0,0,3,28.17,1626,2,1,0.0962,0.0398,Net Banking,Grocery,0
32,2754.68,11,1,0,2,21.13,497,5,2,0.1732,0.0363,Credit Card,Fashion,1
24,1294.59,3,0,0,4,26.31,139,5,3,0.2092,0.0465,UPI,Accessories,1
32,1968.95,5,1,1,4,10.05,376,6,4,0.3092,0.2076,Debit Card,Beauty,1
28,1164.53,12,0,0,2,15.45,201,9,2,0.0746,0.0091,Cash on Delivery,Home,0
23,1067.35,7,0,0,4,32.63,632,2,0,0.0807,0.0224,Debit Card,Electronics,0
19,1941.97,5,2,2,3,42.2,495,2,2,0.412,0.3682,UPI,Home,1
34,1472.93,14,0,0,5,11.64,793,2,0,0.0353,0.0183,Cash on Delivery,Beauty,0
18,1407.47,8,0,0,3,2.81,1014,3,2,0.1261,0.0296,Credit Card,Fashion,0
33,1114.09,4,0,0,4,11.66,468,3,0,0.0636,0.075,Debit Card,Fashion,1
35,338.42,4,0,0,5,8.37,633,2,2,0.2029,0.0737,Net Banking,Home,0
36,1888.73,7,1,0,4,16.75,584,3,2,0.2586,0.0307,UPI,Electronics,0
20,576.72,6,0,0,2,5.8,606,5,0,0.0419,0.0144,UPI,Grocery,0
36,2160.87,9,0,0,1,4.05,439,2,0,0.0519,0.0406,UPI,Fashion,0
25,1049.19,6,1,0,1,9.77,1028,3,0,0.1574,0.0395,Credit Card,Beauty,0
44,960.29,3,0,0,6,18.33,235,6,5,0.2498,0.0885,UPI,Grocery,1
27,776.97,8,1,1,4,18.17,1232,3,0,0.1145,0.1235,Cash on Delivery,Electronics,0
40,2873.01,9,2,0,3,15.35,2243,6,2,0.2242,0.0253,Credit Card,Fashion,0
24,2206.83,9,2,2,3,25.39,611,5,3,0.309,0.266,UPI,Home,1
36,1381.59,7,3,1,5,42.17,109,5,2,0.3937,0.1797,UPI,Grocery,1
52,2105.77,5,0,0,3,19.74,1034,2,0,0.0855,0.0463,UPI,Fashion,0
34,2332.56,8,0,0,1,28.33,362,5,1,0.0784,0.0588,Debit Card,Fashion,0
27,828.07,9,1,0,2,10.59,464,3,0,0.0809,0.0,UPI,Electronics,0
36,2413.34,7,0,0,2,21.21,360,1,2,0.1606,0.0376,Debit Card,Electronics,0
42,1170.48,7,1,0,4,21.49,1103,2,0,0.1626,0.0726,Credit Card,Fashion,0
36,2076.16,6,3,1,2,14.89,361,3,5,0.5931,0.1742,Debit Card,Accessories,1
40,918.84,10,2,1,6,29.85,1173,2,0,0.2058,0.0867,UPI,Beauty,0
19,986.88,6,1,1,5,27.18,440,6,8,0.4204,0.2267,UPI,Home,1
21,1571.99,7,1,1,6,51.8,162,10,2,0.2052,0.1662,Cash on Delivery,Fashion,1
27,1569.3,8,5,1,5,43.83,494,4,2,0.5518,0.158,UPI,Fashion,1
59,2489.75,8,5,0,3,10.96,1435,1,0,0.4963,0.0649,Credit Card,Home,0
22,5052.64,4,1,1,5,9.06,283,5,1,0.2793,0.2461,Cash on Delivery,Beauty,1
28,1738.33,7,0,0,2,15.58,645,1,2,0.1876,0.0,Credit Card,Fashion,0
36,1181.31,4,0,0,4,25.55,938,1,0,0.0161,0.0761,UPI,Fashion,0
48,2581.49,11,0,0,5,19.59,1194,3,0,0.0516,0.0133,Credit Card,Accessories,0
47,2277.14,3,0,0,4,15.1,1525,1,1,0.1277,0.0882,UPI,Accessories,0
18,789.12,4,0,0,2,14.17,1345,1,0,0.0544,0.0613,Credit Card,Accessories,0
34,2283.81,10,2,0,2,10.71,1079,4,0,0.2542,0.0208,UPI,Beauty,0
47,463.5,13,2,0,3,20.0,1197,7,1,0.115,0.0143,UPI,Electronics,0
60,1236.39,11,1,1,3,4.65,197,2,1,0.1674,0.0917,Credit Card,Beauty,1
40,1644.28,4,0,0,2,8.95,1199,1,1,0.0831,0.0638,UPI,Electronics,0
31,2243.57,8,1,0,1,17.09,833,1,0,0.099,0.0302,Debit Card,Home,0
43,3324.98,3,2,0,1,37.25,82,5,2,0.5512,0.0872,Cash on Delivery,Fashion,1
25,3097.26,8,1,0,5,10.07,632,0,1,0.1672,0.0699,Debit Card,Beauty,0
54,764.08,8,0,0,5,9.83,805,4,1,0.0916,0.0325,Credit Card,Electronics,0
41,1666.13,8,0,0,1,21.15,865,2,2,0.106,0.0269,Cash on Delivery,Accessories,0
26,632.95,7,0,0,3,5.81,210,1,0,0.1255,0.0616,Cash on Delivery,Fashion,0
32,2081.41,8,2,0,3,6.93,320,3,1,0.2606,0.036,UPI,Fashion,0
37,1082.25,12,2,0,4,2.16,401,1,2,0.2698,0.0252,Cash on Delivery,Home,0
27,3336.43,6,3,1,3,27.23,337,8,1,0.3713,0.1634,Cash on Delivery,Home,1
39,3895.23,5,0,0,3,14.84,1792,1,0,0.0069,0.0542,Cash on Delivery,Electronics,0
26,593.94,5,0,0,4,32.41,421,4,0,0.0611,0.0403,Debit Card,Electronics,0
28,1584.44,8,2,0,2,16.36,800,1,1,0.3114,0.0269,Debit Card,Accessories,0
36,2399.17,4,1,1,2,36.65,128,8,3,0.3286,0.2456,Credit Card,Fashion,1
19,1904.5,7,0,0,5,6.07,906,0,1,0.1204,0.0504,UPI,Grocery,0
43,1441.88,9,0,0,2,28.61,904,1,0,0.016,0.0031,UPI,Fashion,0
31,1062.72,4,1,0,2,4.55,662,1,1,0.3076,0.0738,Debit Card,Home,0
38,976.91,5,0,0,4,2.9,1242,3,1,0.1031,0.0516,UPI,Grocery,0
47,1037.0,13,1,1,2,5.85,908,3,1,0.0976,0.1082,Credit Card,Fashion,0
36,1434.36,9,3,0,3,7.39,655,1,0,0.2879,0.0196,Cash on Delivery,Home,0
33,415.41,10,0,0,5,6.65,1049,1,3,0.2101,0.0397,UPI,Electronics,1
36,1443.21,8,0,0,3,6.04,1731,3,2,0.0804,0.0222,Credit Card,Grocery,0
35,1998.35,13,5,0,1,1.64,319,1,2,0.4014,0.0176,Net Banking,Fashion,0
45,1547.11,5,0,0,2,0.95,653,2,0,0.0891,0.0273,Credit Card,Grocery,0
37,765.36,7,0,0,2,17.97,848,0,1,0.1199,0.0224,Debit Card,Home,0
29,3209.45,8,0,0,3,1.28,781,1,0,0.0279,0.0346,UPI,Beauty,0
33,2049.96,4,1,1,3,13.57,609,3,0,0.2527,0.2426,UPI,Fashion,0
31,634.11,4,0,0,6,42.35,205,5,2,0.1701,0.0708,Credit Card,Grocery,0
43,761.47,10,3,0,3,10.15,1102,1,0,0.2144,0.0246,UPI,Beauty,0
45,1872.33,6,1,0,1,18.02,490,5,1,0.1768,0.0159,Cash on Delivery,Grocery,0
22,580.61,5,0,0,4,17.44,722,0,0,0.0591,0.0785,Debit Card,Fashion,0
48,993.76,9,2,0,3,4.09,354,0,0,0.2092,0.0556,Credit Card,Electronics,0
37,336.3,2,1,0,4,8.35,775,2,1,0.4528,0.0617,Net Banking,Fashion,0
29,1090.84,3,2,1,5,22.81,265,3,1,0.4579,0.3128,Credit Card,Home,1
37,2578.49,15,1,1,3,3.91,819,3,1,0.1049,0.0927,Credit Card,Beauty,0
43,649.27,7,0,0,2,14.39,643,2,0,0.057,0.0529,UPI,Electronics,0
29,1187.21,10,1,0,3,12.09,439,1,1,0.195,0.0244,Credit Card,Fashion,0
43,2725.1,8,2,0,5,13.01,384,3,1,0.2714,0.0343,Credit Card,Electronics,0
31,634.14,5,0,0,3,20.2,461,2,1,0.1029,0.0326,UPI,Electronics,0
21,556.37,8,3,0,2,3.05,692,2,0,0.3016,0.0469,Cash on Delivery,Beauty,0
25,1768.25,7,1,0,3,20.5,522,3,1,0.1512,0.0257,Credit Card,Fashion,0
39,1000.97,2,2,1,2,30.74,194,4,2,0.7027,0.4351,UPI,Home,0
39,1236.85,7,0,0,2,9.81,894,2,0,0.0463,0.0415,Cash on Delivery,Beauty,0
22,2647.45,4,1,1,5,44.68,197,4,6,0.4595,0.2708,UPI,Electronics,1
43,435.08,5,3,2,1,4.72,233,5,3,0.5346,0.3876,Cash on Delivery,Grocery,1
25,1092.72,11,1,0,1,10.06,1126,5,1,0.0941,0.0023,Credit Card,Electronics,0
48,1449.16,8,1,1,3,28.7,362,0,1,0.224,0.1465,UPI,Accessories,1
45,1256.63,6,0,0,3,7.36,683,4,0,0.0593,0.0285,Debit Card,Beauty,0
19,1354.18,10,0,0,1,19.15,180,6,3,0.0987,0.0392,Credit Card,Fashion,1
46,1132.18,9,1,0,5,16.86,656,0,0,0.1184,0.0507,Cash on Delivery,Grocery,0
35,2043.67,9,0,0,3,11.67,694,3,0,0.0454,0.0264,Credit Card,Fashion,0
36,1383.51,6,0,0,3,2.11,661,5,1,0.0727,0.0283,Net Banking,Fashion,1
23,1313.94,7,0,0,1,19.16,591,1,0,0.0304,0.0524,Debit Card,Accessories,0
35,1309.03,9,6,1,2,28.03,44,4,3,0.5524,0.1073,Credit Card,Home,1
43,2705.34,8,3,2,3,22.65,679,2,1,0.3498,0.2764,Cash on Delivery,Accessories,1
37,2636.6,6,1,0,2,3.36,902,4,0,0.1565,0.0064,Debit Card,Electronics,0
39,1190.02,3,0,0,3,3.75,916,5,0,0.0928,0.0685,Cash on Delivery,Fashion,0
18,1007.63,9,4,1,2,28.19,745,2,1,0.3757,0.1085,UPI,Accessories,1
49,1263.92,9,2,0,2,23.25,844,3,0,0.2073,0.0401,Cash on Delivery,Electronics,0
29,1406.58,7,0,0,2,6.98,563,3,0,0.0555,0.0456,UPI,Fashion,0
33,270.87,9,3,2,3,10.0,346,1,0,0.2484,0.2459,Cash on Delivery,Home,0
37,3766.11,8,1,0,3,23.92,867,1,0,0.1089,0.0329,Debit Card,Electronics,0
26,3482.22,14,0,0,3,29.11,786,4,2,0.0701,0.0,Credit Card,Accessories,0
32,1628.82,10,0,0,3,16.64,816,0,1,0.1055,0.0364,UPI,Home,0
38,1381.82,12,0,0,4,6.16,1797,2,1,0.0733,0.0,UPI,Fashion,0
31,1192.77,9,3,0,1,1.28,1041,4,1,0.2926,0.0335,Debit Card,Fashion,1
46,624.39,9,3,0,3,18.72,738,2,0,0.2217,0.0212,Net Banking,Electronics,0
20,1678.27,9,0,0,4,4.19,1210,1,0,0.0787,0.0049,Credit Card,Fashion,0
44,1389.86,11,0,0,4,4.92,850,2,0,0.05,0.016,UPI,Fashion,0
26,800.02,4,0,0,5,44.12,293,5,0,0.1299,0.0691,UPI,Home,1
30,732.13,3,1,1,5,11.63,1026,3,4,0.43,0.3408,Net Banking,Grocery,1
40,1831.16,7,0,0,2,26.29,1022,3,0,0.0363,0.019,Credit Card,Home,1
29,2506.46,10,2,2,5,7.63,753,3,0,0.2314,0.2213,Net Banking,Home,1
26,2254.42,8,0,0,5,7.21,154,3,1,0.096,0.0362,Net Banking,Grocery,0
18,2914.45,9,3,2,5,10.81,688,4,1,0.2874,0.2238,Net Banking,Accessories,0
27,3296.56,6,0,0,4,7.33,879,4,0,0.0437,0.0715,Debit Card,Fashion,1
43,664.0,4,0,0,2,3.82,602,0,0,0.0707,0.049,UPI,Accessories,0
33,1930.99,5,0,0,3,6.44,947,3,0,0.0706,0.0108,UPI,Electronics,0
25,1195.19,4,2,0,4,18.08,136,4,4,0.5456,0.0629,Cash on Delivery,Home,1
44,946.05,11,1,0,2,17.15,598,2,1,0.1594,0.0301,Debit Card,Accessories,0
28,1857.12,5,0,0,2,13.06,1792,2,1,0.1222,0.0534,Credit Card,Beauty,0
40,1598.83,9,0,0,4,9.08,873,6,0,0.0248,0.0266,Net Banking,Grocery,0
28,1087.45,11,0,0,3,29.03,737,5,1,0.1359,0.0103,Debit Card,Electronics,0
25,498.28,9,0,0,5,9.48,789,4,0,0.0213,0.0526,UPI,Home,0
33,1952.81,13,1,0,3,5.6,546,2,0,0.1127,0.0296,Credit Card,Home,0
28,1365.88,7,1,0,2,12.91,1266,3,1,0.1789,0.0448,UPI,Fashion,0
20,2233.13,9,0,0,4,4.86,473,5,0,0.0,0.0233,Cash on Delivery,Fashion,0
28,1969.91,11,2,2,5,34.49,418,2,2,0.3019,0.1872,UPI,Accessories,1
32,1601.3,11,0,0,4,4.11,1581,1,2,0.1578,0.0178,UPI,Beauty,0
35,464.89,11,0,0,3,0.65,1307,0,0,0.0203,0.0307,UPI,Grocery,0
45,941.11,12,0,0,4,28.77,491,1,0,0.068,0.0297,UPI,Beauty,1
42,960.62,6,1,0,4,4.88,385,2,0,0.1752,0.0729,Debit Card,Electronics,0
45,702.03,8,1,0,4,13.53,510,2,0,0.1495,0.0261,UPI,Fashion,0
40,1499.34,2,1,0,7,2.22,1454,1,0,0.3981,0.1067,UPI,Electronics,0
18,1891.89,14,5,2,4,33.74,310,3,0,0.273,0.1688,Debit Card,Electronics,1
21,2054.98,14,1,1,3,21.84,286,0,1,0.171,0.1098,Debit Card,Grocery,0
37,1054.77,5,0,0,2,9.8,680,1,1,0.102,0.0422,Credit Card,Fashion,0
33,265.25,3,0,0,5,11.82,464,4,2,0.2006,0.094,Debit Card,Electronics,1
23,2181.56,14,1,1,5,24.92,317,3,1,0.1535,0.1091,Credit Card,Fashion,0
35,1578.45,7,1,0,3,18.42,1210,0,0,0.0511,0.0335,UPI,Home,0
39,1957.84,6,0,0,4,7.42,1087,2,1,0.0662,0.0446,UPI,Electronics,0
29,3787.04,9,2,0,3,42.0,62,2,1,0.2636,0.0193,UPI,Grocery,1
47,671.08,9,4,0,4,19.38,1010,2,0,0.3465,0.034,UPI,Grocery,0
40,1872.72,6,0,0,2,18.98,1696,2,1,0.1029,0.0124,UPI,Electronics,0
45,2279.58,8,1,1,5,6.14,976,2,2,0.1935,0.1693,Credit Card,Fashion,0
25,1040.14,8,0,0,2,10.82,1312,2,1,0.1122,0.0444,Credit Card,Home,0
31,531.46,10,0,0,3,11.1,619,0,0,0.0717,0.0151,UPI,Beauty,0
23,1268.7,6,2,1,4,17.84,468,5,1,0.281,0.1968,UPI,Beauty,1
38,811.6,12,3,2,3,5.66,903,2,1,0.2731,0.1488,UPI,Grocery,0
44,668.53,6,0,0,5,24.94,1265,4,1,0.0678,0.0652,UPI,Electronics,1
33,473.54,7,0,0,2,17.24,300,5,0,0.0412,0.0186,UPI,Electronics,0
33,1294.18,9,2,2,4,7.84,644,1,0,0.1773,0.2513,Credit Card,Accessories,0
40,1338.64,8,0,0,3,17.75,737,4,1,0.0826,0.0573,Cash on Delivery,Home,1
24,974.2,7,0,0,2,3.94,1481,2,0,0.0698,0.0456,Credit Card,Electronics,0
48,2217.9,6,0,0,3,22.84,822,0,0,0.017,0.04,UPI,Beauty,0
26,585.71,12,1,0,2,22.26,329,3,1,0.1472,0.0455,Cash on Delivery,Beauty,1
18,1158.35,12,0,0,4,11.01,490,1,1,0.0807,0.0736,Credit Card,Home,0
34,2103.02,6,0,0,4,32.97,637,0,0,0.0,0.0628,UPI,Accessories,0
49,1666.26,11,1,0,3,12.4,634,3,1,0.1181,0.0255,Net Banking,Electronics,0
39,1392.81,7,1,0,3,23.63,1301,2,0,0.1235,0.0699,UPI,Fashion,0
40,700.5,6,1,1,4,24.86,202,2,2,0.1804,0.1993,Cash on Delivery,Electronics,1
41,2362.18,11,2,1,2,7.97,1142,3,1,0.2068,0.1202,UPI,Home,0
34,857.14,7,0,0,4,6.96,523,2,0,0.048,0.0353,Credit Card,Accessories,0
33,759.06,3,1,1,4,2.46,699,2,1,0.3285,0.307,Credit Card,Home,0
20,791.31,8,0,0,3,28.11,521,2,0,0.0656,0.0396,Credit Card,Fashion,0
19,783.53,7,2,1,6,38.87,408,8,1,0.2397,0.1099,Debit Card,Home,1
18,717.25,9,0,0,3,1.01,1083,2,0,0.0369,0.0381,Net Banking,Beauty,0
36,494.35,8,0,0,4,7.73,790,2,5,0.2997,0.0646,Debit Card,Electronics,0
46,1356.05,5,1,0,3,11.65,433,2,2,0.305,0.0354,Credit Card,Accessories,0
37,781.61,7,0,0,2,17.84,1584,2,0,0.0101,0.0387,Credit Card,Electronics,0
26,2378.18,5,2,0,6,28.1,128,9,3,0.3359,0.0465,UPI,Electronics,1
40,3073.52,9,3,0,1,14.81,1605,1,2,0.3686,0.0273,Credit Card,Electronics,1
48,664.65,6,0,0,5,30.99,409,2,0,0.0429,0.0637,Credit Card,Fashion,1
37,1039.82,8,3,0,2,14.26,1370,3,0,0.2758,0.0532,Debit Card,Electronics,0
33,2248.98,5,2,0,5,24.31,524,3,1,0.324,0.061,UPI,Accessories,1
25,1959.52,4,2,2,4,50.3,107,4,3,0.5156,0.4723,UPI,Fashion,1
27,804.78,13,1,0,2,21.99,1013,2,1,0.0958,0.0,Debit Card,Grocery,0
52,508.62,9,2,0,2,9.03,413,0,4,0.5425,0.0379,Credit Card,Beauty,0
39,2147.03,4,0,0,4,6.32,422,2,0,0.0755,0.0735,Cash on Delivery,Accessories,0
26,924.69,7,3,0,3,12.41,513,1,1,0.4107,0.0227,Credit Card,Home,0
23,843.21,11,0,0,3,12.51,1267,1,1,0.0863,0.0259,UPI,Grocery,0
45,1441.39,9,0,0,2,4.57,240,3,1,0.071,0.0241,UPI,Home,0
25,862.85,3,0,0,3,17.59,1001,1,0,0.0877,0.0519,UPI,Accessories,0
51,2342.91,5,0,0,4,4.12,912,3,1,0.0787,0.0655,Net Banking,Home,1
18,1512.02,8,0,0,2,20.91,1305,3,1,0.1096,0.0536,UPI,Electronics,0
34,3192.48,5,1,0,6,28.74,391,3,3,0.336,0.1054,UPI,Home,0
47,409.57,11,0,0,2,9.91,482,6,0,0.0424,0.0229,Credit Card,Home,0
38,2649.13,6,1,0,3,9.93,1319,1,0,0.1628,0.0407,UPI,Home,0
35,823.55,6,1,1,7,16.31,1269,2,1,0.2004,0.1535,UPI,Home,0
32,819.12,9,1,0,2,20.14,609,0,1,0.1213,0.0186,UPI,Fashion,0
51,1969.32,8,0,0,3,23.24,1054,3,0,0.0108,0.0148,Credit Card,Fashion,0
29,1475.9,8,5,3,5,24.12,800,6,2,0.4965,0.3364,Debit Card,Fashion,1
40,1180.61,11,0,0,2,23.23,427,1,0,0.0121,0.0317,UPI,Electronics,1
26,583.03,12,0,0,4,15.11,666,4,3,0.1533,0.038,Credit Card,Grocery,0
19,523.43,6,1,1,3,7.25,535,2,0,0.1885,0.1729,UPI,Home,0
36,936.84,6,1,0,3,6.44,395,1,1,0.2307,0.0696,Debit Card,Accessories,0
34,1902.15,5,0,0,3,31.37,987,2,1,0.1323,0.0539,Credit Card,Fashion,0
20,1406.18,6,0,0,5,11.09,585,1,2,0.1751,0.0666,Credit Card,Fashion,0
34,2257.97,10,1,1,3,13.93,1356,4,0,0.1149,0.0744,Credit Card,Fashion,0
29,1955.1,6,1,0,1,10.86,378,3,0,0.1696,0.0747,Debit Card,Home,0
34,1045.45,8,1,1,2,4.36,1229,2,1,0.1815,0.1382,UPI,Home,0
41,6203.85,6,0,0,3,12.21,752,1,1,0.126,0.0429,Cash on Delivery,Home,0
47,2086.77,9,0,0,2,35.11,851,2,0,0.038,0.0239,Cash on Delivery,Fashion,0
42,1517.08,8,2,0,4,9.18,459,2,1,0.228,0.0371,UPI,Accessories,0
28,1070.18,3,1,0,3,19.89,726,4,0,0.3123,0.1049,Cash on Delivery,Beauty,0
37,683.51,4,0,0,2,13.54,853,1,0,0.028,0.0696,Credit Card,Electronics,1
35,3895.22,4,1,1,3,15.11,965,1,1,0.3265,0.2812,Credit Card,Electronics,0
22,3083.68,9,0,0,5,19.9,989,3,0,0.0527,0.0329,UPI,Fashion,0
38,992.85,8,0,0,4,9.27,904,1,0,0.0203,0.0101,Net Banking,Fashion,0
51,420.12,6,0,0,3,2.66,1443,3,1,0.0883,0.0327,Credit Card,Accessories,0
34,2688.2,9,1,1,4,30.39,367,2,1,0.1091,0.1405,Debit Card,Electronics,1
20,1317.38,9,2,1,2,4.63,276,3,0,0.2308,0.1067,UPI,Fashion,0
34,873.1,7,0,0,2,9.34,1580,1,1,0.1206,0.0471,Cash on Delivery,Grocery,0
28,876.85,5,1,1,5,47.94,717,6,2,0.2672,0.2,UPI,Accessories,1
23,1328.9,5,0,0,4,16.41,911,1,1,0.1144,0.0566,Credit Card,Fashion,1
42,919.15,7,0,0,2,7.54,1298,5,2,0.0822,0.0258,UPI,Home,1
39,588.47,8,0,0,3,23.96,156,1,1,0.0999,0.0126,Net Banking,Fashion,0
32,1989.35,7,0,0,4,7.99,859,1,0,0.102,0.06,Credit Card,Accessories,0
31,1916.49,7,0,0,4,4.09,233,3,0,0.0768,0.0284,UPI,Electronics,1
32,1249.86,4,0,0,2,20.33,1015,1,1,0.1334,0.0542,UPI,Grocery,0
34,460.27,7,0,0,1,4.19,915,3,0,0.023,0.0197,UPI,Home,0
27,956.47,7,0,0,2,8.3,1558,4,0,0.0799,0.0358,UPI,Grocery,1
22,1124.32,8,1,0,5,13.65,816,3,1,0.1583,0.0182,UPI,Accessories,0
44,719.57,9,0,0,3,5.02,1329,3,1,0.1052,0.0491,UPI,Electronics,0
31,653.47,15,0,0,4,2.15,1128,0,0,0.0136,0.0273,Debit Card,Fashion,0
36,1634.26,12,0,0,3,2.27,725,0,1,0.1171,0.036,Cash on Delivery,Fashion,0
37,1193.13,7,0,0,3,21.94,924,1,0,0.0232,0.0201,UPI,Home,1
37,2996.87,10,0,0,4,4.25,1464,1,1,0.0834,0.0252,Credit Card,Home,0
23,1898.05,4,0,0,3,8.23,2491,0,0,0.1054,0.0796,Debit Card,Electronics,1
19,1720.19,13,0,0,3,8.94,1130,3,0,0.0002,0.0088,Cash on Delivery,Beauty,0
29,947.95,10,1,1,3,15.2,1284,1,0,0.1127,0.1003,Debit Card,Fashion,0
38,1318.33,8,0,0,3,16.54,1031,2,1,0.0663,0.0291,UPI,Grocery,0
18,2386.6,7,2,1,5,9.42,434,7,7,0.4132,0.153,Cash on Delivery,Electronics,1
36,1199.41,9,1,1,4,14.47,678,4,0,0.1096,0.1383,Debit Card,Beauty,0
27,1281.87,9,0,0,4,9.91,1382,2,0,0.0487,0.0157,Credit Card,Grocery,0
31,1611.76,6,0,0,5,9.54,247,1,0,0.0769,0.0332,UPI,Grocery,0
53,742.03,15,1,0,2,32.43,916,0,0,0.1049,0.0,UPI,Electronics,0
18,847.49,11,1,0,2,6.94,812,1,0,0.0955,0.0,Cash on Delivery,Electronics,0
27,561.77,8,1,0,4,3.05,790,0,1,0.1753,0.0429,Credit Card,Accessories,0
51,788.56,8,0,0,3,20.35,941,2,1,0.0634,0.0014,Debit Card,Fashion,0
27,2770.71,6,4,1,7,18.43,410,1,4,0.7228,0.1662,UPI,Accessories,1
34,1661.31,12,2,1,2,13.0,891,3,0,0.1435,0.1008,Cash on Delivery,Fashion,0
28,2850.81,5,0,0,4,34.85,896,2,0,0.0381,0.0698,Credit Card,Home,0
45,1408.57,9,0,0,3,18.11,52,0,0,0.0627,0.0589,UPI,Electronics,0
30,1853.88,2,0,0,3,5.18,667,3,3,0.2554,0.1058,Net Banking,Accessories,0
34,1437.73,6,1,0,5,17.93,1460,4,0,0.1769,0.0379,UPI,Beauty,0
31,1052.97,6,1,0,2,9.34,1264,3,0,0.1508,0.0555,Net Banking,Beauty,0
36,987.91,11,0,0,5,7.02,333,6,0,0.0248,0.0056,Debit Card,Fashion,0
23,775.34,6,0,0,4,48.92,277,4,1,0.0708,0.0314,UPI,Grocery,0
28,724.94,11,1,1,3,5.74,528,1,0,0.0906,0.1125,UPI,Grocery,0
22,1468.13,8,2,2,2,37.33,706,7,3,0.2716,0.2213,Credit Card,Fashion,1
25,1946.87,8,0,0,1,4.95,1627,5,0,0.0764,0.0166,UPI,Electronics,0
33,516.62,15,3,0,2,14.79,592,6,1,0.1845,0.0497,Credit Card,Electronics,0
25,268.23,7,0,0,1,7.48,989,4,0,0.0616,0.0427,Credit Card,Fashion,1
34,1152.86,6,0,0,6,13.41,977,5,3,0.1768,0.0282,Credit Card,Fashion,0
37,2143.02,11,1,0,2,6.06,592,0,1,0.2026,0.0416,Credit Card,Fashion,0
41,2973.31,10,3,1,6,30.77,228,9,4,0.318,0.131,Credit Card,Grocery,0
42,1425.98,4,0,0,4,9.98,411,1,0,0.0558,0.0836,UPI,Electronics,0
44,2917.83,7,2,0,2,16.43,271,1,0,0.236,0.039,Debit Card,Beauty,1
30,253.83,10,0,0,3,14.73,960,5,4,0.153,0.0435,UPI,Electronics,0
38,949.52,7,0,0,2,6.09,1047,3,0,0.0069,0.0372,Credit Card,Fashion,0
38,405.89,7,0,0,3,16.14,431,1,0,0.0305,0.0,Cash on Delivery,Home,0
37,2254.24,8,0,0,1,13.78,1078,3,0,0.0435,0.0536,Debit Card,Electronics,0
30,1710.16,6,0,0,6,21.69,795,2,0,0.0642,0.0612,UPI,Electronics,1
25,3817.17,4,0,0,3,9.41,975,2,0,0.092,0.0575,UPI,Home,0
18,774.28,5,3,0,4,19.83,53,4,2,0.5463,0.0637,Cash on Delivery,Fashion,1
39,1237.04,7,0,0,3,15.34,750,0,0,0.0183,0.0276,Cash on Delivery,Beauty,0
21,2539.09,5,4,0,5,13.3,800,6,2,0.6042,0.0058,Net Banking,Fashion,1
19,820.58,10,3,0,2,22.17,814,3,0,0.2412,0.0127,UPI,Fashion,0
32,1176.92,10,0,0,5,6.35,873,0,2,0.2135,0.01,UPI,Beauty,1
18,947.61,7,0,0,3,10.54,1102,4,0,0.098,0.0268,UPI,Fashion,0
22,1189.69,7,1,1,4,2.0,1154,2,0,0.1663,0.1605,UPI,Fashion,0
41,2482.18,6,2,2,5,3.17,226,6,3,0.3767,0.3505,Net Banking,Home,0
26,2878.36,4,1,0,4,25.16,461,1,2,0.3023,0.0477,Credit Card,Home,0
44,1184.77,8,1,1,3,24.19,558,3,1,0.1564,0.1188,UPI,Accessories,0
34,672.64,6,0,0,3,37.55,606,7,2,0.0719,0.0225,UPI,Accessories,1
40,2008.27,10,0,0,4,27.03,412,6,1,0.0528,0.0,Credit Card,Home,0
29,1689.63,5,0,0,3,21.25,1827,1,0,0.0456,0.0706,UPI,Grocery,0
41,1802.96,6,1,0,3,1.15,435,1,0,0.1649,0.0485,Credit Card,Grocery,0
26,2237.21,8,6,0,3,38.04,228,7,3,0.5918,0.0,Credit Card,Fashion,1
42,2604.95,11,0,0,3,16.65,289,4,0,0.0633,0.0108,Credit Card,Fashion,0
33,1063.06,4,1,0,3,28.2,492,4,3,0.3313,0.0601,Cash on Delivery,Fashion,1
22,1282.82,8,1,0,3,10.46,1963,0,0,0.1339,0.0053,Net Banking,Home,0
39,5331.73,8,1,1,9,26.65,111,4,2,0.1746,0.1495,Credit Card,Electronics,1
32,3154.82,8,0,0,3,9.03,497,3,0,0.0374,0.0013,Debit Card,Beauty,0
33,1921.11,4,0,0,3,27.0,533,6,0,0.0678,0.0646,Credit Card,Fashion,0
23,2507.24,5,0,0,3,17.52,1148,2,0,0.0293,0.0872,Credit Card,Electronics,0
33,562.97,5,3,2,2,11.0,491,10,5,0.5247,0.3829,UPI,Fashion,1
31,1189.7,6,1,0,2,25.18,285,3,1,0.2192,0.0526,Credit Card,Grocery,1
31,1287.88,6,1,1,6,34.26,181,6,0,0.1581,0.2077,UPI,Fashion,1
37,2190.23,14,2,0,2,25.42,1322,1,1,0.1881,0.0111,UPI,Beauty,0
37,406.24,6,0,0,6,21.7,526,4,0,0.0424,0.0425,Credit Card,Home,0
38,2410.29,5,0,0,4,21.09,346,1,1,0.0921,0.0971,Credit Card,Fashion,0
33,1179.98,4,0,0,1,41.2,261,7,3,0.1641,0.0443,Credit Card,Beauty,1
37,741.95,11,3,0,5,16.82,554,1,0,0.208,0.0337,Credit Card,Fashion,0
41,2004.52,5,0,0,2,33.05,1002,2,1,0.1086,0.0395,Cash on Delivery,Home,1
32,2616.19,4,0,0,4,10.65,823,1,1,0.1274,0.0971,Debit Card,Electronics,1
36,1096.32,7,1,0,3,18.54,1258,5,0,0.1312,0.0126,UPI,Fashion,0
30,1817.71,12,0,0,3,16.88,1042,4,0,0.0078,0.0073,UPI,Fashion,0
29,1848.1,6,0,0,3,11.02,1112,2,1,0.1071,0.0276,Net Banking,Fashion,0
46,914.89,5,0,0,3,16.06,1162,2,0,0.055,0.0466,UPI,Accessories,1
18,1568.71,6,0,0,3,17.2,1045,3,1,0.0615,0.0564,UPI,Beauty,0
42,700.29,6,0,0,2,17.59,881,1,0,0.0887,0.0398,UPI,Accessories,0
28,2226.26,10,1,0,3,14.66,940,4,0,0.0973,0.0628,Cash on Delivery,Fashion,0
27,953.02,12,2,1,6,22.56,1132,3,1,0.1719,0.0759,Debit Card,Grocery,1
36,877.11,10,1,1,5,3.1,461,2,0,0.0833,0.1142,UPI,Fashion,0
21,1184.08,9,1,1,3,20.39,1539,1,0,0.1346,0.1136,Debit Card,Fashion,0
27,548.28,8,2,0,2,6.04,381,2,0,0.1968,0.0416,Credit Card,Accessories,0
26,968.08,7,0,0,6,17.59,351,0,0,0.0409,0.0489,Credit Card,Grocery,0
32,3188.21,11,1,1,3,4.22,627,2,0,0.0784,0.1107,Net Banking,Beauty,1
27,2432.13,10,0,0,5,11.51,701,4,0,0.0449,0.0165,Credit Card,Fashion,0
48,1633.57,7,3,1,4,7.28,807,2,2,0.3979,0.1521,UPI,Fashion,1
33,1708.37,7,4,3,7,4.93,36,3,8,0.7512,0.4185,UPI,Grocery,1
50,1055.72,6,1,0,2,17.23,798,0,0,0.1588,0.0482,Debit Card,Fashion,0
18,841.68,5,0,0,4,24.64,570,3,1,0.1144,0.049,Debit Card,Electronics,0
39,2983.42,12,2,0,2,7.57,533,0,0,0.1196,0.0236,UPI,Grocery,0
42,1290.33,8,1,0,3,3.2,917,6,0,0.1356,0.051,Cash on Delivery,Beauty,1
39,464.21,4,1,0,3,21.73,1260,2,0,0.2025,0.0658,UPI,Beauty,0
28,1429.99,6,0,0,4,9.0,512,3,0,0.0557,0.0243,Debit Card,Fashion,0
32,4241.0,11,1,0,3,24.4,222,4,0,0.1215,0.0127,Debit Card,Electronics,0
27,1828.94,5,0,0,6,3.75,360,3,1,0.0773,0.0576,Debit Card,Accessories,0
47,1282.11,4,0,0,8,25.06,16,8,1,0.1031,0.0745,UPI,Home,0
30,1848.99,6,0,0,6,47.38,554,2,0,0.0452,0.0158,UPI,Fashion,0
23,1973.06,9,0,0,3,22.95,305,4,1,0.0809,0.0,Credit Card,Fashion,0
33,1628.62,7,0,0,4,10.31,1079,1,1,0.1539,0.0,UPI,Electronics,0
20,777.97,6,0,0,5,8.0,559,8,1,0.0781,0.043,Credit Card,Grocery,0
27,1667.49,10,5,5,1,10.83,407,5,1,0.3596,0.4865,Cash on Delivery,Home,1
32,1208.16,8,0,0,3,7.5,1128,3,0,0.0402,0.0335,Debit Card,Grocery,0
28,549.08,6,5,1,6,18.46,85,7,2,0.634,0.2118,Net Banking,Beauty,1
23,1289.66,3,0,0,3,9.89,873,1,0,0.0934,0.0906,UPI,Beauty,0
36,2800.14,7,0,0,4,4.4,1136,1,1,0.1123,0.0589,Debit Card,Grocery,0
28,539.29,14,1,1,3,23.71,1173,4,0,0.0934,0.0773,Cash on Delivery,Electronics,0
37,1175.12,9,2,0,3,25.31,1789,1,1,0.2226,0.0458,Debit Card,Electronics,1
44,617.22,10,1,1,5,19.89,109,0,2,0.2408,0.1285,UPI,Beauty,1
48,552.24,6,0,0,5,13.17,1087,1,0,0.039,0.0365,Debit Card,Fashion,0
18,788.91,5,1,0,2,18.63,915,3,3,0.3478,0.0439,UPI,Home,0
26,4176.99,10,0,0,4,3.52,1342,2,3,0.1757,0.0,UPI,Beauty,0
19,705.09,5,1,1,4,38.28,739,3,1,0.2369,0.2332,Net Banking,Electronics,0
31,1724.5,9,0,0,3,11.7,389,3,1,0.1012,0.0488,UPI,Home,0
38,1633.04,9,0,0,3,3.92,587,2,0,0.0124,0.0222,Debit Card,Fashion,1
19,1570.92,4,0,0,3,11.8,904,2,2,0.1973,0.0644,Credit Card,Home,0
25,3703.49,8,1,0,3,11.93,784,1,0,0.0972,0.0,Cash on Delivery,Electronics,0
35,1147.8,3,0,0,4,3.58,392,1,0,0.1362,0.071,Debit Card,Electronics,0
29,1102.17,10,7,3,3,8.43,45,2,0,0.4912,0.2893,UPI,Electronics,1
44,1144.95,8,0,0,4,35.64,587,3,7,0.3296,0.0056,Cash on Delivery,Electronics,1
35,1739.82,4,1,0,2,16.2,493,4,0,0.2524,0.0462,Net Banking,Electronics,0
37,1311.48,3,2,0,7,18.58,147,5,4,0.5689,0.0947,Credit Card,Electronics,1
37,1174.77,10,3,0,2,5.67,1475,3,0,0.2414,0.0459,Credit Card,Beauty,0
38,2217.32,5,0,0,3,21.42,487,2,1,0.1187,0.0058,UPI,Home,0
37,539.53,3,0,0,1,5.64,1148,4,2,0.2088,0.0487,Credit Card,Beauty,0
36,1010.46,5,0,0,2,13.02,270,1,2,0.1967,0.0425,Debit Card,Grocery,0
35,1474.98,7,0,0,5,7.44,570,1,1,0.1348,0.0,UPI,Grocery,0
40,2447.14,7,0,0,7,17.67,478,3,0,0.046,0.0263,UPI,Accessories,1
18,1655.13,9,0,0,3,14.1,807,3,0,0.003,0.0086,Credit Card,Home,0
48,1039.11,10,0,0,2,9.39,484,3,1,0.0481,0.0132,Net Banking,Beauty,0
18,1296.47,5,0,0,3,4.76,487,1,1,0.123,0.0114,Cash on Delivery,Fashion,0
25,1627.78,5,2,2,3,15.25,497,3,0,0.3068,0.402,Credit Card,Fashion,0
24,7317.95,5,3,0,3,14.39,1818,2,0,0.4413,0.0384,UPI,Electronics,0
32,1863.72,10,0,0,3,5.94,462,1,0,0.0268,0.0373,Cash on Delivery,Home,0
40,1337.06,4,0,0,1,7.86,1238,2,2,0.1768,0.0478,UPI,Grocery,0
18,748.57,7,0,0,5,23.6,1145,1,0,0.0433,0.0462,Debit Card,Fashion,0
34,1867.39,8,0,0,4,20.87,916,1,2,0.1555,0.011,UPI,Home,0
41,3815.82,6,0,0,5,9.72,733,2,0,0.0495,0.056,UPI,Accessories,0
43,1411.24,8,0,0,2,1.14,813,3,1,0.0707,0.0136,Net Banking,Fashion,0
28,1720.62,5,0,0,2,20.8,546,1,0,0.0502,0.0417,UPI,Electronics,0
31,1658.99,8,2,0,6,17.91,576,3,0,0.231,0.0129,Net Banking,Accessories,0
28,738.41,9,1,0,5,15.69,582,5,2,0.1659,0.0025,UPI,Home,1
30,683.36,5,0,0,4,21.66,734,1,0,0.0657,0.0588,UPI,Electronics,0
25,941.53,3,0,0,4,30.31,1246,2,0,0.1116,0.0819,Credit Card,Beauty,0
29,4170.77,7,3,1,4,38.81,180,2,3,0.5286,0.1786,Debit Card,Beauty,1
26,712.15,2,0,0,3,14.2,1534,1,0,0.1231,0.0934,Credit Card,Fashion,0
19,739.8,3,1,1,3,51.53,206,7,0,0.2323,0.2942,UPI,Beauty,1
38,729.28,8,2,0,3,16.42,596,3,0,0.1952,0.0408,Cash on Delivery,Home,0
21,3584.39,6,0,0,2,45.8,253,3,2,0.1525,0.0503,UPI,Fashion,0
35,1604.19,8,0,0,3,10.27,424,3,2,0.1448,0.0018,UPI,Fashion,0
38,866.46,10,1,0,4,3.96,1163,3,2,0.17,0.0414,Debit Card,Fashion,0
30,1394.18,8,1,1,3,24.71,1361,7,1,0.1753,0.139,UPI,Grocery,1
36,869.3,10,1,0,6,2.15,460,2,0,0.129,0.0381,UPI,Home,0
40,766.93,5,0,0,4,6.32,604,2,1,0.1337,0.0324,Cash on Delivery,Fashion,1
42,2407.99,6,0,0,2,10.46,639,1,1,0.1035,0.0366,Debit Card,Grocery,0
18,2117.69,11,0,0,3,5.57,640,3,1,0.0719,0.0143,Cash on Delivery,Home,0
25,1799.77,6,1,1,2,24.93,235,1,0,0.1637,0.1805,Credit Card,Fashion,0
26,1247.6,11,0,0,2,15.43,955,3,0,0.0476,0.0612,Debit Card,Fashion,0
32,1251.83,12,1,0,3,11.69,1317,2,0,0.0805,0.0198,Credit Card,Fashion,0
34,1698.18,8,0,0,4,10.46,1902,2,1,0.0704,0.0,Net Banking,Grocery,0
28,1523.97,10,1,0,4,12.68,845,1,0,0.1107,0.0175,Credit Card,Fashion,0
42,1797.68,9,0,0,6,13.93,398,2,2,0.1533,0.0411,Credit Card,Accessories,0
52,869.33,7,0,0,2,13.65,1159,2,0,0.046,0.0293,Cash on Delivery,Fashion,0
36,1093.98,2,0,0,4,28.7,420,4,1,0.1466,0.0866,Debit Card,Beauty,0
35,470.44,6,0,0,2,25.52,466,2,1,0.0442,0.0565,UPI,Fashion,0
21,554.46,5,1,1,7,12.25,419,4,1,0.2221,0.2059,UPI,Electronics,1
42,1383.78,8,2,0,1,14.43,215,4,1,0.2667,0.0636,UPI,Beauty,0
18,2145.5,6,0,0,3,12.72,909,1,1,0.1142,0.0521,Cash on Delivery,Accessories,0
34,1312.52,11,2,0,4,9.43,1121,1,0,0.1502,0.0536,Debit Card,Fashion,0
43,948.48,8,4,0,3,13.7,579,3,0,0.385,0.0467,Credit Card,Beauty,0
28,805.31,8,1,0,1,32.67,793,1,0,0.0983,0.0443,UPI,Grocery,0
33,3246.92,6,2,0,3,29.54,183,5,2,0.3593,0.0395,Cash on Delivery,Home,1
23,1054.46,4,0,0,3,6.38,1331,4,1,0.0955,0.0995,UPI,Accessories,0
28,747.18,5,2,2,2,27.78,236,9,1,0.2982,0.405,Net Banking,Fashion,0
32,2384.04,6,0,0,3,22.25,1156,1,2,0.1569,0.0767,Debit Card,Fashion,1
33,1566.39,8,0,0,4,29.11,473,1,0,0.0485,0.0451,Debit Card,Home,0
26,1816.8,7,0,0,1,19.32,825,1,1,0.0584,0.0118,Credit Card,Fashion,0
53,1028.35,8,1,1,3,3.33,1032,1,1,0.1616,0.1688,Credit Card,Beauty,0
30,882.53,12,0,0,4,4.92,496,0,0,0.0599,0.0,Cash on Delivery,Accessories,0
18,888.79,4,0,0,4,22.3,189,4,3,0.1749,0.062,Net Banking,Beauty,0
24,964.44,10,2,1,4,6.2,280,2,0,0.151,0.1486,UPI,Home,0
18,1692.75,8,2,2,4,24.34,88,5,0,0.1874,0.269,UPI,Electronics,1
33,3512.24,10,1,0,4,5.53,694,1,1,0.1739,0.054,Credit Card,Home,0
42,594.01,8,0,0,2,3.32,1096,2,0,0.0434,0.0229,UPI,Electronics,0
34,4585.78,10,1,1,3,8.61,836,2,0,0.1,0.0839,UPI,Accessories,0
38,1303.61,5,0,0,3,15.08,552,3,2,0.159,0.0338,Cash on Delivery,Fashion,0
24,492.92,5,0,0,6,23.5,372,4,0,0.0798,0.071,UPI,Home,0
26,1416.75,5,0,0,4,2.78,1119,1,1,0.0762,0.0564,UPI,Beauty,0
47,426.91,14,0,0,3,4.56,2374,3,1,0.0549,0.0134,Credit Card,Electronics,0
39,1175.61,5,1,1,2,5.3,1709,4,1,0.2441,0.2023,Credit Card,Fashion,0
43,1165.34,5,1,0,1,3.72,1014,2,1,0.282,0.0046,Credit Card,Accessories,0
37,1501.13,4,0,0,3,11.91,976,0,0,0.0682,0.0461,UPI,Electronics,0
41,3199.95,3,0,0,2,6.54,697,2,0,0.1153,0.0824,UPI,Grocery,0
26,2902.99,7,1,0,3,14.91,850,2,3,0.2623,0.0279,Debit Card,Fashion,1
30,1634.9,8,0,0,4,21.65,176,1,0,0.0533,0.0641,Credit Card,Accessories,0
46,1202.65,6,0,0,4,25.59,1039,2,1,0.067,0.0251,Debit Card,Beauty,0
48,2344.35,10,0,0,2,11.16,1280,3,0,0.0072,0.057,Debit Card,Grocery,0
24,621.51,11,1,0,5,40.66,412,0,1,0.1991,0.0011,Cash on Delivery,Fashion,0
36,1391.8,8,0,0,4,8.44,470,1,1,0.1398,0.0406,Debit Card,Electronics,0
30,1778.4,6,0,0,1,7.29,193,2,0,0.0857,0.0863,Cash on Delivery,Home,0
28,623.0,6,2,1,5,1.44,686,2,0,0.2728,0.2215,Debit Card,Beauty,0
37,794.91,9,1,0,3,3.04,784,1,1,0.1825,0.0343,UPI,Accessories,0
44,2125.88,10,1,0,3,15.1,854,2,1,0.1769,0.018,UPI,Accessories,0
38,1395.36,7,0,0,2,15.55,720,1,1,0.0829,0.0652,UPI,Fashion,1
31,2669.6,8,0,0,3,14.17,190,1,0,0.0446,0.0416,Net Banking,Beauty,1
39,980.07,12,0,0,2,4.41,106,0,0,0.011,0.0508,Credit Card,Home,0
18,866.53,7,1,1,4,26.98,315,5,5,0.2654,0.1574,UPI,Accessories,1
31,949.3,7,0,0,3,13.68,693,3,0,0.0491,0.0269,UPI,Fashion,0
38,1105.59,8,0,0,4,0.45,566,2,0,0.0047,0.0124,UPI,Home,0
47,884.66,8,0,0,3,24.87,967,1,0,0.0122,0.0533,UPI,Accessories,0
18,1324.4,8,0,0,4,10.78,695,1,0,0.0,0.0264,Credit Card,Accessories,0
41,690.73,5,0,0,3,8.18,641,2,0,0.056,0.0795,Cash on Delivery,Fashion,0
20,883.14,8,0,0,3,24.81,285,3,0,0.045,0.0378,Credit Card,Fashion,0
45,1616.17,7,0,0,2,16.75,925,1,2,0.1389,0.0471,Net Banking,Electronics,1
28,1182.51,9,0,0,3,17.26,721,3,0,0.06,0.0507,Credit Card,Beauty,0
23,3097.65,9,0,0,1,19.82,1513,3,2,0.1822,0.0607,UPI,Beauty,0
40,2187.01,12,0,0,4,1.7,892,2,2,0.1633,0.0,Credit Card,Home,0
37,3315.16,5,1,0,3,17.9,545,2,1,0.238,0.0622,Credit Card,Electronics,0
25,435.57,7,0,0,4,9.53,654,2,1,0.1165,0.0494,Cash on Delivery,Home,0
23,1032.93,12,1,1,2,10.42,951,3,0,0.0784,0.0818,UPI,Accessories,0
32,949.44,9,1,0,2,10.77,1387,1,0,0.1277,0.0587,Credit Card,Home,0
18,1381.56,3,1,1,3,30.72,203,6,2,0.295,0.311,Cash on Delivery,Grocery,0
23,1618.73,6,0,0,4,17.25,504,0,0,0.0918,0.0791,UPI,Home,0
24,3648.96,10,0,0,3,6.39,1317,1,1,0.1179,0.0131,Debit Card,Fashion,0
35,956.01,8,0,0,5,9.73,1162,4,1,0.0512,0.0098,UPI,Home,0
38,2186.97,6,2,2,6,25.32,306,6,2,0.3472,0.3144,UPI,Beauty,1
25,2125.17,5,2,0,3,27.27,2344,3,2,0.3887,0.0415,Cash on Delivery,Home,0
38,875.55,7,0,0,4,23.3,573,6,0,0.0216,0.0353,Credit Card,Grocery,0
47,2403.32,7,1,0,4,1.57,864,2,1,0.1574,0.0239,Credit Card,Electronics,0
33,1679.79,8,1,0,5,8.24,750,2,1,0.1227,0.0376,Credit Card,Electronics,0
28,1262.24,4,0,0,6,16.76,191,6,4,0.1735,0.0389,Credit Card,Fashion,1
35,735.46,11,0,0,4,9.72,1598,5,0,0.0366,0.0,Debit Card,Fashion,1
52,4608.17,6,0,0,7,24.66,342,7,2,0.095,0.0362,Debit Card,Beauty,0
27,3712.95,9,3,1,4,39.46,255,2,3,0.4161,0.1078,UPI,Beauty,1
23,1429.63,6,0,0,2,5.1,1591,2,1,0.0861,0.0651,Cash on Delivery,Fashion,0
45,1183.54,3,1,0,4,9.39,466,3,0,0.2931,0.036,Cash on Delivery,Accessories,0
44,2343.6,10,0,0,4,10.6,1100,4,1,0.077,0.0178,Debit Card,Electronics,0
42,2341.15,10,0,0,2,30.03,1230,2,0,0.0239,0.0401,Net Banking,Electronics,0
46,632.34,6,0,0,2,18.78,553,2,2,0.1293,0.0467,Debit Card,Electronics,1
37,1133.62,6,0,0,5,18.81,448,1,0,0.0763,0.0261,UPI,Electronics,0
29,1099.65,6,1,1,3,2.18,415,4,0,0.1954,0.159,Credit Card,Beauty,0
44,2175.68,14,3,1,3,3.29,403,4,1,0.1862,0.0807,Cash on Delivery,Accessories,0
27,1240.17,7,2,2,6,26.5,826,6,1,0.2312,0.261,UPI,Home,1
44,888.73,6,0,0,5,26.82,1278,1,2,0.1835,0.0492,Net Banking,Home,0
20,2105.8,4,2,0,2,37.09,176,3,1,0.3977,0.0782,Cash on Delivery,Grocery,1
44,1898.71,6,0,0,5,15.96,586,3,1,0.063,0.051,Debit Card,Fashion,0
34,1218.09,5,0,0,4,12.9,380,1,0,0.063,0.0143,UPI,Home,0
32,602.29,6,4,4,5,37.86,307,3,3,0.5846,0.6146,UPI,Fashion,1
28,397.98,7,0,0,3,13.1,1240,1,0,0.0544,0.0882,UPI,Fashion,0
36,1084.83,7,0,0,4,8.45,608,2,0,0.0509,0.0245,UPI,Fashion,0
42,2664.97,4,1,0,3,8.98,1093,4,2,0.3167,0.0838,Credit Card,Fashion,0
43,1321.13,4,0,0,2,19.19,439,1,2,0.1696,0.0314,Net Banking,Electronics,0
30,3930.62,10,1,0,3,9.13,680,5,3,0.247,0.0402,Credit Card,Electronics,0
28,920.37,4,2,0,7,22.06,661,1,4,0.6248,0.0785,Credit Card,Beauty,1
37,1025.44,4,1,0,4,10.88,454,0,0,0.2181,0.0607,UPI,Fashion,0
22,2631.31,8,1,0,5,5.79,512,0,0,0.157,0.0447,Credit Card,Accessories,0
43,5956.44,6,0,0,4,26.29,769,4,2,0.1499,0.0213,Debit Card,Fashion,0
27,722.25,8,0,0,3,16.64,1465,3,1,0.1223,0.0363,Net Banking,Accessories,0
41,3186.38,3,0,0,4,11.3,1470,3,0,0.0963,0.0733,Debit Card,Electronics,1
24,1272.32,4,0,0,4,8.86,634,2,1,0.1154,0.0568,UPI,Electronics,1
43,828.76,13,1,1,3,23.25,935,2,0,0.0591,0.0982,UPI,Fashion,0
37,982.94,9,2,0,3,0.83,462,1,0,0.1809,0.0172,UPI,Beauty,0
23,2901.07,13,6,2,2,33.11,307,2,6,0.6117,0.1424,UPI,Grocery,1
27,1301.61,7,1,1,3,15.93,1085,5,0,0.1529,0.1572,Cash on Delivery,Grocery,1
40,995.62,10,0,0,1,25.1,1484,3,2,0.119,0.0544,UPI,Accessories,0
29,2559.54,6,0,0,5,4.75,413,1,0,0.0521,0.0782,Credit Card,Accessories,0
41,1335.92,8,0,0,3,13.0,859,0,1,0.1327,0.047,Debit Card,Fashion,0
32,3115.86,5,0,0,3,7.53,157,1,1,0.1011,0.0701,Cash on Delivery,Accessories,0
24,810.62,7,1,0,4,11.73,116,6,6,0.3398,0.0602,UPI,Beauty,1
19,2689.29,10,0,0,1,13.74,1227,1,0,0.0558,0.0195,UPI,Beauty,0
19,3421.7,4,2,1,6,16.19,529,2,2,0.5063,0.2705,Credit Card,Home,1
25,536.47,7,1,0,3,27.93,330,1,1,0.1827,0.0417,UPI,Electronics,0
26,1624.87,5,1,0,4,9.49,63,4,1,0.2389,0.0177,Net Banking,Electronics,1
30,1877.83,8,3,0,2,11.22,418,2,1,0.3148,0.0257,Credit Card,Home,0
27,4399.54,4,1,0,4,25.57,962,2,1,0.2641,0.0345,Cash on Delivery,Fashion,0
46,1386.84,6,2,1,3,3.06,568,5,1,0.351,0.1945,UPI,Home,1
42,943.33,8,0,0,2,16.92,363,0,1,0.1379,0.0079,Debit Card,Fashion,0
26,1743.57,9,5,1,3,30.53,606,7,1,0.4335,0.117,UPI,Accessories,0
49,2350.26,8,0,0,4,8.99,548,3,0,0.0332,0.0548,Debit Card,Fashion,0
49,456.29,7,0,0,3,6.0,1083,1,0,0.076,0.0487,Net Banking,Electronics,0
29,752.43,6,1,1,5,2.41,331,3,1,0.1954,0.1615,Credit Card,Electronics,0
29,1710.92,5,0,0,3,13.37,238,2,2,0.2129,0.0654,UPI,Beauty,1
32,479.31,6,0,0,5,4.9,1128,1,1,0.0957,0.0421,UPI,Home,0
30,1581.29,6,0,0,5,8.22,144,2,1,0.072,0.0584,Credit Card,Beauty,0
28,1890.49,8,0,0,4,2.96,702,5,0,0.0,0.0127,Cash on Delivery,Accessories,0
18,2067.16,7,1,0,4,2.57,516,1,0,0.1379,0.0178,Cash on Delivery,Fashion,0
28,2329.46,8,0,0,3,7.84,295,4,2,0.1016,0.0309,UPI,Grocery,0
34,945.37,10,0,0,3,23.15,1784,0,0,0.0086,0.0287,Net Banking,Home,0
22,1636.88,9,5,0,3,4.21,346,2,0,0.3913,0.0427,Debit Card,Beauty,0
31,1495.46,7,3,2,7,29.92,306,1,1,0.3629,0.3261,Cash on Delivery,Accessories,1
34,1545.98,6,0,0,3,8.14,944,2,0,0.0536,0.0384,UPI,Fashion,0
53,1609.09,6,0,0,5,10.56,355,4,0,0.0469,0.0701,Net Banking,Electronics,0
29,1188.32,9,2,0,3,4.73,736,2,0,0.2292,0.0117,Cash on Delivery,Fashion,0
36,2669.87,9,1,0,3,17.43,691,4,2,0.197,0.0356,Debit Card,Accessories,0
42,1895.91,11,0,0,2,18.73,780,3,0,0.0186,0.0335,Debit Card,Accessories,0
37,3562.88,8,0,0,5,28.68,1499,1,0,0.0665,0.0507,Cash on Delivery,Electronics,0
37,1367.63,8,0,0,4,4.2,711,3,1,0.0874,0.0213,Debit Card,Grocery,0
31,547.58,7,0,0,2,19.71,742,3,1,0.0954,0.0405,Cash on Delivery,Electronics,0
32,1048.52,6,0,0,4,17.73,1265,3,0,0.0396,0.0461,Net Banking,Electronics,0
25,3520.63,8,0,0,1,4.83,1197,2,0,0.0304,0.0406,UPI,Home,0
42,1301.18,10,0,0,1,16.94,1380,0,1,0.1356,0.0401,Net Banking,Electronics,0
18,721.89,5,1,0,4,15.71,817,3,1,0.1979,0.0677,Net Banking,Accessories,0
43,442.93,15,2,1,2,14.62,662,2,2,0.2271,0.065,UPI,Electronics,1
21,696.94,8,1,1,4,11.17,1008,4,1,0.1125,0.1794,UPI,Electronics,0
43,1992.36,11,0,0,4,14.25,657,2,0,0.0031,0.0272,UPI,Grocery,0
31,962.61,10,2,0,4,5.72,211,3,1,0.2545,0.0024,UPI,Electronics,0
23,464.72,7,1,0,2,9.39,231,2,0,0.1158,0.0697,Debit Card,Fashion,0
39,569.67,10,0,0,1,5.38,850,2,1,0.0886,0.0,Debit Card,Fashion,0
42,1731.47,12,1,0,5,8.18,504,0,0,0.1152,0.0393,Credit Card,Fashion,0
30,4629.21,9,1,0,2,11.27,396,5,0,0.1096,0.0,Debit Card,Electronics,0
37,1350.49,7,3,3,2,20.88,344,4,3,0.4321,0.3952,UPI,Beauty,0
34,395.68,12,3,3,4,24.74,433,1,1,0.2405,0.2596,UPI,Home,1
40,1241.13,7,1,0,2,5.72,249,4,0,0.103,0.0111,Cash on Delivery,Home,0
18,1090.52,11,1,0,3,14.41,365,2,1,0.128,0.0453,UPI,Electronics,0
22,1619.82,5,1,0,2,3.11,773,4,0,0.1998,0.0506,UPI,Home,0
46,799.35,6,1,0,3,12.93,1602,4,2,0.2254,0.0479,Net Banking,Electronics,0
32,1183.32,3,0,0,4,5.34,788,0,1,0.1502,0.0606,Cash on Delivery,Electronics,0
18,1026.96,9,0,0,4,7.44,652,3,2,0.1016,0.0176,Cash on Delivery,Fashion,1
28,614.87,11,3,1,4,18.56,541,0,0,0.2305,0.095,Net Banking,Electronics,1
26,1829.01,13,2,0,2,19.86,1108,1,1,0.1851,0.0044,UPI,Grocery,0
33,2475.24,7,0,0,3,10.21,632,6,0,0.0685,0.0581,Credit Card,Fashion,0
31,1703.0,7,0,0,4,22.45,589,4,0,0.064,0.029,Debit Card,Electronics,0
36,1124.93,12,0,0,3,7.97,403,0,0,0.0625,0.038,Debit Card,Beauty,0
33,3055.42,7,0,0,5,4.78,494,3,0,0.0476,0.0571,Debit Card,Grocery,0
46,923.86,4,0,0,4,12.03,1028,1,0,0.0588,0.0543,UPI,Electronics,0
38,1448.82,7,2,0,3,8.36,884,2,1,0.331,0.0446,UPI,Fashion,1
38,756.42,7,0,0,2,3.48,736,2,0,0.0518,0.0663,Credit Card,Home,0
44,810.78,11,1,0,5,11.31,765,1,2,0.2233,0.0,Cash on Delivery,Beauty,0
31,1314.43,5,0,0,3,6.82,562,2,1,0.1317,0.0594,Net Banking,Grocery,0
23,1282.87,4,0,0,4,6.12,938,1,0,0.0763,0.0787,Debit Card,Accessories,0
37,2717.98,7,1,0,7,31.59,401,4,2,0.2067,0.0278,Cash on Delivery,Fashion,0
22,1965.51,4,2,1,3,57.94,84,6,4,0.4826,0.29,Cash on Delivery,Home,1
45,1469.92,6,2,0,4,5.96,798,1,0,0.2989,0.0339,UPI,Beauty,0
35,823.06,6,0,0,4,26.15,379,1,0,0.0567,0.0539,Cash on Delivery,Electronics,0
35,1276.71,11,2,1,4,4.02,661,2,1,0.1918,0.1159,UPI,Grocery,0
25,1089.38,4,2,1,5,10.17,362,5,4,0.5015,0.2503,Credit Card,Electronics,1
28,973.22,5,0,0,5,14.76,478,1,1,0.1658,0.0517,UPI,Fashion,0
34,794.88,2,0,0,3,42.86,420,6,5,0.2557,0.1181,UPI,Accessories,1
28,865.53,11,1,0,5,10.21,1390,3,0,0.1327,0.0099,UPI,Grocery,0
42,818.36,11,1,0,3,13.52,983,1,0,0.0703,0.0513,UPI,Accessories,0
34,1968.5,5,0,0,5,35.09,769,1,0,0.1034,0.0475,Cash on Delivery,Electronics,1
43,1180.99,13,0,0,4,3.67,1363,1,1,0.0853,0.0085,UPI,Fashion,0
41,1249.56,11,0,0,3,30.22,444,2,0,0.0,0.0432,Credit Card,Accessories,0
41,1334.51,9,2,0,5,15.19,1267,1,1,0.2719,0.0382,Credit Card,Fashion,0
39,1786.71,6,0,0,4,7.7,573,3,1,0.078,0.0274,UPI,Beauty,0
35,2965.88,6,0,0,2,12.94,317,3,0,0.0646,0.0256,Cash on Delivery,Home,0
32,1317.9,10,0,0,5,25.15,707,2,0,0.0951,0.0356,Cash on Delivery,Grocery,1
45,1850.5,7,0,0,4,3.43,580,1,0,0.0441,0.0215,UPI,Accessories,0
31,1806.5,6,1,0,4,17.79,598,3,0,0.1872,0.0381,Credit Card,Home,0
24,1260.23,12,6,3,2,23.35,296,2,1,0.4103,0.2538,UPI,Fashion,0
37,1290.42,6,2,1,6,31.83,670,1,0,0.2238,0.1922,UPI,Accessories,1
27,638.87,8,1,1,5,11.27,1235,1,0,0.1171,0.1484,UPI,Electronics,0
28,1625.01,7,0,0,3,7.88,902,4,1,0.1156,0.0051,UPI,Beauty,0
32,758.57,6,0,0,2,2.41,999,3,1,0.0975,0.018,Cash on Delivery,Electronics,0
27,905.57,9,3,0,2,1.27,939,3,0,0.2506,0.0526,UPI,Electronics,1
34,918.25,7,1,1,5,12.75,263,1,4,0.4075,0.1826,UPI,Home,1
41,1374.14,1,0,0,5,8.05,451,5,0,0.17,0.139,Credit Card,Home,1
22,3074.53,3,1,0,2,21.63,185,2,1,0.3216,0.073,Credit Card,Home,0
35,569.83,6,0,0,3,8.91,667,2,1,0.1088,0.0633,UPI,Fashion,0
35,2056.75,11,0,0,4,18.29,920,2,0,0.0752,0.0388,Cash on Delivery,Grocery,0
21,674.76,8,5,3,3,35.65,271,2,1,0.4712,0.3916,Debit Card,Electronics,1
18,1192.95,9,0,0,3,10.5,824,4,0,0.0278,0.0058,Debit Card,Electronics,0
30,1157.58,8,1,0,5,10.28,762,2,0,0.117,0.0717,Debit Card,Accessories,0
36,2352.54,14,4,0,1,21.27,969,1,1,0.3415,0.047,UPI,Electronics,1
38,1301.66,9,2,0,3,8.26,716,5,2,0.2687,0.0302,Cash on Delivery,Accessories,0
32,974.19,3,0,0,4,7.95,745,4,0,0.1082,0.0898,Debit Card,Accessories,0
40,740.31,3,2,0,3,22.48,480,2,0,0.3979,0.0754,UPI,Fashion,0
33,828.34,6,2,0,2,12.12,1408,3,1,0.3026,0.0473,UPI,Beauty,0
34,1431.36,8,0,0,4,4.5,254,1,1,0.1148,0.0053,Credit Card,Accessories,0
36,2081.09,8,0,0,3,11.22,1257,1,0,0.0246,0.0327,Debit Card,Grocery,0
33,2350.92,9,1,1,5,12.34,269,2,5,0.3663,0.1573,Cash on Delivery,Fashion,0
29,1008.17,6,2,2,3,12.8,283,5,2,0.3556,0.3097,Debit Card,Fashion,1
42,2329.94,7,0,0,5,18.86,242,1,1,0.0936,0.0362,Credit Card,Home,0
28,1575.46,5,0,0,3,6.55,1071,3,0,0.0555,0.0567,UPI,Home,0
30,1396.7,8,0,0,4,11.67,739,1,1,0.1045,0.0261,Net Banking,Home,0
28,1900.69,4,1,0,3,9.87,1190,7,0,0.2051,0.0911,UPI,Fashion,0
31,517.4,14,1,0,3,12.44,1037,4,1,0.136,0.0662,Cash on Delivery,Electronics,0
47,915.49,14,2,0,2,5.62,347,1,0,0.1042,0.0,Debit Card,Accessories,1
18,238.3,8,5,1,5,27.43,154,4,1,0.4892,0.1537,UPI,Accessories,1
26,2670.76,7,1,1,5,30.22,303,4,2,0.2283,0.1945,UPI,Grocery,1
39,1234.95,6,0,0,4,17.49,157,3,1,0.0865,0.0448,Debit Card,Accessories,0
24,1315.2,7,1,0,2,8.43,501,4,1,0.2149,0.0621,Credit Card,Beauty,0
29,1382.06,9,1,1,1,8.59,614,3,0,0.116,0.0937,Debit Card,Grocery,0
37,2034.22,6,1,0,5,23.79,174,1,0,0.1661,0.046,UPI,Beauty,0
26,1957.12,6,0,0,3,20.78,880,3,0,0.0305,0.0679,Cash on Delivery,Fashion,0
27,1894.09,5,0,0,3,10.87,680,1,3,0.2527,0.033,UPI,Beauty,0
46,728.89,4,1,1,5,30.73,253,6,2,0.2434,0.2409,UPI,Fashion,1
46,1389.84,7,0,0,5,15.43,521,3,1,0.1448,0.0212,Net Banking,Electronics,0
28,2228.08,5,1,0,5,20.47,818,3,0,0.1748,0.0552,UPI,Fashion,0
43,1628.82,15,0,0,3,13.1,1201,0,0,0.0426,0.014,UPI,Electronics,0
45,1228.48,9,1,1,4,7.23,1199,1,1,0.1276,0.1609,Net Banking,Home,0
27,1112.0,10,5,0,3,25.36,752,3,0,0.3903,0.0,UPI,Electronics,0
31,784.27,7,2,1,6,35.39,193,3,1,0.2951,0.1539,Cash on Delivery,Accessories,1
26,1813.17,11,1,0,4,5.39,879,2,2,0.1541,0.0342,Credit Card,Beauty,0
32,1358.95,8,1,0,1,35.35,176,1,0,0.0743,0.0431,UPI,Accessories,0
24,1748.22,6,1,0,6,6.54,1027,2,0,0.1467,0.0444,Cash on Delivery,Grocery,0
35,2413.48,6,2,0,2,11.28,1652,3,1,0.3363,0.0958,UPI,Fashion,1
47,1107.09,12,1,1,2,20.39,306,4,2,0.1585,0.0971,Credit Card,Electronics,1
32,1706.61,7,3,0,1,12.4,662,2,1,0.3749,0.0216,Debit Card,Fashion,1
18,1394.8,2,0,0,6,49.74,469,8,3,0.2003,0.0853,UPI,Grocery,1
37,509.92,7,0,0,6,12.15,974,1,1,0.1106,0.0479,UPI,Electronics,0
47,1248.79,6,1,0,4,8.85,868,2,1,0.2246,0.0142,UPI,Grocery,0
41,1167.46,10,0,0,2,26.09,717,2,0,0.0235,0.0179,UPI,Electronics,0
38,1051.36,8,3,0,4,7.58,1035,3,0,0.3308,0.0582,Cash on Delivery,Fashion,0
18,578.34,7,1,0,3,11.42,520,1,1,0.2327,0.0656,Cash on Delivery,Accessories,0
38,971.89,11,3,0,4,2.44,612,0,1,0.3013,0.0039,Debit Card,Beauty,0
50,882.73,12,2,1,4,24.55,525,0,2,0.3461,0.1163,UPI,Electronics,1
18,2897.49,6,2,1,4,25.8,1808,4,1,0.2979,0.1687,Net Banking,Home,0
40,873.36,7,1,0,4,7.13,457,1,0,0.1137,0.0303,UPI,Accessories,0
33,1982.71,7,0,0,3,16.38,976,3,0,0.0,0.0046,UPI,Beauty,1
26,993.77,3,0,0,2,20.41,441,3,0,0.1407,0.0858,UPI,Electronics,1
41,722.8,3,0,0,4,15.25,813,2,0,0.1074,0.0759,Debit Card,Electronics,0
49,956.56,16,0,0,2,9.48,928,3,0,0.0077,0.0,Credit Card,Beauty,0
41,919.84,10,0,0,2,28.42,221,2,0,0.0094,0.0502,UPI,Fashion,0
31,1613.0,8,0,0,5,19.44,318,1,3,0.2303,0.0565,UPI,Beauty,0
26,990.1,6,2,0,5,22.19,438,1,0,0.2442,0.0424,UPI,Fashion,0
35,450.99,10,4,0,5,6.21,342,2,1,0.365,0.0394,UPI,Electronics,0
42,1559.2,7,1,0,3,16.08,407,6,1,0.1605,0.0828,Net Banking,Beauty,0
35,1111.98,3,0,0,5,19.83,231,6,1,0.1293,0.0519,Credit Card,Home,1
31,1522.89,4,1,0,3,31.4,848,3,0,0.2404,0.098,Debit Card,Fashion,0
31,1007.05,7,0,0,2,13.88,544,3,0,0.0762,0.0634,Debit Card,Fashion,0
59,2166.03,5,0,0,2,28.26,1029,2,0,0.085,0.0166,Cash on Delivery,Fashion,0
44,1176.73,11,0,0,1,14.82,1587,1,0,0.0445,0.0345,UPI,Grocery,0
18,547.97,5,1,1,2,13.39,420,4,3,0.2814,0.2255,Credit Card,Fashion,0
44,2693.39,11,1,1,4,5.03,317,1,1,0.1543,0.1303,Credit Card,Electronics,1
29,1273.31,3,0,0,2,24.42,308,3,2,0.1655,0.0678,Cash on Delivery,Beauty,1
34,1137.75,5,2,2,3,23.13,137,8,2,0.354,0.3597,UPI,Grocery,1
21,4416.54,4,0,0,6,10.96,1670,1,0,0.1064,0.085,Net Banking,Fashion,0
28,1306.79,8,0,0,3,26.34,1118,2,0,0.0,0.0506,UPI,Home,0
35,1164.21,6,0,0,4,9.34,949,1,1,0.1756,0.0504,Debit Card,Grocery,1
25,1440.67,6,0,0,4,0.81,721,1,0,0.0781,0.0324,UPI,Fashion,0
48,1011.1,10,1,1,2,10.2,785,2,2,0.2259,0.1139,UPI,Fashion,0
47,2709.7,10,1,0,3,7.33,400,1,1,0.1936,0.051,Credit Card,Electronics,1
29,2834.96,10,2,0,2,1.96,760,3,0,0.1732,0.0085,UPI,Fashion,0
50,1055.73,6,2,1,3,11.07,1347,4,0,0.2627,0.1826,UPI,Home,0
34,1368.94,12,1,0,2,23.26,416,4,2,0.1328,0.0575,Credit Card,Fashion,0
36,1497.51,6,3,2,4,15.82,165,5,1,0.3919,0.2983,UPI,Home,1
57,430.26,9,0,0,3,6.21,1000,1,0,0.0334,0.0343,Net Banking,Home,0
23,2064.1,1,0,0,5,18.21,672,6,1,0.1943,0.1096,Credit Card,Fashion,1
35,774.86,5,0,0,2,9.18,1227,2,2,0.1474,0.0561,UPI,Accessories,0
39,941.12,4,0,0,3,18.9,477,4,2,0.1446,0.0688,UPI,Beauty,0
47,851.31,9,0,0,4,6.57,889,2,0,0.0415,0.064,UPI,Electronics,0
45,1011.39,7,0,0,2,7.5,1022,3,2,0.1128,0.0452,UPI,Electronics,0
39,1876.39,10,4,0,4,6.56,1732,1,2,0.4525,0.0482,Cash on Delivery,Fashion,0
33,1276.02,6,2,2,2,35.01,1359,3,1,0.3238,0.3317,UPI,Electronics,1
37,937.97,2,1,0,3,11.21,200,4,2,0.4247,0.0792,Net Banking,Accessories,1
39,362.43,5,1,1,4,13.69,1344,2,1,0.2243,0.2291,Debit Card,Accessories,0
27,1569.93,8,2,1,2,15.37,605,1,0,0.2214,0.1349,Debit Card,Electronics,0
25,1040.85,5,1,1,2,18.76,778,3,1,0.2305,0.2263,Credit Card,Beauty,0
35,650.75,3,0,0,4,7.78,980,4,0,0.1286,0.0856,Credit Card,Beauty,0
24,754.85,12,1,1,5,23.77,714,5,1,0.0982,0.1037,Credit Card,Home,1
18,1391.75,5,0,0,3,24.67,300,4,0,0.0641,0.0556,UPI,Accessories,0
28,3702.32,6,2,1,5,35.07,482,3,6,0.489,0.1504,Credit Card,Fashion,1
34,1678.27,9,1,0,3,12.38,431,2,0,0.0964,0.0167,Credit Card,Home,0
45,1446.24,6,0,0,3,15.55,752,4,2,0.1175,0.0393,UPI,Accessories,0
42,801.95,9,2,0,4,14.42,672,1,0,0.1812,0.0476,Debit Card,Home,0
26,647.55,6,1,0,2,25.94,402,5,2,0.219,0.014,UPI,Beauty,1
33,954.18,7,1,0,6,19.48,1655,1,1,0.2158,0.0521,UPI,Electronics,0
20,2695.56,4,0,0,5,27.61,533,4,4,0.1806,0.0557,Cash on Delivery,Accessories,1
50,862.59,9,0,0,1,31.55,789,4,0,0.0699,0.0236,UPI,Fashion,1
29,567.62,16,1,0,4,24.68,1219,2,0,0.0543,0.031,Debit Card,Electronics,0
18,799.97,11,2,0,4,8.47,901,2,0,0.1739,0.0303,Debit Card,Fashion,0
18,1851.35,7,1,0,5,11.41,941,1,0,0.1647,0.0752,Credit Card,Fashion,0
42,1976.26,6,2,2,2,17.54,163,4,1,0.3087,0.343,UPI,Electronics,1
23,901.32,4,0,0,4,17.98,1124,3,0,0.0914,0.0526,Debit Card,Fashion,0
41,1309.37,5,1,0,3,7.93,668,2,0,0.2084,0.0257,UPI,Home,0
28,1220.49,6,3,0,4,16.05,734,0,0,0.38,0.0757,Net Banking,Grocery,0
38,2277.36,5,0,0,2,8.05,609,3,0,0.0515,0.0768,UPI,Fashion,0
49,1508.75,10,0,0,3,9.08,725,1,1,0.0729,0.0226,Debit Card,Beauty,0
24,4087.22,7,1,0,4,4.14,795,6,1,0.1701,0.0225,Cash on Delivery,Home,0
38,551.09,7,0,0,2,15.98,894,2,0,0.0729,0.0258,Cash on Delivery,Fashion,0
39,4670.01,10,1,0,2,33.27,783,3,1,0.1766,0.0377,Credit Card,Accessories,0
26,1128.29,9,2,0,4,11.56,818,2,2,0.2942,0.025,UPI,Fashion,0
46,1736.24,5,0,0,4,1.8,888,1,1,0.1496,0.0458,Credit Card,Fashion,0
31,630.68,3,0,0,2,14.22,91,1,0,0.1281,0.0814,UPI,Electronics,0
31,1858.76,4,0,0,2,14.21,539,2,1,0.1093,0.0888,Cash on Delivery,Electronics,0
53,1467.02,5,0,0,1,10.95,560,2,0,0.0595,0.0532,UPI,Grocery,0
29,955.74,7,4,3,4,10.53,449,2,4,0.6052,0.4017,UPI,Fashion,1
39,1407.75,7,0,0,4,9.33,881,1,0,0.0545,0.0467,UPI,Beauty,0
38,2127.11,3,2,0,3,45.75,970,5,0,0.4898,0.0467,UPI,Accessories,1
37,7532.02,6,3,2,5,27.7,193,4,4,0.5132,0.3097,Cash on Delivery,Electronics,1
42,1825.39,8,0,0,6,22.48,976,3,0,0.019,0.0551,Debit Card,Electronics,1
46,1528.15,6,0,0,2,1.62,419,0,1,0.1267,0.024,Debit Card,Fashion,0
21,425.82,8,1,1,6,9.11,603,2,4,0.3396,0.1253,Debit Card,Electronics,1
28,718.65,5,0,0,5,5.71,1207,3,0,0.0831,0.0562,Credit Card,Beauty,0
45,1235.74,4,0,0,2,38.32,951,2,1,0.1219,0.0548,UPI,Fashion,0
29,437.09,9,1,1,4,12.72,444,2,0,0.0959,0.14,Credit Card,Electronics,1
29,721.7,11,1,0,4,11.59,568,1,1,0.0942,0.0286,UPI,Grocery,0
32,1052.72,14,1,0,5,4.94,710,7,1,0.068,0.0447,Debit Card,Fashion,0
28,608.29,13,0,0,3,12.86,1139,3,1,0.0448,0.0,Credit Card,Grocery,0
41,2331.8,4,1,0,3,20.82,1025,3,1,0.2657,0.0481,UPI,Electronics,0
36,2008.95,8,0,0,4,4.43,444,1,0,0.0513,0.0404,Credit Card,Accessories,0
30,3746.19,11,2,0,2,2.42,1245,1,2,0.3105,0.0196,Credit Card,Accessories,0
40,1439.24,6,0,0,1,12.98,778,7,0,0.0614,0.0793,Debit Card,Home,0
32,1037.12,10,0,0,3,19.62,1274,1,0,0.075,0.0296,Net Banking,Fashion,0
39,660.93,6,3,1,3,17.37,260,3,0,0.3804,0.1737,Net Banking,Fashion,1
31,5581.53,19,0,0,1,19.81,815,2,0,0.0264,0.0439,Credit Card,Fashion,0
34,1841.05,12,0,0,4,26.92,408,1,2,0.17,0.0212,Net Banking,Accessories,0
38,1969.1,8,4,0,4,14.3,940,1,0,0.3504,0.0398,Credit Card,Fashion,1
38,843.67,16,1,1,3,8.61,1756,1,0,0.0478,0.0896,Debit Card,Fashion,0
31,831.88,11,3,2,5,12.03,537,2,0,0.1592,0.1696,Credit Card,Fashion,0
33,2362.8,5,1,1,6,33.38,294,3,2,0.2404,0.2172,Credit Card,Home,1
42,2234.29,5,0,0,2,6.14,463,4,0,0.0985,0.0444,Credit Card,Fashion,0
21,629.05,7,4,1,5,31.48,306,4,2,0.4604,0.1789,UPI,Fashion,1
32,2776.44,3,1,0,2,17.45,645,2,2,0.3572,0.0913,Cash on Delivery,Beauty,0
28,1262.13,10,0,0,4,16.2,955,0,0,0.0667,0.0305,UPI,Home,0
21,914.94,17,1,1,3,10.81,1977,3,0,0.1039,0.0572,UPI,Fashion,0
33,556.16,7,2,0,3,8.77,76,7,2,0.2636,0.0609,UPI,Home,1
43,1081.26,11,2,2,4,17.37,1273,1,2,0.2948,0.2002,Credit Card,Electronics,0
34,2997.65,6,0,0,3,18.3,403,4,0,0.0121,0.0359,Cash on Delivery,Electronics,0
21,3027.69,8,2,2,3,15.36,73,2,1,0.2237,0.2953,Credit Card,Fashion,0
36,4368.64,8,0,0,4,19.38,1451,2,0,0.0891,0.0215,UPI,Fashion,0
43,901.58,8,0,0,5,15.24,950,2,2,0.1308,0.0486,Debit Card,Fashion,0
42,2936.63,5,0,0,5,32.76,480,1,1,0.1296,0.0242,Credit Card,Beauty,0
30,1944.94,7,2,0,2,3.28,933,6,0,0.2172,0.0204,UPI,Beauty,0
22,2758.11,7,0,0,4,8.98,671,4,1,0.0886,0.0204,UPI,Grocery,0
35,1216.99,12,1,0,3,24.72,617,4,0,0.086,0.0415,UPI,Electronics,0
37,2089.39,8,0,0,2,10.7,783,3,1,0.1158,0.0436,UPI,Electronics,0
32,2034.06,10,1,0,4,2.53,1602,1,0,0.0702,0.038,Cash on Delivery,Electronics,0
47,2048.88,11,1,0,3,8.42,314,3,1,0.1711,0.0,Cash on Delivery,Accessories,0
18,1119.22,6,0,0,3,16.62,984,2,0,0.0455,0.0526,Cash on Delivery,Beauty,0
44,1864.87,9,1,0,4,21.27,872,0,0,0.1137,0.0383,Debit Card,Fashion,0
36,1516.63,5,3,2,4,24.34,183,5,4,0.5708,0.3792,Credit Card,Grocery,1
28,1573.6,4,0,0,3,31.44,275,4,1,0.1049,0.0512,UPI,Fashion,1
41,2152.53,7,0,0,5,5.81,776,0,2,0.2178,0.045,Credit Card,Fashion,0
38,795.16,8,0,0,5,16.78,1231,1,0,0.0346,0.032,Debit Card,Home,1
39,1982.56,7,3,2,5,45.61,649,6,2,0.3624,0.2714,Credit Card,Accessories,1
18,1676.0,10,0,0,2,17.3,332,2,0,0.1037,0.0512,Credit Card,Electronics,0
46,1548.37,8,2,0,4,12.5,1463,4,1,0.243,0.0274,UPI,Accessories,1
18,3204.69,5,2,2,5,17.71,195,5,1,0.3224,0.3594,Cash on Delivery,Home,1
25,629.69,6,0,0,4,19.09,117,3,0,0.0538,0.0299,Cash on Delivery,Home,0
29,1323.83,7,2,0,2,31.09,679,1,0,0.2622,0.0278,Net Banking,Home,0
32,553.98,8,0,0,5,5.06,303,2,1,0.0942,0.0474,UPI,Fashion,1
38,750.08,6,0,0,3,9.02,652,2,1,0.0723,0.0747,Credit Card,Beauty,0
40,1332.17,9,1,0,4,7.46,1532,4,0,0.133,0.0411,UPI,Fashion,0
42,1614.15,10,0,0,5,22.28,594,4,1,0.0609,0.0394,Debit Card,Fashion,0
41,863.11,5,1,1,4,7.17,416,1,0,0.2124,0.2214,Credit Card,Electronics,1
36,1336.97,5,2,0,2,12.74,1425,2,2,0.3778,0.07,UPI,Fashion,0
38,1573.31,7,1,0,4,8.42,865,1,0,0.1242,0.0401,UPI,Electronics,0
24,658.57,4,0,0,3,3.78,661,2,1,0.1216,0.0054,UPI,Accessories,0
27,2623.76,7,0,0,4,27.6,469,1,1,0.1249,0.0543,Credit Card,Electronics,0
42,298.42,7,0,0,3,13.07,815,2,0,0.0654,0.0365,Cash on Delivery,Fashion,0
23,2654.14,4,2,2,3,16.36,126,3,1,0.417,0.4753,Credit Card,Fashion,0
42,628.32,8,1,0,4,18.12,679,1,1,0.1311,0.0,UPI,Beauty,0
41,1384.39,7,0,0,2,15.83,956,4,0,0.0529,0.0625,UPI,Fashion,0
29,2516.53,6,0,0,4,17.82,265,3,0,0.0248,0.0248,Net Banking,Beauty,0
42,1197.07,12,2,0,3,20.44,861,5,0,0.1867,0.0277,Credit Card,Beauty,1
24,1247.05,9,0,0,4,6.4,1266,8,0,0.0623,0.0,UPI,Grocery,0
44,1067.26,3,0,0,3,22.2,242,4,2,0.1685,0.1068,Cash on Delivery,Fashion,0
32,543.27,10,0,0,4,4.21,1696,1,1,0.0898,0.0468,UPI,Electronics,0
49,634.89,9,0,0,3,19.51,462,2,0,0.0535,0.0009,Cash on Delivery,Accessories,0
27,1772.41,6,0,0,4,9.19,569,4,4,0.2081,0.038,UPI,Accessories,0
20,763.17,10,0,0,4,10.2,295,3,1,0.0969,0.0,Cash on Delivery,Electronics,1
50,1614.74,8,0,0,3,15.98,625,1,0,0.0867,0.0129,Credit Card,Fashion,0
31,968.95,5,0,0,3,1.56,390,3,2,0.1771,0.0413,UPI,Fashion,0
31,740.67,9,2,0,4,14.0,433,0,1,0.2798,0.0253,Credit Card,Electronics,0
47,893.19,6,3,1,2,30.97,654,5,5,0.5324,0.1803,Cash on Delivery,Beauty,1
36,2494.19,10,0,0,3,5.31,627,5,0,0.0,0.0352,UPI,Grocery,0
28,2332.24,5,0,0,5,3.55,553,3,1,0.0616,0.0215,Credit Card,Electronics,0
33,466.89,4,0,0,5,19.62,647,3,0,0.0485,0.0532,Debit Card,Home,1
27,1559.0,7,1,0,2,2.92,1757,2,0,0.1369,0.0439,Debit Card,Accessories,0
28,2750.6,9,0,0,1,18.71,239,1,0,0.0507,0.0256,UPI,Home,0
38,2074.1,14,0,0,2,10.1,494,1,0,0.0193,0.0092,UPI,Fashion,0
20,403.8,6,1,1,6,13.57,308,5,1,0.1982,0.1923,Credit Card,Fashion,1
26,1426.28,9,0,0,1,17.0,925,1,1,0.1125,0.0203,Cash on Delivery,Grocery,0
27,1783.7,11,0,0,2,9.66,744,2,1,0.0918,0.0079,Net Banking,Electronics,0
22,1484.87,6,0,0,3,13.12,873,3,0,0.0943,0.0517,UPI,Electronics,0
29,690.72,7,0,0,4,12.39,792,1,0,0.1179,0.0439,UPI,Accessories,0
46,2042.53,5,0,0,3,6.62,666,2,3,0.2275,0.0745,UPI,Electronics,0
26,1888.54,11,1,0,3,9.74,202,0,1,0.1779,0.0,Cash on Delivery,Electronics,0
27,935.75,10,1,0,3,6.24,1481,3,1,0.1165,0.012,UPI,Grocery,0
36,1293.09,6,1,1,3,4.43,494,3,0,0.1248,0.1801,Debit Card,Accessories,0
18,4290.45,2,0,0,5,13.07,199,5,2,0.1857,0.1194,UPI,Electronics,0
31,401.26,13,1,1,2,9.4,352,1,1,0.1586,0.102,Credit Card,Beauty,0
18,1282.47,7,5,5,1,50.03,527,4,2,0.6082,0.6629,Net Banking,Fashion,0
36,517.29,8,1,0,3,35.7,333,5,1,0.1704,0.0286,Credit Card,Accessories,0
54,801.26,4,1,1,1,4.12,744,2,0,0.2197,0.2365,Credit Card,Electronics,0
33,1490.57,6,0,0,3,11.28,2101,2,1,0.0781,0.0496,UPI,Accessories,0
37,1672.83,6,0,0,3,1.87,1092,1,0,0.0324,0.0631,Cash on Delivery,Electronics,0
24,1777.35,4,2,2,5,22.4,139,11,4,0.4227,0.4856,UPI,Fashion,1
42,1194.1,12,0,0,3,11.91,1219,3,0,0.0016,0.04,Debit Card,Beauty,1
42,1480.05,7,0,0,2,13.84,3000,3,0,0.0687,0.0657,UPI,Electronics,0
28,4188.82,4,1,0,5,19.42,263,10,3,0.345,0.051,UPI,Grocery,1
36,1524.22,13,3,0,4,3.6,867,2,0,0.2024,0.0487,Credit Card,Beauty,0
33,374.64,8,1,0,4,8.06,310,4,0,0.1332,0.0331,Debit Card,Electronics,0
52,906.72,10,0,0,4,4.75,529,1,1,0.0925,0.0055,Debit Card,Electronics,0
33,1409.58,10,0,0,6,7.28,540,3,0,0.0048,0.026,UPI,Accessories,0
30,731.49,6,1,0,2,18.82,291,2,0,0.1484,0.0418,Debit Card,Grocery,0
28,321.24,5,0,0,3,17.9,632,3,0,0.0501,0.0681,Net Banking,Home,0
18,885.07,12,0,0,5,19.8,1425,3,0,0.0328,0.0302,Debit Card,Grocery,0
35,726.71,3,0,0,7,23.49,113,5,3,0.2004,0.0945,Cash on Delivery,Grocery,1
41,1845.41,6,0,0,2,4.41,1590,2,1,0.1033,0.0452,Credit Card,Fashion,0
28,732.26,1,1,1,4,43.11,283,1,1,0.6148,0.6783,Credit Card,Fashion,1
31,1906.52,5,1,1,3,19.04,522,4,1,0.2276,0.1814,Credit Card,Home,1
18,1835.78,9,0,0,3,21.11,463,1,2,0.2056,0.0399,Credit Card,Grocery,0
34,1150.82,9,1,0,3,2.07,1540,0,1,0.2532,0.0212,UPI,Fashion,0
32,771.09,5,0,0,2,35.97,957,1,0,0.046,0.0705,Credit Card,Beauty,0
54,1095.23,7,0,0,3,17.7,356,2,2,0.2101,0.0276,Cash on Delivery,Fashion,0
18,861.64,9,0,0,3,26.65,185,1,0,0.0007,0.033,Debit Card,Electronics,0
26,2747.08,9,0,0,4,28.63,977,3,1,0.1319,0.026,Cash on Delivery,Home,1
33,822.92,8,0,0,4,22.41,809,1,0,0.027,0.0153,Debit Card,Home,0
33,1196.81,7,1,1,3,34.24,558,5,2,0.1732,0.1679,UPI,Electronics,0
32,3088.2,3,0,0,2,8.36,711,1,0,0.0969,0.1014,Credit Card,Electronics,0
29,685.57,10,1,1,5,20.56,288,5,2,0.1594,0.1051,Credit Card,Grocery,1
33,276.91,6,0,0,2,1.48,298,0,0,0.0404,0.0308,Cash on Delivery,Fashion,0
26,2218.28,7,4,0,4,27.61,172,4,4,0.6152,0.0263,Credit Card,Home,1
23,592.11,5,1,0,2,1.22,531,3,1,0.2161,0.0299,Credit Card,Electronics,0
28,3866.16,6,1,0,4,18.78,97,4,2,0.2086,0.0351,UPI,Electronics,0
37,1003.45,8,2,1,4,6.4,402,2,2,0.3137,0.1466,Net Banking,Electronics,0
18,5395.28,8,0,0,1,9.53,952,2,0,0.0299,0.0296,UPI,Grocery,0
34,1119.34,5,1,0,3,9.78,896,2,0,0.172,0.0644,UPI,Grocery,0
29,2138.47,11,2,1,3,8.68,502,1,1,0.2082,0.1324,Net Banking,Fashion,0
43,1413.28,5,0,0,5,22.29,721,1,2,0.1844,0.063,UPI,Home,0
50,932.42,6,1,0,5,3.88,1396,1,0,0.1388,0.0382,Debit Card,Beauty,0
31,3576.73,15,1,0,3,30.12,1039,1,2,0.2085,0.0549,Credit Card,Electronics,0
31,767.27,5,3,1,5,34.6,426,8,1,0.4611,0.2487,UPI,Accessories,0
47,1480.14,14,0,0,4,17.51,515,4,1,0.0561,0.0092,Credit Card,Home,0
36,1564.52,4,0,0,5,55.15,189,6,3,0.1607,0.1021,Debit Card,Accessories,1
31,1399.0,7,0,0,5,4.37,1049,1,1,0.0903,0.0386,UPI,Electronics,0
25,1223.55,13,6,0,2,12.73,1312,0,1,0.4245,0.055,UPI,Grocery,0
50,1859.35,4,1,0,4,18.23,1218,2,0,0.2241,0.0512,Net Banking,Grocery,0
39,1268.9,6,0,0,3,14.81,449,4,0,0.0366,0.0571,Net Banking,Accessories,0
34,1144.88,11,2,2,3,31.26,494,4,1,0.1763,0.1869,Debit Card,Beauty,0
40,490.29,11,0,0,4,22.43,234,6,0,0.0094,0.0683,UPI,Grocery,0
36,536.12,10,1,0,3,10.43,980,1,0,0.1054,0.0367,UPI,Fashion,0
33,1506.38,7,5,0,3,7.57,1563,2,0,0.4953,0.0442,UPI,Home,0
22,2238.77,7,0,0,4,19.31,1052,3,1,0.0788,0.0239,Credit Card,Grocery,0
23,1031.4,6,0,0,7,30.72,394,5,2,0.1482,0.0439,UPI,Accessories,0
32,1555.74,10,0,0,2,11.0,815,2,0,0.038,0.0439,UPI,Accessories,0
40,1643.1,5,1,1,3,21.64,1689,4,0,0.2182,0.1816,Cash on Delivery,Fashion,0
33,2861.13,12,0,0,5,2.0,849,5,1,0.0775,0.0192,Cash on Delivery,Electronics,0
42,1869.48,6,2,1,3,14.44,2023,1,0,0.2423,0.1517,Net Banking,Grocery,0
37,2238.11,7,1,0,3,12.9,1098,4,2,0.2399,0.0442,UPI,Accessories,0
26,676.11,10,2,2,3,1.17,696,1,0,0.1454,0.2291,Cash on Delivery,Grocery,0
22,1301.78,7,0,0,3,4.51,202,1,0,0.009,0.0563,UPI,Home,0
33,839.9,5,1,0,3,9.41,304,3,1,0.1721,0.0369,Credit Card,Fashion,0
29,1286.49,5,0,0,2,18.44,1749,1,1,0.1191,0.0474,Credit Card,Home,0
37,919.69,14,0,0,3,6.42,788,0,1,0.1188,0.0048,Credit Card,Electronics,0
28,418.36,5,0,0,2,19.61,1478,3,0,0.0891,0.0589,Cash on Delivery,Electronics,0
18,2848.08,6,2,0,4,14.23,118,6,0,0.2257,0.0626,Debit Card,Fashion,0
28,2209.76,11,1,0,4,5.2,1474,2,2,0.1999,0.003,UPI,Fashion,1
43,2269.19,5,1,0,3,13.24,854,4,2,0.2333,0.0315,Debit Card,Accessories,0
34,1393.29,5,2,0,6,28.02,315,3,4,0.4811,0.0301,Credit Card,Fashion,1
36,971.11,9,4,1,4,29.73,277,2,2,0.404,0.1201,Cash on Delivery,Accessories,0
35,816.51,7,1,0,1,8.5,1593,2,0,0.1437,0.03,Cash on Delivery,Home,0
28,2103.75,5,0,0,7,9.62,1143,2,0,0.141,0.0594,UPI,Beauty,0
31,1249.36,5,0,0,4,30.16,385,7,3,0.1239,0.015,UPI,Home,1
34,1306.61,8,1,0,4,13.37,1461,1,0,0.1354,0.0617,Debit Card,Beauty,1
31,965.91,4,0,0,5,42.54,179,2,2,0.1746,0.0389,UPI,Fashion,0
46,703.28,13,0,0,5,18.1,843,0,0,0.0103,0.0,Debit Card,Home,0
37,955.4,10,0,0,3,6.41,685,1,0,0.0055,0.008,Credit Card,Fashion,0
39,2359.62,7,2,0,1,20.65,548,3,1,0.2992,0.0219,Credit Card,Electronics,0
27,1815.72,5,2,0,3,5.82,432,1,0,0.2853,0.0512,Credit Card,Accessories,0
24,1249.43,5,1,0,4,19.77,135,5,1,0.2554,0.0687,Cash on Delivery,Grocery,0
33,1508.78,3,0,0,2,16.51,79,10,7,0.2264,0.0985,UPI,Fashion,0
43,1713.62,6,3,0,5,9.17,886,0,0,0.3812,0.0499,Cash on Delivery,Home,1
55,698.17,5,0,0,2,25.36,449,6,0,0.063,0.0463,UPI,Accessories,0
36,3761.01,10,1,1,1,30.32,119,6,2,0.1679,0.1472,Debit Card,Electronics,1
27,721.66,6,0,0,4,11.1,1033,2,0,0.0349,0.0408,UPI,Electronics,1
23,811.91,8,0,0,3,15.41,582,0,0,0.068,0.0323,UPI,Beauty,0
36,621.18,3,0,0,5,18.97,713,3,1,0.1074,0.0413,Credit Card,Beauty,0
42,1088.71,5,0,0,5,7.0,1156,0,1,0.1255,0.0304,UPI,Fashion,0
33,1152.27,13,0,0,3,6.1,1390,2,0,0.0514,0.0103,Net Banking,Fashion,0
25,1838.08,8,1,0,2,2.02,602,0,1,0.1523,0.0142,Debit Card,Accessories,0
33,3411.7,9,1,1,5,11.51,397,2,1,0.1389,0.1231,UPI,Accessories,1
29,1569.73,7,0,0,4,20.27,394,2,1,0.074,0.013,Cash on Delivery,Fashion,1
39,865.53,7,0,0,4,19.58,1005,4,0,0.0458,0.0647,Credit Card,Home,0
30,906.97,7,1,0,5,11.76,953,5,2,0.2139,0.0275,UPI,Fashion,1
39,1869.76,6,1,0,1,10.57,1591,1,2,0.2964,0.0365,Net Banking,Grocery,0
44,834.42,6,0,0,3,12.7,564,1,2,0.1459,0.0536,UPI,Home,1
36,1661.21,4,1,0,2,13.78,555,1,0,0.2107,0.0834,Credit Card,Accessories,0
34,1259.92,8,2,0,4,9.11,1065,0,0,0.1928,0.0206,Net Banking,Home,0
41,887.92,4,0,0,2,15.5,826,2,3,0.1877,0.0631,UPI,Fashion,0
26,700.14,9,1,0,3,20.19,1363,3,3,0.2659,0.0149,UPI,Home,0
25,479.99,5,0,0,5,18.14,952,1,2,0.2085,0.0674,Credit Card,Grocery,1
32,2433.62,10,0,0,4,24.2,1038,1,2,0.1761,0.0388,UPI,Fashion,0
30,2471.07,10,0,0,3,4.83,666,1,1,0.1,0.0439,UPI,Accessories,1
27,2108.96,11,1,1,4,6.53,831,1,0,0.0644,0.1225,Debit Card,Beauty,0
50,2567.67,10,0,0,3,23.06,1199,2,2,0.1404,0.0054,Cash on Delivery,Fashion,1
54,1528.97,6,0,0,1,8.98,192,4,0,0.0308,0.059,UPI,Fashion,0
49,1962.52,9,1,1,3,23.22,196,7,0,0.0929,0.121,Credit Card,Home,0
18,679.95,6,2,0,5,33.42,184,3,3,0.3749,0.0233,Credit Card,Electronics,0
31,1381.67,12,0,0,4,14.42,2085,3,0,0.0425,0.0,UPI,Grocery,1
35,628.63,12,0,0,5,7.47,535,1,0,0.0,0.025,Net Banking,Fashion,0
32,2281.19,2,1,0,5,11.0,882,2,0,0.3903,0.0898,UPI,Grocery,1
30,905.49,2,0,0,5,13.92,550,2,0,0.2031,0.0917,Credit Card,Accessories,1
44,3015.17,10,0,0,3,4.21,641,3,0,0.0188,0.0,Cash on Delivery,Fashion,0
46,1014.68,8,1,1,4,21.77,1448,3,0,0.1068,0.1193,UPI,Fashion,0
18,1975.42,5,0,0,4,4.82,883,1,0,0.0447,0.0278,Cash on Delivery,Fashion,1
38,2312.25,5,0,0,5,20.48,2747,0,0,0.0225,0.0373,UPI,Grocery,0
20,957.71,7,5,5,3,9.03,309,4,0,0.5561,0.6913,Credit Card,Fashion,1
22,1735.61,11,2,2,5,26.47,1389,2,0,0.1478,0.2238,Credit Card,Beauty,1
50,1045.29,11,1,1,3,19.86,104,2,0,0.0839,0.131,UPI,Beauty,0
38,904.64,8,0,0,4,29.43,1131,3,1,0.0858,0.0064,UPI,Electronics,1
27,1733.5,5,0,0,3,1.21,138,3,0,0.0442,0.0865,Credit Card,Beauty,1
32,2529.18,8,0,0,4,6.19,354,1,0,0.0142,0.0475,UPI,Home,0
31,786.95,6,0,0,1,10.73,767,2,0,0.0747,0.0631,UPI,Electronics,0
36,1187.21,7,1,1,3,43.98,60,8,2,0.1897,0.1733,UPI,Electronics,0
39,1316.81,6,1,0,4,18.93,1383,5,0,0.197,0.0334,Cash on Delivery,Home,0
43,905.28,6,1,1,5,11.54,676,1,0,0.149,0.1757,UPI,Fashion,0
18,1222.61,8,4,1,3,20.14,727,5,1,0.3875,0.1576,Net Banking,Fashion,1
24,1376.18,8,0,0,2,11.72,1446,3,0,0.0375,0.0378,Credit Card,Beauty,0
51,2095.3,4,0,0,3,8.56,663,2,2,0.2117,0.0837,Debit Card,Accessories,1
48,763.7,6,0,0,1,10.1,405,0,1,0.1442,0.0653,Cash on Delivery,Beauty,0
18,787.05,11,9,2,1,31.59,98,2,1,0.6619,0.2029,Credit Card,Electronics,1
26,3299.98,12,0,0,3,25.17,968,4,1,0.0,0.0266,Debit Card,Fashion,0
24,2528.58,7,1,1,4,38.87,1022,6,7,0.3677,0.1479,UPI,Electronics,1
35,964.33,7,0,0,2,25.36,550,1,2,0.1643,0.0144,Credit Card,Fashion,0
49,1332.17,10,1,0,4,24.21,50,2,1,0.1368,0.0144,UPI,Grocery,0
45,325.91,8,0,0,3,6.46,615,2,0,0.063,0.0344,Credit Card,Home,0
31,1937.75,7,1,0,4,35.54,905,6,1,0.1581,0.0273,Net Banking,Grocery,0
41,850.67,2,0,0,2,6.65,704,1,0,0.1276,0.1119,UPI,Accessories,0
61,1618.28,7,0,0,4,7.53,786,2,0,0.0748,0.0254,Credit Card,Grocery,0
31,476.47,5,2,1,4,29.45,479,4,4,0.4549,0.2026,UPI,Fashion,1
35,1274.1,9,0,0,5,34.1,1898,2,0,0.0435,0.0158,Credit Card,Home,0
28,999.43,4,0,0,4,4.71,1153,3,0,0.1041,0.0759,UPI,Electronics,0
36,1986.28,10,0,0,3,23.73,435,3,1,0.0723,0.0468,UPI,Fashion,0
36,1454.04,5,0,0,2,7.76,1950,2,0,0.0657,0.0441,UPI,Electronics,0
29,764.79,5,0,0,3,13.9,679,1,0,0.0362,0.0511,Credit Card,Electronics,0
38,2909.65,15,6,0,3,18.51,919,0,1,0.4179,0.0434,Debit Card,Fashion,0
23,1112.13,9,1,0,3,7.82,1000,2,1,0.1773,0.0051,Debit Card,Home,0
28,1589.86,10,3,1,2,21.82,2000,2,3,0.3607,0.1139,Credit Card,Electronics,0
41,753.4,11,1,1,3,14.45,147,1,0,0.0902,0.1138,Credit Card,Fashion,1
24,904.25,6,0,0,4,15.03,135,4,1,0.1151,0.0086,Net Banking,Fashion,0
24,1772.59,6,5,1,6,32.97,351,8,1,0.6127,0.1695,Cash on Delivery,Fashion,0
18,1409.74,9,0,0,4,2.56,1045,4,1,0.0941,0.0,UPI,Home,0
42,1843.4,14,0,0,2,23.19,968,1,1,0.0906,0.0216,UPI,Electronics,0
18,1201.35,11,1,1,5,3.36,1248,1,1,0.1684,0.0979,Cash on Delivery,Home,0
18,1054.63,8,1,0,5,13.97,553,3,0,0.153,0.0618,Debit Card,Electronics,0
30,1420.68,13,0,0,3,13.02,915,1,1,0.1106,0.0447,Cash on Delivery,Electronics,0
37,1019.4,5,0,0,4,14.99,811,3,0,0.0872,0.0454,UPI,Fashion,0
46,1930.48,7,2,1,3,20.27,700,4,0,0.2042,0.1531,Net Banking,Fashion,0
35,1226.86,6,0,0,3,7.21,767,6,1,0.059,0.0493,Net Banking,Fashion,0
32,1120.97,5,0,0,6,11.97,371,2,1,0.0653,0.0498,UPI,Grocery,0
39,1039.36,11,0,0,2,1.09,1186,2,0,0.0467,0.079,UPI,Fashion,0
26,1037.13,3,0,0,4,22.42,304,4,0,0.0594,0.0819,UPI,Grocery,0
28,1519.73,1,0,0,6,16.52,1020,5,1,0.2243,0.16,UPI,Electronics,0
35,1005.81,11,0,0,4,21.91,283,5,1,0.055,0.0584,Credit Card,Beauty,0
23,1688.49,9,0,0,4,11.72,296,2,1,0.0813,0.0019,Net Banking,Fashion,0
35,779.71,8,1,0,5,8.17,1650,3,1,0.1943,0.0488,Debit Card,Grocery,0
27,1113.26,2,2,0,4,35.49,299,3,2,0.7418,0.0981,Credit Card,Home,1
33,526.57,9,0,0,2,5.53,743,5,2,0.0937,0.0575,Debit Card,Accessories,0
27,1348.31,3,0,0,1,9.01,1061,2,1,0.1356,0.0866,UPI,Beauty,0
41,1687.97,10,0,0,3,21.25,101,6,2,0.1156,0.0353,UPI,Fashion,1
35,1038.12,5,0,0,3,22.57,1499,1,1,0.1312,0.0876,UPI,Home,0
35,998.25,8,0,0,3,7.32,517,3,1,0.0731,0.0273,Credit Card,Fashion,0
45,2062.78,9,2,1,4,6.79,1035,4,2,0.2186,0.1126,Credit Card,Fashion,0
20,1419.85,13,1,0,3,31.92,1244,4,0,0.0716,0.0016,UPI,Fashion,0
33,601.51,7,0,0,5,7.83,888,2,0,0.035,0.0275,Debit Card,Fashion,0
27,1180.62,4,0,0,1,17.57,639,3,1,0.1197,0.0988,UPI,Fashion,1
42,3674.32,6,1,0,2,32.14,1035,2,0,0.2248,0.0568,Cash on Delivery,Beauty,0
41,1430.58,8,0,0,2,14.77,522,1,1,0.1216,0.0161,Cash on Delivery,Fashion,0
39,1142.21,11,1,1,3,6.25,1040,0,0,0.079,0.0946,Credit Card,Fashion,1
28,1340.2,4,0,0,4,11.23,233,4,1,0.1217,0.0616,UPI,Electronics,0
42,1816.97,8,2,2,1,6.76,989,1,0,0.1766,0.2233,Cash on Delivery,Beauty,0
34,1971.09,8,2,2,3,18.55,381,2,1,0.2476,0.2449,UPI,Grocery,0
20,1745.46,12,1,0,5,7.35,990,3,0,0.0843,0.0322,Debit Card,Beauty,0
18,1603.57,13,1,1,4,20.22,859,3,1,0.0725,0.0513,Debit Card,Home,1
23,1360.07,6,1,1,3,11.48,532,1,1,0.1896,0.1646,UPI,Home,1
34,977.38,9,0,0,5,13.85,310,2,1,0.1116,0.0471,Credit Card,Grocery,0
40,1713.2,7,3,0,3,18.17,178,0,0,0.3761,0.0388,Debit Card,Home,0
18,883.23,8,6,0,1,7.28,1520,0,1,0.6363,0.0375,UPI,Electronics,0
46,1321.62,12,1,1,4,12.08,436,3,0,0.0911,0.1286,UPI,Electronics,0
35,878.68,6,1,0,2,17.38,512,2,1,0.2256,0.0263,Debit Card,Home,0
20,1736.99,6,1,1,4,12.86,333,3,2,0.2547,0.1756,Credit Card,Accessories,0
35,1852.81,15,1,0,4,15.8,1313,5,1,0.0758,0.0013,UPI,Electronics,0
44,588.74,8,0,0,3,16.13,608,2,0,0.0548,0.0185,Debit Card,Beauty,0
39,1657.46,10,1,0,1,15.66,897,0,2,0.307,0.0259,Credit Card,Electronics,0
44,4232.36,5,0,0,4,23.58,345,1,1,0.1319,0.0313,Debit Card,Beauty,0
22,2860.24,10,2,2,3,11.01,924,2,0,0.1779,0.222,Cash on Delivery,Accessories,0
30,2162.12,9,0,0,2,14.43,501,4,0,0.0186,0.0386,UPI,Fashion,0
26,2098.41,13,7,3,1,11.1,1184,4,2,0.4768,0.1982,Credit Card,Home,0
49,1281.0,4,0,0,1,6.39,1328,2,0,0.1139,0.0654,Debit Card,Fashion,0
26,2899.68,4,0,0,4,16.41,198,8,1,0.1289,0.0547,Credit Card,Fashion,0
40,1251.84,10,2,2,3,12.25,486,2,0,0.1891,0.1958,Cash on Delivery,Fashion,1
60,1062.64,6,1,0,3,11.17,1040,0,2,0.3212,0.0453,Cash on Delivery,Home,1
46,794.92,3,0,0,2,26.56,331,4,6,0.2733,0.0729,UPI,Grocery,1
30,1876.9,6,0,0,3,14.57,1656,3,0,0.0828,0.026,Net Banking,Electronics,0
27,1355.06,12,0,0,1,19.02,529,3,0,0.0,0.0159,Net Banking,Home,0
33,1494.98,9,1,0,3,26.6,2711,6,0,0.1306,0.0089,Credit Card,Fashion,0
46,1476.12,8,0,0,2,26.11,490,0,1,0.0682,0.008,Debit Card,Grocery,0
31,2089.45,3,0,0,4,5.85,942,5,0,0.1269,0.0809,Net Banking,Electronics,0
35,1013.43,6,0,0,2,6.05,2166,0,0,0.0778,0.0752,UPI,Accessories,0
35,569.87,5,0,0,4,21.26,813,1,0,0.0507,0.0794,Credit Card,Fashion,0
34,810.54,4,0,0,1,17.11,733,4,0,0.0721,0.0407,UPI,Accessories,0
28,755.08,6,0,0,3,4.93,1249,1,0,0.0377,0.0686,UPI,Fashion,0
33,2346.19,7,0,0,2,29.38,1160,2,0,0.0212,0.0293,UPI,Home,0
32,2822.13,14,3,0,1,2.55,626,5,0,0.2005,0.0245,UPI,Accessories,1
34,1431.89,4,0,0,4,18.63,223,3,0,0.0,0.0524,UPI,Electronics,0
42,1392.77,7,0,0,1,11.5,752,3,0,0.086,0.0369,Debit Card,Fashion,0
50,1535.51,7,0,0,1,40.62,853,3,1,0.0954,0.0532,Credit Card,Beauty,0
26,3348.4,11,0,0,4,12.32,1237,3,0,0.0282,0.0228,Cash on Delivery,Electronics,0
30,2089.68,9,0,0,2,4.3,990,1,1,0.0773,0.0,UPI,Electronics,0
27,1036.46,8,2,0,4,20.94,656,4,0,0.2302,0.0466,Debit Card,Home,0
36,1059.53,8,0,0,4,6.88,898,4,1,0.0522,0.007,Debit Card,Beauty,1
29,3012.82,11,2,0,3,18.84,275,4,0,0.1674,0.044,Credit Card,Fashion,0
36,879.42,4,0,0,2,29.18,862,1,0,0.0851,0.0638,Net Banking,Electronics,0
44,819.5,6,0,0,3,18.81,943,0,1,0.1097,0.054,UPI,Electronics,0
18,1558.25,7,0,0,2,25.47,656,3,0,0.0489,0.0566,UPI,Accessories,1
38,1516.11,5,1,0,5,1.76,1062,1,1,0.2389,0.0836,Cash on Delivery,Home,1
30,959.66,5,0,0,2,22.27,1854,4,1,0.1196,0.0327,Net Banking,Fashion,0
33,1923.94,9,4,3,3,31.27,109,0,1,0.4698,0.3005,Cash on Delivery,Electronics,0
38,604.54,6,0,0,4,10.89,775,1,0,0.0688,0.073,Debit Card,Beauty,0
21,2585.46,7,4,0,3,23.12,147,6,5,0.5817,0.0059,Net Banking,Grocery,1
31,906.92,16,1,1,5,7.19,285,6,2,0.0973,0.074,Credit Card,Grocery,0
26,1857.37,8,0,0,3,19.26,1205,1,0,0.0523,0.0209,Cash on Delivery,Fashion,0
45,1053.54,9,0,0,4,10.33,1573,0,1,0.1343,0.0374,Credit Card,Grocery,0
42,2146.56,9,0,0,4,7.77,401,2,2,0.1512,0.0314,Credit Card,Accessories,0
33,1321.33,11,1,1,3,45.07,283,7,2,0.1383,0.1145,Cash on Delivery,Fashion,1
39,873.76,8,1,0,3,13.38,341,1,0,0.1677,0.0461,Debit Card,Fashion,0
23,3520.58,6,2,1,3,19.92,597,4,1,0.2854,0.1945,UPI,Grocery,1
41,928.23,7,1,0,4,17.45,596,2,0,0.1114,0.0377,Cash on Delivery,Accessories,1
27,1030.37,6,0,0,4,10.9,1615,1,0,0.029,0.0411,UPI,Home,0
28,1141.53,5,0,0,3,12.85,776,2,1,0.1246,0.0262,UPI,Fashion,0
41,2603.38,10,3,1,4,12.21,688,3,1,0.2638,0.1282,Cash on Delivery,Electronics,0
27,524.35,4,0,0,6,21.81,501,5,1,0.0799,0.0843,UPI,Accessories,0
47,1260.52,7,0,0,4,5.77,371,6,0,0.0223,0.0434,UPI,Electronics,1
21,658.61,9,1,1,4,19.35,961,4,3,0.2016,0.1373,Debit Card,Beauty,0
31,792.22,10,0,0,5,2.03,497,4,0,0.0388,0.0054,Net Banking,Electronics,0
39,696.56,12,0,0,6,18.51,671,4,0,0.0128,0.0239,UPI,Grocery,0
53,617.35,8,2,0,4,6.2,562,2,2,0.324,0.0259,UPI,Grocery,1
28,3114.25,8,0,0,4,5.03,627,3,0,0.0502,0.0132,Cash on Delivery,Fashion,0
35,1516.89,9,1,0,5,9.97,1510,1,0,0.1318,0.0128,Debit Card,Electronics,0
43,1872.79,10,0,0,3,7.16,560,1,1,0.0922,0.028,Credit Card,Home,1
43,1844.37,7,0,0,3,20.95,397,2,2,0.1286,0.0269,Credit Card,Fashion,1
31,817.56,8,1,1,3,38.94,1135,3,0,0.0891,0.104,UPI,Fashion,0
29,1275.96,13,0,0,3,30.01,621,1,0,0.0376,0.0,Debit Card,Fashion,0
32,1526.88,7,2,0,3,26.35,646,3,1,0.2825,0.0216,UPI,Electronics,0
47,2142.7,6,2,0,1,8.6,497,1,1,0.2792,0.0603,Credit Card,Grocery,0
31,1282.81,8,0,0,3,1.03,764,2,1,0.105,0.0254,Credit Card,Beauty,0
35,1108.87,4,0,0,3,19.24,1673,3,0,0.083,0.0541,Cash on Delivery,Accessories,0
30,288.92,10,0,0,4,2.85,1506,1,0,0.0111,0.0017,Credit Card,Electronics,0
40,1030.84,6,1,0,4,13.72,981,3,0,0.1537,0.0121,UPI,Home,0
35,889.96,5,0,0,3,21.78,551,4,0,0.0534,0.0533,UPI,Accessories,0
30,1953.47,5,1,0,6,43.74,100,3,3,0.3348,0.0279,Credit Card,Electronics,1
26,2204.52,9,2,2,2,21.02,209,5,2,0.2463,0.2093,UPI,Electronics,0
25,2900.43,7,0,0,5,11.36,1031,3,0,0.0544,0.0673,Cash on Delivery,Home,0
25,4005.57,11,0,0,4,14.15,1825,3,0,0.0332,0.0106,UPI,Home,0
41,711.25,5,1,0,1,26.89,205,2,4,0.3936,0.0844,UPI,Electronics,1
18,795.37,8,0,0,5,8.52,1064,2,3,0.1813,0.0,UPI,Beauty,0
27,2633.11,12,0,0,3,12.21,899,2,0,0.0227,0.0138,Credit Card,Electronics,0
41,4024.79,7,0,0,3,25.42,386,2,0,0.0334,0.0456,UPI,Grocery,0
46,970.2,9,0,0,2,12.78,1053,2,0,0.031,0.0586,Debit Card,Home,0
35,3989.01,6,0,0,4,40.27,274,4,4,0.1766,0.081,UPI,Home,0
40,692.59,8,1,0,3,25.55,1164,2,0,0.0986,0.0438,Credit Card,Fashion,0
39,631.72,0,0,0,5,8.41,836,2,2,0.4738,0.2511,Credit Card,Electronics,0
33,2552.78,8,3,1,3,3.86,236,2,0,0.3198,0.1745,Credit Card,Home,0
41,1754.1,9,0,0,2,7.14,1218,1,0,0.0369,0.0144,UPI,Accessories,0
24,1702.07,4,0,0,5,40.84,164,1,3,0.2105,0.0512,UPI,Electronics,1
37,976.75,9,1,0,2,13.56,979,2,1,0.1748,0.0442,Debit Card,Fashion,0
50,1846.45,12,2,0,2,2.92,899,3,0,0.2069,0.0442,Net Banking,Fashion,0
33,3606.03,5,0,0,3,3.68,984,2,2,0.1181,0.0554,Debit Card,Home,0
32,1587.13,2,0,0,1,48.8,62,2,3,0.2558,0.1409,UPI,Electronics,1
46,773.04,8,1,0,2,6.62,432,1,1,0.1769,0.0409,Cash on Delivery,Fashion,0
42,603.46,6,1,0,3,24.21,608,0,0,0.1304,0.0684,Net Banking,Fashion,0
41,1221.63,6,1,0,4,16.7,852,4,1,0.1697,0.0585,UPI,Fashion,0
18,1552.6,7,0,0,2,22.06,673,4,1,0.0793,0.0477,UPI,Fashion,0
42,1593.88,3,0,0,5,19.89,811,1,1,0.1377,0.1019,Cash on Delivery,Home,0
33,1146.92,4,1,0,4,13.98,527,3,1,0.2709,0.0698,UPI,Fashion,0
30,1758.62,4,0,0,4,10.38,726,3,2,0.1349,0.0544,UPI,Home,1
21,782.69,8,0,0,3,25.91,2014,4,1,0.0333,0.0332,Credit Card,Fashion,0
34,989.6,9,0,0,2,30.12,819,3,4,0.1839,0.0122,Credit Card,Electronics,1
34,674.63,10,1,0,4,5.6,645,4,0,0.0801,0.0279,UPI,Home,0
22,1945.82,13,0,0,4,5.04,392,3,0,0.0315,0.0336,Cash on Delivery,Fashion,0
21,786.74,11,0,0,4,22.95,1021,1,0,0.0023,0.0505,Debit Card,Fashion,0
38,889.4,7,0,0,3,11.68,809,3,0,0.0562,0.0509,UPI,Electronics,0
42,809.57,6,0,0,4,6.24,897,1,1,0.1203,0.0583,Cash on Delivery,Grocery,0
36,1135.66,7,0,0,5,14.45,472,3,1,0.0779,0.0063,Net Banking,Fashion,0
44,428.71,7,1,0,3,25.03,685,1,1,0.2145,0.0226,UPI,Fashion,0
39,2141.57,11,0,0,7,23.12,373,6,1,0.0786,0.0473,Credit Card,Grocery,0
33,687.45,8,1,0,5,13.01,745,3,0,0.1481,0.0465,Credit Card,Beauty,0
18,2827.14,8,1,1,4,45.58,376,7,2,0.1751,0.0881,Debit Card,Home,1
34,1087.18,9,0,0,4,33.95,975,2,1,0.0884,0.0397,Credit Card,Electronics,1
26,1462.39,5,0,0,4,10.55,2056,1,0,0.0675,0.0355,UPI,Beauty,0
20,1023.29,9,2,0,3,9.36,945,4,1,0.1975,0.0071,Debit Card,Accessories,0
51,828.59,8,0,0,4,16.56,1031,1,1,0.1117,0.0361,Cash on Delivery,Electronics,0
44,1003.77,2,0,0,3,9.64,466,2,0,0.1065,0.0415,UPI,Home,0
21,2472.6,5,0,0,2,12.37,263,1,0,0.0902,0.0771,Credit Card,Fashion,0
21,1547.51,8,2,0,5,7.83,487,8,2,0.2418,0.0235,Credit Card,Beauty,0
35,1399.94,5,1,0,6,22.12,970,1,0,0.1944,0.0566,UPI,Grocery,0
29,1939.47,6,3,2,3,11.32,825,6,3,0.4501,0.307,UPI,Electronics,1
29,1833.07,3,0,0,2,24.81,376,5,0,0.109,0.0649,Debit Card,Fashion,1
33,687.44,8,0,0,3,10.52,599,2,1,0.1138,0.0251,UPI,Home,0
32,2523.89,3,0,0,3,25.27,785,2,0,0.0769,0.0814,Debit Card,Grocery,0
30,1508.34,11,1,0,1,11.19,442,1,0,0.1264,0.0226,Cash on Delivery,Electronics,0
29,510.32,8,1,1,4,12.61,516,5,2,0.1547,0.1366,UPI,Grocery,1
37,3305.86,14,2,0,3,9.94,470,2,1,0.2324,0.038,UPI,Fashion,1
41,3417.23,4,1,0,1,19.25,2632,1,1,0.2895,0.0666,UPI,Accessories,0
38,644.34,5,0,0,6,5.99,1225,2,2,0.1759,0.0359,Cash on Delivery,Home,0
27,2539.14,6,4,1,4,41.46,909,6,4,0.6057,0.1661,UPI,Fashion,1
33,1928.55,5,1,0,5,8.5,840,1,0,0.1597,0.0422,UPI,Beauty,0
33,1553.93,8,1,1,4,5.59,616,1,1,0.2029,0.1256,Cash on Delivery,Grocery,0
42,896.04,11,0,0,4,8.71,2627,2,0,0.0,0.0,Cash on Delivery,Accessories,0
26,1933.09,7,0,0,4,4.27,205,5,4,0.1439,0.0489,Credit Card,Grocery,0
38,3138.14,6,0,0,3,10.42,744,2,2,0.1546,0.031,Credit Card,Grocery,0
35,1722.93,7,1,0,5,17.11,950,4,0,0.1503,0.0513,Credit Card,Fashion,0
34,1931.18,10,2,0,4,18.31,1607,1,1,0.2299,0.0304,UPI,Electronics,0
32,1155.17,9,2,0,5,15.01,206,2,4,0.3879,0.0,Credit Card,Grocery,0
37,3814.65,13,3,0,2,9.57,493,2,1,0.2144,0.0098,UPI,Accessories,0
38,1670.55,6,0,0,2,18.96,221,2,0,0.0456,0.0201,UPI,Accessories,0
30,1375.02,7,0,0,3,9.57,1486,4,0,0.0737,0.0279,Net Banking,Home,1
41,783.59,13,3,2,1,10.95,1459,0,1,0.2535,0.1454,Credit Card,Fashion,0
24,2287.03,5,0,0,5,4.7,302,0,1,0.1391,0.0061,Credit Card,Home,0
25,637.58,5,2,0,7,27.64,579,6,2,0.3624,0.0017,Credit Card,Electronics,1
30,2117.01,7,2,1,5,5.08,990,3,0,0.2422,0.1289,UPI,Grocery,0
49,5017.35,6,3,0,4,47.07,1145,3,1,0.3919,0.0412,UPI,Grocery,0
39,1034.89,7,1,0,4,4.95,715,3,1,0.1352,0.0278,Credit Card,Fashion,0
24,713.61,7,0,0,3,4.09,535,0,1,0.0895,0.0655,UPI,Fashion,0
20,2525.17,13,0,0,5,3.53,834,6,0,0.0161,0.0601,Net Banking,Home,0
35,815.85,10,0,0,2,10.06,1386,2,1,0.1157,0.0288,Cash on Delivery,Beauty,0
19,819.65,10,3,1,1,11.29,964,2,0,0.2298,0.1094,Credit Card,Beauty,0
22,1282.08,15,0,0,5,8.65,319,2,0,0.0319,0.0139,Credit Card,Beauty,0
41,5672.64,9,0,0,3,2.03,936,2,1,0.1023,0.0782,Credit Card,Electronics,0
45,1091.73,7,0,0,3,24.73,239,2,1,0.0581,0.0397,UPI,Beauty,0
32,2405.2,7,2,0,2,9.69,629,4,1,0.2926,0.0483,Net Banking,Fashion,0
46,728.21,8,3,1,2,20.19,918,0,0,0.3313,0.1148,UPI,Home,0
23,985.17,9,0,0,3,16.48,1398,1,1,0.1461,0.0568,UPI,Fashion,0
33,573.89,14,0,0,2,9.89,1418,1,1,0.1081,0.0136,Cash on Delivery,Home,0
38,1189.24,12,0,0,1,9.84,580,3,2,0.0637,0.0189,UPI,Fashion,0
23,1712.45,10,1,0,4,20.3,454,0,1,0.1858,0.0418,UPI,Fashion,0
43,1830.36,9,0,0,3,10.9,759,1,0,0.0372,0.037,Credit Card,Accessories,0
39,1943.13,10,0,0,3,8.58,907,1,0,0.0644,0.0657,UPI,Electronics,0
20,1597.07,7,0,0,2,6.11,499,0,1,0.0801,0.0148,Credit Card,Fashion,0
34,1175.57,7,1,0,4,2.7,1712,4,1,0.1569,0.0272,UPI,Grocery,0
37,859.24,7,0,0,3,2.79,756,3,1,0.0933,0.0077,UPI,Accessories,0
29,2953.7,5,0,0,3,2.2,2192,7,0,0.024,0.0227,Credit Card,Beauty,0
21,1403.4,9,0,0,4,9.42,687,4,0,0.0249,0.0455,Credit Card,Electronics,0
37,1067.09,10,1,1,1,10.44,906,2,1,0.1758,0.094,Credit Card,Home,0
54,1588.9,4,0,0,3,18.06,456,2,2,0.1313,0.0727,Debit Card,Fashion,0
31,1388.01,14,3,0,4,3.45,1268,3,0,0.1932,0.0,UPI,Home,0
48,1254.28,10,1,0,3,7.86,1152,2,0,0.1019,0.0476,Cash on Delivery,Electronics,0
27,1495.81,7,1,0,3,10.35,458,2,1,0.2073,0.0069,Credit Card,Fashion,1
36,2284.92,10,0,0,4,26.37,902,5,1,0.0838,0.0332,UPI,Home,0
41,893.58,10,0,0,4,11.24,1019,4,1,0.0443,0.025,UPI,Accessories,0
34,2009.66,8,0,0,6,29.06,1124,2,1,0.0735,0.0573,Debit Card,Electronics,0
31,966.61,7,0,0,3,3.05,1849,1,1,0.1212,0.0336,UPI,Grocery,0
40,673.24,6,2,2,4,29.03,302,5,3,0.3529,0.3253,Credit Card,Beauty,1
41,1958.61,6,1,0,5,20.75,2336,4,0,0.1613,0.0458,Debit Card,Electronics,0
51,734.9,9,0,0,4,27.11,899,2,0,0.0827,0.0116,Credit Card,Grocery,0
34,1491.41,4,0,0,5,15.72,285,2,1,0.1587,0.0517,Credit Card,Electronics,1
37,1050.21,6,0,0,5,4.62,1368,3,0,0.0728,0.0256,Credit Card,Electronics,0
29,933.2,14,0,0,4,20.2,573,3,0,0.0633,0.0242,Net Banking,Fashion,0
32,1523.75,4,0,0,3,8.02,1974,2,0,0.092,0.0439,UPI,Home,0
57,1645.86,8,0,0,3,2.66,697,2,1,0.0867,0.0281,Debit Card,Home,1
35,1989.37,9,0,0,4,16.86,1055,3,0,0.0161,0.036,Credit Card,Fashion,0
45,569.64,2,2,1,5,31.97,438,6,6,0.8185,0.4191,Credit Card,Electronics,1
29,1163.74,8,1,1,2,9.98,780,6,0,0.1108,0.1275,Credit Card,Electronics,1
24,960.14,8,0,0,3,9.88,1494,2,0,0.0695,0.0363,Cash on Delivery,Fashion,0
18,2511.39,10,1,1,2,6.31,262,4,1,0.1361,0.0901,Debit Card,Home,0
37,1203.73,10,2,0,4,2.68,578,1,2,0.266,0.0533,UPI,Grocery,0
40,1237.75,10,2,0,3,16.41,1049,1,1,0.221,0.0495,Credit Card,Beauty,1
27,1419.43,11,0,0,3,36.58,708,8,1,0.0887,0.0641,Credit Card,Fashion,1
22,370.13,4,2,2,3,28.15,901,4,2,0.3975,0.45,Cash on Delivery,Electronics,1
30,1158.77,17,2,0,4,2.43,1721,2,0,0.1173,0.0194,Debit Card,Accessories,0
25,1206.16,2,0,0,4,40.82,264,3,2,0.2116,0.0917,UPI,Beauty,1
34,3439.34,7,1,0,1,9.79,302,3,0,0.1256,0.0167,UPI,Beauty,0
23,1305.45,11,0,0,4,6.69,1012,1,1,0.0841,0.0419,Credit Card,Accessories,0
35,3118.68,8,0,0,2,8.52,555,1,2,0.1311,0.0372,UPI,Fashion,0
38,868.96,4,1,0,4,14.58,346,2,0,0.2159,0.0701,UPI,Electronics,0
29,503.86,8,1,0,6,17.21,1023,2,0,0.152,0.057,Cash on Delivery,Home,0
49,1681.14,9,2,0,3,17.1,1922,1,1,0.2262,0.0574,Cash on Delivery,Home,0
26,2577.19,13,0,0,2,12.55,854,3,1,0.032,0.0317,UPI,Electronics,0
37,1378.62,9,1,1,4,19.1,1264,3,0,0.102,0.1244,Credit Card,Grocery,1
42,859.72,9,1,1,2,13.86,500,2,1,0.1312,0.1302,Debit Card,Fashion,0
21,517.31,8,5,1,3,35.12,165,8,1,0.4764,0.1706,Debit Card,Home,1
33,1513.87,9,0,0,2,13.12,296,2,0,0.0,0.0371,UPI,Grocery,0
32,911.04,15,0,0,5,13.31,520,1,0,0.0151,0.0258,UPI,Accessories,1
21,774.37,9,1,1,3,15.2,902,3,1,0.2157,0.1421,Cash on Delivery,Fashion,1
46,2355.57,7,0,0,3,18.65,743,3,3,0.145,0.0509,UPI,Fashion,0
32,1748.77,6,0,0,1,3.95,370,2,0,0.1036,0.081,UPI,Fashion,0
39,1167.19,7,1,0,2,20.88,442,5,1,0.1326,0.0149,UPI,Fashion,0
40,1050.8,10,2,0,4,11.02,1167,3,0,0.2001,0.0092,UPI,Grocery,0
28,1226.83,2,0,0,3,11.15,1658,2,0,0.1488,0.0844,Credit Card,Fashion,0
32,866.56,12,3,0,3,1.87,975,2,0,0.217,0.0086,UPI,Fashion,0
46,783.16,5,0,0,3,5.92,840,3,0,0.0575,0.0604,Cash on Delivery,Electronics,0
24,899.96,6,1,0,4,11.85,550,2,0,0.1746,0.0625,UPI,Home,0
53,927.42,12,0,0,1,18.77,134,3,1,0.0398,0.0012,Debit Card,Home,0
27,759.22,2,0,0,5,12.36,1470,2,0,0.0765,0.0541,Credit Card,Beauty,0
23,1152.57,6,1,0,3,10.2,768,2,0,0.156,0.0547,Credit Card,Home,0
35,1217.61,9,1,1,4,7.82,2438,2,1,0.1781,0.1,UPI,Electronics,1
30,806.79,6,0,0,4,8.79,350,9,0,0.0434,0.0627,Net Banking,Home,0
54,838.96,10,0,0,4,4.89,686,1,1,0.1054,0.0056,Net Banking,Accessories,0
18,665.35,10,1,0,2,20.82,870,3,1,0.1686,0.0624,Credit Card,Electronics,0
33,542.09,4,0,0,3,24.69,761,2,1,0.1078,0.0745,UPI,Fashion,0
38,999.27,8,0,0,2,9.97,485,5,1,0.1146,0.0512,Credit Card,Home,0
34,1105.08,6,0,0,4,2.91,1372,3,0,0.0159,0.0266,UPI,Electronics,0
31,2666.13,3,1,1,2,31.03,278,8,2,0.3571,0.3083,Cash on Delivery,Home,1
31,3272.23,4,0,0,3,21.67,506,1,3,0.2643,0.0505,Debit Card,Electronics,0
37,3900.23,4,0,0,3,11.28,409,2,1,0.1159,0.0278,Credit Card,Home,0
28,543.51,6,0,0,2,4.77,753,4,0,0.1054,0.0398,Debit Card,Beauty,0
29,2134.98,10,2,0,2,16.89,500,3,0,0.1328,0.0153,UPI,Electronics,0
33,906.41,7,1,1,5,5.3,674,3,0,0.1548,0.1644,Debit Card,Accessories,0
24,460.18,11,1,1,1,7.12,1031,1,0,0.0907,0.1139,Cash on Delivery,Beauty,0
34,406.95,9,0,0,2,20.82,2245,2,0,0.0,0.0324,Net Banking,Home,0
31,2311.19,3,0,0,3,12.16,1444,3,1,0.1163,0.0818,Credit Card,Electronics,0
30,1193.72,5,1,0,3,16.0,979,0,0,0.1647,0.0429,Credit Card,Electronics,0
37,1918.53,8,1,0,1,1.01,982,0,1,0.2192,0.0263,Credit Card,Beauty,0
18,1126.9,6,0,0,4,19.91,232,4,0,0.0612,0.0697,UPI,Fashion,0
32,536.24,7,0,0,3,12.14,1625,3,1,0.1025,0.0054,UPI,Beauty,1
55,628.74,5,0,0,2,11.77,1145,1,0,0.0379,0.0,Credit Card,Fashion,0
29,2356.54,7,4,1,2,41.97,186,3,3,0.5256,0.1753,UPI,Home,0
24,798.15,9,2,0,4,12.25,1202,4,0,0.2426,0.0201,UPI,Grocery,0
46,1104.62,6,0,0,3,12.37,129,0,3,0.2844,0.0651,UPI,Home,1
34,1477.95,9,0,0,4,23.92,931,2,0,0.0804,0.0306,Debit Card,Fashion,0
29,623.58,6,0,0,2,14.89,500,2,0,0.0604,0.0424,Credit Card,Fashion,0
22,530.57,10,0,0,1,5.72,827,0,0,0.0344,0.0128,Credit Card,Grocery,0
35,775.42,6,1,0,4,12.89,698,2,2,0.2447,0.0625,Debit Card,Electronics,0
30,1448.76,6,5,0,5,17.22,158,7,0,0.5999,0.0531,Credit Card,Grocery,1
47,682.3,7,0,0,3,20.99,970,1,0,0.0592,0.0187,UPI,Home,0
30,761.27,11,1,0,5,9.87,867,2,0,0.0767,0.0152,Credit Card,Electronics,0
33,700.12,9,1,1,3,27.08,417,2,2,0.1559,0.1143,Debit Card,Fashion,0
43,2492.47,3,0,0,5,10.55,354,1,3,0.2647,0.083,UPI,Home,0
43,717.57,7,2,1,3,15.7,1173,0,0,0.2571,0.171,Cash on Delivery,Electronics,0
34,1822.85,3,1,0,4,4.44,190,6,1,0.3172,0.0599,UPI,Beauty,1
36,1149.11,2,0,0,4,12.75,914,7,1,0.1487,0.1021,UPI,Electronics,1
37,1345.71,11,1,1,6,6.43,558,0,0,0.0869,0.1429,Credit Card,Home,0
31,1206.07,5,3,0,6,42.59,419,5,0,0.3999,0.0448,UPI,Electronics,1
18,1904.57,8,4,1,3,6.59,212,3,3,0.5261,0.1396,UPI,Electronics,1
20,1142.03,6,1,0,2,17.76,1183,1,0,0.2023,0.0,Debit Card,Beauty,0
35,2014.97,6,0,0,1,8.57,504,0,1,0.1344,0.0532,UPI,Grocery,0
48,1638.61,10,0,0,3,5.27,580,3,0,0.0701,0.0442,Cash on Delivery,Home,0
34,765.59,6,2,0,3,8.49,776,0,0,0.2353,0.0,UPI,Fashion,1
18,2214.55,7,0,0,2,14.61,809,3,0,0.0738,0.0033,Net Banking,Home,0
37,1594.58,5,2,0,2,16.07,761,0,0,0.3047,0.0437,Debit Card,Beauty,0
32,1592.6,3,0,0,5,9.39,491,3,0,0.1093,0.1035,Debit Card,Grocery,0
18,666.17,7,0,0,3,10.45,2365,2,1,0.102,0.0323,UPI,Beauty,0
19,1625.71,8,0,0,1,16.53,550,1,0,0.0001,0.0331,Debit Card,Accessories,1
18,858.11,7,1,0,2,33.33,401,6,1,0.1548,0.0443,Cash on Delivery,Fashion,1
43,2726.94,12,2,1,5,3.53,427,1,1,0.2287,0.1041,UPI,Electronics,0
27,966.17,3,2,0,2,19.47,404,2,1,0.5209,0.101,Credit Card,Home,0
26,1467.93,5,0,0,3,11.92,503,0,0,0.0806,0.0046,UPI,Home,0
34,933.67,3,0,0,2,5.96,347,0,0,0.0525,0.0678,Cash on Delivery,Fashion,0
46,1188.5,7,1,1,4,12.65,961,4,0,0.1349,0.1542,Cash on Delivery,Accessories,1
28,587.12,6,1,1,2,12.47,1031,0,1,0.2101,0.1652,UPI,Fashion,0
35,1256.89,9,4,0,2,11.31,569,1,0,0.3407,0.0173,Debit Card,Electronics,1
25,620.16,9,2,2,4,38.03,118,3,1,0.2196,0.2409,Debit Card,Fashion,1
24,1565.27,8,3,3,4,16.98,158,6,1,0.3012,0.3551,Credit Card,Beauty,0
32,1228.76,13,0,0,4,2.42,969,2,1,0.0448,0.0263,Cash on Delivery,Accessories,0
23,1479.13,9,0,0,3,17.63,543,2,0,0.0455,0.0338,UPI,Grocery,0
29,856.48,6,1,0,4,11.51,1010,2,3,0.286,0.0297,UPI,Fashion,1
38,1282.74,9,2,0,2,20.48,1700,2,0,0.1584,0.0431,UPI,Electronics,0
34,5302.44,7,0,0,1,33.11,393,1,2,0.1938,0.0674,Debit Card,Electronics,0
33,1844.9,8,1,1,4,29.32,1438,1,0,0.1306,0.1684,UPI,Beauty,0
31,1025.75,5,0,0,2,44.22,63,6,2,0.1218,0.0511,UPI,Home,1
51,1442.48,10,3,0,3,14.7,1421,4,0,0.236,0.0712,Credit Card,Beauty,0
41,1343.8,13,0,0,2,6.11,1158,3,0,0.0109,0.0408,Cash on Delivery,Accessories,0
33,305.62,3,3,2,5,29.1,360,5,1,0.6763,0.5704,Debit Card,Beauty,1
42,823.1,9,0,0,3,5.44,516,4,1,0.1081,0.0,Cash on Delivery,Electronics,0
34,3674.4,3,1,1,2,17.3,413,0,1,0.3714,0.3422,Credit Card,Fashion,1
43,1078.95,8,2,1,2,48.73,718,5,6,0.412,0.1481,Credit Card,Fashion,1
33,3783.66,6,1,1,3,7.47,273,3,1,0.2132,0.1836,Credit Card,Beauty,0
36,1670.17,11,0,0,3,1.5,441,5,0,0.0155,0.0235,UPI,Electronics,0
30,3321.51,11,1,1,5,10.67,1526,5,0,0.084,0.141,Debit Card,Home,0
41,1739.48,11,2,0,4,11.24,1376,1,0,0.224,0.0374,Net Banking,Grocery,0
33,2371.54,10,1,0,1,6.31,683,1,2,0.2026,0.0236,Cash on Delivery,Accessories,0
36,1091.1,5,0,0,1,10.01,1012,4,0,0.1011,0.0416,Net Banking,Electronics,0
41,3158.54,5,1,1,3,12.7,292,6,4,0.33,0.2239,UPI,Electronics,1
35,770.32,5,0,0,3,15.4,1249,3,2,0.1301,0.0594,UPI,Grocery,0
34,1158.83,10,2,1,3,42.0,882,2,1,0.1779,0.1402,UPI,Grocery,1
60,539.82,8,0,0,2,4.58,351,2,0,0.0755,0.0249,UPI,Grocery,0
28,502.59,11,1,0,2,17.84,715,2,0,0.083,0.0379,Credit Card,Home,1
23,1394.24,6,2,1,3,34.95,287,5,1,0.2946,0.1675,Debit Card,Electronics,0
28,1008.54,5,0,0,3,9.44,547,1,0,0.0401,0.0352,Credit Card,Fashion,0
40,1888.03,5,1,0,4,22.25,647,5,2,0.2442,0.0647,UPI,Electronics,1
29,1043.46,8,1,0,4,17.85,902,2,0,0.1127,0.0344,Credit Card,Electronics,0
31,1396.04,9,0,0,4,12.2,799,3,0,0.0926,0.0144,UPI,Beauty,0
24,703.0,8,0,0,3,5.35,285,1,1,0.1183,0.0521,UPI,Electronics,0
38,2018.08,12,0,0,4,13.02,1714,0,1,0.0831,0.0126,UPI,Electronics,0
39,493.8,12,0,0,4,9.48,477,2,1,0.0953,0.0475,Credit Card,Electronics,0
37,939.34,10,2,0,6,26.18,838,3,4,0.3438,0.0285,UPI,Grocery,1
26,882.01,9,1,1,4,27.37,259,3,1,0.1708,0.0952,UPI,Fashion,0
31,456.88,10,1,1,4,8.77,494,4,0,0.0861,0.1176,Net Banking,Fashion,0
28,2534.04,5,0,0,4,34.82,126,2,2,0.1013,0.0344,UPI,Beauty,0
40,1196.97,4,0,0,4,12.6,308,1,1,0.1205,0.0389,UPI,Fashion,0
18,2882.22,9,0,0,5,3.5,1129,0,0,0.0217,0.0,UPI,Grocery,0
28,529.06,7,0,0,2,9.54,336,4,0,0.0,0.0766,Cash on Delivery,Accessories,0
32,3034.8,6,0,0,2,19.21,759,2,2,0.1566,0.0277,Net Banking,Home,0
23,979.72,4,0,0,5,12.72,1288,2,1,0.1029,0.0691,UPI,Home,0
18,1513.61,6,1,0,3,23.51,3000,2,2,0.3226,0.0246,Cash on Delivery,Electronics,1
31,914.28,9,0,0,4,34.34,1024,2,1,0.1023,0.0374,Cash on Delivery,Accessories,0
40,1896.26,10,1,0,4,35.11,877,3,0,0.1313,0.0332,Cash on Delivery,Home,0
46,685.46,7,0,0,2,15.4,2151,1,0,0.0209,0.0,Net Banking,Home,0
29,431.25,9,1,1,4,14.45,587,2,0,0.0673,0.1108,UPI,Electronics,1
20,924.07,7,1,1,4,27.15,163,2,2,0.2181,0.1255,Net Banking,Beauty,0
41,3374.96,6,0,0,3,13.94,1510,1,0,0.0669,0.0749,Credit Card,Accessories,0
40,1131.1,10,1,0,3,15.02,673,4,0,0.0843,0.0151,UPI,Electronics,1
45,1066.95,12,2,0,3,4.15,3000,1,0,0.1383,0.0132,Debit Card,Beauty,0
31,1132.06,3,1,0,3,12.45,1815,2,1,0.3491,0.0545,UPI,Fashion,0
18,1079.66,7,0,0,2,21.72,490,4,1,0.117,0.0176,UPI,Home,0
35,1166.75,12,3,0,2,16.14,1306,3,0,0.1824,0.038,Debit Card,Home,0
18,588.5,14,3,3,4,25.26,1019,6,1,0.233,0.2485,Net Banking,Accessories,1
25,336.06,3,0,0,3,29.24,668,1,0,0.0843,0.0513,Credit Card,Beauty,0
29,598.35,5,2,2,5,28.79,800,1,2,0.4442,0.3694,UPI,Fashion,1
27,1539.35,9,0,0,1,18.43,1075,2,1,0.0654,0.0391,Credit Card,Fashion,0
31,416.77,7,0,0,1,5.54,1052,3,0,0.0391,0.0316,UPI,Fashion,0
21,1002.19,5,2,2,5,13.92,179,3,1,0.3685,0.3777,Debit Card,Home,0
31,1175.57,7,2,0,3,4.39,141,5,0,0.216,0.0185,UPI,Fashion,0
35,1863.12,9,0,0,3,8.92,1319,2,0,0.0095,0.0086,Debit Card,Home,0
40,1868.83,4,0,0,6,11.98,271,5,0,0.0293,0.0455,Debit Card,Accessories,0
36,3651.53,2,1,1,6,10.4,498,7,1,0.4297,0.4392,UPI,Beauty,1
31,1850.56,6,0,0,3,11.36,1170,1,2,0.1789,0.0477,Credit Card,Fashion,0
38,1221.15,10,5,0,2,17.22,1137,1,0,0.3937,0.0283,Credit Card,Home,0
34,1128.54,10,0,0,2,12.13,1061,3,0,0.0756,0.0308,Cash on Delivery,Accessories,0
27,275.76,3,0,0,4,25.62,179,7,2,0.1801,0.0636,UPI,Electronics,1
42,1542.73,7,0,0,5,14.01,871,0,0,0.0273,0.0449,Net Banking,Grocery,0
32,985.38,9,0,0,1,7.71,1167,2,0,0.0453,0.0563,Debit Card,Fashion,0
33,1899.02,10,0,0,2,7.21,1010,3,1,0.0722,0.0,Debit Card,Fashion,0
31,462.55,9,1,0,4,9.22,388,2,1,0.1814,0.0215,UPI,Accessories,0
33,1543.52,9,0,0,1,24.6,570,3,0,0.0372,0.0056,UPI,Home,0
27,696.13,8,2,0,3,4.86,585,5,0,0.2229,0.0522,UPI,Home,0
26,1994.69,4,1,0,4,6.05,430,2,1,0.2805,0.047,Net Banking,Grocery,0
41,1039.09,6,2,1,2,11.07,1389,0,2,0.4705,0.199,Debit Card,Fashion,0
31,1297.85,5,0,0,6,36.39,1131,5,1,0.1034,0.0069,UPI,Electronics,0
24,883.75,14,2,0,2,21.69,711,2,0,0.0868,0.0247,UPI,Electronics,0
40,981.93,6,3,1,2,29.84,202,3,7,0.6848,0.1478,UPI,Beauty,0
31,1735.11,4,0,0,4,4.52,614,2,0,0.0872,0.0323,Credit Card,Home,0
18,2315.19,10,2,2,3,24.73,131,8,1,0.2136,0.2029,Net Banking,Home,0
43,477.18,10,1,0,2,5.29,848,2,1,0.1452,0.0141,Debit Card,Accessories,0
31,1715.56,5,0,0,3,29.77,114,2,0,0.0358,0.0416,Cash on Delivery,Fashion,0
23,1957.6,4,1,1,2,27.12,223,2,3,0.3797,0.2589,Credit Card,Electronics,1
30,2051.64,2,0,0,3,7.45,382,7,1,0.1478,0.0701,Debit Card,Fashion,0
41,1152.27,7,0,0,1,7.12,789,4,1,0.0756,0.0754,UPI,Home,0
29,938.24,9,2,0,5,6.47,1213,1,2,0.3092,0.009,UPI,Accessories,0
25,1085.35,7,2,2,3,17.19,698,3,1,0.337,0.2716,Net Banking,Accessories,1
20,892.44,7,0,0,2,19.86,423,2,1,0.1409,0.0294,UPI,Accessories,0
46,1200.36,1,0,0,4,4.35,482,3,1,0.2183,0.1254,Debit Card,Electronics,0
24,580.16,5,1,0,2,14.55,1100,2,0,0.2527,0.0339,UPI,Beauty,0
32,1936.81,9,0,0,6,28.59,133,8,4,0.1283,0.0194,UPI,Grocery,1
41,1001.51,4,0,0,4,2.62,922,5,0,0.0808,0.0917,Net Banking,Accessories,0
25,708.1,13,1,1,2,25.58,524,1,2,0.2351,0.0713,UPI,Electronics,0
46,1025.29,5,0,0,4,23.34,1288,1,0,0.0225,0.0335,Credit Card,Fashion,0
54,1157.27,9,1,1,3,24.54,2348,2,1,0.13,0.1309,Credit Card,Home,1
19,1303.73,15,2,2,4,19.38,1069,4,0,0.0967,0.1406,Debit Card,Home,0
24,1502.38,10,1,1,3,14.79,713,1,0,0.0946,0.119,Debit Card,Home,0
41,1356.29,12,1,0,4,16.0,36,3,1,0.1295,0.0152,UPI,Electronics,0
38,1780.91,9,5,2,5,46.62,460,6,2,0.471,0.2448,UPI,Electronics,1
39,1165.07,9,0,0,2,26.75,1166,1,2,0.1482,0.0109,Cash on Delivery,Fashion,0
41,705.41,7,1,0,3,5.5,929,2,1,0.1999,0.0096,UPI,Accessories,0
29,1586.65,7,0,0,3,6.49,657,1,0,0.043,0.0187,UPI,Home,0
36,1043.27,7,0,0,4,42.43,106,5,3,0.1153,0.0438,UPI,Beauty,0
52,1041.97,7,0,0,4,2.28,2264,3,1,0.054,0.035,Debit Card,Grocery,0
35,500.63,8,0,0,3,1.85,1578,2,0,0.0415,0.0627,UPI,Electronics,0
23,490.29,13,0,0,3,26.36,986,0,0,0.0182,0.0527,Credit Card,Fashion,0
30,1818.96,2,0,0,4,54.32,650,4,1,0.1507,0.1205,UPI,Home,0
32,2650.12,5,0,0,4,12.86,250,2,4,0.2671,0.0539,Debit Card,Beauty,0
23,1662.07,7,0,0,5,5.71,579,2,0,0.0569,0.0295,UPI,Accessories,0
31,1691.05,9,1,1,3,18.88,538,9,0,0.1109,0.1371,UPI,Beauty,1
48,1036.22,6,2,0,5,15.7,757,4,1,0.2836,0.0115,UPI,Beauty,0
28,1760.67,9,1,0,6,15.69,700,1,2,0.283,0.0,UPI,Fashion,0
38,1738.53,8,0,0,3,18.86,988,2,1,0.04,0.0303,Debit Card,Fashion,1
30,1931.02,6,2,0,2,38.52,459,3,0,0.2735,0.034,UPI,Beauty,0
28,1300.86,10,0,0,5,12.03,376,1,2,0.1821,0.0,Net Banking,Electronics,0
18,262.31,12,1,0,2,5.7,1588,1,2,0.1511,0.0,UPI,Accessories,0
39,817.28,4,0,0,5,10.13,324,3,0,0.0272,0.0798,Credit Card,Electronics,0
46,1980.45,9,1,0,2,23.81,2353,2,1,0.1958,0.0297,Debit Card,Home,0
32,1161.67,6,1,0,3,16.29,585,6,3,0.2649,0.0268,UPI,Electronics,1
26,1378.92,8,1,0,2,21.08,934,4,0,0.1547,0.0371,UPI,Accessories,0
20,1389.0,7,1,0,2,13.93,1121,4,0,0.0948,0.0565,Cash on Delivery,Fashion,0
41,1869.5,2,0,0,4,23.85,704,4,1,0.1063,0.0871,UPI,Grocery,0
19,1866.47,12,1,1,6,26.27,1128,7,0,0.119,0.1175,Cash on Delivery,Electronics,0
45,2892.09,8,0,0,2,13.08,1481,3,0,0.0176,0.0348,Debit Card,Accessories,0
26,828.68,3,0,0,1,23.45,1056,2,0,0.0798,0.0816,Debit Card,Beauty,0
18,2415.21,8,2,1,6,18.67,355,4,5,0.4176,0.1152,UPI,Electronics,1
24,2637.07,7,0,0,3,4.17,439,1,0,0.0404,0.0224,Cash on Delivery,Fashion,0
28,918.71,4,1,0,3,31.57,422,1,3,0.4133,0.0787,UPI,Accessories,1
31,3624.04,2,0,0,5,25.89,446,5,2,0.2259,0.1164,UPI,Home,1
36,3682.51,3,0,0,2,3.33,180,2,0,0.0804,0.0846,Net Banking,Grocery,0
25,1224.8,6,0,0,4,13.95,889,1,0,0.0111,0.0573,UPI,Accessories,0
33,1359.5,3,0,0,3,27.07,336,5,4,0.2186,0.0653,Credit Card,Grocery,1
22,849.67,9,2,2,6,44.96,400,6,4,0.2987,0.2305,UPI,Grocery,1
28,484.29,9,1,0,3,11.54,741,3,1,0.1578,0.0565,UPI,Beauty,0
37,454.28,7,2,1,3,22.06,970,1,0,0.2228,0.172,UPI,Beauty,0
18,1673.23,9,3,1,4,28.54,1230,3,1,0.3128,0.1529,Net Banking,Home,0
19,1878.5,5,2,1,2,25.43,104,6,2,0.3623,0.2053,Cash on Delivery,Accessories,0
49,1139.13,4,0,0,2,15.44,481,5,0,0.1075,0.0772,Credit Card,Electronics,0
34,1321.52,10,1,1,2,6.28,165,3,0,0.1002,0.1142,UPI,Beauty,0
27,3037.96,5,2,1,5,28.04,137,2,5,0.5328,0.2173,Debit Card,Fashion,1
22,1526.57,6,0,0,5,26.1,774,2,1,0.0725,0.0085,UPI,Fashion,0
25,846.35,5,0,0,5,11.12,680,2,1,0.1194,0.0484,UPI,Fashion,1
43,840.8,5,0,0,1,9.08,420,4,0,0.0355,0.065,UPI,Beauty,0
45,1855.82,8,3,2,5,9.86,369,6,1,0.376,0.251,Credit Card,Home,1
39,1097.48,8,0,0,5,21.26,1241,2,1,0.0652,0.0537,UPI,Electronics,1
46,760.04,9,0,0,4,10.58,876,2,0,0.0747,0.0241,UPI,Beauty,0
28,1111.32,5,0,0,3,13.11,1507,3,0,0.0714,0.0,UPI,Accessories,1
37,3267.23,9,0,0,3,6.28,1250,2,1,0.1207,0.0662,UPI,Electronics,0
38,705.43,9,1,0,4,9.13,1327,2,0,0.1068,0.0,UPI,Fashion,0
40,502.39,7,0,0,3,25.4,637,2,1,0.1011,0.0493,UPI,Accessories,0
44,1805.54,10,1,1,3,3.06,276,2,1,0.1948,0.1262,Cash on Delivery,Electronics,0
22,1728.43,5,1,0,4,18.02,123,5,0,0.1716,0.0673,UPI,Electronics,0
38,1896.67,6,2,0,4,9.31,267,5,2,0.3128,0.0538,Cash on Delivery,Home,0
28,1480.01,12,0,0,5,17.02,645,0,0,0.0534,0.0,Debit Card,Beauty,0
33,1794.55,14,0,0,2,0.67,1534,4,0,0.0355,0.0267,Cash on Delivery,Home,0
29,1225.19,6,0,0,4,30.84,437,0,1,0.1088,0.0448,Credit Card,Fashion,0
42,1424.14,9,2,0,4,35.03,116,3,2,0.2575,0.0217,Cash on Delivery,Beauty,1
34,2523.62,6,0,0,2,17.22,998,2,1,0.1252,0.0394,Cash on Delivery,Accessories,0
40,668.12,3,0,0,3,21.46,288,3,0,0.1477,0.0714,UPI,Home,0
19,2720.13,11,1,1,1,9.38,495,2,0,0.0649,0.1178,UPI,Home,0
44,1004.36,5,0,0,4,37.99,1869,3,1,0.0853,0.0216,UPI,Beauty,0
24,742.65,6,0,0,2,31.87,1476,0,1,0.1413,0.0544,UPI,Electronics,0
31,3470.12,3,0,0,4,20.8,846,1,1,0.1123,0.1241,Credit Card,Fashion,0
45,579.27,13,2,0,5,18.05,707,4,0,0.1535,0.0268,Cash on Delivery,Grocery,0
37,1683.82,7,0,0,2,21.46,907,1,0,0.0228,0.038,Credit Card,Fashion,0
37,2396.62,11,0,0,3,6.02,540,2,0,0.0625,0.0088,Credit Card,Electronics,0
23,1670.46,16,1,0,5,1.26,762,2,1,0.1431,0.0476,Cash on Delivery,Beauty,0
25,2080.5,13,1,0,4,6.15,946,3,1,0.1176,0.0509,Credit Card,Home,0
42,1900.03,9,2,1,2,4.65,807,2,0,0.1764,0.1078,Credit Card,Accessories,0
29,1128.95,12,0,0,3,0.93,678,4,1,0.0828,0.0365,UPI,Accessories,1
30,4335.65,6,0,0,4,12.82,708,2,1,0.1106,0.0264,Cash on Delivery,Electronics,0
43,1493.66,8,0,0,3,3.53,325,1,1,0.1264,0.0509,Credit Card,Home,0
25,1193.17,10,0,0,2,27.41,2136,1,1,0.087,0.0355,UPI,Electronics,0
36,1603.98,6,2,0,4,14.14,998,2,1,0.3163,0.0437,Cash on Delivery,Grocery,1
34,5407.92,9,1,0,2,4.8,541,0,0,0.112,0.0033,Cash on Delivery,Fashion,1
29,1420.88,7,0,0,4,54.4,688,5,3,0.1575,0.0228,UPI,Fashion,1
34,2016.9,9,0,0,2,11.07,283,1,0,0.0,0.0,UPI,Beauty,0
29,1974.83,8,0,0,6,7.24,961,1,2,0.2281,0.05,UPI,Home,1
29,1946.92,10,0,0,3,3.67,1167,2,0,0.086,0.0215,UPI,Electronics,1
24,943.5,10,0,0,3,7.93,483,3,1,0.0926,0.0431,Net Banking,Beauty,1
38,1945.04,6,0,0,3,17.85,783,4,2,0.1273,0.033,Cash on Delivery,Beauty,0
28,809.95,8,1,0,3,10.66,1459,2,0,0.1546,0.006,Debit Card,Fashion,0
43,2845.07,6,1,0,4,19.78,1883,3,1,0.1796,0.0692,UPI,Fashion,0
32,1849.19,5,0,0,1,13.98,286,4,1,0.0827,0.0337,Debit Card,Fashion,0
24,2134.65,9,0,0,6,8.55,297,4,1,0.1024,0.0,UPI,Electronics,0
24,1697.18,8,3,1,3,22.87,85,2,3,0.4638,0.1308,UPI,Home,0
33,1156.38,6,1,1,7,30.35,310,5,0,0.16,0.1932,UPI,Grocery,0
32,704.63,6,1,0,3,14.65,387,0,0,0.1533,0.0809,Net Banking,Fashion,0
30,1185.62,3,1,1,3,8.64,1362,4,1,0.3454,0.3271,UPI,Fashion,1
43,612.72,11,1,1,1,7.36,1647,0,2,0.3028,0.0789,UPI,Fashion,1
31,1479.03,7,1,0,3,8.97,1350,3,1,0.2075,0.0327,Credit Card,Fashion,0
32,1180.33,7,1,0,1,11.45,548,0,1,0.2767,0.0416,Debit Card,Accessories,1
47,3731.87,7,1,0,3,10.65,1539,2,1,0.2215,0.0814,Credit Card,Electronics,0
39,784.73,10,0,0,1,8.14,479,0,0,0.0381,0.0466,UPI,Beauty,0
49,1377.13,12,3,0,3,27.48,1001,2,1,0.26,0.0247,Net Banking,Beauty,0
45,403.38,9,1,1,4,7.39,583,3,0,0.1224,0.1127,UPI,Beauty,0
26,2246.67,8,0,0,3,6.66,650,5,1,0.0575,0.051,UPI,Fashion,0
31,2374.48,7,1,1,2,32.11,72,4,6,0.3537,0.2037,Cash on Delivery,Beauty,1
43,703.38,9,1,0,2,6.36,508,0,1,0.2237,0.0652,Debit Card,Accessories,0
48,736.57,7,0,0,2,17.89,953,0,1,0.119,0.0095,Debit Card,Beauty,0
48,566.82,6,0,0,1,2.9,1206,1,1,0.1564,0.049,UPI,Electronics,0
43,1452.62,9,1,0,3,8.99,826,2,1,0.1195,0.0438,Net Banking,Electronics,0
43,2496.15,13,2,1,4,12.53,600,3,0,0.1202,0.0809,UPI,Accessories,0
31,1691.84,12,1,0,2,16.67,1431,2,0,0.0741,0.0427,UPI,Beauty,0
26,1587.09,8,0,0,3,4.33,1357,3,0,0.0057,0.0495,Cash on Delivery,Fashion,1
31,1299.52,5,1,0,5,16.74,2939,3,2,0.2454,0.0587,UPI,Electronics,0
19,3253.59,7,1,0,4,10.49,652,0,0,0.1074,0.0713,UPI,Home,0
46,2668.44,7,1,0,3,25.15,1300,2,1,0.1766,0.0012,UPI,Home,0
31,766.56,8,2,0,3,25.48,1163,2,0,0.183,0.0,Credit Card,Electronics,1
46,536.3,7,0,0,5,3.94,1155,3,0,0.0043,0.0285,UPI,Accessories,0
23,1092.66,8,4,0,1,15.69,581,1,0,0.3621,0.0441,Cash on Delivery,Accessories,0
44,502.72,5,0,0,1,7.87,282,2,0,0.0551,0.0408,UPI,Home,0
22,1862.1,9,3,3,8,34.52,58,9,4,0.3678,0.3524,Credit Card,Beauty,1
30,1015.32,6,0,0,3,4.76,735,1,0,0.0514,0.0499,UPI,Electronics,0
22,1460.59,12,1,1,4,9.56,395,1,0,0.1179,0.1005,Credit Card,Accessories,0
49,809.21,3,1,0,2,16.03,539,3,1,0.3281,0.1139,Credit Card,Grocery,0
24,1520.84,3,0,0,5,5.83,222,3,1,0.1288,0.0548,UPI,Accessories,1
33,3099.06,8,1,1,4,24.4,641,8,3,0.1748,0.1902,UPI,Fashion,1
44,744.95,7,1,1,4,9.04,844,3,0,0.1119,0.177,Debit Card,Accessories,0
36,485.0,7,1,0,4,19.63,781,3,1,0.1691,0.0447,Credit Card,Fashion,0
34,1680.99,13,2,0,3,13.77,949,3,1,0.1451,0.0,UPI,Home,1
38,1321.28,9,0,0,4,9.23,356,1,2,0.1627,0.0,UPI,Beauty,0
36,2391.98,6,0,0,3,13.78,825,4,0,0.0,0.0441,Net Banking,Accessories,1
27,574.91,13,0,0,1,4.92,1617,3,0,0.0,0.0501,Credit Card,Home,0
30,1223.4,5,0,0,3,14.34,720,1,2,0.1677,0.0484,Credit Card,Grocery,1
52,1171.84,17,0,0,3,6.62,1033,1,0,0.0554,0.0079,Cash on Delivery,Grocery,0
36,2238.62,7,3,3,5,38.4,324,4,1,0.4007,0.3771,Cash on Delivery,Grocery,1
58,893.88,6,1,1,2,16.27,926,0,0,0.147,0.1947,UPI,Fashion,0
48,2403.34,11,0,0,3,15.45,1230,5,0,0.0504,0.0009,UPI,Fashion,0
38,3584.65,3,0,0,3,9.36,1005,2,0,0.0739,0.0891,UPI,Accessories,0
26,1151.29,4,0,0,7,43.52,277,2,1,0.0995,0.0507,Debit Card,Beauty,1
28,1404.68,3,0,0,3,30.92,66,7,2,0.1377,0.089,UPI,Electronics,1
31,1499.55,9,0,0,4,21.15,423,0,0,0.0915,0.0,Debit Card,Home,0
27,1742.03,9,1,0,4,13.65,377,1,0,0.0739,0.0412,Cash on Delivery,Beauty,0
34,967.0,9,4,4,3,23.35,72,5,4,0.4541,0.4401,UPI,Beauty,1
27,2232.19,9,0,0,3,24.84,645,2,0,0.0021,0.0153,Cash on Delivery,Home,1
29,796.66,5,1,0,2,8.42,1702,2,0,0.1645,0.0831,Net Banking,Beauty,0
53,714.53,5,0,0,4,27.64,718,5,0,0.0745,0.0903,UPI,Home,0
50,2720.09,8,0,0,4,4.32,881,3,0,0.0,0.0189,Cash on Delivery,Accessories,0
41,1021.44,11,1,0,3,29.74,831,4,0,0.0412,0.0097,Debit Card,Fashion,0
28,532.5,7,2,0,5,24.35,415,8,3,0.2943,0.0,Net Banking,Grocery,0
25,799.22,11,1,1,4,4.39,99,2,0,0.1191,0.1359,Credit Card,Fashion,0
42,802.58,4,0,0,3,17.76,928,3,0,0.0929,0.0775,Debit Card,Home,0
32,2312.23,10,0,0,5,3.14,1322,1,0,0.0278,0.0345,UPI,Home,0
18,1162.86,6,0,0,3,10.1,864,3,0,0.0574,0.032,UPI,Electronics,1
37,1790.63,3,0,0,2,13.04,620,1,0,0.0883,0.0859,UPI,Fashion,1
26,500.46,10,0,0,4,13.81,865,4,0,0.0,0.0,Cash on Delivery,Electronics,0
27,2586.24,8,0,0,3,7.95,383,2,0,0.0032,0.0431,UPI,Accessories,0
32,1079.02,6,1,0,3,9.11,245,2,0,0.1776,0.0612,Debit Card,Fashion,0
30,1618.54,9,6,1,3,3.16,823,0,1,0.5809,0.1434,UPI,Beauty,1
34,731.72,8,1,1,5,13.07,1120,1,1,0.164,0.1578,Net Banking,Grocery,0
27,2254.93,8,3,3,4,8.89,376,7,2,0.348,0.3602,Debit Card,Electronics,0
33,1831.88,6,0,0,4,11.13,1116,5,2,0.1067,0.0588,Debit Card,Electronics,0
18,834.91,9,0,0,3,14.29,1771,3,1,0.0453,0.0034,Cash on Delivery,Electronics,0
48,2297.95,5,0,0,4,7.45,585,6,0,0.0369,0.0347,Cash on Delivery,Fashion,0
25,1595.14,11,1,0,1,25.45,603,3,1,0.1461,0.0288,Credit Card,Fashion,0
25,843.18,9,0,0,4,29.3,732,3,0,0.0278,0.0157,Net Banking,Home,0
31,3313.56,5,1,0,4,9.52,1733,4,0,0.174,0.0103,UPI,Fashion,0
33,461.54,5,0,0,2,12.09,257,1,1,0.1498,0.0347,UPI,Electronics,0
47,1628.01,10,0,0,5,31.52,1456,5,0,0.0894,0.0315,Cash on Delivery,Home,1
36,743.15,8,0,0,4,33.65,738,3,1,0.0652,0.0106,Cash on Delivery,Accessories,1
39,2611.58,7,1,0,6,9.96,779,1,0,0.1616,0.0011,Net Banking,Fashion,0
36,1036.15,10,0,0,2,14.13,159,2,0,0.0314,0.0202,Debit Card,Accessories,0
36,1079.76,7,0,0,3,13.38,878,2,1,0.1378,0.0113,UPI,Accessories,0
37,1125.52,8,2,2,3,8.19,375,1,1,0.254,0.2537,UPI,Electronics,0
18,4383.57,11,1,0,4,10.44,1149,3,1,0.1546,0.025,UPI,Electronics,0
32,6031.73,9,1,0,2,27.54,1519,3,0,0.0855,0.0379,Credit Card,Fashion,0
44,2569.5,9,2,1,1,10.73,1309,4,0,0.2256,0.0751,Credit Card,Electronics,1
69,1302.7,9,0,0,3,8.25,294,3,1,0.0769,0.0366,UPI,Grocery,0
23,385.82,6,0,0,1,14.85,612,1,1,0.1515,0.0504,UPI,Grocery,0
23,3297.41,3,0,0,5,28.42,692,3,4,0.2438,0.0932,Credit Card,Beauty,1
23,3815.16,8,3,3,7,36.21,737,2,2,0.3638,0.3705,Credit Card,Home,1
38,893.32,7,1,0,6,22.08,287,3,0,0.1778,0.0399,Cash on Delivery,Grocery,1
29,929.1,4,0,0,3,11.17,1001,1,0,0.0942,0.0843,Credit Card,Grocery,0
52,1004.38,9,2,1,4,21.55,859,1,0,0.223,0.1458,Debit Card,Fashion,0
22,1882.07,8,0,0,2,14.16,1312,3,1,0.0959,0.0,UPI,Home,0
40,2646.95,5,0,0,3,9.42,875,2,0,0.1064,0.083,UPI,Accessories,0
21,1893.9,11,0,0,5,9.91,631,2,0,0.0265,0.0064,Cash on Delivery,Grocery,0
31,784.02,6,0,0,4,10.58,338,3,0,0.0572,0.0542,UPI,Electronics,0
50,4377.97,10,3,2,4,26.09,1337,3,1,0.241,0.1854,UPI,Grocery,0
34,668.75,4,0,0,4,2.06,462,3,2,0.1771,0.0418,Credit Card,Accessories,1
27,1339.16,7,4,2,6,38.4,386,3,3,0.5812,0.2732,Debit Card,Electronics,1
44,1981.94,12,3,1,2,14.51,1305,1,0,0.1754,0.113,UPI,Accessories,0
24,1166.37,6,0,0,2,15.82,333,2,0,0.0373,0.0366,Debit Card,Home,0
40,1086.74,11,0,0,4,14.66,762,2,1,0.0697,0.0312,Debit Card,Accessories,0
34,1190.44,9,1,1,2,5.48,711,1,0,0.1323,0.1547,Cash on Delivery,Fashion,0
36,2225.7,10,0,0,2,12.73,752,1,1,0.1079,0.0238,Debit Card,Electronics,0
43,1915.17,9,0,0,4,0.29,734,4,1,0.1001,0.0166,Debit Card,Fashion,0
22,1162.84,14,0,0,2,16.08,419,0,0,0.0146,0.0,UPI,Beauty,0
41,1397.08,10,0,0,4,19.16,1241,1,0,0.0376,0.0148,UPI,Electronics,0
40,1161.33,10,1,1,6,23.67,832,6,1,0.131,0.123,Credit Card,Grocery,1
29,660.97,11,0,0,3,14.78,1001,6,0,0.0428,0.0269,Net Banking,Fashion,0
42,2495.08,7,2,2,5,7.21,1148,5,1,0.2385,0.3278,UPI,Fashion,1
44,3615.35,5,1,0,4,16.19,650,1,0,0.1885,0.0546,Credit Card,Fashion,0
37,1174.72,19,0,0,4,12.05,884,1,2,0.1036,0.0071,Debit Card,Accessories,0
32,3179.77,11,0,0,3,7.58,717,1,1,0.0805,0.0212,Net Banking,Home,0
29,897.56,7,0,0,2,5.7,681,4,2,0.1132,0.0519,Credit Card,Fashion,0
28,3559.05,10,4,1,6,18.51,293,0,3,0.5194,0.1535,UPI,Electronics,1
41,598.5,11,0,0,4,11.04,1435,1,1,0.0957,0.0373,Cash on Delivery,Accessories,0
45,2732.23,7,0,0,5,31.03,875,1,1,0.1283,0.0383,UPI,Beauty,0
29,2169.63,11,1,0,3,12.68,639,0,0,0.0498,0.0283,UPI,Electronics,0
24,2549.12,7,1,0,4,11.72,491,4,1,0.1595,0.0479,UPI,Beauty,0
40,1695.12,6,0,0,4,4.83,725,2,0,0.0306,0.024,Net Banking,Electronics,0
21,2478.56,6,0,0,4,5.99,1233,2,0,0.0565,0.0354,UPI,Fashion,0
22,1189.76,8,0,0,3,18.76,617,5,0,0.0303,0.0186,Credit Card,Electronics,0
24,1182.59,8,4,0,5,5.2,1068,0,1,0.438,0.0569,Debit Card,Accessories,0
32,1370.77,4,1,1,4,12.49,390,5,3,0.3713,0.2595,UPI,Beauty,1
30,1062.44,7,1,0,5,12.67,679,1,2,0.2611,0.0221,UPI,Fashion,1
22,1667.03,7,0,0,3,26.59,830,1,1,0.1075,0.0264,Credit Card,Beauty,0
18,1248.25,6,0,0,3,3.91,1471,1,0,0.0395,0.043,UPI,Grocery,0
24,1986.96,11,0,0,3,5.45,467,2,0,0.0191,0.0106,Cash on Delivery,Grocery,0
40,1373.53,9,4,0,3,24.25,1015,5,0,0.2907,0.0421,Credit Card,Accessories,0
23,2566.72,7,0,0,1,2.38,1037,5,1,0.0495,0.0085,Cash on Delivery,Home,0
31,1731.56,7,1,0,3,20.04,284,4,1,0.1643,0.0041,Credit Card,Fashion,0
52,1318.77,9,2,0,3,5.49,343,3,0,0.1884,0.0128,UPI,Home,0
34,1229.54,5,0,0,4,8.15,80,1,0,0.107,0.026,Cash on Delivery,Fashion,1
37,579.68,4,0,0,2,27.63,583,1,0,0.0876,0.0325,Cash on Delivery,Home,0
25,2069.16,8,0,0,2,13.58,1226,5,0,0.0348,0.033,Debit Card,Electronics,0
53,4091.73,7,0,0,3,23.13,274,2,2,0.1468,0.0301,Debit Card,Fashion,0
30,646.26,7,3,1,5,6.93,160,6,3,0.3769,0.1763,UPI,Fashion,1
29,346.29,8,3,0,2,1.51,745,3,2,0.3642,0.0462,Credit Card,Home,0
18,1865.47,7,0,0,6,17.04,466,5,1,0.0411,0.038,UPI,Beauty,0
32,2035.16,4,0,0,3,1.78,1236,2,3,0.27,0.0591,UPI,Fashion,0
46,1170.35,7,0,0,4,11.56,1146,1,0,0.0102,0.0031,UPI,Fashion,0
32,1974.54,9,0,0,5,7.7,338,1,0,0.0559,0.0406,Cash on Delivery,Electronics,0
34,786.82,9,0,0,6,6.03,938,1,0,0.0,0.033,Cash on Delivery,Beauty,0
31,974.7,6,0,0,3,6.99,889,2,1,0.0942,0.0484,UPI,Electronics,0
32,2545.42,9,0,0,3,11.55,790,1,0,0.0097,0.0114,Net Banking,Electronics,0
18,1930.05,9,2,2,3,24.26,144,6,2,0.2659,0.2119,Net Banking,Grocery,0
37,1257.31,5,0,0,2,11.26,423,5,0,0.038,0.0608,UPI,Fashion,0
39,861.61,10,0,0,4,3.71,1066,0,0,0.0322,0.0166,UPI,Fashion,0
28,1420.41,9,0,0,4,8.46,925,3,0,0.0642,0.028,UPI,Fashion,1
27,839.53,6,0,0,4,10.72,1303,5,2,0.1293,0.0391,UPI,Home,1
29,278.98,7,0,0,4,10.5,1183,1,0,0.0557,0.0283,Credit Card,Home,0
21,679.8,5,0,0,1,11.13,801,3,0,0.0387,0.0106,UPI,Electronics,0
20,1957.87,11,1,0,5,22.75,534,2,0,0.0875,0.0333,Cash on Delivery,Accessories,0
37,693.15,5,1,0,4,10.21,549,3,2,0.2903,0.0539,Net Banking,Fashion,0
29,2324.27,6,1,1,3,34.81,200,0,3,0.3944,0.2129,Credit Card,Home,1
42,1250.36,13,1,0,3,4.82,1286,3,1,0.1067,0.0593,UPI,Beauty,0
42,1008.86,12,2,0,5,15.28,461,0,1,0.2501,0.05,Credit Card,Home,0
26,1183.18,3,0,0,5,19.75,769,8,4,0.1973,0.0501,Cash on Delivery,Accessories,1
18,1432.02,6,1,0,3,18.19,552,4,0,0.1839,0.0486,Debit Card,Fashion,0
32,288.88,7,0,0,1,5.17,526,1,0,0.0219,0.0361,UPI,Home,0
24,1088.29,13,1,1,3,27.76,655,3,0,0.1016,0.0851,Credit Card,Electronics,0
35,2055.74,16,0,0,4,22.56,665,2,0,0.0405,0.0216,Cash on Delivery,Beauty,0
30,505.23,2,0,0,3,7.97,892,7,0,0.1413,0.0938,Credit Card,Home,0
39,1438.37,6,0,0,5,8.08,700,0,0,0.0811,0.0673,Cash on Delivery,Beauty,0
34,4719.69,15,2,0,3,9.5,727,3,1,0.1893,0.0,UPI,Electronics,0
18,1978.3,11,3,0,3,11.85,1335,3,0,0.2163,0.0108,UPI,Fashion,0
25,714.56,9,1,0,4,8.02,754,5,0,0.1021,0.0391,UPI,Grocery,0
44,1509.13,7,3,1,2,17.01,218,6,0,0.2998,0.1564,UPI,Home,1
34,1146.53,5,2,0,3,20.55,576,2,0,0.3598,0.0473,Net Banking,Beauty,0
35,2631.8,7,0,0,5,24.82,1408,1,1,0.1112,0.0271,Cash on Delivery,Grocery,0
21,1778.89,6,0,0,4,2.67,506,0,0,0.0528,0.0695,Debit Card,Beauty,0
27,2313.05,10,1,0,3,27.43,518,4,0,0.0814,0.0458,Credit Card,Home,1
20,621.81,10,0,0,3,14.12,773,4,0,0.0552,0.0377,UPI,Fashion,0
35,1827.58,12,0,0,2,10.82,863,3,1,0.0615,0.0245,Credit Card,Beauty,0
45,1007.63,7,1,1,5,24.41,522,5,1,0.1846,0.1379,Debit Card,Electronics,0
21,2802.8,10,1,0,5,22.92,1197,7,0,0.1185,0.0372,Credit Card,Beauty,0
25,1921.65,6,1,0,3,12.64,52,3,3,0.317,0.0719,Debit Card,Electronics,1
19,1012.58,5,2,0,3,6.23,569,1,0,0.3174,0.0714,UPI,Home,0
30,981.18,10,3,2,3,7.72,757,3,1,0.2914,0.1762,Credit Card,Beauty,1
44,1377.28,5,3,1,3,18.27,558,6,3,0.5656,0.2371,UPI,Beauty,1
30,2413.74,7,1,0,1,17.39,1754,5,1,0.218,0.0443,Debit Card,Beauty,0
26,379.99,4,0,0,5,31.78,837,1,0,0.0495,0.0702,Credit Card,Fashion,0
28,3792.49,11,0,0,6,13.37,1172,3,0,0.0193,0.0108,Net Banking,Accessories,0
33,4438.77,9,2,2,7,11.06,238,5,4,0.3504,0.2541,Debit Card,Grocery,0
34,2201.45,7,2,1,2,11.27,2859,2,1,0.3098,0.1489,Credit Card,Electronics,0
28,1634.85,10,1,0,2,18.12,2302,1,1,0.21,0.0079,Credit Card,Electronics,0
35,2140.45,8,0,0,3,6.67,804,6,1,0.0477,0.0072,UPI,Grocery,0
31,2035.51,10,0,0,2,14.53,668,0,1,0.1398,0.0182,Cash on Delivery,Home,0
36,1477.41,11,2,0,2,8.95,154,1,1,0.2424,0.0244,Cash on Delivery,Grocery,0
42,1140.26,8,0,0,5,16.42,711,1,0,0.0639,0.0006,Debit Card,Fashion,0
42,536.03,7,0,0,4,21.48,920,0,0,0.0471,0.0414,UPI,Beauty,0
46,789.08,5,0,0,3,6.92,1457,2,0,0.0869,0.0479,Cash on Delivery,Grocery,0
42,1533.72,7,1,0,3,5.91,986,4,1,0.1811,0.0567,Debit Card,Electronics,0
36,616.01,5,1,0,4,4.18,884,4,0,0.1962,0.0512,Credit Card,Beauty,0
34,2250.41,6,3,2,4,37.82,186,4,1,0.4113,0.3569,UPI,Fashion,1
25,2076.27,5,3,1,4,33.92,360,3,0,0.3981,0.1892,Credit Card,Accessories,1
30,753.37,8,0,0,4,15.1,476,1,1,0.0885,0.0441,UPI,Home,0
31,1654.54,9,0,0,3,9.52,831,1,0,0.0486,0.0288,Cash on Delivery,Beauty,1
26,2343.84,7,0,0,2,4.4,618,1,0,0.0,0.0274,UPI,Accessories,0
34,707.55,8,1,1,3,9.74,396,3,0,0.1466,0.1467,Cash on Delivery,Home,0
40,681.76,7,0,0,1,17.06,481,4,1,0.1085,0.0503,UPI,Electronics,0
27,595.23,7,1,0,3,8.53,1240,1,0,0.1611,0.0464,Cash on Delivery,Home,1
34,1021.31,7,2,0,4,14.23,1544,2,2,0.3512,0.0112,Credit Card,Beauty,0
34,552.05,8,2,2,4,13.76,244,8,1,0.2088,0.223,Cash on Delivery,Fashion,1
28,2214.69,12,0,0,1,5.43,908,4,2,0.0963,0.0385,UPI,Beauty,0
36,2091.66,12,0,0,3,16.97,626,2,2,0.0982,0.0343,UPI,Beauty,0
29,1208.08,3,1,0,4,2.24,869,0,0,0.3155,0.0532,UPI,Electronics,0
43,2392.71,5,1,0,2,35.6,567,8,1,0.2091,0.0553,Debit Card,Home,0
27,1112.78,11,1,0,4,9.45,547,3,1,0.145,0.0268,Credit Card,Accessories,0
28,661.8,4,1,0,3,30.01,220,4,1,0.281,0.0437,UPI,Fashion,0
39,1638.17,5,1,1,3,7.13,307,3,0,0.1437,0.2474,UPI,Fashion,0
33,801.36,11,0,0,2,25.79,407,1,0,0.0,0.0316,Debit Card,Beauty,0
30,1637.84,6,0,0,3,2.95,449,2,0,0.0529,0.0634,UPI,Accessories,0
36,2764.99,6,0,0,2,10.23,1321,3,0,0.0582,0.0273,UPI,Home,0
30,982.48,8,1,1,4,11.59,872,2,0,0.0947,0.1555,Debit Card,Home,1
44,1446.33,10,1,0,2,8.77,196,2,0,0.0986,0.0239,UPI,Grocery,0
25,1301.58,11,0,0,3,19.94,1688,3,0,0.0519,0.0336,Debit Card,Accessories,0
28,3569.38,4,3,3,4,6.03,480,7,6,0.6325,0.6346,UPI,Electronics,1
32,2950.41,6,0,0,4,20.5,1861,2,0,0.0549,0.0417,Debit Card,Electronics,0
21,1369.39,5,1,0,3,1.83,647,2,0,0.1775,0.0238,UPI,Grocery,0
31,1698.31,11,0,0,4,23.11,729,2,0,0.0326,0.0274,Debit Card,Home,0
19,1001.78,13,1,0,4,22.16,648,2,0,0.0517,0.0301,UPI,Accessories,0
41,1503.48,10,0,0,2,12.63,1374,2,0,0.0178,0.0601,Cash on Delivery,Home,0
41,1002.54,7,0,0,4,17.49,1212,0,2,0.188,0.0235,Credit Card,Fashion,1
26,2514.33,6,0,0,8,37.37,961,4,0,0.0479,0.0736,Credit Card,Beauty,1
27,672.16,5,2,1,6,24.2,333,4,4,0.4617,0.2329,Credit Card,Accessories,1
41,4427.51,8,0,0,4,11.3,638,1,1,0.1445,0.0499,Net Banking,Accessories,0
34,505.18,11,0,0,3,3.54,410,2,0,0.0655,0.0449,Credit Card,Fashion,0
26,1096.41,8,1,1,1,7.81,1734,2,0,0.0827,0.1451,UPI,Fashion,0
27,762.49,9,2,0,4,13.06,1514,2,0,0.1982,0.0507,Debit Card,Fashion,0
48,1881.41,9,0,0,4,12.15,515,2,2,0.1253,0.0484,UPI,Home,0
47,730.56,8,1,0,4,19.27,999,4,1,0.163,0.0208,UPI,Beauty,0
42,818.35,2,1,0,6,23.13,290,4,2,0.4151,0.1046,Cash on Delivery,Fashion,1
35,2151.12,5,1,0,2,26.59,614,4,0,0.1426,0.0316,Credit Card,Grocery,0
36,4664.06,7,0,0,4,32.36,1392,3,1,0.0548,0.0177,Cash on Delivery,Grocery,1
29,946.12,10,0,0,4,16.03,1491,1,0,0.065,0.0266,Cash on Delivery,Electronics,1
46,1296.08,11,1,1,3,24.07,1436,3,0,0.0402,0.0947,Cash on Delivery,Fashion,0
28,3189.69,6,0,0,2,10.43,711,6,1,0.0669,0.0622,Cash on Delivery,Accessories,0
36,1474.19,11,1,0,2,11.04,1362,2,1,0.1145,0.0002,UPI,Fashion,0
46,1853.09,7,0,0,3,9.86,1471,3,1,0.093,0.0399,UPI,Home,0
26,4026.34,4,0,0,3,8.37,946,3,1,0.1011,0.0755,Credit Card,Accessories,0
41,858.18,12,3,0,3,23.74,1562,0,1,0.2947,0.0205,UPI,Fashion,0
41,3221.78,9,5,2,5,14.31,613,3,5,0.63,0.2165,Credit Card,Electronics,1
39,737.7,9,0,0,3,14.42,705,2,0,0.0181,0.0344,Net Banking,Beauty,0
34,898.56,11,0,0,2,15.72,419,3,1,0.1378,0.0085,Credit Card,Grocery,0
32,2529.11,13,3,3,4,38.48,285,5,1,0.2414,0.2719,Debit Card,Fashion,0
25,860.91,7,1,0,1,15.69,440,2,1,0.1689,0.0117,Net Banking,Fashion,0
27,1761.48,4,0,0,2,20.71,1411,1,0,0.1055,0.0283,Cash on Delivery,Electronics,0
37,1507.9,8,1,0,3,11.15,607,2,0,0.159,0.0552,Credit Card,Accessories,0
21,1325.11,8,0,0,5,8.21,577,1,0,0.0915,0.0203,Credit Card,Grocery,0
29,1466.73,4,1,1,4,19.91,971,3,3,0.3554,0.2663,UPI,Electronics,1
35,2552.88,8,0,0,2,2.01,317,3,0,0.0264,0.0109,UPI,Electronics,0
39,2217.03,4,0,0,4,5.45,1171,2,1,0.147,0.074,UPI,Accessories,0
43,1922.06,8,0,0,3,3.39,735,4,2,0.1166,0.0252,UPI,Home,0
21,1172.62,10,0,0,4,15.66,1453,1,0,0.0052,0.0058,Cash on Delivery,Grocery,0
46,2452.96,10,0,0,4,13.44,1533,2,0,0.047,0.045,UPI,Beauty,0
32,615.68,8,1,1,4,24.38,417,4,1,0.1698,0.1492,Debit Card,Beauty,0
49,761.15,5,0,0,4,13.77,1973,2,2,0.1379,0.0763,Cash on Delivery,Grocery,1
38,2394.67,13,3,0,4,12.42,687,2,1,0.2479,0.0097,Cash on Delivery,Fashion,0
25,2276.55,8,0,0,2,17.95,598,2,1,0.0806,0.0227,UPI,Fashion,0
31,1005.44,7,1,0,2,10.81,1260,1,3,0.2824,0.0243,UPI,Fashion,0
34,2555.64,13,0,0,2,3.16,612,2,0,0.0334,0.0,Cash on Delivery,Beauty,0
38,1141.36,12,5,3,3,27.49,217,5,5,0.501,0.2447,UPI,Grocery,1
36,1931.94,6,1,1,2,23.14,1116,2,0,0.1786,0.2019,Credit Card,Home,0
34,2005.94,13,0,0,2,22.18,631,1,0,0.0408,0.0154,Debit Card,Beauty,0
37,553.59,8,0,0,2,19.79,1089,0,0,0.0359,0.0443,Net Banking,Fashion,0
33,2792.83,7,1,0,2,24.42,944,4,0,0.1172,0.0459,Credit Card,Fashion,0
36,1608.84,8,0,0,2,9.45,268,3,1,0.1075,0.0648,Debit Card,Electronics,0
30,1057.41,11,1,0,3,23.2,566,0,1,0.1942,0.0078,Debit Card,Electronics,1
31,539.67,8,2,1,2,12.14,693,1,0,0.1758,0.1476,UPI,Beauty,1
27,2792.11,8,4,2,7,33.05,180,6,3,0.4667,0.2429,Credit Card,Grocery,1
29,1011.35,13,0,0,1,14.49,431,3,0,0.0185,0.0,UPI,Home,1
51,1450.32,11,1,1,4,12.07,1277,3,2,0.1696,0.0986,Credit Card,Beauty,0
47,2044.23,8,0,0,4,15.95,583,2,1,0.0945,0.0,UPI,Grocery,0
39,2069.97,12,0,0,3,16.99,884,2,0,0.0007,0.0589,UPI,Fashion,0
40,1370.01,6,0,0,3,37.49,322,3,3,0.1914,0.0123,UPI,Home,0
32,1467.02,11,4,2,3,31.32,384,2,2,0.3882,0.1491,Credit Card,Fashion,0
46,1390.89,10,0,0,2,14.11,815,2,0,0.0,0.0124,UPI,Fashion,0
18,1554.23,5,2,1,5,27.73,335,3,4,0.4778,0.1978,UPI,Fashion,1
41,3170.97,6,0,0,3,21.89,1009,3,1,0.0689,0.0386,Credit Card,Grocery,1
36,2194.95,5,0,0,4,29.06,381,4,0,0.108,0.0495,Credit Card,Home,0
36,2175.22,7,0,0,2,8.0,675,3,1,0.0628,0.0457,UPI,Electronics,0
20,1203.85,2,0,0,2,18.84,990,0,2,0.3142,0.1194,UPI,Fashion,0
32,879.18,6,3,0,3,13.18,1521,3,0,0.3794,0.0475,Debit Card,Accessories,1
19,832.65,6,3,3,4,14.8,568,5,2,0.452,0.485,Cash on Delivery,Electronics,1
31,1072.46,9,1,1,1,29.11,528,0,0,0.1258,0.1105,Cash on Delivery,Grocery,0
24,2298.05,12,0,0,3,7.55,1077,3,1,0.0934,0.0253,UPI,Electronics,0
21,1144.59,11,1,0,1,14.56,775,2,0,0.1069,0.0213,UPI,Grocery,0
38,1089.71,12,0,0,3,10.5,885,1,0,0.037,0.0412,UPI,Home,0
37,1598.03,6,1,1,5,9.56,1179,3,0,0.2351,0.171,Credit Card,Electronics,0
36,2540.64,9,3,3,3,48.25,205,5,3,0.3402,0.3173,UPI,Accessories,0
23,1104.95,5,0,0,4,5.21,938,1,0,0.0418,0.0581,UPI,Grocery,1
36,1603.54,2,1,1,5,22.26,88,6,5,0.4914,0.4428,Cash on Delivery,Accessories,1
27,880.77,10,2,1,2,19.26,1516,4,0,0.1862,0.0788,Debit Card,Accessories,1
44,1221.89,11,2,0,1,6.94,1400,3,0,0.1281,0.0131,Debit Card,Accessories,0
26,1154.56,14,2,0,5,20.24,922,1,2,0.2592,0.03,Net Banking,Grocery,0
36,1867.28,12,0,0,4,13.57,1087,3,1,0.0743,0.0713,UPI,Electronics,0
32,1026.54,7,0,0,3,3.94,954,1,0,0.0833,0.0,UPI,Electronics,0
39,831.21,7,0,0,4,7.03,276,0,2,0.2046,0.0108,Credit Card,Beauty,0
26,1168.45,8,0,0,1,7.8,998,2,2,0.1097,0.0094,Credit Card,Grocery,1
35,493.51,9,1,0,5,6.1,437,1,0,0.1177,0.0685,Cash on Delivery,Home,0
36,2891.51,13,0,0,4,29.58,778,2,0,0.0336,0.0,UPI,Accessories,0
36,681.25,7,0,0,5,2.11,336,3,1,0.1141,0.0443,Debit Card,Home,0
35,727.94,12,0,0,1,7.8,1994,2,0,0.0501,0.0215,Cash on Delivery,Home,0
37,896.55,10,0,0,4,17.93,933,6,0,0.0528,0.0186,Credit Card,Fashion,0
54,1756.28,10,0,0,4,26.95,374,0,0,0.0,0.0339,UPI,Fashion,0
57,1787.33,8,0,0,3,9.63,1100,0,0,0.055,0.0491,Cash on Delivery,Home,0
28,946.62,7,0,0,5,11.32,1819,3,0,0.0,0.0265,Credit Card,Fashion,0
18,675.06,9,0,0,2,4.62,1291,6,1,0.1094,0.0221,Credit Card,Electronics,0
39,1463.2,6,0,0,4,12.02,633,3,1,0.1145,0.0409,UPI,Fashion,0
36,521.12,7,0,0,4,44.66,742,3,1,0.0992,0.0592,UPI,Accessories,0
44,2951.22,4,0,0,4,20.57,808,3,0,0.1195,0.0715,UPI,Fashion,0
37,1925.91,9,3,0,4,12.93,1394,2,0,0.2454,0.0503,UPI,Electronics,0
35,1405.48,5,1,0,2,21.06,1466,3,1,0.2377,0.0167,Net Banking,Grocery,0
44,1948.51,10,0,0,2,24.9,982,2,0,0.0138,0.0419,Net Banking,Fashion,0
45,1620.46,6,0,0,3,7.43,811,0,1,0.1351,0.0429,UPI,Grocery,0
22,2411.97,7,0,0,4,15.48,603,3,0,0.0272,0.0356,UPI,Home,0
27,740.46,6,0,0,3,3.59,1958,2,0,0.0297,0.0618,Credit Card,Home,0
33,737.3,7,1,0,1,18.3,1071,1,0,0.1568,0.0265,Net Banking,Electronics,0
35,805.46,8,1,1,3,30.2,515,1,2,0.2731,0.1546,Cash on Delivery,Beauty,0
32,2023.82,4,2,0,7,11.43,142,5,2,0.414,0.1013,Credit Card,Electronics,0
33,1766.66,4,2,0,4,20.83,473,4,5,0.5552,0.0624,Debit Card,Electronics,1
32,1341.43,8,1,1,3,15.96,572,1,0,0.1372,0.1219,Credit Card,Electronics,0
38,6257.11,6,0,0,3,17.54,1270,3,0,0.0899,0.0393,Credit Card,Home,1
43,1459.24,6,1,1,3,6.14,592,3,0,0.1449,0.1627,UPI,Fashion,0
50,2291.27,10,2,0,3,15.54,510,3,0,0.1863,0.0225,Credit Card,Home,0
39,957.37,7,0,0,2,12.44,1406,4,1,0.0798,0.0366,Credit Card,Fashion,1
26,2491.4,6,0,0,3,5.89,805,2,0,0.049,0.0377,UPI,Home,0
33,1138.44,7,2,1,3,3.69,892,0,0,0.2357,0.1606,Credit Card,Electronics,0
33,553.5,5,2,0,3,31.42,1549,2,1,0.3096,0.0326,UPI,Electronics,0
38,557.98,7,5,3,3,23.36,201,6,3,0.5992,0.3696,Cash on Delivery,Fashion,1
39,1365.6,10,1,1,5,10.46,1318,2,1,0.186,0.1341,Net Banking,Grocery,0
25,2483.14,6,1,1,4,48.09,362,6,3,0.22,0.1748,Debit Card,Accessories,1
35,497.25,4,1,0,4,39.93,192,5,7,0.4338,0.089,Net Banking,Electronics,0
37,1854.07,5,1,1,3,34.07,972,2,0,0.1776,0.1753,UPI,Fashion,0
52,766.15,12,2,1,4,22.87,1275,4,0,0.1064,0.1077,Credit Card,Beauty,0
30,610.46,10,1,1,5,11.15,391,3,0,0.1865,0.1274,UPI,Beauty,0
37,1400.56,9,0,0,3,3.31,1124,1,0,0.0455,0.024,Debit Card,Grocery,0
55,821.35,8,0,0,4,8.7,666,1,0,0.0427,0.0207,UPI,Electronics,0
29,855.61,6,1,1,5,17.05,1131,0,0,0.1926,0.1648,UPI,Electronics,0
35,1568.18,7,0,0,5,8.65,504,3,0,0.0597,0.0355,Debit Card,Grocery,0
25,1021.45,7,1,0,3,10.06,1149,2,0,0.0958,0.0653,Cash on Delivery,Beauty,0
35,886.53,7,0,0,3,8.16,421,1,0,0.0246,0.081,Net Banking,Fashion,0
27,535.14,8,0,0,3,8.65,781,2,0,0.0791,0.0,UPI,Fashion,0
43,941.36,11,0,0,4,33.12,1443,4,1,0.0653,0.0,UPI,Grocery,0
35,1781.73,10,0,0,3,16.19,780,0,1,0.1296,0.0127,UPI,Electronics,0
26,1969.56,10,1,0,1,4.01,1100,2,0,0.0947,0.028,Debit Card,Beauty,0
42,1241.82,8,0,0,4,11.92,211,2,0,0.0353,0.0501,Credit Card,Fashion,0
36,1576.6,4,0,0,3,15.05,372,7,1,0.1074,0.0356,Credit Card,Electronics,1
43,2251.29,9,1,0,4,28.36,1056,2,1,0.1635,0.022,UPI,Electronics,0
38,2580.64,2,0,0,3,51.35,215,3,4,0.3016,0.1271,UPI,Home,0
24,1031.44,9,1,1,1,8.35,329,1,0,0.1788,0.1383,Credit Card,Fashion,1
37,933.35,6,0,0,1,8.54,529,2,0,0.0168,0.0357,Debit Card,Accessories,1
41,1180.46,7,0,0,4,30.84,760,0,1,0.1623,0.042,Cash on Delivery,Electronics,0
43,2311.64,7,2,0,4,16.97,392,3,3,0.3538,0.0337,Credit Card,Fashion,1
30,1341.97,11,1,0,3,20.36,1033,6,1,0.1138,0.0069,UPI,Home,0
23,791.67,12,0,0,5,21.78,1262,1,1,0.1143,0.0313,UPI,Grocery,1
34,952.87,7,0,0,3,15.31,678,5,0,0.0415,0.0254,Cash on Delivery,Home,0
45,2907.23,6,1,0,5,12.63,1137,1,1,0.2442,0.0572,Credit Card,Electronics,1
44,784.27,5,2,0,3,15.45,1859,3,0,0.2824,0.0038,Credit Card,Accessories,1
30,679.48,7,3,0,1,30.9,1527,1,0,0.3475,0.0431,UPI,Accessories,0
20,2255.17,9,4,1,4,37.71,490,3,3,0.4488,0.1104,UPI,Grocery,1
22,1330.0,4,1,0,3,17.96,1568,1,1,0.3396,0.0746,Credit Card,Fashion,1
30,527.87,10,0,0,3,33.78,755,4,0,0.0275,0.0,Credit Card,Beauty,0
30,1349.18,17,2,0,2,23.27,1283,2,1,0.148,0.0,UPI,Beauty,0
38,1285.54,9,0,0,3,10.86,1013,2,2,0.1329,0.0,UPI,Fashion,0
32,1067.61,6,1,1,8,21.05,350,3,3,0.2662,0.1838,UPI,Electronics,0
33,664.84,4,2,0,4,5.72,1341,3,0,0.3848,0.0517,Debit Card,Home,0
27,1618.8,9,0,0,2,8.12,1545,4,0,0.0307,0.0111,Debit Card,Home,0
44,1186.58,6,1,0,4,8.2,936,6,1,0.1966,0.0545,UPI,Beauty,0
21,806.79,6,2,1,4,41.74,453,7,4,0.4149,0.1505,Credit Card,Home,1
35,852.27,15,1,1,3,17.71,1040,3,0,0.0657,0.0983,Cash on Delivery,Electronics,0
38,1025.78,7,0,0,3,19.46,279,2,0,0.0285,0.062,Credit Card,Accessories,0
18,2074.92,7,0,0,3,21.72,1780,5,1,0.1135,0.0423,UPI,Electronics,1
18,933.81,6,0,0,2,10.66,698,4,0,0.0671,0.0168,UPI,Electronics,1
21,1358.92,7,2,0,5,4.78,106,2,2,0.3337,0.0589,Net Banking,Fashion,1
21,1607.59,12,1,1,3,6.74,1576,1,2,0.2029,0.1265,UPI,Electronics,0
30,1805.95,9,1,0,3,5.82,772,2,0,0.1593,0.0501,Debit Card,Fashion,0
39,1135.7,9,0,0,1,5.25,855,1,1,0.1031,0.0372,UPI,Grocery,0
18,978.19,6,2,1,3,6.92,923,2,1,0.3031,0.2017,UPI,Home,0
48,1391.62,4,0,0,4,23.45,1033,2,2,0.1973,0.0814,UPI,Grocery,0
32,1504.27,7,3,2,2,26.92,286,9,5,0.392,0.276,UPI,Grocery,1
36,996.71,6,0,0,3,7.97,811,3,1,0.053,0.0544,UPI,Grocery,0
30,1075.65,3,0,0,4,22.89,243,5,4,0.2586,0.1022,Net Banking,Grocery,1
46,373.85,8,2,0,3,13.84,1393,3,1,0.2485,0.0211,Credit Card,Fashion,0
26,1869.86,5,0,0,2,7.54,1053,3,0,0.0893,0.0471,UPI,Fashion,0
39,899.17,5,3,1,2,8.77,770,2,0,0.4572,0.196,UPI,Home,0
35,805.42,3,0,0,3,13.59,425,1,0,0.0718,0.0889,Credit Card,Home,0
38,6969.32,6,1,1,6,35.51,501,6,1,0.2351,0.1469,UPI,Beauty,1
26,1853.98,5,2,1,4,24.78,188,9,1,0.3449,0.1928,UPI,Fashion,1
41,1325.11,10,0,0,2,20.35,667,2,0,0.033,0.0059,Debit Card,Fashion,0
32,1290.0,4,1,0,4,26.62,1093,2,2,0.3015,0.07,Cash on Delivery,Electronics,0
38,363.45,5,0,0,2,16.25,1446,0,0,0.1103,0.049,Debit Card,Grocery,0
28,976.18,7,0,0,4,49.9,86,3,0,0.0,0.0243,Debit Card,Fashion,0
31,1544.99,7,3,0,5,30.47,84,6,5,0.4935,0.0536,Debit Card,Grocery,1
44,672.91,7,0,0,5,17.17,664,5,0,0.0594,0.0636,Debit Card,Fashion,0
28,1411.09,10,4,0,2,8.43,1166,2,0,0.2953,0.0212,UPI,Accessories,0
36,4142.52,7,0,0,3,4.94,811,3,0,0.071,0.0368,UPI,Beauty,1
18,1792.04,11,3,1,3,12.01,505,0,1,0.3552,0.1266,Credit Card,Accessories,0
40,652.75,7,1,0,5,29.62,1320,3,1,0.1809,0.0797,Cash on Delivery,Accessories,1
52,1560.22,10,1,1,4,11.47,907,2,2,0.179,0.0958,UPI,Electronics,0
23,1097.77,3,2,0,3,4.81,254,3,0,0.4852,0.0908,Debit Card,Grocery,1
33,2079.91,6,0,0,4,33.64,487,9,0,0.0756,0.0364,UPI,Electronics,0
22,749.19,7,2,2,6,16.53,329,7,3,0.3311,0.3047,Credit Card,Fashion,1
42,815.2,12,2,0,2,15.39,487,2,0,0.1224,0.0347,Credit Card,Grocery,0
34,1608.22,7,0,0,4,21.28,1373,3,0,0.0787,0.0328,UPI,Accessories,0
35,1275.07,6,1,0,2,9.91,642,3,0,0.1508,0.0385,UPI,Beauty,0
30,2553.7,8,0,0,5,5.17,635,2,0,0.0508,0.0304,Credit Card,Accessories,0
30,605.27,8,0,0,3,10.61,455,2,0,0.0389,0.0434,Net Banking,Beauty,0
33,546.5,12,0,0,2,6.72,598,4,0,0.0,0.0097,UPI,Grocery,0
34,1918.19,5,0,0,4,2.87,606,2,0,0.0566,0.0384,UPI,Beauty,0
23,1902.39,4,0,0,2,10.18,1618,3,0,0.0811,0.0622,UPI,Electronics,0
33,1050.02,11,0,0,4,1.91,1045,1,1,0.074,0.0537,Cash on Delivery,Accessories,0
48,1298.62,17,2,0,2,6.01,1278,3,0,0.0785,0.0077,UPI,Accessories,0
30,1826.14,5,0,0,4,14.36,1610,4,1,0.0841,0.0438,UPI,Beauty,1
23,1194.0,7,0,0,2,4.81,557,1,0,0.0347,0.0381,UPI,Fashion,0
33,1216.23,9,1,0,2,38.89,479,4,0,0.0946,0.0298,UPI,Fashion,0
28,1149.16,5,0,0,4,14.29,1253,1,0,0.0631,0.0522,Net Banking,Home,0
22,1193.99,11,1,0,1,17.09,743,3,1,0.122,0.0318,Credit Card,Fashion,0
35,1825.97,11,1,0,2,21.68,2183,2,1,0.1255,0.0289,UPI,Fashion,0
23,2199.7,6,2,1,4,42.12,421,8,2,0.3384,0.174,Net Banking,Accessories,1
28,1258.54,7,2,0,3,5.62,429,3,0,0.2081,0.0702,Credit Card,Home,1
28,661.42,5,1,0,4,3.52,367,2,0,0.1857,0.0508,UPI,Fashion,0
35,406.94,5,0,0,3,11.51,1052,2,0,0.0598,0.0406,Cash on Delivery,Electronics,0
20,1989.34,8,0,0,2,10.45,609,1,0,0.025,0.007,Net Banking,Home,0
18,1541.86,4,0,0,5,3.9,786,1,0,0.0947,0.0918,Cash on Delivery,Home,0
40,2107.83,9,3,0,2,16.94,628,6,1,0.2773,0.0174,Credit Card,Home,0
18,813.04,10,0,0,3,21.76,784,3,0,0.0476,0.0638,UPI,Grocery,0
38,2148.15,7,5,1,5,26.64,386,4,1,0.5172,0.1496,Cash on Delivery,Fashion,1
25,1617.02,9,1,0,3,10.06,1116,3,0,0.1061,0.0309,Debit Card,Beauty,0
18,1002.83,7,0,0,2,15.93,708,4,1,0.0604,0.0385,UPI,Accessories,1
25,1208.86,5,4,4,3,17.6,252,4,2,0.6403,0.7119,UPI,Electronics,1
30,896.18,12,0,0,4,16.37,624,0,0,0.0496,0.0299,Credit Card,Fashion,0
38,826.48,9,0,0,2,21.35,743,4,4,0.2468,0.0419,Net Banking,Home,0
35,1712.63,12,0,0,3,12.14,122,2,1,0.1148,0.0389,UPI,Electronics,0
56,2259.39,7,0,0,3,6.39,1257,1,0,0.0386,0.046,Debit Card,Electronics,0
44,621.01,4,0,0,3,27.06,1294,2,3,0.1972,0.0279,Debit Card,Electronics,0
26,870.68,9,1,0,4,3.6,1508,2,1,0.1778,0.051,UPI,Electronics,1
23,1720.47,10,0,0,1,15.35,797,2,2,0.1097,0.0129,UPI,Fashion,0
58,791.71,8,0,0,2,9.31,769,1,0,0.061,0.0693,UPI,Accessories,0
38,1256.27,5,3,0,3,16.9,230,7,0,0.4414,0.0301,UPI,Home,0
44,1570.34,9,1,0,3,11.77,1963,1,1,0.1563,0.0,Credit Card,Grocery,0
39,2125.3,8,1,0,2,10.4,454,2,1,0.1441,0.0452,Credit Card,Fashion,0
34,2520.45,3,1,1,2,19.22,404,3,2,0.3585,0.3083,Credit Card,Electronics,1
35,827.38,7,1,0,4,19.02,1646,2,1,0.2623,0.0355,UPI,Fashion,0
36,452.69,9,0,0,4,13.17,1786,6,1,0.0624,0.0354,Credit Card,Grocery,0
21,1653.25,9,0,0,4,9.77,582,4,0,0.0236,0.0493,Net Banking,Fashion,0
35,700.35,10,0,0,3,3.05,595,1,0,0.0302,0.0317,Credit Card,Grocery,0
35,1263.79,8,0,0,3,4.74,470,0,2,0.2214,0.0272,UPI,Accessories,0
26,1534.68,7,0,0,4,14.89,516,3,0,0.0788,0.0533,Debit Card,Electronics,0
18,825.28,5,1,1,3,12.11,159,3,1,0.2368,0.2478,Credit Card,Fashion,1
33,1800.56,6,2,2,4,10.81,264,6,2,0.2884,0.3304,Net Banking,Fashion,1
33,4473.31,7,2,1,5,10.41,332,3,1,0.2832,0.143,UPI,Fashion,0
32,2967.75,5,1,1,4,30.63,890,8,1,0.2866,0.227,Net Banking,Beauty,1
29,1068.77,8,2,0,4,7.81,764,1,1,0.2677,0.0188,Cash on Delivery,Beauty,0
48,1184.9,14,1,0,2,10.78,689,0,1,0.1955,0.0225,Credit Card,Beauty,0
28,1319.52,9,6,1,5,39.15,57,5,2,0.5389,0.1306,Credit Card,Electronics,1
33,4425.05,7,1,1,3,19.21,1762,3,0,0.0902,0.1451,Cash on Delivery,Beauty,0
21,2283.47,7,3,0,3,39.32,209,5,2,0.4043,0.0445,UPI,Fashion,1
53,1445.0,10,0,0,3,13.52,670,2,1,0.0937,0.0275,Credit Card,Beauty,0
18,769.17,13,0,0,2,3.25,1916,5,0,0.0281,0.005,UPI,Home,0
29,1464.0,12,1,1,3,5.5,1321,2,1,0.1419,0.1215,Debit Card,Accessories,0
40,1280.89,5,2,0,6,11.44,272,9,1,0.2846,0.0249,UPI,Beauty,1
20,3689.85,6,1,0,2,7.84,432,3,3,0.2747,0.0274,Debit Card,Fashion,1
23,1134.41,10,0,0,5,9.56,1402,0,1,0.1125,0.0444,UPI,Home,0
27,1948.47,9,0,0,2,7.9,916,0,1,0.1202,0.0389,Debit Card,Fashion,0
37,1105.5,6,0,0,4,1.87,1099,6,1,0.0613,0.0576,Net Banking,Electronics,0
36,1082.78,9,1,0,2,10.72,600,0,2,0.2697,0.0393,Cash on Delivery,Beauty,1
28,1111.29,5,1,0,3,2.67,1333,3,2,0.247,0.0559,Debit Card,Home,0
18,4060.77,6,0,0,4,18.44,1156,1,0,0.0415,0.024,UPI,Electronics,0
47,1387.34,8,0,0,1,7.12,766,7,1,0.0782,0.0324,Cash on Delivery,Fashion,0
31,589.08,7,1,0,1,16.53,227,2,1,0.2028,0.064,Credit Card,Electronics,0
24,1837.61,5,0,0,4,16.78,1351,3,0,0.0904,0.0362,Debit Card,Electronics,0
36,502.35,6,0,0,2,24.23,412,1,0,0.0558,0.0705,Cash on Delivery,Fashion,0
36,2743.61,9,1,0,3,23.76,617,1,2,0.286,0.0595,Cash on Delivery,Home,0
28,446.73,7,3,2,8,13.15,773,3,2,0.4193,0.2895,Debit Card,Accessories,1
31,712.37,5,0,0,6,26.9,416,0,0,0.0649,0.0129,UPI,Electronics,0
35,1301.01,7,0,0,4,4.41,785,0,0,0.0424,0.0401,UPI,Fashion,0
24,1690.77,7,0,0,2,15.06,1095,1,0,0.0843,0.0202,UPI,Home,0
41,1429.98,12,0,0,3,16.94,1866,1,1,0.1208,0.007,UPI,Beauty,0
25,1410.99,7,1,1,4,4.08,560,3,1,0.204,0.1733,Credit Card,Fashion,0
29,4744.36,8,0,0,2,18.56,445,4,1,0.1311,0.0,Credit Card,Fashion,0
40,1999.77,5,0,0,3,20.94,874,2,0,0.0738,0.0308,UPI,Accessories,0
45,1800.03,6,0,0,1,4.1,1368,1,0,0.089,0.0764,Net Banking,Home,0
48,3557.83,6,0,0,3,24.04,731,1,1,0.112,0.0437,Credit Card,Home,0
44,1137.13,7,0,0,3,6.59,821,3,1,0.0548,0.0731,Net Banking,Electronics,0
31,1240.39,3,0,0,5,7.8,299,3,0,0.0927,0.0668,Cash on Delivery,Electronics,1
20,1129.76,9,2,0,2,15.43,679,1,1,0.2456,0.0391,Debit Card,Electronics,0
47,745.85,12,1,0,3,20.75,372,1,0,0.0738,0.016,Cash on Delivery,Grocery,0
22,3485.26,7,1,1,5,17.59,383,3,4,0.3161,0.1676,UPI,Electronics,0
46,603.81,6,1,0,6,17.25,760,1,3,0.3282,0.0825,Credit Card,Grocery,0
28,1656.67,4,0,0,2,15.31,1015,4,0,0.0803,0.0526,UPI,Home,0
42,1057.0,12,2,1,4,3.39,2546,2,0,0.1466,0.1118,UPI,Home,1
33,3638.23,9,1,0,6,20.52,615,4,2,0.201,0.0453,Debit Card,Fashion,0
31,1845.02,6,1,0,4,17.15,947,0,1,0.2694,0.0531,UPI,Fashion,1
48,1654.17,8,1,0,3,14.76,896,1,0,0.1165,0.0445,Debit Card,Grocery,0
29,1282.25,6,1,0,4,14.51,837,2,0,0.1469,0.0225,Cash on Delivery,Fashion,0
23,744.98,4,2,0,4,45.42,60,3,0,0.3606,0.0604,Credit Card,Fashion,1
21,2227.46,7,1,0,3,51.26,685,7,4,0.2504,0.0156,Credit Card,Home,0
26,2406.9,6,3,2,5,42.09,139,8,4,0.4344,0.2891,Credit Card,Accessories,0
52,870.77,5,0,0,3,25.02,558,5,1,0.1248,0.0603,Cash on Delivery,Fashion,0
41,3725.32,6,1,0,4,12.11,2223,1,0,0.1266,0.0296,Cash on Delivery,Electronics,0
50,979.63,7,1,0,5,13.49,1247,2,0,0.1146,0.0439,Cash on Delivery,Beauty,0
30,1107.97,13,0,0,4,8.87,1277,2,1,0.0933,0.0448,Cash on Delivery,Electronics,0
24,1167.74,2,1,1,4,29.45,432,3,0,0.3828,0.4368,Net Banking,Grocery,0
38,921.1,11,4,1,4,19.64,1360,2,0,0.2308,0.101,UPI,Electronics,0
25,1081.8,7,0,0,3,19.89,540,2,1,0.0665,0.0491,Debit Card,Electronics,0
42,1692.59,14,1,0,2,7.36,995,2,1,0.122,0.0249,Net Banking,Home,0
42,1178.3,10,2,1,3,13.61,793,3,2,0.207,0.0909,UPI,Fashion,0
56,515.25,9,1,0,3,25.67,373,1,0,0.1059,0.0536,UPI,Fashion,0
38,1858.02,8,0,0,3,36.8,199,1,1,0.1268,0.0463,Cash on Delivery,Fashion,0
41,1067.6,10,3,0,1,13.62,1061,2,0,0.2255,0.0264,Credit Card,Home,0
30,1104.58,8,0,0,1,22.28,1001,3,1,0.085,0.0337,UPI,Electronics,0
39,3050.31,6,0,0,4,4.29,798,2,0,0.0518,0.0853,Credit Card,Fashion,0
31,666.72,8,0,0,5,20.78,1651,2,0,0.0829,0.0724,Debit Card,Electronics,0
35,2057.53,8,0,0,1,7.05,696,3,0,0.0142,0.0335,Net Banking,Electronics,0
36,1503.53,10,0,0,6,6.48,1435,3,1,0.0329,0.0115,UPI,Home,1
31,3091.94,2,0,0,4,35.55,214,1,0,0.098,0.1191,Cash on Delivery,Home,0
35,2839.35,8,0,0,4,18.41,751,3,0,0.0424,0.0404,UPI,Electronics,0
31,2152.64,13,2,2,2,15.33,1076,3,0,0.1153,0.1996,Cash on Delivery,Fashion,1
31,2399.69,11,0,0,4,7.71,2655,4,0,0.034,0.0105,Cash on Delivery,Beauty,0
22,1813.67,6,2,0,4,26.56,334,4,1,0.296,0.037,Debit Card,Fashion,1
35,755.16,6,1,0,3,14.82,168,4,0,0.1564,0.0069,UPI,Home,0
28,488.63,9,5,3,5,19.73,59,4,4,0.5278,0.3042,Credit Card,Grocery,1
44,2478.58,8,0,0,3,8.41,1047,1,2,0.145,0.0327,Debit Card,Home,0
39,679.21,7,3,0,3,20.95,601,7,1,0.3727,0.0268,Cash on Delivery,Electronics,1
22,2136.45,3,1,0,1,31.6,435,3,3,0.3963,0.0732,UPI,Electronics,1
18,924.46,10,0,0,5,36.09,521,3,3,0.1456,0.0038,UPI,Fashion,1
36,804.74,10,1,1,5,12.9,212,3,0,0.0964,0.1352,UPI,Beauty,0
37,1232.36,6,1,0,4,26.2,866,1,1,0.1931,0.0155,Cash on Delivery,Fashion,0
30,2131.29,4,2,0,4,29.94,468,6,2,0.4239,0.0693,Credit Card,Electronics,1
21,1447.62,13,2,0,3,9.77,927,3,1,0.1836,0.0217,Debit Card,Grocery,0
38,2057.56,5,0,0,3,22.69,807,0,0,0.065,0.0489,Credit Card,Electronics,0
44,2173.8,7,2,2,6,44.07,71,3,2,0.2915,0.2533,UPI,Fashion,1
39,1455.36,2,0,0,1,7.05,789,2,0,0.0908,0.0941,Credit Card,Electronics,0
30,1405.97,8,0,0,4,2.15,694,4,0,0.0547,0.0366,Cash on Delivery,Electronics,0
53,3163.12,4,0,0,3,22.02,357,3,2,0.1181,0.1092,UPI,Beauty,1
33,735.08,6,3,3,5,26.7,218,6,3,0.4277,0.4626,UPI,Grocery,1
18,1233.3,6,2,1,4,9.57,547,4,0,0.2884,0.2007,UPI,Beauty,1
41,2535.13,7,0,0,3,5.75,1452,1,1,0.0775,0.043,UPI,Grocery,0
40,390.27,11,2,0,5,16.76,844,3,2,0.2511,0.0297,UPI,Electronics,0
39,2009.41,3,0,0,3,17.54,632,2,0,0.1094,0.0988,Credit Card,Fashion,1
36,2711.13,9,1,0,4,21.36,876,2,0,0.0678,0.0471,UPI,Electronics,0
55,1933.37,4,2,0,4,27.37,440,2,3,0.4881,0.0621,UPI,Home,0
32,1775.47,8,2,1,6,18.03,105,6,3,0.3227,0.1583,UPI,Beauty,1
39,1578.79,10,0,0,2,25.95,1079,2,1,0.0887,0.0332,Debit Card,Beauty,0
42,1648.31,6,0,0,2,2.46,290,1,0,0.0455,0.084,Cash on Delivery,Grocery,0
27,876.28,8,0,0,1,20.35,1243,1,0,0.0551,0.0202,Cash on Delivery,Beauty,0
37,1181.88,7,0,0,3,4.42,1037,1,0,0.0578,0.0301,UPI,Fashion,0
32,1415.98,2,1,1,2,11.31,217,5,0,0.3837,0.4509,Debit Card,Grocery,0
31,974.92,5,2,0,5,12.55,303,0,5,0.707,0.0684,Credit Card,Beauty,0
18,490.34,9,0,0,2,15.86,196,3,0,0.0274,0.0411,UPI,Electronics,1
24,2175.76,16,0,0,2,1.12,1493,2,1,0.063,0.0311,Credit Card,Home,0
40,987.41,6,0,0,4,26.08,497,2,1,0.0689,0.0281,Cash on Delivery,Home,1
29,3399.23,11,0,0,4,22.03,1167,0,0,0.0368,0.0269,Credit Card,Fashion,1
21,719.15,8,1,0,3,13.17,988,3,0,0.0912,0.0,Cash on Delivery,Electronics,0
29,1041.84,2,0,0,3,11.49,1321,3,1,0.1907,0.1145,Debit Card,Fashion,0
32,1696.28,7,1,0,4,37.12,622,8,3,0.2301,0.0323,Debit Card,Electronics,1
30,1965.8,3,0,0,3,35.54,464,9,2,0.1339,0.059,Cash on Delivery,Home,0
27,1036.75,7,2,0,3,9.68,725,4,0,0.2137,0.0324,UPI,Electronics,0
26,1077.74,7,2,0,3,30.1,261,4,1,0.2762,0.0132,Debit Card,Electronics,0
43,1325.83,8,2,2,1,8.29,1567,2,0,0.2279,0.2221,Cash on Delivery,Fashion,0
35,579.46,8,0,0,3,29.78,1294,2,0,0.0613,0.0122,UPI,Home,0
46,796.16,9,0,0,3,5.63,237,0,0,0.0156,0.0143,UPI,Fashion,0
28,2644.19,10,0,0,4,23.85,755,1,0,0.0,0.0077,Credit Card,Fashion,0
28,2006.95,8,3,3,1,27.94,269,2,4,0.4557,0.3633,Cash on Delivery,Electronics,1
42,821.94,6,1,0,4,16.5,1445,1,1,0.2597,0.0358,UPI,Fashion,0
60,1428.96,8,0,0,3,14.71,431,1,1,0.0955,0.058,Credit Card,Grocery,0
37,715.61,7,0,0,4,2.97,894,3,2,0.1307,0.0238,UPI,Accessories,1
42,2094.22,8,0,0,2,23.84,581,3,0,0.0055,0.0075,UPI,Fashion,0
40,2107.17,8,0,0,4,6.11,914,2,0,0.0641,0.0894,Debit Card,Fashion,0
21,2161.62,9,4,1,3,19.91,790,3,0,0.2952,0.1427,Cash on Delivery,Home,0
39,1060.44,6,0,0,3,3.52,368,0,0,0.0615,0.0267,Debit Card,Fashion,0
37,1804.27,9,0,0,2,16.77,1107,3,0,0.0359,0.0522,Credit Card,Fashion,0
32,907.79,2,0,0,4,14.98,151,1,0,0.1215,0.1018,UPI,Home,0
26,1799.89,10,0,0,3,19.83,413,0,0,0.0072,0.041,Debit Card,Home,0
40,1443.67,9,0,0,3,25.27,747,3,2,0.1194,0.0,UPI,Accessories,0
25,1445.57,13,0,0,2,16.69,1331,2,0,0.038,0.0118,Debit Card,Electronics,0
28,2798.66,6,1,1,5,26.53,350,5,1,0.2054,0.1908,UPI,Beauty,1
53,850.05,8,0,0,3,28.44,76,4,0,0.03,0.0464,UPI,Electronics,1
35,2140.88,9,0,0,3,9.4,875,2,0,0.0588,0.0298,UPI,Beauty,0
23,891.73,13,0,0,4,1.65,213,2,0,0.0795,0.0296,Cash on Delivery,Home,0
29,2939.93,9,0,0,4,16.97,785,4,0,0.0094,0.0142,Cash on Delivery,Grocery,0
31,1179.52,5,1,0,3,8.03,212,6,0,0.1632,0.0543,Debit Card,Grocery,0
56,2611.97,12,2,0,4,5.04,571,3,3,0.2729,0.0,Net Banking,Fashion,0
26,687.33,7,1,1,2,23.46,644,3,1,0.2271,0.178,Credit Card,Beauty,0
33,831.22,9,0,0,2,11.9,701,1,0,0.0657,0.0216,Credit Card,Electronics,0
29,529.81,3,0,0,2,16.42,1360,1,0,0.0786,0.0789,UPI,Accessories,0
38,657.63,10,0,0,4,22.28,1112,3,1,0.0755,0.0,Credit Card,Home,0
29,2328.8,5,0,0,1,9.47,1412,2,0,0.0564,0.0,Cash on Delivery,Fashion,1
24,1337.18,6,2,0,3,17.28,1338,3,2,0.3238,0.0494,UPI,Grocery,1
32,1514.24,11,1,1,3,6.87,919,1,1,0.115,0.1297,Debit Card,Beauty,0
31,926.42,4,0,0,3,11.87,273,3,1,0.0893,0.0573,Net Banking,Beauty,0
29,1982.23,10,1,1,5,8.19,830,0,1,0.2195,0.1265,UPI,Fashion,0
29,1881.76,9,0,0,5,29.83,1338,4,0,0.0065,0.0548,Debit Card,Home,0
45,2003.1,9,1,1,2,5.28,479,3,1,0.1571,0.1398,Cash on Delivery,Beauty,0
31,2223.4,9,1,1,4,11.11,493,0,0,0.1001,0.133,UPI,Accessories,0
28,391.08,6,2,2,5,23.49,740,7,1,0.333,0.3059,Credit Card,Beauty,1
24,940.72,6,0,0,3,9.3,479,1,1,0.0873,0.0542,Cash on Delivery,Home,0
30,1648.67,8,0,0,1,16.33,822,1,1,0.1307,0.0,Net Banking,Home,0
34,1144.04,4,1,1,3,13.61,877,0,0,0.2455,0.2314,Debit Card,Beauty,0
22,1837.78,7,0,0,3,10.32,1102,2,0,0.0614,0.0387,Cash on Delivery,Electronics,0
49,2432.8,6,1,0,3,10.33,1338,3,1,0.2385,0.0389,Net Banking,Grocery,0
42,1421.66,7,0,0,3,5.72,1303,1,0,0.0405,0.0541,Debit Card,Grocery,0
47,833.22,9,0,0,4,6.51,472,2,0,0.0142,0.0295,UPI,Fashion,0
38,3593.6,13,0,0,4,8.48,935,3,1,0.0469,0.0229,Net Banking,Home,1
18,948.94,11,0,0,3,6.33,463,2,0,0.0,0.0639,Cash on Delivery,Fashion,0
48,1537.32,10,2,1,3,5.74,1499,1,1,0.2125,0.1071,UPI,Fashion,0
26,1776.82,8,2,0,3,13.13,938,3,0,0.1908,0.0269,Debit Card,Grocery,0
27,978.33,9,0,0,3,24.39,847,2,2,0.1512,0.0634,Credit Card,Electronics,0
35,633.9,4,0,0,4,18.87,2022,2,1,0.1403,0.0762,Debit Card,Grocery,0
46,1208.99,9,1,0,3,2.03,191,5,0,0.1519,0.0099,Debit Card,Fashion,0
43,1140.98,9,0,0,4,15.88,1057,3,1,0.0754,0.019,UPI,Electronics,0
42,2670.93,9,0,0,2,5.86,811,1,1,0.154,0.0161,Cash on Delivery,Grocery,0
46,2897.49,8,3,2,5,29.46,186,3,5,0.4755,0.2774,Cash on Delivery,Beauty,1
31,2574.06,7,0,0,2,23.09,715,3,0,0.0431,0.0156,UPI,Home,1
31,2218.98,12,0,0,4,5.09,475,2,1,0.0668,0.0212,UPI,Fashion,0
26,640.59,8,5,2,5,21.69,167,3,2,0.5255,0.2731,Net Banking,Fashion,0
37,3293.2,12,3,0,5,29.27,811,1,2,0.3302,0.0508,Debit Card,Electronics,1
33,1892.24,6,1,0,1,14.14,832,2,0,0.1971,0.0201,Cash on Delivery,Fashion,0
30,2216.44,8,3,3,7,18.43,268,2,4,0.468,0.3415,Credit Card,Accessories,1
42,1003.76,12,2,2,3,15.81,1079,1,0,0.0849,0.2102,Debit Card,Fashion,0
41,1647.54,7,0,0,4,15.48,841,4,1,0.1155,0.0472,Cash on Delivery,Accessories,0
39,2171.32,9,0,0,1,14.72,1354,0,0,0.0,0.0269,Credit Card,Grocery,0
18,962.55,6,0,0,2,2.28,660,1,3,0.2431,0.0589,UPI,Beauty,0
35,1037.58,5,0,0,2,15.66,2029,1,1,0.1448,0.0594,Cash on Delivery,Electronics,0
33,1335.54,10,0,0,2,9.33,748,2,0,0.0252,0.0355,Debit Card,Grocery,0
26,612.96,4,1,0,1,9.83,374,6,3,0.3475,0.0836,Debit Card,Accessories,0
35,949.13,3,1,1,4,15.82,46,5,1,0.3176,0.3409,Credit Card,Electronics,1
30,856.76,6,5,0,6,38.74,30,7,0,0.6036,0.0532,UPI,Fashion,1
27,595.04,7,3,1,1,33.86,701,6,2,0.3849,0.1653,Credit Card,Fashion,1
18,784.96,3,0,0,4,20.55,489,3,2,0.128,0.101,Debit Card,Beauty,0
36,1655.79,9,0,0,4,12.49,510,1,1,0.076,0.0482,Cash on Delivery,Home,0
27,1680.46,4,0,0,3,16.63,61,1,0,0.0522,0.0715,UPI,Home,0
22,1214.04,14,2,1,3,0.44,513,1,0,0.1546,0.0703,Debit Card,Accessories,0
31,2008.16,5,3,3,5,17.14,72,5,3,0.534,0.5425,Credit Card,Electronics,1
38,1738.52,6,0,0,3,22.33,163,2,2,0.1539,0.0333,Cash on Delivery,Home,0
31,649.97,11,0,0,4,18.98,1061,0,0,0.0446,0.0327,UPI,Fashion,1
39,1107.89,9,0,0,1,19.33,880,2,0,0.0469,0.0329,Credit Card,Home,0
28,508.36,7,0,0,3,14.15,1044,3,0,0.0301,0.0565,Credit Card,Electronics,0
47,408.8,10,0,0,2,4.72,270,0,1,0.0885,0.0422,UPI,Electronics,0
43,3068.61,13,1,1,3,9.71,1666,3,0,0.1015,0.0646,UPI,Accessories,0
37,1366.92,8,0,0,4,2.51,1108,3,0,0.0111,0.0229,UPI,Home,0
32,986.73,3,2,1,2,8.55,377,2,0,0.4738,0.3267,Debit Card,Beauty,1
42,2747.89,11,0,0,3,9.97,313,5,1,0.0933,0.0526,Debit Card,Home,0
38,2146.78,8,0,0,3,11.0,589,0,0,0.0313,0.0453,Credit Card,Electronics,0
36,684.82,17,0,0,2,10.86,1445,2,2,0.1407,0.0019,UPI,Accessories,0
43,1327.36,6,0,0,6,20.13,1596,1,0,0.0503,0.0688,Debit Card,Beauty,1
47,3106.35,6,2,0,5,2.72,1038,2,0,0.2773,0.048,UPI,Fashion,0
27,509.43,12,1,1,8,13.36,353,7,3,0.126,0.0634,UPI,Grocery,1
23,1248.72,10,0,0,4,12.09,529,1,1,0.0903,0.0535,UPI,Electronics,0
25,728.63,10,0,0,5,13.94,437,6,2,0.0866,0.021,Credit Card,Grocery,1
27,1490.9,8,0,0,3,4.74,754,5,1,0.047,0.0381,Credit Card,Home,0
20,2025.36,7,1,0,4,5.77,515,5,0,0.121,0.0553,Cash on Delivery,Accessories,0
29,1643.59,4,0,0,3,7.54,133,4,6,0.3091,0.073,UPI,Electronics,1
33,3052.46,6,0,0,4,2.26,1419,4,0,0.0616,0.0729,Credit Card,Electronics,0
39,894.58,7,1,0,6,20.1,1080,1,0,0.1297,0.0413,UPI,Home,0
34,706.51,7,0,0,3,2.08,567,3,1,0.0704,0.0406,UPI,Home,0
20,2432.85,4,0,0,4,33.99,300,4,2,0.095,0.0636,Credit Card,Grocery,1
29,985.66,10,1,0,4,12.6,182,3,0,0.0639,0.0523,Credit Card,Electronics,0
44,1142.93,6,0,0,4,21.17,457,1,1,0.103,0.0268,UPI,Beauty,0
35,1318.91,7,1,0,5,7.45,748,2,0,0.1147,0.047,Debit Card,Accessories,0
40,620.31,6,1,1,5,21.81,241,2,6,0.4859,0.1411,Debit Card,Grocery,1
37,621.92,8,2,0,3,21.19,673,3,2,0.317,0.0418,Credit Card,Grocery,0
44,727.06,10,2,2,2,1.92,327,2,0,0.1801,0.2175,UPI,Beauty,0
33,701.8,7,0,0,4,29.56,1205,1,2,0.1954,0.0666,UPI,Accessories,0
53,1085.19,7,0,0,2,14.83,660,1,1,0.1066,0.031,UPI,Electronics,0
30,553.98,5,2,0,2,0.76,597,1,1,0.4057,0.0456,Debit Card,Accessories,0
52,1327.74,8,1,1,3,7.41,1094,1,0,0.1171,0.0871,Cash on Delivery,Grocery,0
25,805.81,6,0,0,3,13.77,773,1,2,0.1763,0.061,Net Banking,Accessories,0
36,2446.4,8,4,2,4,35.55,100,5,3,0.4322,0.2323,Credit Card,Grocery,1
39,2354.92,11,2,0,2,9.61,806,6,0,0.1608,0.0195,Cash on Delivery,Electronics,1
28,3352.83,10,1,1,4,7.5,969,1,0,0.0813,0.1167,UPI,Beauty,0
44,1582.95,9,2,0,2,8.67,1452,2,0,0.1693,0.0,UPI,Home,1
30,1624.45,5,0,0,2,4.44,1121,2,1,0.0923,0.0613,UPI,Electronics,0
40,1270.14,6,0,0,4,17.35,466,5,2,0.1069,0.0534,UPI,Accessories,0
37,1325.41,6,0,0,3,14.97,382,1,1,0.0855,0.0922,Credit Card,Fashion,0
28,2117.0,8,3,0,2,18.27,2575,1,0,0.3079,0.0766,UPI,Grocery,0
38,3289.12,4,1,1,3,15.69,365,6,1,0.2697,0.2599,UPI,Accessories,0
42,1325.46,5,0,0,3,10.66,779,1,0,0.0539,0.0497,Cash on Delivery,Electronics,0
34,1670.87,4,0,0,1,18.47,1454,2,5,0.3114,0.0664,Debit Card,Electronics,1
28,1086.47,13,0,0,2,7.62,146,1,1,0.1044,0.0324,Credit Card,Electronics,1
20,2695.46,8,3,3,4,23.79,171,2,3,0.4531,0.3487,UPI,Accessories,1
49,2282.19,7,0,0,2,16.25,479,2,0,0.0598,0.0345,UPI,Home,1
25,3059.29,7,0,0,4,9.55,476,0,0,0.0626,0.0692,Debit Card,Fashion,0
44,1431.79,10,4,4,6,21.99,832,5,2,0.3838,0.4103,UPI,Beauty,1
22,830.68,7,1,0,5,4.12,1492,2,0,0.1458,0.0599,Cash on Delivery,Fashion,0
43,2494.07,6,1,0,2,5.88,870,1,1,0.2146,0.0572,Credit Card,Beauty,0
29,603.88,7,0,0,2,8.93,837,1,1,0.1416,0.0319,Credit Card,Accessories,0
22,1505.53,5,2,1,1,9.18,800,5,3,0.3948,0.236,Cash on Delivery,Accessories,1
34,1111.28,9,0,0,1,15.0,893,2,1,0.091,0.0027,Debit Card,Grocery,0
27,733.03,3,0,0,6,30.27,191,4,1,0.1012,0.0857,Cash on Delivery,Fashion,0
31,1156.24,6,2,0,2,3.83,1051,7,2,0.3473,0.0417,Net Banking,Grocery,0
22,1672.61,7,1,0,3,9.67,1009,3,0,0.1294,0.039,Credit Card,Fashion,0
35,4074.91,5,0,0,6,17.43,316,2,7,0.4127,0.062,UPI,Beauty,1
33,1144.28,12,1,1,3,8.73,460,3,0,0.0791,0.1224,Credit Card,Electronics,0
45,892.8,11,0,0,3,20.68,1714,1,0,0.0121,0.0402,Credit Card,Home,0
43,820.88,5,0,0,5,6.83,252,0,1,0.1585,0.0339,UPI,Fashion,0
36,1117.17,4,0,0,2,2.69,1534,5,0,0.0237,0.0039,UPI,Accessories,0
44,1513.79,9,4,0,4,12.03,245,0,0,0.3181,0.003,UPI,Fashion,1
35,927.34,4,2,1,3,32.56,865,4,1,0.4186,0.3205,UPI,Electronics,1
24,1163.54,10,0,0,6,19.97,495,0,0,0.031,0.0199,UPI,Fashion,1
31,1068.94,7,0,0,3,14.93,803,2,0,0.0575,0.0462,Credit Card,Fashion,0
38,874.71,7,2,0,3,15.28,700,4,0,0.2,0.0099,Credit Card,Accessories,0
33,1002.5,3,0,0,1,18.94,444,4,0,0.0604,0.0393,UPI,Home,0
32,1223.64,13,0,0,4,23.41,1047,3,0,0.0248,0.019,Cash on Delivery,Grocery,0
34,770.87,5,1,1,6,21.6,196,2,2,0.313,0.2294,Cash on Delivery,Home,1
23,2266.85,4,0,0,3,10.76,643,1,0,0.0849,0.0636,Credit Card,Accessories,0
18,1259.71,4,1,0,4,33.56,1157,1,0,0.2409,0.068,Credit Card,Electronics,0
41,1890.37,11,1,1,1,9.26,544,6,1,0.0784,0.1044,Debit Card,Fashion,1
36,1348.44,9,1,0,2,6.19,511,1,1,0.1737,0.0366,UPI,Accessories,0
26,564.74,9,4,1,5,49.48,247,9,2,0.3392,0.0804,Cash on Delivery,Grocery,1
42,2453.58,16,0,0,1,15.41,876,3,1,0.0454,0.0048,Credit Card,Accessories,0
30,708.67,9,1,1,3,26.17,1267,1,0,0.1222,0.1131,UPI,Fashion,1
28,880.98,16,2,1,2,4.77,1180,1,0,0.0831,0.0904,UPI,Grocery,0
34,2074.93,7,0,0,3,14.68,330,3,0,0.0228,0.0281,UPI,Fashion,0
42,971.85,9,1,0,2,17.92,755,3,0,0.0773,0.0373,Net Banking,Fashion,0
32,2788.62,10,0,0,3,6.37,1247,3,0,0.0097,0.0089,UPI,Electronics,0
24,1511.5,4,0,0,1,28.05,872,4,1,0.0829,0.0456,Debit Card,Fashion,0
49,1273.76,5,2,2,4,18.23,355,6,1,0.3987,0.4014,UPI,Home,1
41,918.44,7,0,0,6,15.76,661,1,0,0.0662,0.0337,Credit Card,Beauty,0
25,2942.32,11,3,0,2,27.28,1311,3,0,0.2136,0.0242,Debit Card,Home,0
33,1506.57,5,0,0,1,18.49,1540,1,0,0.0868,0.0688,Cash on Delivery,Fashion,0
29,1917.25,8,4,1,3,15.07,319,0,0,0.3487,0.141,Debit Card,Electronics,1
28,819.84,7,2,0,3,9.4,326,4,1,0.3138,0.0551,Credit Card,Electronics,0
33,1614.42,7,0,0,4,8.74,1418,4,1,0.0916,0.0449,Credit Card,Grocery,0
45,421.66,7,0,0,4,9.9,1194,2,0,0.0451,0.0586,Credit Card,Fashion,0
36,644.14,9,0,0,3,26.01,705,1,1,0.0641,0.0294,Cash on Delivery,Fashion,1
50,775.4,9,1,0,3,26.85,718,3,0,0.1414,0.0336,Credit Card,Fashion,0
22,2304.22,15,0,0,5,16.78,545,0,0,0.0466,0.0308,Debit Card,Home,0
35,1244.42,5,0,0,2,9.5,894,2,0,0.0533,0.0805,Debit Card,Grocery,0
36,668.19,9,1,1,3,17.38,1064,2,0,0.0917,0.1441,Credit Card,Electronics,0
40,1388.82,8,1,0,3,2.37,1186,7,0,0.0925,0.0406,UPI,Home,1
27,725.94,8,0,0,4,10.75,827,2,0,0.015,0.0622,Debit Card,Accessories,0
49,983.44,5,0,0,3,5.58,716,1,2,0.1785,0.0495,UPI,Electronics,1
34,503.67,13,2,1,3,13.16,817,1,1,0.1797,0.0886,Debit Card,Fashion,0
24,1952.02,10,3,0,2,5.58,436,2,0,0.1997,0.0031,Credit Card,Electronics,1
34,1093.51,10,1,0,1,2.02,1206,0,0,0.1272,0.0,UPI,Accessories,0
31,3420.65,5,0,0,5,14.72,1182,5,0,0.0768,0.0549,Net Banking,Fashion,0
59,1378.8,11,0,0,5,17.23,455,0,0,0.0265,0.0384,UPI,Home,0
43,1031.02,10,2,1,4,11.01,998,3,1,0.2245,0.1053,Credit Card,Fashion,0
34,418.71,11,1,0,4,16.06,344,2,1,0.1473,0.0336,Debit Card,Home,0
33,842.08,3,0,0,3,18.45,1386,2,0,0.0818,0.0671,Credit Card,Accessories,0
43,1772.06,4,0,0,2,17.49,2007,3,0,0.0486,0.0528,UPI,Beauty,0
43,1309.89,11,1,0,4,16.86,1033,1,1,0.1175,0.0407,UPI,Electronics,0
18,522.17,10,0,0,3,18.26,1072,4,0,0.0376,0.0295,Cash on Delivery,Electronics,0
40,1312.6,5,0,0,3,10.07,653,4,0,0.0344,0.0719,Credit Card,Fashion,0
34,948.17,11,1,1,2,13.24,713,0,2,0.2471,0.1091,Cash on Delivery,Fashion,0
22,1420.1,10,0,0,2,13.15,1557,3,0,0.0461,0.0227,UPI,Fashion,0
42,1747.8,9,2,0,4,2.76,722,1,0,0.2182,0.0239,Debit Card,Grocery,1
54,1360.4,14,1,0,3,3.87,765,1,1,0.1224,0.022,UPI,Home,0
39,968.56,6,1,0,2,14.52,869,1,0,0.1378,0.0489,Cash on Delivery,Electronics,0
44,2715.02,10,3,0,4,25.33,876,1,4,0.5415,0.035,Cash on Delivery,Home,1
23,898.28,6,4,0,7,22.62,313,5,2,0.5506,0.0234,UPI,Home,1
50,1276.09,6,0,0,3,16.48,1718,1,1,0.1472,0.0,Credit Card,Beauty,1
27,929.92,7,2,0,5,6.68,1368,3,0,0.171,0.0199,UPI,Accessories,0
18,1052.2,7,0,0,4,6.75,1624,4,0,0.0579,0.0404,Credit Card,Electronics,0
31,1701.0,11,5,3,4,48.0,128,3,0,0.3599,0.2745,Credit Card,Accessories,1
40,1382.68,8,1,0,1,33.14,2029,3,1,0.1591,0.0582,Cash on Delivery,Fashion,1
32,1963.97,5,0,0,4,32.89,1202,4,0,0.0317,0.052,Net Banking,Fashion,0
31,776.08,4,1,0,4,46.42,301,4,0,0.2486,0.0609,Cash on Delivery,Electronics,0
22,3419.2,12,0,0,1,15.07,472,2,1,0.0766,0.0146,Debit Card,Home,0
29,1683.01,11,3,3,3,45.6,650,5,3,0.3589,0.2862,UPI,Accessories,1
32,2544.06,4,1,0,6,10.75,206,8,2,0.2458,0.0574,Credit Card,Home,0
33,1419.76,3,1,1,3,21.53,555,1,0,0.3179,0.3168,UPI,Fashion,1
41,2964.15,11,1,0,4,22.08,941,3,0,0.0715,0.0119,Cash on Delivery,Fashion,0
33,665.39,8,0,0,5,9.87,232,1,0,0.0515,0.0362,Credit Card,Electronics,0
27,1547.92,11,2,0,4,11.46,725,1,0,0.1571,0.0,Debit Card,Grocery,0
32,1237.84,8,0,0,3,3.88,1212,3,2,0.1158,0.063,Debit Card,Fashion,0
34,854.53,10,1,0,4,11.29,909,2,1,0.1873,0.073,Debit Card,Beauty,0
18,1332.48,9,0,0,3,13.92,666,0,1,0.1195,0.0525,Debit Card,Accessories,1
33,1654.84,10,0,0,4,16.24,1264,1,0,0.0697,0.0261,UPI,Electronics,0
22,717.49,7,0,0,3,23.71,496,1,1,0.0933,0.0284,UPI,Beauty,0
40,421.74,6,3,2,5,18.41,1401,0,3,0.5952,0.3308,UPI,Beauty,0
20,1949.92,6,0,0,6,2.41,1050,0,1,0.1429,0.0463,UPI,Fashion,0
43,1686.83,9,1,0,4,5.44,1095,3,1,0.1818,0.0304,UPI,Fashion,0
30,1918.62,12,0,0,4,3.66,659,1,0,0.0414,0.0045,Net Banking,Electronics,0
29,1164.23,11,0,0,3,1.44,1219,1,2,0.1269,0.0064,Cash on Delivery,Grocery,0
37,2311.55,7,0,0,5,15.99,950,1,1,0.115,0.0582,UPI,Electronics,0
43,1635.92,5,1,0,5,12.84,667,4,3,0.2972,0.0723,UPI,Electronics,1
26,528.69,8,1,0,3,16.74,1316,4,1,0.1805,0.0216,UPI,Accessories,0
37,708.17,7,0,0,5,5.86,2170,1,0,0.0184,0.0286,Debit Card,Home,0
27,2195.73,15,0,0,6,6.8,487,1,2,0.1764,0.0058,Credit Card,Fashion,0
29,1407.53,7,0,0,3,11.33,2039,1,1,0.0948,0.0199,UPI,Electronics,0
38,1590.46,5,0,0,1,6.59,1149,1,2,0.1769,0.015,Credit Card,Fashion,0
24,621.58,5,0,0,2,9.64,1276,2,1,0.1106,0.0217,Net Banking,Fashion,0
23,1055.16,7,1,0,3,38.33,1631,1,0,0.171,0.0411,UPI,Home,0
24,1435.52,5,1,0,5,18.79,395,6,2,0.2573,0.0632,UPI,Beauty,1
36,678.32,6,0,0,3,40.16,1842,1,1,0.1473,0.0204,Debit Card,Electronics,0
34,919.02,8,0,0,2,25.8,201,3,1,0.0818,0.0578,UPI,Home,0
29,2360.89,3,0,0,2,27.77,179,6,0,0.1097,0.0471,UPI,Fashion,0
36,1345.62,12,2,1,3,15.06,716,0,3,0.3855,0.1264,Credit Card,Electronics,1
37,992.69,5,1,0,3,15.04,1724,2,1,0.1996,0.0052,Debit Card,Grocery,1
35,979.45,6,0,0,2,6.96,542,4,0,0.0625,0.0694,Net Banking,Beauty,1
39,989.32,5,1,0,5,27.49,924,2,1,0.2083,0.0626,Cash on Delivery,Beauty,0
35,1920.91,9,0,0,3,16.65,733,3,1,0.0855,0.0333,Credit Card,Accessories,0
18,4519.23,8,1,1,3,17.65,521,1,0,0.1095,0.1508,UPI,Home,0
24,564.92,6,3,0,5,21.95,210,2,2,0.5057,0.0467,UPI,Electronics,1
31,1809.89,8,2,0,6,20.5,834,10,4,0.2789,0.0672,UPI,Home,0
24,1117.72,4,1,1,2,13.19,333,5,1,0.2848,0.2677,Cash on Delivery,Fashion,1
25,2592.86,5,1,0,4,28.97,266,4,1,0.2341,0.0581,Cash on Delivery,Electronics,0
18,1366.97,9,0,0,4,8.03,511,1,1,0.0838,0.0444,Net Banking,Fashion,0
51,1907.67,7,0,0,4,8.28,1342,0,1,0.1061,0.0609,Cash on Delivery,Accessories,1
34,814.69,13,2,0,2,24.21,934,2,2,0.2189,0.0367,UPI,Accessories,0
43,679.65,6,1,0,6,4.4,395,2,1,0.1916,0.032,UPI,Fashion,0
18,2049.6,6,0,0,1,31.64,574,1,4,0.2964,0.0275,Credit Card,Accessories,0
31,3682.98,8,0,0,4,18.09,655,5,2,0.0748,0.0421,Cash on Delivery,Accessories,0
30,1046.7,4,2,0,5,44.32,18,4,5,0.5491,0.024,UPI,Electronics,0
32,760.66,2,1,0,3,20.68,604,6,3,0.4493,0.0994,Cash on Delivery,Electronics,1
44,2083.62,3,2,0,5,25.66,611,6,2,0.5434,0.0755,UPI,Home,1
33,2699.95,9,3,2,4,33.01,327,2,3,0.4602,0.2495,Credit Card,Fashion,1
33,644.59,8,2,0,5,4.31,505,5,0,0.2078,0.0506,Net Banking,Electronics,0
30,2506.01,7,0,0,1,6.69,450,7,2,0.0967,0.0134,UPI,Fashion,0
56,934.67,4,1,0,3,11.56,1237,3,0,0.2689,0.0365,Debit Card,Beauty,0
36,648.28,8,0,0,4,30.07,898,1,0,0.0135,0.0211,Credit Card,Accessories,0
29,834.53,5,0,0,1,17.1,818,2,0,0.0596,0.0513,Cash on Delivery,Beauty,0
25,1816.82,10,9,3,4,21.02,368,9,2,0.6867,0.3307,UPI,Fashion,1
18,836.96,10,2,1,5,12.29,195,3,1,0.2088,0.1082,Cash on Delivery,Accessories,0
19,2760.46,8,0,0,3,22.32,229,3,0,0.0305,0.0457,UPI,Beauty,0
52,2066.76,7,0,0,4,15.7,1577,2,0,0.0115,0.034,UPI,Accessories,0
33,1577.54,8,0,0,3,10.45,333,4,0,0.0497,0.0543,Cash on Delivery,Grocery,0
41,1727.43,13,0,0,1,17.45,881,3,1,0.0623,0.0268,Net Banking,Home,0
42,1294.33,9,2,1,2,23.77,969,2,2,0.2782,0.106,UPI,Electronics,0
30,724.5,9,0,0,3,20.67,664,2,1,0.0325,0.0115,Cash on Delivery,Home,0
40,622.88,8,1,0,4,3.75,986,1,0,0.1346,0.0222,UPI,Beauty,0
29,1130.62,6,0,0,4,17.95,1395,1,0,0.0555,0.0628,UPI,Electronics,0
25,484.92,9,0,0,4,14.19,920,2,1,0.0648,0.0817,Credit Card,Beauty,0
44,481.47,10,0,0,2,13.2,560,1,0,0.0658,0.0022,UPI,Accessories,0
33,1241.45,13,0,0,1,15.89,415,3,0,0.0305,0.0152,Cash on Delivery,Beauty,1
39,1034.85,4,0,0,4,25.98,371,1,0,0.0925,0.0201,Debit Card,Fashion,0
38,1280.57,6,0,0,3,23.87,1385,1,0,0.0343,0.0276,Credit Card,Home,0
19,1243.49,9,2,2,6,30.66,224,3,2,0.2956,0.2744,UPI,Home,0
40,1768.63,8,1,0,2,7.62,1069,6,1,0.1496,0.0451,Credit Card,Electronics,0
20,2132.13,7,0,0,5,6.05,1186,0,1,0.1149,0.031,Cash on Delivery,Home,0
29,1662.42,7,0,0,5,7.77,424,5,2,0.0767,0.0284,UPI,Grocery,0
31,1235.12,8,0,0,3,5.79,765,4,2,0.0908,0.0091,Debit Card,Beauty,1
19,946.11,6,0,0,5,14.75,481,4,1,0.0753,0.0681,Credit Card,Home,0
27,872.4,7,0,0,3,33.25,224,2,0,0.0309,0.0265,Credit Card,Fashion,0
38,1822.71,6,0,0,3,14.09,823,5,0,0.0845,0.0609,UPI,Beauty,0
45,1258.91,11,0,0,4,13.77,1158,0,0,0.0298,0.0496,Debit Card,Fashion,0
46,1394.33,12,0,0,1,25.29,712,1,1,0.1032,0.0501,Net Banking,Fashion,0
31,2030.13,7,0,0,3,18.57,1441,2,1,0.0907,0.0499,Debit Card,Beauty,0
37,3078.15,15,1,0,4,3.02,321,2,3,0.1725,0.0198,Credit Card,Accessories,0
38,1411.76,6,2,0,3,7.86,887,1,0,0.2425,0.0606,Credit Card,Electronics,0
40,1146.27,2,0,0,5,13.18,560,2,1,0.1317,0.0948,UPI,Electronics,0
26,3422.13,7,0,0,3,6.88,715,4,0,0.089,0.0127,UPI,Fashion,0
50,1308.19,6,0,0,4,6.76,749,2,0,0.0254,0.0037,UPI,Grocery,0
42,2469.82,11,1,1,3,30.06,816,1,0,0.1212,0.1092,Net Banking,Fashion,0
43,651.67,8,0,0,5,15.55,847,4,0,0.0432,0.0252,Credit Card,Accessories,0
45,891.53,5,0,0,2,8.08,549,1,0,0.0543,0.059,Net Banking,Home,0
39,1372.33,8,1,0,3,32.86,240,2,0,0.1224,0.0645,UPI,Grocery,0
25,1566.62,7,0,0,4,13.07,877,4,0,0.0726,0.0282,Credit Card,Home,0
33,3136.98,6,0,0,1,4.53,714,3,1,0.0928,0.0235,UPI,Accessories,0
19,1571.34,12,1,0,2,15.11,411,2,2,0.1784,0.0243,Debit Card,Accessories,0
38,731.63,9,0,0,4,13.53,700,4,0,0.0108,0.0,Credit Card,Fashion,0
44,1774.26,11,2,2,4,45.13,248,6,2,0.2498,0.1987,Debit Card,Home,0
32,1080.65,5,0,0,4,12.78,958,3,0,0.0621,0.082,UPI,Home,0
34,2828.35,6,0,0,5,5.17,369,2,2,0.1786,0.0444,UPI,Fashion,0
45,888.23,10,1,0,4,3.96,1526,3,1,0.1487,0.0672,Credit Card,Accessories,0
31,3295.97,6,2,2,7,29.56,391,4,0,0.2589,0.3367,Debit Card,Electronics,1
30,1003.77,6,1,0,4,4.16,596,5,1,0.2021,0.0265,UPI,Beauty,0
24,1730.71,9,2,0,3,21.69,269,3,0,0.2064,0.0483,Cash on Delivery,Fashion,1
21,783.23,7,1,1,3,53.39,514,1,2,0.283,0.1755,Credit Card,Accessories,0
32,1456.27,11,1,0,2,6.55,540,3,1,0.1022,0.0545,UPI,Grocery,0
22,440.11,6,2,0,5,18.16,100,6,2,0.329,0.0748,Debit Card,Home,0
34,2126.75,7,0,0,4,9.12,1361,4,0,0.0229,0.0375,Credit Card,Home,0
24,1573.93,10,5,2,5,17.25,607,7,3,0.4591,0.2154,Debit Card,Grocery,1
18,630.09,0,0,0,3,28.66,1542,0,0,0.3722,0.2953,UPI,Fashion,1
32,976.69,11,0,0,4,8.76,997,3,1,0.0687,0.0017,UPI,Accessories,0
18,285.5,5,0,0,3,16.33,691,2,0,0.0392,0.0376,Debit Card,Beauty,0
29,754.08,10,1,1,3,5.4,912,4,0,0.1073,0.0804,UPI,Fashion,0
42,1981.32,4,1,1,6,15.46,1207,1,2,0.3453,0.28,Credit Card,Beauty,1
38,1976.22,11,0,0,1,6.04,1684,4,1,0.0873,0.0334,UPI,Fashion,0
29,2075.94,10,0,0,4,36.0,548,2,0,0.0346,0.0309,Net Banking,Beauty,0
34,639.99,11,0,0,2,7.24,550,2,0,0.0846,0.0111,UPI,Electronics,0
24,701.15,10,0,0,5,10.15,900,1,1,0.1069,0.0335,UPI,Fashion,0
34,891.43,9,0,0,5,10.21,726,4,0,0.0435,0.0076,UPI,Beauty,0
60,613.2,7,0,0,3,25.81,289,3,3,0.1925,0.0411,Debit Card,Fashion,0
51,975.55,12,0,0,5,9.61,563,3,1,0.0716,0.0,Debit Card,Home,0
34,1247.39,11,1,1,2,10.28,469,0,1,0.1521,0.1302,Credit Card,Electronics,0
35,1512.11,6,0,0,3,13.23,2200,5,0,0.0288,0.005,Credit Card,Home,0
25,1123.44,14,0,0,5,6.58,895,2,0,0.0407,0.0349,Credit Card,Fashion,0
40,1706.0,6,2,2,4,25.56,333,5,1,0.2954,0.3244,UPI,Home,1
27,940.42,9,0,0,3,20.19,532,2,0,0.0,0.0662,Credit Card,Electronics,0
29,2447.22,6,3,1,2,40.18,595,5,2,0.437,0.1819,UPI,Fashion,1
37,2013.38,10,1,1,2,36.18,914,3,0,0.0677,0.1128,Cash on Delivery,Home,0
29,1243.5,3,0,0,3,11.36,1008,1,0,0.117,0.0685,Credit Card,Grocery,0
42,1881.72,8,0,0,2,22.39,912,2,1,0.0517,0.0068,UPI,Accessories,0
18,935.2,5,0,0,4,22.7,123,3,2,0.1313,0.0247,Net Banking,Home,1
48,2681.78,6,1,1,4,10.94,749,3,1,0.1885,0.2004,UPI,Fashion,0
37,1184.08,6,0,0,2,14.06,771,0,0,0.0806,0.0465,UPI,Beauty,0
35,1274.49,7,1,1,2,10.25,1119,1,0,0.1307,0.1625,UPI,Electronics,0
19,3935.97,9,2,0,4,9.19,931,3,0,0.1954,0.0517,UPI,Fashion,0
47,1448.64,4,2,1,4,12.64,643,2,1,0.398,0.2642,UPI,Fashion,0
41,1754.9,7,0,0,1,32.18,882,2,1,0.07,0.007,Credit Card,Accessories,1
24,1012.56,5,1,1,2,30.0,798,2,0,0.1978,0.2327,Debit Card,Home,0
30,1376.79,3,0,0,3,10.55,691,0,0,0.1489,0.0757,Cash on Delivery,Beauty,0
43,1943.95,2,0,0,4,13.96,1019,2,0,0.1549,0.0852,UPI,Grocery,0
43,2061.25,9,0,0,2,15.92,863,0,0,0.0272,0.0068,Credit Card,Home,0
30,2085.74,9,0,0,4,33.29,868,1,1,0.0765,0.0162,Cash on Delivery,Electronics,1
20,1454.47,5,1,1,5,21.82,130,6,0,0.2044,0.2204,UPI,Electronics,1
30,6150.82,6,0,0,3,17.57,1930,2,1,0.1158,0.029,Credit Card,Electronics,0
24,869.65,7,1,1,6,37.88,526,4,1,0.197,0.1875,UPI,Grocery,1
28,2244.81,8,0,0,4,4.35,431,5,1,0.0482,0.0472,Debit Card,Fashion,0
23,1382.2,10,1,1,4,19.91,588,2,0,0.1462,0.0958,Debit Card,Beauty,0
28,858.51,6,0,0,3,8.64,2784,3,0,0.0752,0.0533,Credit Card,Electronics,0
19,1385.48,7,0,0,4,12.69,694,4,0,0.0396,0.0687,UPI,Accessories,0
40,3374.77,14,0,0,4,20.13,819,2,0,0.0573,0.0092,UPI,Electronics,0
38,1298.44,8,0,0,3,8.29,735,3,2,0.1229,0.0156,UPI,Beauty,0
39,1569.1,13,0,0,3,8.7,997,2,1,0.0827,0.035,Debit Card,Grocery,0
25,1309.68,7,0,0,3,5.75,625,2,1,0.1037,0.0701,UPI,Grocery,0
23,1440.44,9,2,0,3,37.86,218,4,0,0.1719,0.0253,UPI,Home,0
34,2208.88,11,0,0,4,12.03,1402,0,1,0.1149,0.039,Credit Card,Beauty,0
35,1258.51,9,0,0,1,12.61,176,1,0,0.0434,0.0152,Credit Card,Electronics,0
33,4054.63,10,2,1,4,11.8,2184,3,1,0.2271,0.132,Debit Card,Beauty,0
31,4054.32,5,1,1,1,11.78,1099,5,1,0.2161,0.2124,UPI,Grocery,0
49,334.94,12,1,1,4,10.07,503,1,0,0.0926,0.0662,UPI,Fashion,0
39,1480.97,10,0,0,4,24.12,431,4,2,0.1139,0.0253,Net Banking,Fashion,0
32,1922.93,5,0,0,4,14.05,181,2,3,0.2086,0.0912,Credit Card,Home,1
38,1058.4,7,0,0,5,14.31,518,6,0,0.0294,0.0474,UPI,Accessories,0
52,1304.93,10,0,0,4,9.24,230,2,0,0.0,0.0608,Credit Card,Electronics,0
45,3539.38,9,1,0,5,8.44,466,2,0,0.1052,0.0416,Credit Card,Electronics,0
49,1024.59,8,0,0,1,21.09,504,4,1,0.1187,0.0378,Debit Card,Electronics,0
24,1658.96,8,0,0,4,23.32,1214,4,1,0.0737,0.0286,Debit Card,Beauty,0
39,2693.95,10,0,0,5,12.0,918,2,0,0.0,0.0284,Cash on Delivery,Fashion,1
30,1684.46,8,2,0,4,11.83,223,1,0,0.2239,0.0373,UPI,Fashion,0
19,876.77,9,0,0,3,1.19,235,4,1,0.0514,0.0391,Credit Card,Home,0
47,2486.29,10,0,0,3,26.4,421,1,2,0.1569,0.0459,UPI,Accessories,1
31,590.96,7,0,0,1,27.51,442,4,2,0.0787,0.0525,Cash on Delivery,Electronics,1
25,637.09,10,2,0,4,41.78,1645,3,1,0.2519,0.0471,Cash on Delivery,Electronics,0
30,454.06,8,0,0,3,15.95,481,2,1,0.1063,0.0183,UPI,Home,0
27,1208.99,12,0,0,5,15.95,1794,1,0,0.0062,0.0086,Debit Card,Beauty,0
28,1146.53,8,0,0,4,7.84,968,0,3,0.3005,0.0427,UPI,Grocery,0
32,1150.52,8,0,0,3,16.83,1121,4,0,0.0973,0.0459,UPI,Fashion,0
50,1529.4,15,2,2,2,4.43,777,1,0,0.1064,0.1637,Debit Card,Home,0
28,1543.98,6,1,0,3,5.11,455,3,0,0.1441,0.0708,UPI,Beauty,0
49,1729.95,7,0,0,3,2.15,553,0,1,0.1415,0.0586,Credit Card,Accessories,1
42,818.81,7,2,0,2,5.36,1780,0,1,0.3348,0.058,Credit Card,Accessories,0
38,1267.07,15,2,0,5,14.03,1102,0,1,0.2059,0.0346,UPI,Accessories,1
25,725.08,5,3,0,4,33.28,585,2,3,0.644,0.0454,Debit Card,Electronics,1
41,995.54,11,0,0,4,5.66,1077,1,0,0.0295,0.0167,Cash on Delivery,Accessories,0
34,578.67,13,0,0,2,18.93,1371,0,0,0.0123,0.0599,Credit Card,Fashion,0
46,2633.94,6,0,0,3,10.57,1099,0,1,0.1447,0.038,Debit Card,Home,0
39,1892.35,9,1,1,3,20.87,426,2,0,0.1137,0.1107,UPI,Grocery,0
19,952.85,5,0,0,1,9.98,519,1,1,0.1199,0.0825,UPI,Accessories,0
19,1329.7,6,1,0,4,14.83,185,4,1,0.2119,0.0491,UPI,Fashion,0
37,979.42,10,1,0,2,12.52,865,2,1,0.1355,0.0,Cash on Delivery,Beauty,0
21,4339.63,5,1,1,4,22.31,266,4,4,0.3692,0.22,UPI,Electronics,1
22,977.79,4,1,1,5,21.04,159,7,2,0.2624,0.2577,Cash on Delivery,Accessories,0
41,2573.45,10,1,1,5,23.05,2036,6,1,0.1506,0.0888,UPI,Beauty,0
29,727.71,3,0,0,4,44.56,240,5,3,0.2118,0.1022,Credit Card,Fashion,1
31,270.81,6,0,0,3,25.37,1266,2,0,0.0338,0.083,UPI,Electronics,0
35,1331.04,8,0,0,7,26.96,587,2,0,0.0705,0.0353,UPI,Home,0
28,675.23,7,1,0,3,4.11,1033,3,0,0.128,0.0237,UPI,Fashion,0
22,2978.23,5,1,1,4,12.83,225,1,0,0.2077,0.2237,Cash on Delivery,Electronics,1
20,992.1,9,0,0,3,26.2,454,2,1,0.1215,0.0075,Cash on Delivery,Accessories,0
20,1319.11,5,1,0,5,11.98,705,4,0,0.1812,0.0298,UPI,Fashion,0
40,627.28,5,0,0,4,7.58,1131,1,1,0.1349,0.0756,UPI,Beauty,0
18,434.22,8,0,0,3,2.88,1346,3,1,0.0975,0.0337,Credit Card,Fashion,0
28,634.43,9,0,0,1,10.55,532,3,0,0.0629,0.0,Cash on Delivery,Fashion,1
31,859.92,6,1,1,6,9.11,343,5,6,0.3297,0.1788,UPI,Accessories,1
27,1453.76,4,0,0,4,19.99,624,4,0,0.0662,0.0645,UPI,Fashion,0
31,799.86,9,3,0,3,9.68,1359,0,0,0.2676,0.0,Cash on Delivery,Accessories,0
18,1472.37,15,0,0,4,30.67,705,1,0,0.0545,0.038,Net Banking,Fashion,0
38,1197.46,10,1,0,2,23.02,523,1,0,0.1062,0.0562,Credit Card,Accessories,0
23,2589.85,5,0,0,2,14.63,1239,2,1,0.1303,0.0549,UPI,Beauty,0
44,562.83,7,0,0,3,0.91,934,7,0,0.0414,0.0049,Credit Card,Electronics,0
28,883.65,8,1,0,4,8.58,947,3,0,0.1239,0.0,Credit Card,Electronics,0
33,1503.95,7,0,0,3,15.8,276,0,0,0.0708,0.0606,Credit Card,Home,1
28,988.44,9,5,1,5,21.09,177,2,1,0.4814,0.1544,UPI,Accessories,1
34,1012.26,8,4,1,1,11.8,447,0,2,0.5904,0.1232,UPI,Grocery,0
36,1072.82,9,4,0,3,10.72,828,2,0,0.3553,0.0097,Cash on Delivery,Fashion,0
34,1089.58,6,0,0,4,9.58,716,3,1,0.0791,0.0823,UPI,Accessories,0
30,820.95,5,0,0,4,5.76,1199,5,0,0.0897,0.0739,UPI,Fashion,0
37,1622.74,1,0,0,3,8.47,849,4,1,0.2496,0.1253,Net Banking,Home,1
38,1262.91,8,0,0,4,11.1,408,1,0,0.0358,0.0094,UPI,Home,0
27,2209.86,6,0,0,4,27.4,626,2,1,0.1118,0.0577,Credit Card,Grocery,0
38,1153.51,7,0,0,3,13.89,411,2,0,0.0416,0.0338,Cash on Delivery,Beauty,0
45,908.19,9,0,0,2,12.83,1349,6,0,0.0422,0.0394,Debit Card,Fashion,0
40,1635.76,8,0,0,2,17.76,678,2,1,0.0756,0.0,Credit Card,Beauty,0
42,502.77,6,0,0,3,19.53,703,4,0,0.0261,0.0159,Debit Card,Fashion,0
36,1504.07,10,1,0,3,11.23,486,6,0,0.1046,0.0433,UPI,Electronics,0
26,363.03,13,0,0,4,22.48,358,1,0,0.0,0.0377,UPI,Home,0
27,2536.24,10,1,0,3,19.02,634,3,1,0.1563,0.0,Credit Card,Electronics,0
37,2246.68,6,0,0,2,8.92,452,5,1,0.0973,0.04,Net Banking,Accessories,1
42,2293.96,11,2,1,5,3.54,135,3,1,0.1715,0.107,Cash on Delivery,Electronics,0
59,477.97,5,2,0,3,8.86,652,0,1,0.3755,0.0542,Credit Card,Accessories,0
43,1046.02,7,0,0,2,15.92,694,2,0,0.0511,0.0024,UPI,Home,0
23,1363.16,8,1,0,3,9.61,583,2,1,0.1866,0.0179,Credit Card,Accessories,0
29,851.09,6,2,2,5,10.23,314,9,5,0.3418,0.3371,UPI,Fashion,1
27,2022.49,9,0,0,4,8.3,388,3,0,0.0429,0.0283,Credit Card,Accessories,0
55,1411.18,10,4,0,2,9.32,688,5,1,0.3894,0.0529,Credit Card,Home,1
21,2767.24,5,1,0,4,19.89,551,3,0,0.151,0.0571,Debit Card,Home,0
32,786.82,11,1,0,4,4.09,729,4,1,0.1264,0.0129,Credit Card,Electronics,0
34,3317.38,7,1,0,3,8.47,444,1,1,0.2373,0.0218,UPI,Home,0
25,1559.48,8,0,0,4,25.79,771,3,1,0.0853,0.0796,UPI,Home,0
48,564.95,3,0,0,2,4.78,401,4,0,0.0956,0.0614,Cash on Delivery,Home,0
39,1565.31,12,1,0,3,6.44,1751,2,0,0.1046,0.0043,Credit Card,Electronics,0
27,1005.83,9,2,1,4,13.97,374,2,1,0.2797,0.0942,Credit Card,Electronics,0
25,1433.61,9,0,0,4,1.57,152,2,1,0.106,0.0563,UPI,Grocery,0
37,1092.04,14,0,0,4,8.27,570,3,1,0.0121,0.0301,Debit Card,Fashion,0
34,473.71,6,2,1,4,5.0,782,4,0,0.2276,0.2005,Debit Card,Electronics,0
41,1070.91,9,0,0,4,5.11,1593,2,0,0.0201,0.0728,Credit Card,Electronics,0
39,719.61,10,1,0,3,4.94,678,4,1,0.1597,0.0206,UPI,Accessories,1
32,386.42,8,0,0,5,8.5,463,3,1,0.1306,0.0625,UPI,Fashion,0
29,4208.25,9,1,1,2,4.99,977,2,0,0.0919,0.1358,Credit Card,Beauty,0
33,2454.45,9,0,0,5,15.05,662,2,0,0.0182,0.0292,UPI,Grocery,0
29,1519.14,12,4,0,6,1.98,626,2,1,0.3116,0.0067,UPI,Beauty,0
33,619.9,8,1,0,6,9.23,940,5,0,0.148,0.0427,Debit Card,Home,0
31,716.9,5,1,1,3,7.71,111,4,3,0.2688,0.2386,UPI,Grocery,1
34,1284.81,12,2,0,4,17.31,903,5,2,0.2349,0.0141,Credit Card,Fashion,0
26,790.58,5,1,0,4,2.25,677,3,1,0.2576,0.0288,Credit Card,Accessories,0
40,2021.87,7,1,0,1,4.17,709,2,0,0.1204,0.0214,UPI,Fashion,0
31,1655.07,5,2,0,1,6.64,1273,3,0,0.2911,0.0385,Debit Card,Beauty,0
26,1093.34,6,0,0,3,13.16,597,3,0,0.061,0.0125,Cash on Delivery,Accessories,1
31,1666.93,10,0,0,2,14.58,1327,1,1,0.1408,0.0509,UPI,Home,0
39,1071.71,3,1,1,4,18.23,172,7,1,0.2988,0.2883,Debit Card,Beauty,1
36,904.21,9,0,0,2,6.41,425,1,1,0.1015,0.0152,Credit Card,Grocery,0
35,1011.09,7,0,0,3,17.57,630,1,0,0.0051,0.03,Credit Card,Electronics,0
38,2177.82,3,0,0,2,23.83,943,1,0,0.1037,0.0743,Cash on Delivery,Fashion,0
42,728.76,8,0,0,2,21.96,1056,3,1,0.0732,0.0381,Credit Card,Electronics,0
46,789.31,8,0,0,3,2.45,706,4,0,0.0947,0.0254,UPI,Grocery,0
28,2214.47,8,2,2,3,14.23,392,2,0,0.2148,0.2717,Net Banking,Beauty,1
28,6814.96,8,0,0,5,21.37,89,4,2,0.1029,0.0631,Credit Card,Electronics,0
37,479.89,4,0,0,5,30.93,867,2,2,0.1499,0.0468,Cash on Delivery,Fashion,0
24,655.1,7,0,0,3,8.61,804,1,1,0.1415,0.0444,Debit Card,Accessories,0
30,3199.97,2,0,0,4,29.58,572,1,1,0.2179,0.1131,Debit Card,Fashion,0
32,2019.22,8,1,0,4,3.54,612,4,0,0.1256,0.0367,UPI,Grocery,0
25,506.89,13,0,0,2,6.3,1458,1,0,0.047,0.0168,UPI,Fashion,0
49,1129.49,6,0,0,3,5.09,498,3,1,0.0572,0.0138,UPI,Beauty,0
52,833.87,6,0,0,1,5.44,1666,0,0,0.0542,0.0107,Credit Card,Fashion,1
40,845.92,14,1,0,3,9.45,292,2,0,0.0656,0.0,Debit Card,Grocery,0
38,2972.67,6,0,0,3,15.44,846,8,3,0.1518,0.0387,Cash on Delivery,Fashion,1
42,620.2,9,0,0,4,1.97,790,1,1,0.1001,0.0327,Cash on Delivery,Fashion,0
36,670.03,9,0,0,4,1.52,710,2,0,0.0197,0.0039,Net Banking,Home,0
37,1711.49,9,0,0,4,30.34,411,1,0,0.0,0.0433,UPI,Home,0
22,587.91,10,1,1,3,8.59,300,5,1,0.1783,0.1304,Net Banking,Accessories,1
20,1361.2,10,0,0,5,10.13,1616,6,1,0.0758,0.0279,Credit Card,Home,0
33,2190.63,8,0,0,3,14.9,1673,0,1,0.1418,0.0209,Net Banking,Electronics,0
26,3422.97,8,2,0,4,8.7,310,1,0,0.2192,0.0201,Debit Card,Fashion,0
37,811.41,12,1,0,5,15.98,308,2,0,0.0764,0.0016,Credit Card,Beauty,1
33,1533.86,10,2,1,4,9.77,884,1,1,0.246,0.1029,UPI,Home,0
52,894.57,7,0,0,4,18.15,1894,1,1,0.123,0.0249,Credit Card,Grocery,1
42,1223.9,4,0,0,4,18.72,725,3,2,0.1726,0.0187,Credit Card,Electronics,0
41,1239.16,4,1,1,5,36.7,231,4,3,0.2845,0.2538,Debit Card,Home,0
37,1322.05,2,0,0,1,8.57,1298,1,1,0.1459,0.1263,Debit Card,Accessories,0
32,1068.09,10,1,0,1,29.22,138,1,1,0.1427,0.0115,Cash on Delivery,Electronics,0
49,1579.92,14,1,1,3,15.28,642,3,0,0.0552,0.0616,UPI,Electronics,1
34,1015.18,8,0,0,3,9.17,1970,4,1,0.0501,0.0116,Credit Card,Fashion,0
37,475.87,10,1,0,3,2.09,1193,1,1,0.1514,0.0,Cash on Delivery,Accessories,0
34,687.99,9,0,0,7,16.76,312,4,1,0.0446,0.0584,UPI,Home,0
30,420.77,9,0,0,4,14.32,1035,1,2,0.1584,0.0693,Debit Card,Beauty,0
34,1148.14,7,0,0,3,13.71,687,2,1,0.0838,0.0462,Net Banking,Beauty,0
18,1268.6,4,0,0,4,10.2,364,2,0,0.0776,0.071,UPI,Fashion,0
20,782.35,11,2,0,3,7.05,1189,6,0,0.1363,0.0176,UPI,Electronics,0
37,1837.81,11,0,0,4,7.37,690,1,0,0.0007,0.0054,Debit Card,Accessories,0
48,1263.76,4,0,0,4,31.16,723,0,1,0.1438,0.0699,UPI,Fashion,0
37,448.79,12,0,0,3,22.97,597,2,0,0.0253,0.013,Credit Card,Fashion,0
32,1144.0,7,2,0,4,27.29,313,9,0,0.2179,0.0101,UPI,Electronics,1
29,1689.44,5,1,0,4,24.42,264,4,4,0.3275,0.0366,UPI,Electronics,1
28,2370.35,8,0,0,4,25.42,536,2,0,0.0255,0.0472,Net Banking,Fashion,0
21,1375.55,7,0,0,4,10.72,1746,4,1,0.097,0.0936,UPI,Grocery,0
41,751.69,10,1,0,6,31.31,201,2,1,0.1024,0.0399,Debit Card,Home,0
29,2152.65,6,0,0,2,8.53,1761,2,1,0.0932,0.0792,Net Banking,Accessories,0
40,2491.4,11,0,0,2,13.83,1036,2,0,0.0199,0.0,Credit Card,Fashion,0
38,1070.07,6,0,0,5,1.49,711,2,2,0.116,0.05,UPI,Fashion,0
38,412.82,8,2,0,3,14.13,2036,2,0,0.1888,0.0241,UPI,Home,1
34,3619.4,11,0,0,5,23.3,1031,3,0,0.0375,0.0565,UPI,Home,0
37,654.66,7,0,0,2,4.86,730,0,0,0.0,0.0474,UPI,Fashion,1
33,803.72,7,2,0,1,17.2,494,3,0,0.179,0.0377,Credit Card,Beauty,0
28,760.67,11,0,0,3,1.58,1806,1,0,0.0,0.0673,Debit Card,Fashion,0
25,2197.39,5,0,0,3,4.03,848,1,2,0.1664,0.0156,Cash on Delivery,Home,0
18,1121.85,4,0,0,1,10.35,1620,1,1,0.1362,0.0647,Cash on Delivery,Home,0
32,772.31,8,0,0,3,18.59,1364,6,1,0.1225,0.0087,UPI,Beauty,0
48,1789.36,9,1,0,1,28.84,1612,1,0,0.1351,0.0791,Net Banking,Electronics,0
39,1214.07,5,1,1,4,23.28,662,2,0,0.157,0.2309,Credit Card,Electronics,1
41,1638.92,7,0,0,4,12.37,267,1,1,0.0919,0.0563,UPI,Accessories,0
36,568.37,13,0,0,3,9.43,1532,1,1,0.1005,0.0181,Cash on Delivery,Electronics,0
27,1833.07,7,0,0,3,18.98,409,5,0,0.1149,0.0082,UPI,Beauty,0
43,1360.85,7,2,0,2,15.92,488,2,1,0.2548,0.0638,UPI,Accessories,0
33,4035.4,11,1,1,4,5.34,1099,2,0,0.086,0.1244,UPI,Home,0
48,908.31,13,0,0,3,11.03,1021,1,1,0.1211,0.0101,UPI,Grocery,0
20,1356.64,6,3,2,6,20.54,278,3,0,0.3843,0.3402,UPI,Fashion,1
25,1370.97,9,0,0,3,27.51,958,5,1,0.043,0.0522,UPI,Fashion,0
27,1312.74,8,1,0,4,19.84,461,2,2,0.2452,0.0317,Debit Card,Grocery,1
26,735.37,10,1,1,4,7.73,346,2,0,0.0644,0.1181,UPI,Beauty,0
21,3292.96,10,0,0,6,9.6,1613,0,0,0.0293,0.0466,Debit Card,Beauty,0
26,1519.82,11,0,0,4,9.4,1066,5,1,0.0659,0.0,Debit Card,Home,1
35,1429.41,6,1,1,5,35.08,816,8,1,0.1773,0.2064,UPI,Electronics,1
28,953.64,10,1,0,5,7.98,1811,0,0,0.1061,0.0314,Credit Card,Grocery,0
33,1402.93,8,2,2,5,11.9,531,7,1,0.2631,0.2447,Net Banking,Fashion,1
18,589.02,2,0,0,2,13.03,1394,2,2,0.2349,0.0965,Credit Card,Home,0
44,6262.85,11,1,0,4,33.62,1474,2,1,0.1437,0.0345,Credit Card,Fashion,1
32,1501.1,3,1,1,3,30.81,317,8,2,0.3466,0.3075,Debit Card,Fashion,1
19,1191.02,6,0,0,5,10.43,959,1,0,0.0,0.0132,Credit Card,Beauty,0
22,2343.44,4,3,1,5,23.24,151,5,2,0.6007,0.2358,Credit Card,Beauty,1
33,643.37,4,1,0,5,12.63,631,6,1,0.2442,0.0467,Cash on Delivery,Beauty,1
31,584.27,6,1,0,6,37.98,598,3,4,0.3169,0.0689,Debit Card,Beauty,1
39,1166.11,8,1,1,4,25.2,298,1,2,0.2651,0.1838,Cash on Delivery,Fashion,0
34,760.13,5,0,0,4,6.26,396,0,1,0.1529,0.0583,Cash on Delivery,Home,0
53,776.7,8,0,0,4,6.46,320,5,1,0.0869,0.0,Debit Card,Beauty,0
28,711.56,12,4,3,6,26.39,166,4,2,0.3362,0.2744,Net Banking,Beauty,0
43,888.6,8,2,0,2,26.46,181,1,0,0.2011,0.0491,UPI,Electronics,0
29,902.09,7,0,0,4,9.24,598,1,0,0.0261,0.0,UPI,Grocery,0
28,1961.5,12,1,1,1,12.89,1234,4,0,0.0809,0.1153,Credit Card,Fashion,0
48,1751.08,6,0,0,4,4.05,630,3,2,0.1137,0.041,UPI,Beauty,1
21,2348.36,10,1,0,3,14.45,1017,3,0,0.1128,0.0,UPI,Beauty,0
36,1437.71,12,0,0,1,28.37,559,2,0,0.0024,0.0106,Debit Card,Home,0
33,1180.45,8,0,0,4,7.14,792,2,0,0.0158,0.0373,Debit Card,Electronics,0
31,494.85,8,0,0,2,8.12,547,1,1,0.1565,0.0088,Debit Card,Home,0
36,1377.17,6,0,0,2,20.62,266,5,0,0.0849,0.0495,Credit Card,Grocery,1
37,1027.06,8,1,1,3,9.43,845,2,0,0.1362,0.1256,UPI,Fashion,0
36,1407.28,8,0,0,4,4.78,616,1,0,0.0436,0.0239,Debit Card,Grocery,0
38,2021.39,11,0,0,4,22.02,568,1,0,0.0044,0.0268,Cash on Delivery,Electronics,0
35,390.02,3,0,0,4,5.26,972,2,1,0.1509,0.0841,UPI,Fashion,0
38,550.36,9,0,0,3,30.02,198,1,1,0.1385,0.0,Cash on Delivery,Home,0
24,916.62,4,2,0,5,20.78,509,3,0,0.3564,0.0546,Cash on Delivery,Home,0
35,433.97,11,1,0,3,8.21,1107,4,0,0.1031,0.0309,UPI,Electronics,0
28,705.93,9,1,0,4,18.93,934,2,1,0.1029,0.0236,Credit Card,Fashion,0
34,3805.73,12,1,1,5,14.51,1324,5,0,0.0919,0.079,Credit Card,Accessories,0
28,1612.46,7,0,0,3,8.66,916,1,0,0.0489,0.0605,Cash on Delivery,Fashion,0
27,835.72,7,1,0,4,24.93,1326,3,0,0.1345,0.066,UPI,Fashion,0
31,823.54,6,0,0,3,19.63,812,4,1,0.0525,0.0047,Debit Card,Beauty,0
33,1773.25,12,0,0,3,2.26,415,4,1,0.0746,0.0273,UPI,Electronics,0
34,2219.8,8,0,0,4,23.55,623,2,0,0.0638,0.0446,Credit Card,Fashion,0
42,1161.35,12,3,0,3,8.23,1100,2,0,0.1806,0.0091,Net Banking,Home,0
30,2445.32,9,2,0,4,4.06,951,1,0,0.1919,0.0198,Credit Card,Electronics,1
36,1357.57,3,0,0,6,15.26,496,2,0,0.1218,0.0847,Debit Card,Grocery,0
35,1089.26,8,1,0,4,9.32,692,4,0,0.0893,0.0298,Debit Card,Accessories,0
31,1978.93,10,2,1,4,19.19,286,5,2,0.1969,0.1171,Debit Card,Fashion,0
29,426.24,7,1,1,2,10.03,1116,2,0,0.1739,0.173,Credit Card,Beauty,0
35,749.69,3,0,0,2,10.69,625,2,0,0.0485,0.1064,UPI,Fashion,0
28,1284.43,4,0,0,4,12.01,588,8,1,0.1383,0.0529,Credit Card,Fashion,1
43,767.66,5,0,0,4,14.48,1145,3,1,0.0857,0.0553,UPI,Fashion,0
36,1301.43,10,0,0,3,8.04,577,2,0,0.0,0.0033,Credit Card,Electronics,0
36,993.36,7,2,0,2,8.72,469,2,0,0.2339,0.0298,Net Banking,Electronics,0
28,1964.21,5,1,1,1,6.17,362,2,0,0.2448,0.2126,Cash on Delivery,Home,1
52,1416.62,12,0,0,4,15.68,1063,2,0,0.0528,0.0257,Credit Card,Beauty,0
28,1719.49,12,0,0,2,8.45,535,2,0,0.0112,0.0198,Credit Card,Accessories,0
19,1364.75,5,0,0,1,7.32,935,5,0,0.0331,0.0582,Credit Card,Fashion,1
42,1314.64,9,0,0,1,20.4,357,2,0,0.0306,0.0571,Net Banking,Accessories,0
24,3429.71,4,1,0,6,16.79,248,4,0,0.1984,0.0601,Credit Card,Grocery,0
33,1631.35,6,2,1,4,21.62,584,2,0,0.2478,0.1824,Credit Card,Beauty,0
31,3788.09,8,0,0,1,8.47,749,2,1,0.1077,0.0489,UPI,Home,0
33,3243.21,5,3,0,4,12.03,168,8,1,0.4647,0.0758,UPI,Grocery,1
29,1331.23,6,0,0,6,14.95,1181,2,0,0.0612,0.0571,Debit Card,Fashion,0
51,1441.61,14,0,0,1,23.54,298,2,1,0.075,0.0238,UPI,Fashion,0
27,978.85,5,0,0,2,28.26,672,2,1,0.1167,0.1004,Net Banking,Electronics,0
37,1117.82,9,0,0,4,5.99,564,3,0,0.0624,0.0206,UPI,Fashion,0
39,2642.15,12,0,0,3,28.31,917,2,0,0.0394,0.0367,UPI,Fashion,1
35,1106.14,8,2,0,1,25.57,1061,4,1,0.2391,0.0448,Debit Card,Home,0
36,1644.76,6,1,0,3,5.46,498,0,2,0.3613,0.0376,Credit Card,Electronics,0
47,816.8,9,0,0,4,8.8,1299,4,0,0.0435,0.0124,UPI,Home,0
32,463.6,8,0,0,5,10.44,602,4,3,0.177,0.0881,Credit Card,Fashion,0
21,813.3,8,1,0,3,20.98,452,2,0,0.1444,0.0364,Debit Card,Electronics,0
42,1531.65,4,0,0,4,5.35,330,2,0,0.0498,0.0691,Cash on Delivery,Fashion,0
38,1310.9,9,0,0,5,24.11,1141,4,0,0.0008,0.0659,Debit Card,Electronics,0
35,2227.69,10,0,0,2,6.13,1507,4,2,0.1535,0.042,Cash on Delivery,Beauty,0
38,3526.55,7,0,0,2,27.88,941,2,2,0.1849,0.0508,Debit Card,Home,1
31,1333.94,7,2,0,5,3.42,1936,0,0,0.2359,0.0596,Credit Card,Accessories,0
34,1324.41,10,0,0,3,16.38,595,4,1,0.0681,0.0223,UPI,Home,0
33,2966.77,10,0,0,2,22.86,838,2,3,0.1632,0.0194,UPI,Home,0
29,2397.15,10,0,0,4,11.79,737,2,1,0.0868,0.0227,Credit Card,Electronics,0
45,769.22,8,3,0,3,16.89,178,5,0,0.284,0.0276,Credit Card,Electronics,0
18,1484.66,6,1,1,5,16.28,81,3,2,0.1919,0.1924,Debit Card,Fashion,1
21,1626.85,13,1,0,2,5.58,276,0,0,0.0341,0.049,Credit Card,Home,0
18,2802.34,8,2,0,1,31.12,561,2,4,0.3641,0.0591,Credit Card,Electronics,1
55,1404.29,9,0,0,4,10.76,511,2,1,0.0751,0.0312,Debit Card,Electronics,0
42,761.2,8,0,0,4,13.61,1420,2,2,0.172,0.0,Net Banking,Accessories,0
35,498.29,5,2,0,2,30.42,154,6,0,0.26,0.0439,UPI,Home,1
18,499.23,7,0,0,3,20.35,641,1,1,0.1244,0.0235,UPI,Beauty,0
32,778.41,11,2,0,2,11.48,1689,2,0,0.1232,0.0065,UPI,Grocery,0
19,938.48,5,1,1,2,22.96,431,2,6,0.5577,0.1796,Cash on Delivery,Fashion,1
31,2988.66,6,3,3,3,36.7,957,6,2,0.429,0.4874,Cash on Delivery,Beauty,1
29,1437.03,7,1,1,2,9.05,45,6,3,0.2171,0.2061,UPI,Fashion,1
32,1106.02,9,0,0,4,14.33,514,5,3,0.1402,0.0123,Net Banking,Electronics,1
38,2714.55,9,0,0,5,7.41,1831,3,0,0.0505,0.0084,Cash on Delivery,Electronics,0
25,1636.6,6,0,0,3,32.1,413,2,0,0.0598,0.0446,Cash on Delivery,Electronics,0
34,675.23,5,0,0,2,10.94,370,1,1,0.1595,0.0902,Debit Card,Fashion,0
26,319.42,9,1,1,5,11.37,177,1,1,0.1935,0.1535,UPI,Electronics,0
33,1741.93,5,1,0,5,23.77,1087,2,1,0.2336,0.0383,Credit Card,Electronics,0
27,1196.74,11,0,0,3,13.32,213,0,0,0.0447,0.0198,UPI,Home,0
26,968.99,8,1,0,5,17.49,290,2,0,0.1493,0.0272,UPI,Home,0
42,949.91,12,1,1,1,43.58,1047,2,1,0.1921,0.1275,Credit Card,Home,0
45,1686.85,7,3,1,5,9.21,474,7,3,0.3636,0.1692,Credit Card,Fashion,1
19,2816.48,6,0,0,3,4.08,1893,4,1,0.0858,0.0496,Credit Card,Grocery,0
38,727.12,5,1,0,3,6.33,1425,4,1,0.209,0.0482,UPI,Accessories,0
30,1884.27,7,0,0,3,5.19,176,9,2,0.0562,0.0485,Credit Card,Beauty,1
41,1776.01,8,0,0,3,13.0,900,2,0,0.0246,0.0429,UPI,Fashion,0
32,401.41,8,2,0,1,0.46,979,6,1,0.2048,0.0387,Credit Card,Fashion,0
34,1505.5,15,1,1,3,5.7,702,2,0,0.0712,0.0698,Net Banking,Accessories,0
44,1270.11,8,2,0,3,15.77,368,2,1,0.2735,0.0343,UPI,Grocery,0
28,2735.64,8,0,0,4,14.68,803,4,0,0.0143,0.0455,UPI,Home,0
35,1873.81,5,2,1,4,19.07,543,5,0,0.3376,0.1714,UPI,Beauty,0
29,2073.82,8,0,0,3,24.32,497,1,0,0.0546,0.0179,UPI,Accessories,0
31,549.09,8,4,1,2,19.3,628,2,2,0.4705,0.1673,UPI,Electronics,0
27,3081.11,6,4,0,5,54.16,164,5,7,0.7395,0.0487,Cash on Delivery,Beauty,0
30,1465.7,5,0,0,3,27.23,1067,3,0,0.0528,0.0724,UPI,Accessories,0
44,2213.57,8,0,0,1,14.59,1579,1,0,0.0264,0.0594,Debit Card,Electronics,0
46,938.37,9,1,0,4,3.67,370,0,1,0.2097,0.0386,Credit Card,Electronics,0
21,2743.18,5,0,0,6,10.35,223,3,0,0.0777,0.037,Cash on Delivery,Fashion,1
29,1010.46,9,5,3,4,19.25,807,4,2,0.5591,0.3564,UPI,Fashion,1
43,1019.33,10,1,0,3,6.86,2225,1,0,0.0956,0.0617,Cash on Delivery,Home,0
41,2063.53,5,0,0,4,17.43,1484,2,1,0.0947,0.053,Cash on Delivery,Grocery,0
48,1025.91,7,3,3,3,6.28,208,2,0,0.3819,0.3776,Cash on Delivery,Home,0
37,1671.12,6,0,0,1,12.27,1234,1,2,0.1692,0.0665,Cash on Delivery,Beauty,1
34,865.25,7,0,0,2,16.67,736,3,0,0.0727,0.038,UPI,Electronics,0
44,1046.54,6,0,0,4,3.35,1608,4,0,0.0621,0.0425,Debit Card,Electronics,0
40,263.71,7,1,1,5,16.89,1050,2,0,0.1353,0.1465,UPI,Accessories,1
54,1431.17,10,0,0,5,23.38,1149,4,0,0.0,0.0044,UPI,Fashion,0
43,2728.46,6,1,0,5,29.0,1237,3,0,0.2145,0.0608,Credit Card,Home,1
35,3629.18,9,1,1,1,19.07,143,3,2,0.1579,0.1102,Credit Card,Beauty,0
23,1792.3,11,0,0,2,19.27,1124,2,3,0.1519,0.0225,Net Banking,Grocery,0
29,1346.67,8,0,0,4,18.3,1576,2,0,0.082,0.036,Credit Card,Home,0
21,1234.55,6,0,0,4,13.43,845,3,0,0.0377,0.0547,UPI,Home,0
32,4966.66,7,1,0,4,11.29,381,3,1,0.1708,0.0389,Credit Card,Home,0
41,1070.71,4,2,0,5,5.17,758,3,4,0.5431,0.0357,Credit Card,Electronics,1
42,1334.95,9,1,0,4,12.99,695,1,1,0.19,0.0359,Cash on Delivery,Home,0
34,942.78,4,1,0,4,22.02,653,2,1,0.2868,0.0703,UPI,Home,1
38,702.65,11,2,2,4,41.51,139,2,1,0.2248,0.2165,Debit Card,Home,0
45,793.49,6,2,2,4,20.89,262,7,3,0.3532,0.3311,UPI,Fashion,1
43,847.16,8,1,0,3,12.97,866,1,0,0.1262,0.0424,UPI,Electronics,0
37,1469.78,2,0,0,2,17.86,1766,1,1,0.1858,0.0931,Net Banking,Electronics,0
30,1369.08,7,1,1,4,23.53,667,5,0,0.1739,0.1339,UPI,Beauty,0
35,969.93,8,0,0,1,24.84,498,3,0,0.0448,0.0,UPI,Grocery,0
31,1566.47,8,2,2,4,11.53,325,3,1,0.2925,0.229,Debit Card,Home,0
38,1492.98,17,1,0,3,26.43,1411,2,0,0.0594,0.0512,UPI,Accessories,0
35,1082.8,12,2,0,3,19.8,513,1,0,0.1248,0.025,Debit Card,Home,0
35,1616.2,6,1,0,4,9.29,779,2,1,0.2029,0.0674,Cash on Delivery,Beauty,0
27,1022.66,11,2,1,1,17.19,1424,0,1,0.2343,0.1202,Debit Card,Electronics,0
30,1131.27,10,1,0,2,16.05,566,2,1,0.1386,0.0402,Debit Card,Electronics,0
22,9865.03,7,3,0,3,6.2,297,2,2,0.4022,0.0314,Credit Card,Beauty,1
54,1536.69,8,0,0,3,19.48,1239,2,1,0.1011,0.0176,UPI,Beauty,1
45,585.35,10,0,0,4,16.21,690,2,0,0.0,0.0343,Debit Card,Fashion,0
21,790.67,5,0,0,3,20.39,319,5,0,0.0804,0.0693,Debit Card,Beauty,1
18,1411.21,3,1,0,2,10.78,1039,1,1,0.3267,0.0589,UPI,Fashion,0
35,585.61,3,0,0,4,8.87,910,3,0,0.0856,0.0933,Credit Card,Fashion,1
25,1180.92,5,1,1,6,32.81,181,9,2,0.2474,0.1954,UPI,Electronics,0
42,3876.17,12,0,0,4,3.06,922,3,1,0.0266,0.0299,Credit Card,Electronics,0
19,2442.3,6,2,1,3,19.05,154,6,2,0.3336,0.1819,UPI,Electronics,1
29,611.5,7,0,0,1,9.99,322,3,1,0.079,0.0316,Credit Card,Home,0
43,765.05,10,1,0,3,15.38,983,2,0,0.1036,0.05,Net Banking,Beauty,1
35,1141.14,11,0,0,3,12.92,1001,3,0,0.0481,0.0201,Credit Card,Beauty,0
33,2949.34,10,1,1,4,9.07,1657,0,0,0.1074,0.1095,Debit Card,Accessories,0
35,1208.04,7,4,0,5,28.22,324,7,1,0.4497,0.0,Credit Card,Home,1
41,685.42,7,0,0,5,9.85,959,1,0,0.0,0.0043,Credit Card,Fashion,0
29,2098.7,15,2,0,1,16.0,511,3,0,0.0812,0.0364,UPI,Home,1
31,874.45,9,0,0,5,16.89,1331,2,1,0.0913,0.0487,Credit Card,Electronics,0
24,1040.68,6,4,1,5,17.92,608,8,1,0.4967,0.1996,Credit Card,Fashion,1
40,437.92,9,2,0,4,17.85,1829,3,2,0.2826,0.013,UPI,Fashion,1
34,1348.7,11,0,0,3,15.08,1119,2,0,0.0,0.0519,Credit Card,Fashion,0
51,2237.77,10,0,0,2,15.11,756,2,0,0.0734,0.0639,Credit Card,Electronics,0
40,2850.51,6,0,0,4,36.61,333,1,0,0.0787,0.0367,UPI,Accessories,0
40,1609.55,9,1,0,5,5.32,715,1,1,0.1931,0.0292,Cash on Delivery,Beauty,0
18,1385.32,3,0,0,6,23.2,252,4,3,0.1791,0.0357,Debit Card,Electronics,1
34,910.57,15,0,0,4,9.71,1339,2,0,0.0829,0.0508,Cash on Delivery,Home,0
42,1897.99,5,1,0,3,11.13,659,1,0,0.1555,0.0579,UPI,Home,0
31,1420.18,11,0,0,2,31.04,305,1,1,0.1023,0.0069,UPI,Fashion,0
37,1108.47,13,1,0,4,32.9,1076,1,1,0.1791,0.0247,Credit Card,Home,0
26,916.29,5,0,0,2,16.89,785,7,0,0.083,0.0502,UPI,Beauty,0
49,6373.05,3,0,0,3,39.86,520,8,3,0.1692,0.0743,UPI,Beauty,1
24,412.94,9,1,1,4,34.84,541,4,2,0.1647,0.124,UPI,Electronics,0
24,989.81,5,0,0,4,20.97,202,4,2,0.1264,0.0439,Credit Card,Home,1
42,1963.74,9,0,0,7,14.12,162,2,2,0.1264,0.0235,Cash on Delivery,Fashion,1
43,1513.12,9,0,0,4,22.22,588,2,2,0.1307,0.0677,Debit Card,Beauty,1
37,752.87,9,0,0,2,0.63,482,2,0,0.0,0.0602,Cash on Delivery,Beauty,0
52,2379.54,8,2,0,3,44.0,637,4,0,0.1925,0.0399,Net Banking,Home,0
56,1012.67,10,1,0,4,12.84,403,3,1,0.1147,0.0137,Cash on Delivery,Beauty,0
41,1306.65,5,0,0,4,43.28,920,0,2,0.2302,0.06,Debit Card,Accessories,0
35,1619.08,8,2,0,2,3.78,479,1,0,0.169,0.0326,UPI,Fashion,0
25,1608.74,4,0,0,6,28.67,189,0,0,0.0915,0.0732,Credit Card,Electronics,0
19,1446.09,4,0,0,6,26.81,92,6,3,0.1418,0.0536,UPI,Fashion,1
42,1059.35,9,0,0,3,16.86,1192,3,0,0.0432,0.0323,Credit Card,Fashion,0
38,345.37,10,2,1,8,13.89,378,6,3,0.2074,0.1148,UPI,Beauty,1
36,1201.25,8,0,0,4,13.36,997,1,0,0.0248,0.0341,Net Banking,Grocery,0
39,1706.18,6,1,0,3,3.97,696,0,0,0.1562,0.0471,Credit Card,Accessories,0
50,1998.46,12,2,0,5,9.7,377,1,0,0.1486,0.0555,Credit Card,Beauty,0
27,1673.69,6,1,1,3,14.12,1668,2,0,0.1612,0.1764,UPI,Home,1
26,1431.7,8,1,1,3,31.38,1248,5,0,0.1263,0.1577,Credit Card,Grocery,0
32,948.04,7,1,0,1,23.3,304,1,0,0.1255,0.0873,Net Banking,Electronics,0
41,797.44,6,0,0,2,5.28,924,2,1,0.1205,0.0497,UPI,Fashion,1
39,962.02,2,0,0,4,11.8,565,3,0,0.1303,0.0886,Credit Card,Electronics,0
26,1347.45,7,0,0,4,12.41,462,4,1,0.0613,0.0552,Debit Card,Electronics,0
41,1423.89,4,0,0,3,6.3,1460,3,1,0.1286,0.0576,Debit Card,Accessories,0
23,1246.81,10,0,0,4,10.35,1328,2,1,0.1084,0.0158,UPI,Home,0
26,3332.54,8,0,0,4,22.24,461,2,2,0.1465,0.0281,Cash on Delivery,Fashion,0
33,3459.18,16,3,1,4,14.62,717,2,0,0.1177,0.0542,Debit Card,Beauty,0
29,680.65,9,2,0,4,8.17,605,3,0,0.1843,0.0386,Net Banking,Home,0
42,3049.82,11,2,0,3,19.02,521,2,1,0.2506,0.0222,Cash on Delivery,Fashion,1
37,2026.61,11,0,0,5,14.43,864,2,0,0.0666,0.0558,UPI,Electronics,0
50,1079.77,5,1,0,4,11.4,401,2,1,0.2505,0.0352,Credit Card,Electronics,0
32,1321.24,6,2,0,4,4.85,351,3,1,0.3028,0.0405,Cash on Delivery,Fashion,0
33,1203.47,4,1,0,4,16.51,685,3,0,0.1855,0.0667,Cash on Delivery,Accessories,0
45,1304.85,5,0,0,3,3.02,637,2,0,0.0617,0.0294,UPI,Electronics,0
33,2552.53,12,0,0,3,17.04,266,4,1,0.0348,0.0,Debit Card,Accessories,1
47,2290.83,5,1,0,3,16.22,1317,2,0,0.179,0.0552,Cash on Delivery,Fashion,0
39,1441.66,7,0,0,3,15.52,2231,2,1,0.091,0.0274,Cash on Delivery,Grocery,0
18,882.61,10,1,1,5,12.21,1513,3,1,0.1145,0.1547,UPI,Beauty,0
45,913.08,9,0,0,4,7.63,329,2,1,0.1347,0.0431,UPI,Beauty,0
42,1803.6,6,0,0,3,16.64,1429,2,0,0.037,0.0429,Net Banking,Home,0
43,975.71,9,0,0,4,9.96,384,2,0,0.0579,0.0358,Cash on Delivery,Home,0
18,2010.2,4,1,1,3,2.52,1007,2,1,0.2656,0.2618,UPI,Fashion,1
28,606.41,6,0,0,3,5.88,609,3,0,0.0577,0.045,Debit Card,Electronics,0
29,3200.41,13,0,0,2,6.13,1115,2,0,0.0488,0.0501,UPI,Home,0
24,737.66,2,1,0,5,10.1,617,5,4,0.5307,0.0868,UPI,Grocery,1
18,1957.42,6,3,2,3,38.83,457,3,1,0.4201,0.3059,Debit Card,Fashion,0
26,1056.17,9,0,0,5,7.95,750,3,1,0.0555,0.0,Net Banking,Fashion,0
50,4321.8,7,1,0,3,6.72,1251,3,1,0.2105,0.0316,Cash on Delivery,Grocery,1
34,915.04,7,1,1,3,5.57,1536,2,1,0.254,0.1748,UPI,Accessories,0
34,1029.24,5,0,0,2,23.21,836,4,1,0.0991,0.036,Credit Card,Fashion,1
43,2796.41,7,1,1,4,22.42,644,6,1,0.1767,0.1387,UPI,Electronics,0
36,2038.17,9,1,1,5,17.6,283,4,2,0.224,0.1139,UPI,Electronics,0
39,6930.79,8,1,0,5,19.36,507,3,0,0.1529,0.0464,UPI,Fashion,0
39,1034.21,8,0,0,4,18.12,991,2,0,0.0143,0.0233,Cash on Delivery,Beauty,0
18,2074.73,8,0,0,4,9.66,2390,0,0,0.0771,0.019,UPI,Electronics,0
28,3516.31,7,0,0,3,8.57,423,3,1,0.0965,0.0539,Cash on Delivery,Grocery,0
36,5399.41,3,0,0,4,25.08,67,2,2,0.2418,0.0637,UPI,Fashion,1
32,2539.27,7,3,0,5,7.68,129,3,0,0.335,0.0277,Debit Card,Fashion,1
21,3642.56,7,0,0,6,16.43,417,5,1,0.0684,0.0728,Net Banking,Fashion,0
38,1457.68,10,1,1,3,5.34,651,2,0,0.0776,0.1202,UPI,Electronics,0
31,1050.55,11,0,0,2,3.27,678,1,1,0.0854,0.0168,Credit Card,Accessories,0
34,799.93,10,0,0,2,7.15,713,1,0,0.0,0.0359,UPI,Fashion,0
34,962.27,8,3,3,5,33.91,115,11,2,0.349,0.3775,UPI,Grocery,1
18,714.78,5,1,0,1,24.09,1518,3,0,0.2232,0.0607,Cash on Delivery,Accessories,1
31,756.22,5,1,0,5,2.54,1086,3,2,0.2807,0.0524,UPI,Beauty,0
44,2763.94,14,0,0,3,16.7,1002,4,0,0.0302,0.0032,UPI,Home,0
19,1437.22,8,5,3,4,9.15,500,3,2,0.5135,0.3496,Credit Card,Home,0
47,730.93,12,3,0,4,6.33,808,5,0,0.2281,0.0262,Credit Card,Electronics,1
30,795.1,7,1,1,4,22.59,379,1,3,0.3518,0.1449,Credit Card,Accessories,0
22,1426.22,4,3,2,8,9.49,206,13,1,0.5322,0.4594,UPI,Grocery,0
18,1410.06,8,2,2,4,32.92,94,5,2,0.2787,0.2715,Debit Card,Home,1
40,2699.19,5,1,0,2,21.95,515,2,0,0.1954,0.0712,Cash on Delivery,Beauty,0
22,1385.8,6,1,0,2,11.15,662,2,2,0.2969,0.0464,UPI,Fashion,0
45,1139.51,7,1,0,3,26.91,596,1,1,0.2263,0.0204,Debit Card,Fashion,0
41,1878.23,7,0,0,5,0.84,805,2,0,0.0416,0.0464,UPI,Electronics,0
33,973.01,14,0,0,5,3.84,346,2,0,0.0435,0.0047,UPI,Home,0
18,897.3,7,0,0,5,13.31,400,2,0,0.0539,0.0324,Cash on Delivery,Fashion,0
43,3281.79,8,0,0,4,16.99,386,2,1,0.0871,0.0462,UPI,Grocery,0
32,1106.0,6,1,0,4,28.58,218,5,2,0.2389,0.0199,Cash on Delivery,Electronics,1
29,1617.71,5,0,0,5,22.26,263,2,0,0.0556,0.0589,Credit Card,Accessories,0
37,3519.6,7,1,0,1,31.88,1277,3,1,0.1848,0.0321,UPI,Grocery,0
35,519.26,7,0,0,4,26.37,1222,3,1,0.0611,0.0044,UPI,Electronics,0
48,716.88,14,0,0,3,3.17,719,0,1,0.1217,0.0129,Cash on Delivery,Home,0
38,1526.22,8,5,1,5,14.51,417,6,1,0.4717,0.1415,Debit Card,Electronics,1
33,1333.41,6,2,0,2,6.02,779,3,1,0.3129,0.052,Cash on Delivery,Accessories,1
26,3929.17,5,1,1,6,9.08,235,1,0,0.2003,0.2348,UPI,Fashion,0
34,1245.1,7,1,0,3,12.97,354,3,0,0.1505,0.0292,UPI,Beauty,0
48,2267.02,12,0,0,5,9.65,2525,2,0,0.0265,0.0102,Net Banking,Beauty,0
28,1298.87,8,0,0,3,3.53,825,0,0,0.0374,0.0422,Debit Card,Grocery,0
41,664.0,2,0,0,2,2.16,868,4,1,0.1604,0.1271,Credit Card,Accessories,0
32,2526.32,9,0,0,1,0.4,990,0,0,0.0097,0.0432,Credit Card,Grocery,0
25,1306.11,8,2,0,3,23.83,1347,6,0,0.1984,0.026,UPI,Electronics,0
34,1000.22,12,1,1,3,14.0,1028,2,1,0.1031,0.1116,UPI,Electronics,1
40,2429.58,15,0,0,2,23.7,822,3,0,0.0379,0.0423,UPI,Accessories,0
46,2513.38,8,0,0,2,11.61,768,3,1,0.0415,0.0268,Net Banking,Beauty,0
27,3030.9,5,2,1,6,19.31,237,6,6,0.5227,0.2253,Debit Card,Accessories,1
47,1126.36,8,1,0,4,14.59,390,3,0,0.1231,0.0224,UPI,Accessories,0
31,1522.6,9,0,0,2,7.06,1356,0,0,0.0,0.0303,UPI,Home,0
25,1444.24,7,1,1,4,18.5,1026,4,0,0.1248,0.152,UPI,Fashion,0
20,1485.87,4,1,1,3,23.43,394,7,2,0.2865,0.2557,Debit Card,Home,1
29,5086.68,7,2,2,2,24.93,241,6,4,0.3658,0.2669,Debit Card,Fashion,0
31,1776.91,9,0,0,3,10.22,834,3,1,0.0299,0.0195,Credit Card,Beauty,0
23,2398.4,6,1,1,2,5.57,654,2,1,0.24,0.1878,UPI,Home,1
32,1948.35,4,0,0,4,8.89,708,3,2,0.1519,0.0689,UPI,Beauty,0
35,2029.49,12,3,3,4,37.21,903,5,3,0.2747,0.2725,UPI,Electronics,0
35,3157.02,4,3,1,6,45.54,611,2,0,0.5617,0.2477,UPI,Beauty,1
33,2233.9,8,3,3,4,23.71,117,0,0,0.3144,0.3898,Cash on Delivery,Home,1
31,1757.95,10,0,0,2,13.32,743,3,1,0.0795,0.0206,UPI,Fashion,0
41,2232.16,4,0,0,2,2.26,533,2,0,0.0747,0.0549,Credit Card,Home,0
24,1577.13,4,0,0,5,51.38,737,3,2,0.1639,0.059,UPI,Home,1
18,1716.37,12,3,1,4,16.12,1175,2,1,0.2524,0.1056,UPI,Home,0
27,950.92,7,0,0,5,17.4,491,1,0,0.0194,0.0511,Debit Card,Grocery,0
27,1140.53,8,1,1,2,24.05,1253,1,0,0.1466,0.1305,UPI,Fashion,0
24,1349.9,10,2,2,3,8.23,278,3,1,0.2373,0.2012,UPI,Grocery,0
45,1105.15,4,1,0,4,8.61,1088,1,0,0.2231,0.056,UPI,Electronics,0
24,2400.66,15,0,0,4,4.65,770,2,0,0.0354,0.0419,UPI,Fashion,0
36,971.12,7,1,0,5,13.16,334,3,3,0.2531,0.0648,Debit Card,Electronics,0
33,1019.94,8,0,0,3,19.56,871,2,0,0.0495,0.0648,Credit Card,Home,0
43,2134.78,13,1,1,4,4.79,646,3,2,0.1604,0.0671,Credit Card,Fashion,0
39,1210.71,8,1,1,4,4.5,1186,3,1,0.1697,0.1381,Cash on Delivery,Beauty,1
35,2311.47,5,1,0,3,3.66,809,5,0,0.2273,0.0478,Net Banking,Grocery,0
29,1010.24,8,0,0,3,19.64,1149,4,0,0.0284,0.0332,Cash on Delivery,Fashion,0
35,2131.62,6,1,1,2,19.49,461,4,2,0.2133,0.2043,Credit Card,Home,1
35,765.42,2,2,0,5,48.56,848,3,2,0.7113,0.1096,UPI,Beauty,0
18,1234.54,10,3,1,5,6.66,370,5,1,0.2843,0.111,UPI,Home,0
28,1490.45,5,2,0,4,36.99,39,3,1,0.3467,0.0621,Net Banking,Beauty,0
36,1087.22,5,2,0,4,12.73,745,0,1,0.4109,0.0439,UPI,Fashion,0
39,2317.3,6,0,0,3,28.43,385,3,2,0.1032,0.0404,UPI,Accessories,0
20,1330.61,8,0,0,3,13.35,473,0,0,0.0619,0.042,Net Banking,Home,0
23,1963.5,9,3,2,2,16.52,926,6,2,0.3762,0.2183,Cash on Delivery,Electronics,0
36,990.43,8,0,0,2,11.91,393,5,2,0.0663,0.0375,UPI,Home,0
37,867.36,5,1,1,4,10.16,399,1,0,0.2247,0.2187,Net Banking,Grocery,0
25,665.69,9,0,0,1,22.17,853,1,1,0.0342,0.0466,UPI,Fashion,0
29,915.05,9,1,1,2,25.52,402,3,1,0.1638,0.1303,Cash on Delivery,Electronics,0
18,917.22,7,0,0,2,21.69,1390,3,1,0.1176,0.0572,Credit Card,Beauty,0
46,443.69,8,0,0,4,0.84,236,1,1,0.0619,0.0303,Credit Card,Electronics,0
22,1388.47,6,1,0,1,5.74,1455,3,0,0.1913,0.0115,Cash on Delivery,Home,1
39,1431.19,6,0,0,2,13.63,1097,4,0,0.0916,0.0616,Credit Card,Fashion,0
34,1135.28,11,0,0,3,20.61,311,1,0,0.0866,0.0156,Credit Card,Electronics,0
46,2500.8,4,0,0,4,9.02,554,6,0,0.0563,0.0372,Credit Card,Grocery,0
27,1662.07,6,0,0,5,12.1,1782,2,1,0.0842,0.0461,Debit Card,Accessories,0
35,2375.07,10,1,0,4,22.21,865,3,0,0.1257,0.0054,UPI,Beauty,0
26,1256.33,4,1,0,4,32.37,578,4,2,0.2901,0.0684,Cash on Delivery,Beauty,1
38,2389.35,9,0,0,2,45.63,671,4,5,0.2323,0.0242,Debit Card,Fashion,0
26,2651.47,4,2,2,6,18.18,691,5,6,0.5756,0.4456,Debit Card,Accessories,1
19,1451.26,14,0,0,1,18.66,738,1,0,0.0496,0.0128,UPI,Home,0
18,2009.46,9,2,0,3,3.9,1923,2,0,0.1855,0.0308,Credit Card,Electronics,0
35,1320.54,10,4,1,8,18.5,524,5,2,0.3875,0.1215,Debit Card,Home,1
39,666.73,11,2,0,3,14.98,1158,3,1,0.1977,0.0215,UPI,Home,0
18,1381.1,8,0,0,3,26.9,692,3,1,0.0258,0.0215,Credit Card,Accessories,0
32,744.6,9,0,0,2,17.75,996,2,0,0.0125,0.0705,UPI,Beauty,0
43,829.95,10,0,0,4,6.75,566,2,2,0.1032,0.0366,UPI,Home,0
28,1532.52,7,3,1,4,24.99,128,1,4,0.605,0.1752,UPI,Electronics,1
41,694.69,7,1,0,4,20.66,841,2,0,0.1615,0.0124,Credit Card,Accessories,0
28,1164.01,9,1,1,2,5.07,1452,2,0,0.1306,0.144,Credit Card,Electronics,0
20,1108.66,7,0,0,3,14.91,722,1,0,0.04,0.0428,Debit Card,Grocery,0
39,3888.1,7,0,0,2,4.31,825,2,0,0.0679,0.0648,Debit Card,Fashion,1
46,748.54,4,1,0,3,22.87,484,2,2,0.3444,0.028,UPI,Grocery,0
28,1836.04,7,1,0,3,5.25,1438,2,0,0.1131,0.0638,Credit Card,Electronics,0
27,692.69,2,0,0,5,9.31,730,0,0,0.1147,0.1242,UPI,Electronics,0
29,3071.89,5,1,0,3,5.56,560,2,1,0.2318,0.0326,UPI,Electronics,0
39,1716.24,10,2,0,3,3.19,549,3,1,0.2133,0.0412,UPI,Electronics,0
45,2248.76,11,1,0,4,11.83,1382,1,1,0.1275,0.0365,Credit Card,Electronics,0
23,1081.42,12,1,1,2,7.93,784,4,0,0.1037,0.0892,Net Banking,Beauty,0
21,538.14,7,0,0,4,14.72,1226,2,0,0.0265,0.033,Credit Card,Grocery,1
55,3890.97,11,0,0,4,9.89,562,4,2,0.1087,0.0197,Debit Card,Accessories,0
21,1695.44,3,1,0,1,41.45,240,4,1,0.3145,0.0994,UPI,Accessories,0
42,2869.96,9,0,0,3,22.65,377,6,3,0.1599,0.0468,Credit Card,Accessories,0
32,2988.63,9,1,0,2,4.81,941,1,0,0.075,0.0211,UPI,Fashion,0
36,746.14,11,0,0,6,13.66,1364,2,0,0.0,0.0522,UPI,Accessories,0
28,1138.17,4,2,0,4,5.5,1568,3,0,0.3394,0.0551,UPI,Fashion,0
38,2661.58,8,0,0,6,5.88,804,1,1,0.0992,0.029,Debit Card,Electronics,0
43,915.99,11,1,0,3,6.47,818,5,0,0.0776,0.0356,UPI,Electronics,0
30,1403.52,7,0,0,3,16.25,93,4,1,0.1207,0.0845,Credit Card,Accessories,1
37,452.4,7,1,0,3,32.91,1215,3,1,0.1643,0.0642,UPI,Fashion,0
23,2010.32,9,3,2,3,29.12,326,2,4,0.4619,0.2255,Cash on Delivery,Grocery,1
50,1777.68,14,3,1,3,17.01,715,3,0,0.1933,0.0661,Credit Card,Electronics,0
31,4273.11,5,0,0,3,25.22,1026,2,1,0.0955,0.0628,UPI,Beauty,1
32,954.63,3,0,0,1,9.61,1089,3,0,0.0659,0.0632,Debit Card,Fashion,0
36,1471.5,7,0,0,2,14.25,283,5,0,0.0538,0.0621,Debit Card,Fashion,0
38,1220.73,9,1,1,3,9.64,1222,0,1,0.1696,0.1326,Net Banking,Grocery,1
36,2971.16,6,0,0,2,14.01,1438,0,0,0.0427,0.0478,UPI,Accessories,0
22,2932.55,13,0,0,5,5.81,682,1,0,0.0537,0.0274,Credit Card,Fashion,1
37,366.79,9,0,0,4,5.05,1318,2,0,0.0539,0.012,UPI,Home,0
31,2628.67,12,1,1,3,24.75,799,5,0,0.0829,0.1033,Net Banking,Accessories,0
29,694.49,7,1,0,4,2.25,1223,3,1,0.1856,0.0469,Debit Card,Fashion,0
34,2320.36,6,0,0,3,8.1,626,1,1,0.075,0.0143,Debit Card,Fashion,0
25,1911.45,8,0,0,4,12.5,665,2,2,0.1524,0.0834,Debit Card,Home,0
24,1056.96,4,0,0,2,18.34,404,2,0,0.0686,0.0394,Cash on Delivery,Fashion,0
18,2970.21,8,0,0,3,14.46,862,2,0,0.0,0.0368,UPI,Fashion,0
50,820.62,10,1,1,3,20.8,65,5,2,0.1392,0.1107,UPI,Fashion,1
39,520.27,5,0,0,4,7.01,686,4,1,0.1082,0.074,UPI,Home,0
33,1259.81,6,0,0,3,9.2,268,2,1,0.115,0.0379,Debit Card,Home,0
28,541.79,5,1,0,1,14.41,1399,5,0,0.1583,0.0512,UPI,Beauty,0
18,1340.38,10,0,0,5,14.96,1840,1,1,0.1107,0.0043,Cash on Delivery,Fashion,0
18,1245.52,4,1,1,3,28.73,653,9,3,0.3231,0.2271,Net Banking,Beauty,1
27,1118.8,8,0,0,4,8.47,1000,3,1,0.1175,0.0806,Cash on Delivery,Beauty,0
40,6243.95,6,1,0,2,28.91,1356,4,0,0.1486,0.0274,Credit Card,Grocery,0
19,5080.74,6,2,0,6,36.72,279,5,5,0.4213,0.079,Credit Card,Fashion,0
42,1102.97,12,0,0,2,25.5,489,1,0,0.0614,0.0348,Net Banking,Accessories,1
26,1220.81,5,2,2,6,31.53,656,7,2,0.3375,0.3626,UPI,Home,1
40,705.3,11,0,0,2,6.67,661,2,0,0.0405,0.0306,Credit Card,Accessories,0
35,1479.04,10,0,0,1,7.66,1026,1,0,0.0341,0.0125,UPI,Grocery,0
44,1434.06,5,0,0,4,24.07,285,6,0,0.0426,0.0402,Cash on Delivery,Accessories,0
46,674.75,13,1,0,5,18.05,852,2,1,0.1056,0.0493,Credit Card,Fashion,0
31,2019.23,7,1,0,2,21.39,658,2,0,0.1004,0.0628,Credit Card,Fashion,0
44,971.71,11,0,0,3,1.89,2404,1,1,0.1014,0.0,UPI,Fashion,0
31,969.62,3,0,0,3,9.46,449,1,0,0.1096,0.0759,Cash on Delivery,Electronics,0
26,1648.37,7,1,1,2,9.0,2308,2,0,0.1081,0.1919,Credit Card,Beauty,0
25,2182.23,8,1,1,5,4.59,1031,1,0,0.1356,0.1669,Credit Card,Fashion,1
24,552.34,9,1,1,5,20.76,851,1,1,0.1946,0.1085,Debit Card,Beauty,0
40,865.7,4,1,0,2,5.99,712,0,1,0.2541,0.0671,Credit Card,Electronics,0
27,1945.71,7,1,1,4,4.82,472,4,2,0.2437,0.1691,UPI,Electronics,0
25,2412.25,12,0,0,3,3.14,511,1,2,0.0927,0.0,Debit Card,Home,0
40,744.23,6,1,0,2,23.3,1645,1,1,0.2176,0.0685,Debit Card,Grocery,0
24,323.45,6,2,1,2,20.26,380,2,6,0.5931,0.1559,Credit Card,Fashion,1
37,896.85,5,1,1,3,11.17,2187,1,0,0.191,0.1995,UPI,Fashion,0
43,357.15,9,0,0,4,19.91,627,3,0,0.0338,0.0273,Credit Card,Beauty,0
39,856.3,14,1,0,3,18.8,713,1,1,0.1657,0.0,Net Banking,Grocery,0
27,1788.83,10,2,0,2,10.21,1533,2,1,0.2467,0.023,Debit Card,Home,1
35,1643.31,8,0,0,4,13.66,583,2,0,0.032,0.0466,Credit Card,Accessories,1
41,1558.58,8,3,3,5,11.35,348,5,3,0.3708,0.3713,Credit Card,Fashion,1
35,973.59,3,1,1,3,1.38,223,2,0,0.2596,0.3273,Cash on Delivery,Grocery,1
28,1389.44,6,2,1,3,17.91,118,3,2,0.3622,0.188,UPI,Accessories,1
26,1003.76,15,0,0,2,8.44,419,1,0,0.0589,0.0517,UPI,Home,0
24,257.81,6,0,0,3,9.41,604,2,0,0.0132,0.0159,Debit Card,Fashion,0
28,667.41,5,2,0,4,15.4,719,3,1,0.321,0.0707,Net Banking,Grocery,0
52,2727.41,9,1,0,4,6.88,595,0,0,0.1201,0.0143,Cash on Delivery,Fashion,0
30,839.1,14,1,1,4,14.35,824,0,1,0.1691,0.1,UPI,Electronics,0
45,2058.84,7,0,0,3,5.42,536,3,2,0.0918,0.0389,Cash on Delivery,Accessories,0
30,902.45,7,0,0,2,27.36,1098,3,0,0.011,0.0261,Debit Card,Home,1
20,1224.67,4,4,2,2,10.24,192,6,1,0.6747,0.457,Net Banking,Fashion,1
25,2321.36,1,0,0,3,16.28,439,4,1,0.2075,0.1595,UPI,Home,1
42,581.63,11,0,0,1,20.32,1492,1,0,0.0351,0.0348,UPI,Accessories,0
42,819.84,6,0,0,4,5.14,455,0,2,0.2529,0.0924,Cash on Delivery,Electronics,0
43,1230.34,12,0,0,4,13.77,726,2,1,0.0672,0.0328,UPI,Home,0
37,1300.82,7,1,0,4,27.57,545,1,0,0.1709,0.0544,Credit Card,Home,0
19,2709.2,3,2,1,5,26.1,621,4,2,0.4771,0.3249,Credit Card,Electronics,1
46,1002.93,9,0,0,3,14.43,1194,6,0,0.026,0.0138,Debit Card,Electronics,0
37,1636.12,15,1,1,3,7.06,440,2,1,0.127,0.088,UPI,Electronics,1
49,1448.96,11,0,0,3,9.32,1158,2,0,0.0299,0.0167,UPI,Fashion,0
19,539.64,13,1,0,4,10.2,696,3,1,0.1316,0.05,Debit Card,Electronics,0
37,1643.03,5,0,0,1,19.19,1973,1,1,0.1332,0.0061,Credit Card,Fashion,0
37,656.46,13,8,0,6,12.46,1165,0,2,0.585,0.0367,Cash on Delivery,Beauty,0
26,2121.35,6,1,0,4,3.73,1592,1,0,0.1562,0.0836,UPI,Home,0
39,711.71,10,0,0,3,30.07,1607,6,2,0.065,0.0476,Credit Card,Fashion,0
21,2467.61,8,1,0,3,7.58,585,2,1,0.1265,0.0423,Debit Card,Beauty,0
28,2037.21,6,0,0,1,27.83,991,2,0,0.0485,0.0303,Debit Card,Grocery,0
18,2562.94,12,0,0,6,9.45,1453,4,1,0.0399,0.0439,Credit Card,Electronics,0
48,1343.34,7,0,0,4,23.12,1127,2,1,0.1392,0.0375,UPI,Home,0
32,1970.49,5,0,0,3,17.07,139,3,0,0.0725,0.048,UPI,Electronics,0
54,1198.47,12,0,0,3,9.46,334,0,1,0.1384,0.0414,UPI,Grocery,0
41,1215.45,9,1,1,2,23.85,560,2,0,0.0882,0.1399,Cash on Delivery,Fashion,0
38,1619.58,7,2,1,3,7.07,297,2,1,0.2531,0.1688,UPI,Fashion,0
29,2072.35,8,0,0,2,21.45,2037,2,0,0.0504,0.0453,Debit Card,Grocery,0
25,4457.78,14,2,0,6,6.65,1984,0,0,0.1506,0.0272,Net Banking,Fashion,0
39,870.63,12,3,0,3,13.98,468,3,0,0.2013,0.052,UPI,Fashion,0
33,2759.82,8,1,0,3,13.55,854,1,0,0.1179,0.034,Credit Card,Accessories,0
22,2057.14,4,1,1,3,22.15,465,5,2,0.2711,0.2706,Net Banking,Home,1
22,904.53,10,0,0,4,16.41,151,4,5,0.2174,0.0127,UPI,Electronics,0
22,1116.43,8,0,0,3,19.21,553,3,1,0.0929,0.0169,Credit Card,Electronics,0
20,1388.0,5,0,0,3,7.33,1048,3,1,0.1119,0.0261,UPI,Grocery,0
25,1621.2,15,0,0,2,3.76,584,0,0,0.0574,0.0431,Cash on Delivery,Electronics,0
50,1017.55,12,1,0,4,7.26,638,1,0,0.0966,0.0347,UPI,Fashion,0
54,921.99,11,2,0,5,3.59,2155,1,1,0.2485,0.0249,Net Banking,Fashion,1
36,726.22,6,0,0,4,13.98,1012,3,0,0.0784,0.0381,Debit Card,Accessories,0
18,1526.74,4,3,2,3,31.32,360,5,3,0.6473,0.4303,Credit Card,Beauty,1
35,1985.83,15,2,0,4,18.09,1433,4,2,0.1385,0.0219,Cash on Delivery,Accessories,0
41,1458.8,6,1,0,5,30.47,295,7,2,0.2393,0.0497,UPI,Electronics,1
31,528.5,9,0,0,2,5.31,1252,3,0,0.0409,0.0594,Debit Card,Fashion,0
26,968.11,11,2,0,3,22.84,962,3,0,0.1283,0.0062,Debit Card,Home,0
46,1580.12,7,1,1,3,5.2,457,5,0,0.1529,0.1516,UPI,Fashion,0
51,4242.18,13,1,1,3,15.02,118,1,2,0.1821,0.0872,Credit Card,Home,0
26,2294.08,2,0,0,5,4.9,737,3,0,0.0976,0.0719,UPI,Fashion,0
33,680.87,9,1,0,3,38.32,605,4,1,0.1423,0.0369,Credit Card,Fashion,0
30,332.66,8,0,0,3,6.68,299,2,2,0.1861,0.0,UPI,Home,0
30,876.73,10,0,0,4,32.29,869,5,1,0.0822,0.0472,Cash on Delivery,Fashion,0
45,411.02,4,0,0,4,22.04,471,1,1,0.1832,0.0738,Cash on Delivery,Fashion,1
22,1817.17,11,0,0,2,7.81,2043,3,0,0.0413,0.003,UPI,Fashion,0
38,860.64,9,0,0,4,11.32,802,2,1,0.0799,0.0479,Credit Card,Beauty,0
41,1705.05,6,0,0,4,9.6,173,2,0,0.089,0.0195,Net Banking,Beauty,0
33,2660.53,5,0,0,3,13.29,1061,1,1,0.1553,0.0608,Net Banking,Fashion,0
42,1111.54,9,1,1,4,2.24,1100,4,0,0.0628,0.1548,UPI,Home,0
31,1286.81,11,3,3,5,11.82,153,7,1,0.2287,0.2864,UPI,Fashion,0
35,2020.64,2,0,0,3,7.24,1644,1,2,0.2481,0.0688,UPI,Grocery,0
45,1328.68,6,2,0,1,30.89,878,6,1,0.2786,0.0749,UPI,Fashion,0
20,586.03,7,2,0,5,16.58,1215,2,1,0.2699,0.0254,UPI,Electronics,0
24,1800.11,7,1,1,2,23.57,338,5,1,0.1384,0.1877,UPI,Electronics,0
31,1167.4,8,0,0,3,15.78,811,6,1,0.0969,0.0012,Net Banking,Electronics,0
33,6639.25,6,0,0,5,17.32,557,1,0,0.0706,0.0511,Net Banking,Electronics,0
18,2221.84,12,1,0,1,14.09,1367,3,0,0.0923,0.0278,UPI,Fashion,1
24,2251.79,9,1,0,4,12.83,361,4,1,0.1255,0.0393,Credit Card,Home,0
27,1451.35,9,0,0,3,6.47,1228,3,1,0.0781,0.015,UPI,Home,0
43,1773.23,6,0,0,3,6.92,441,5,2,0.1292,0.0475,Cash on Delivery,Home,0
28,1362.68,6,0,0,3,11.63,1655,3,0,0.0099,0.0733,Credit Card,Beauty,0
31,2652.63,8,3,3,5,39.95,432,6,2,0.3411,0.3576,Cash on Delivery,Beauty,0
27,2417.6,11,3,0,4,28.17,578,4,0,0.1945,0.0079,UPI,Grocery,1
41,2663.93,6,0,0,3,4.57,626,3,1,0.1504,0.0659,Net Banking,Electronics,0
19,1972.45,6,1,1,2,9.11,331,3,0,0.1644,0.1754,UPI,Fashion,0
18,892.85,7,0,0,1,3.37,806,4,0,0.0233,0.0488,Cash on Delivery,Grocery,0
31,2837.72,10,0,0,4,23.94,813,3,0,0.0508,0.0404,UPI,Fashion,0
21,809.46,7,0,0,1,33.9,2335,4,0,0.0565,0.0225,UPI,Beauty,0
21,517.21,6,0,0,4,9.69,1440,1,1,0.0633,0.0634,UPI,Fashion,0
39,999.72,6,0,0,3,8.6,525,3,2,0.1364,0.0672,UPI,Electronics,0
42,1117.78,7,0,0,3,19.89,942,3,2,0.1567,0.0597,UPI,Fashion,0
22,563.24,3,1,0,3,38.0,634,9,4,0.3498,0.0684,UPI,Grocery,1
41,3082.55,8,0,0,4,21.96,693,1,0,0.0329,0.0192,UPI,Home,0
44,1307.07,12,1,0,3,4.04,500,6,0,0.1416,0.0381,Cash on Delivery,Fashion,0
45,829.57,7,0,0,5,24.03,555,1,0,0.0165,0.0373,Debit Card,Electronics,0
18,3052.37,4,0,0,5,19.2,626,2,1,0.1706,0.0667,UPI,Fashion,1
38,1832.48,8,1,0,3,10.9,816,2,1,0.13,0.0314,Debit Card,Accessories,0
18,1180.34,3,2,1,8,22.09,105,8,1,0.4814,0.3097,UPI,Grocery,1
29,1343.27,7,1,0,3,6.53,626,0,1,0.1929,0.0683,UPI,Electronics,0
27,1865.42,12,0,0,3,15.95,146,2,1,0.0961,0.0524,Credit Card,Home,0
39,2005.81,6,0,0,4,21.86,725,3,0,0.0648,0.0406,Debit Card,Home,0
18,834.87,11,2,0,5,4.92,804,1,0,0.1403,0.0528,Cash on Delivery,Grocery,0
18,1994.17,11,3,0,3,4.01,1285,2,1,0.2627,0.015,Cash on Delivery,Beauty,0
40,1774.42,7,2,0,3,21.56,441,4,0,0.2274,0.0621,Credit Card,Home,0
53,1324.38,5,0,0,3,24.0,378,2,2,0.1386,0.061,Net Banking,Accessories,0
38,757.46,6,1,0,5,17.8,1038,3,0,0.1349,0.0409,Cash on Delivery,Fashion,1
35,1183.92,11,1,0,3,5.72,2197,4,0,0.1227,0.0265,Debit Card,Fashion,0
31,999.31,12,0,0,3,26.02,448,3,2,0.0982,0.0,UPI,Home,0
26,480.67,7,1,0,3,11.62,559,2,0,0.1236,0.0254,UPI,Fashion,1
41,2376.41,6,1,0,3,10.62,814,2,1,0.2328,0.0462,UPI,Fashion,0
40,1068.15,9,1,1,5,10.71,1924,2,1,0.1965,0.152,Debit Card,Beauty,0
35,1770.33,5,0,0,4,7.56,789,3,1,0.1029,0.0249,Credit Card,Grocery,0
23,955.45,8,0,0,3,22.37,350,1,1,0.1149,0.0511,Cash on Delivery,Electronics,0
24,997.11,7,1,1,8,23.93,454,5,2,0.2147,0.1529,Cash on Delivery,Electronics,0
30,2454.05,7,2,0,2,5.32,746,2,1,0.2317,0.0575,Credit Card,Beauty,0
42,986.1,4,0,0,3,17.57,1863,3,0,0.0863,0.0609,UPI,Home,0
46,838.21,8,1,0,4,4.54,1975,3,0,0.1121,0.0178,Credit Card,Fashion,0
18,1690.12,8,1,0,5,28.08,347,4,1,0.1723,0.0694,Debit Card,Fashion,0
31,1027.73,6,0,0,4,7.11,1332,3,1,0.0978,0.0183,Net Banking,Home,0
32,672.02,7,2,0,5,13.25,1104,1,1,0.2904,0.0102,Credit Card,Home,1
33,2147.27,6,0,0,3,2.13,650,1,1,0.1734,0.0657,Credit Card,Electronics,0
36,1427.75,9,0,0,2,12.27,696,3,0,0.0161,0.021,UPI,Home,0
18,1081.87,4,4,1,4,11.09,263,7,0,0.6523,0.2581,Debit Card,Fashion,1
42,409.66,4,0,0,4,20.96,17,8,1,0.0991,0.0697,UPI,Beauty,1
29,2256.97,7,1,0,4,18.4,454,1,0,0.1365,0.0121,Net Banking,Home,0
18,2278.37,13,1,1,4,18.77,411,4,0,0.0688,0.0685,UPI,Home,0
45,1821.87,10,1,0,3,18.67,1160,4,0,0.133,0.0167,Net Banking,Home,0
50,4930.5,9,1,1,4,21.6,689,3,1,0.1207,0.1452,UPI,Electronics,0
28,2260.23,7,0,0,5,21.35,1148,4,0,0.0357,0.0187,Debit Card,Home,0
24,813.66,3,0,0,3,26.38,305,3,0,0.0766,0.0939,Credit Card,Grocery,0
33,2255.99,7,0,0,4,6.73,588,3,0,0.0455,0.0508,Cash on Delivery,Accessories,0
41,1995.55,6,1,1,2,28.8,688,7,3,0.2352,0.1801,UPI,Home,1
32,1599.49,4,0,0,3,6.14,269,2,0,0.0505,0.0711,Credit Card,Home,0
35,776.7,6,1,1,3,49.03,54,4,4,0.3005,0.1709,Debit Card,Accessories,1
43,215.94,7,0,0,3,22.08,1701,2,1,0.0654,0.0605,UPI,Fashion,0
34,683.79,4,0,0,3,12.78,1196,3,1,0.0751,0.0751,Net Banking,Home,1
20,1120.55,8,2,2,5,19.21,252,4,1,0.2257,0.303,UPI,Electronics,0
27,576.35,9,1,1,4,7.33,795,1,0,0.086,0.1203,Credit Card,Beauty,0
22,2379.16,9,0,0,3,16.1,1586,0,1,0.1088,0.0205,UPI,Fashion,0
42,1362.49,7,0,0,2,32.95,453,4,0,0.0262,0.0386,Debit Card,Electronics,0
39,538.43,6,0,0,3,16.63,1590,3,0,0.0511,0.0376,UPI,Electronics,0
41,825.15,2,0,0,4,27.18,416,3,2,0.1861,0.1178,Debit Card,Fashion,0
33,1183.09,5,0,0,3,19.37,519,4,2,0.1728,0.0573,Credit Card,Fashion,1
44,1314.67,9,0,0,3,11.99,112,3,1,0.0819,0.0299,UPI,Electronics,1
25,1504.6,9,0,0,4,11.01,976,3,0,0.0131,0.0239,UPI,Beauty,0
51,869.4,8,0,0,4,27.84,299,2,1,0.1256,0.0556,Credit Card,Electronics,0
18,662.45,8,0,0,4,10.57,886,1,0,0.0,0.0045,Debit Card,Fashion,0
40,1347.83,8,0,0,3,19.26,624,4,3,0.1614,0.0496,Credit Card,Accessories,0
18,1530.64,15,1,0,3,19.73,725,3,0,0.0844,0.0421,UPI,Home,0
27,1532.72,9,0,0,1,11.53,1678,3,0,0.0137,0.0114,UPI,Electronics,1
48,995.33,11,0,0,4,16.13,1562,2,0,0.0,0.0234,Debit Card,Home,0
41,3057.58,9,1,1,5,12.38,1536,2,1,0.1776,0.1326,Net Banking,Fashion,0
29,867.33,9,2,0,1,11.8,1865,4,0,0.2014,0.0141,Debit Card,Fashion,0
29,1978.42,5,0,0,4,22.53,747,2,0,0.0621,0.072,UPI,Grocery,0
34,769.75,3,0,0,4,22.66,1405,3,4,0.2949,0.0625,UPI,Fashion,1
33,1054.11,4,0,0,8,19.47,566,2,3,0.2195,0.0749,Cash on Delivery,Fashion,0
35,1586.74,5,1,1,2,16.71,793,0,0,0.1745,0.208,Credit Card,Fashion,0
39,1472.07,6,0,0,4,17.31,685,4,0,0.0412,0.0551,UPI,Accessories,1
18,685.5,4,2,0,7,11.7,919,4,1,0.4619,0.0603,Net Banking,Home,0
19,1395.56,8,0,0,4,15.05,457,4,1,0.0521,0.0157,Debit Card,Accessories,0
25,881.33,3,2,1,6,12.43,222,6,3,0.5382,0.3293,Debit Card,Grocery,0
45,2384.88,13,0,0,3,4.93,823,1,0,0.0,0.041,UPI,Electronics,0
34,2291.78,3,1,0,3,43.53,523,4,1,0.29,0.0886,UPI,Electronics,0
30,1391.31,8,0,0,1,25.18,2428,1,0,0.011,0.0544,Cash on Delivery,Grocery,0
19,1745.66,13,0,0,6,17.19,1130,6,1,0.065,0.0062,Debit Card,Accessories,0
18,3307.3,8,6,2,5,36.25,242,4,2,0.6629,0.2687,Cash on Delivery,Beauty,1
35,1171.76,8,3,0,4,6.8,481,3,0,0.2568,0.0256,Debit Card,Accessories,0
28,1296.6,7,4,1,7,22.69,268,1,0,0.4748,0.1764,Debit Card,Electronics,1
30,1052.32,5,0,0,4,23.35,284,0,0,0.0572,0.0704,Cash on Delivery,Home,0
28,1820.44,8,3,0,4,18.88,470,2,2,0.3936,0.0399,UPI,Beauty,0
22,1032.68,9,0,0,2,12.91,242,2,0,0.0,0.0152,Cash on Delivery,Fashion,0
35,905.43,2,0,0,4,21.15,287,4,3,0.1993,0.042,Credit Card,Home,0
37,3691.99,8,1,0,1,14.8,327,1,1,0.2113,0.0422,Credit Card,Fashion,0
32,2360.47,8,3,0,2,21.19,874,1,0,0.3024,0.0182,Credit Card,Fashion,0
37,2629.55,6,2,0,4,5.45,447,3,0,0.2264,0.0152,Credit Card,Home,1
26,1089.97,13,1,0,3,12.8,903,3,1,0.0955,0.0127,Net Banking,Accessories,0
38,2578.87,7,0,0,2,13.13,345,0,1,0.1495,0.0509,UPI,Home,0
22,1294.25,10,0,0,4,10.71,843,1,0,0.0476,0.0028,UPI,Accessories,0
27,635.26,8,1,0,6,3.92,398,0,2,0.275,0.0171,UPI,Fashion,0
32,938.41,7,1,0,3,7.92,450,6,1,0.1907,0.0459,UPI,Electronics,1
50,2235.15,6,0,0,1,5.02,790,1,1,0.102,0.0658,Debit Card,Electronics,0
34,1469.51,10,1,1,7,5.68,739,3,0,0.1058,0.159,Cash on Delivery,Electronics,0
41,915.65,2,0,0,4,3.94,566,2,0,0.1722,0.1333,Debit Card,Fashion,0
44,1173.93,11,0,0,2,4.04,1206,2,0,0.0267,0.0309,Debit Card,Fashion,0
47,2563.34,10,1,0,3,17.03,1195,4,0,0.1163,0.0113,UPI,Grocery,0
66,2316.51,9,0,0,2,18.93,851,2,0,0.0543,0.0387,Cash on Delivery,Beauty,0
34,1151.8,7,2,0,1,4.2,1526,1,1,0.3061,0.0575,Debit Card,Home,0
47,695.92,6,0,0,2,10.69,442,4,0,0.064,0.0416,Credit Card,Home,0
21,1782.11,5,0,0,4,44.08,549,8,4,0.1755,0.0399,UPI,Home,1
43,2891.88,7,1,0,3,14.16,388,1,0,0.1591,0.05,UPI,Grocery,0
43,841.04,6,0,0,4,26.89,266,2,2,0.1363,0.0488,UPI,Home,1
50,716.44,9,2,0,4,7.65,891,2,1,0.2482,0.0047,UPI,Home,0
30,1509.3,8,1,0,3,5.67,321,2,0,0.1286,0.0292,Credit Card,Fashion,0
30,1914.9,4,1,0,2,18.5,601,1,0,0.2395,0.0275,UPI,Grocery,1
37,1945.23,8,2,1,3,10.21,487,3,0,0.2297,0.124,Net Banking,Fashion,0
32,579.96,10,0,0,4,4.62,291,3,0,0.0555,0.0235,Net Banking,Accessories,0
37,2430.17,5,1,0,2,5.73,618,1,0,0.1866,0.0286,UPI,Fashion,1
48,4230.15,10,0,0,3,14.28,518,2,0,0.0409,0.0013,UPI,Accessories,0
41,1630.12,2,0,0,3,16.0,260,4,0,0.1284,0.0645,Credit Card,Accessories,1
30,1721.28,5,0,0,3,22.65,673,3,0,0.042,0.068,UPI,Home,0
31,2049.81,12,1,0,4,13.39,877,2,1,0.1511,0.039,Credit Card,Fashion,1
36,1933.68,7,0,0,2,6.7,506,1,0,0.0789,0.0486,Credit Card,Accessories,0
32,1108.07,5,0,0,5,11.07,1044,3,1,0.0999,0.0513,UPI,Electronics,0
20,432.49,6,2,2,4,36.69,379,6,2,0.314,0.3296,UPI,Fashion,0
18,763.07,11,0,0,2,11.38,386,0,2,0.1701,0.0303,Debit Card,Fashion,0
29,2816.23,8,0,0,1,8.59,1783,0,1,0.0874,0.0457,Credit Card,Home,0
38,1948.76,5,1,1,3,18.49,162,4,3,0.2739,0.2202,Cash on Delivery,Electronics,0
40,777.46,6,0,0,4,7.0,693,5,0,0.0375,0.042,UPI,Fashion,0
47,2042.64,13,0,0,3,11.85,1522,1,0,0.0546,0.0386,UPI,Fashion,0
24,1105.18,3,0,0,4,11.22,928,4,0,0.1191,0.0992,Cash on Delivery,Fashion,0
24,1303.68,13,0,0,3,10.1,1026,2,2,0.121,0.0023,Credit Card,Accessories,0
34,405.91,15,0,0,1,16.98,99,4,0,0.0203,0.0029,Credit Card,Fashion,0
25,522.24,6,1,1,3,39.19,177,4,3,0.3019,0.1706,Debit Card,Home,1
18,1812.99,7,0,0,2,36.04,1625,1,0,0.0345,0.0285,Debit Card,Fashion,0
30,1223.46,8,0,0,3,27.02,1168,2,2,0.1695,0.034,Credit Card,Accessories,0
18,774.95,10,5,0,2,22.52,2522,0,0,0.3885,0.0348,Net Banking,Grocery,0
46,961.33,9,1,0,2,5.13,826,6,1,0.1444,0.0026,UPI,Fashion,0
27,469.58,8,1,1,1,5.92,1370,3,0,0.1397,0.1718,UPI,Beauty,0
49,1271.62,9,0,0,3,5.27,1267,1,0,0.0482,0.0,UPI,Home,0
30,1046.97,4,0,0,4,10.58,631,3,1,0.1272,0.0307,UPI,Electronics,0
31,1875.21,2,0,0,6,13.2,329,1,2,0.269,0.0579,Credit Card,Accessories,1
31,1455.81,5,1,0,8,21.47,157,4,2,0.2361,0.0119,Credit Card,Home,0
34,863.58,6,2,1,3,19.33,443,5,1,0.2711,0.1933,UPI,Fashion,1
44,2807.51,12,1,0,3,22.38,1218,1,1,0.1473,0.0125,UPI,Fashion,1
28,1114.44,9,0,0,4,18.49,1169,6,0,0.0213,0.0231,UPI,Fashion,0
32,3696.25,4,0,0,5,51.85,109,0,1,0.1604,0.0848,Cash on Delivery,Grocery,1
24,1661.48,3,0,0,3,6.88,444,0,0,0.0902,0.0742,Debit Card,Grocery,0
32,1029.6,7,0,0,3,23.06,796,6,1,0.0685,0.042,Net Banking,Fashion,0
33,2022.72,4,0,0,4,20.67,435,3,0,0.0677,0.0568,Credit Card,Accessories,1
37,2348.53,5,0,0,2,31.1,904,2,0,0.0959,0.0651,Credit Card,Fashion,0
35,1703.2,5,2,1,4,36.02,143,3,4,0.4907,0.1998,UPI,Fashion,1
27,725.76,7,0,0,2,6.26,979,3,0,0.0443,0.0233,UPI,Accessories,0
41,1010.76,9,1,1,4,35.24,348,2,0,0.1473,0.1614,UPI,Fashion,0
33,528.9,5,0,0,6,31.01,248,4,1,0.0729,0.045,Credit Card,Grocery,0
36,710.47,8,0,0,3,30.46,468,2,0,0.0408,0.0275,Credit Card,Electronics,1
31,1185.0,7,0,0,3,21.84,649,3,2,0.1864,0.0537,Credit Card,Electronics,0
28,622.42,16,0,0,6,1.77,435,3,0,0.0203,0.0024,Credit Card,Beauty,0
19,1000.77,9,1,1,6,16.64,384,9,3,0.1509,0.1286,UPI,Home,1
32,1743.56,4,0,0,3,10.58,492,3,2,0.1791,0.0486,Cash on Delivery,Beauty,0
27,1376.11,7,1,0,4,10.32,964,8,1,0.1606,0.0409,UPI,Beauty,0
35,2478.06,16,0,0,4,24.95,669,3,0,0.0401,0.0,UPI,Beauty,0
35,1315.43,12,1,0,3,13.77,1209,1,0,0.0561,0.0259,Credit Card,Home,0
31,1698.45,5,2,1,5,33.67,235,4,2,0.3942,0.2035,Cash on Delivery,Electronics,1
24,1265.55,2,1,0,5,15.9,262,6,3,0.4711,0.1215,Debit Card,Beauty,0
36,1059.64,9,3,0,4,5.01,661,1,1,0.3029,0.0627,Credit Card,Beauty,1
50,4248.35,11,1,0,3,31.55,1030,1,0,0.0595,0.0284,Debit Card,Accessories,0
20,900.42,7,3,1,3,9.65,345,5,1,0.3472,0.1596,Cash on Delivery,Accessories,0
27,620.0,5,2,2,2,16.21,462,4,0,0.3321,0.3677,Cash on Delivery,Electronics,1
30,1477.65,2,0,0,6,21.53,808,4,2,0.2179,0.0811,Debit Card,Grocery,1
31,705.56,3,2,1,7,24.42,59,7,0,0.4811,0.3106,UPI,Beauty,1
33,631.56,4,0,0,3,9.1,491,2,1,0.155,0.0626,Cash on Delivery,Fashion,1
43,844.49,10,2,0,4,6.47,646,3,1,0.1963,0.0237,UPI,Fashion,0
36,1717.45,1,0,0,2,4.03,900,3,1,0.2328,0.1336,Debit Card,Home,0
32,2121.99,4,1,0,2,11.31,789,2,1,0.2663,0.0963,Debit Card,Beauty,0
33,2110.57,7,0,0,4,12.7,270,0,0,0.0485,0.0274,Cash on Delivery,Fashion,0
33,620.13,12,1,1,5,13.44,67,3,1,0.1721,0.1128,UPI,Home,1
37,1755.73,7,0,0,3,11.99,724,2,0,0.0178,0.0538,Credit Card,Electronics,0
25,559.11,10,0,0,1,30.76,1150,0,0,0.0684,0.0255,UPI,Fashion,0
21,2319.06,8,0,0,5,9.5,795,2,0,0.0246,0.0227,UPI,Home,0
40,2210.5,14,0,0,3,27.26,347,3,0,0.0333,0.0309,UPI,Grocery,0
42,862.96,11,0,0,4,8.31,1279,3,0,0.0028,0.0333,UPI,Fashion,0
41,630.86,6,1,0,3,13.05,189,2,1,0.202,0.032,Cash on Delivery,Beauty,0
35,1324.9,10,0,0,2,14.7,1021,5,1,0.087,0.0173,Cash on Delivery,Home,0
37,1370.88,4,1,1,5,22.1,265,0,2,0.3643,0.2762,Credit Card,Beauty,1
41,2004.3,3,0,0,5,37.91,454,3,1,0.122,0.0653,UPI,Beauty,0
40,678.27,8,0,0,4,24.35,857,1,1,0.1086,0.0604,Credit Card,Accessories,0
41,1240.01,5,0,0,3,2.92,285,2,0,0.0722,0.0258,UPI,Fashion,0
26,380.51,11,0,0,4,14.88,833,3,1,0.073,0.0124,Credit Card,Grocery,0
24,3840.49,9,3,0,2,8.61,1752,3,0,0.2798,0.0515,Credit Card,Accessories,0
31,734.78,5,0,0,3,9.13,655,4,0,0.088,0.0329,Credit Card,Home,0
34,442.22,5,0,0,5,0.49,769,0,2,0.1831,0.0388,Credit Card,Electronics,0
32,690.03,3,0,0,5,9.39,965,3,2,0.2094,0.0659,UPI,Home,0
18,2931.69,8,0,0,2,6.04,691,2,0,0.0506,0.0446,UPI,Beauty,0
39,3373.1,8,4,1,3,34.2,201,4,1,0.4328,0.1287,UPI,Grocery,1
32,2632.32,5,1,0,5,48.09,719,9,3,0.238,0.0472,Cash on Delivery,Fashion,1
49,1097.01,9,0,0,2,17.33,1624,3,0,0.0514,0.0,Debit Card,Accessories,1
32,3177.09,10,4,3,5,21.83,293,3,0,0.3417,0.3169,UPI,Grocery,1
36,2019.04,13,0,0,4,29.25,795,2,0,0.058,0.0073,Debit Card,Beauty,0
45,1257.11,7,0,0,4,15.52,1018,1,1,0.0705,0.0213,Credit Card,Home,0
18,2425.37,6,1,0,1,11.28,975,2,0,0.1136,0.0393,Credit Card,Electronics,0
29,608.08,8,0,0,2,9.36,553,1,1,0.1111,0.0227,UPI,Fashion,1
31,2890.05,7,0,0,3,24.15,1493,5,3,0.1316,0.0176,Net Banking,Electronics,0
31,1482.29,8,0,0,2,15.15,1251,1,0,0.0206,0.0438,Credit Card,Electronics,0
32,763.28,8,0,0,4,14.5,417,0,1,0.1387,0.0513,UPI,Fashion,0
33,1308.9,7,2,0,3,11.51,477,4,2,0.2813,0.0338,Debit Card,Beauty,0
47,1463.52,8,1,1,3,9.61,1516,1,3,0.2835,0.1466,Net Banking,Electronics,0
30,1322.68,3,0,0,4,7.99,766,5,2,0.1422,0.0718,Debit Card,Accessories,0
40,1304.35,10,1,1,3,13.56,336,3,2,0.2016,0.1295,Credit Card,Home,0
35,5022.84,9,2,1,3,1.65,706,5,2,0.228,0.0904,Credit Card,Beauty,1
43,1199.83,11,0,0,4,8.92,715,0,0,0.0661,0.0006,UPI,Home,0
34,669.89,8,0,0,4,9.2,1174,1,0,0.0228,0.0342,UPI,Home,0
21,1442.73,11,0,0,2,42.09,402,4,0,0.0222,0.0,Debit Card,Accessories,0
18,1397.62,7,0,0,3,25.78,1307,2,0,0.0754,0.024,UPI,Accessories,0
33,709.51,5,0,0,5,15.67,207,8,4,0.1888,0.0149,UPI,Fashion,1
20,2936.16,11,0,0,2,9.59,666,4,0,0.0616,0.0543,UPI,Fashion,0
37,1362.75,11,2,0,2,8.05,1100,3,0,0.1235,0.0093,UPI,Home,0
34,3581.99,5,0,0,2,12.22,1418,1,2,0.2178,0.0193,Debit Card,Fashion,1
32,2010.57,4,0,0,6,11.89,644,1,1,0.1301,0.1084,UPI,Fashion,0
31,1485.08,5,0,0,3,10.52,1504,1,1,0.1378,0.0437,Credit Card,Fashion,0
52,662.45,12,1,0,4,8.34,681,2,1,0.1435,0.0238,Credit Card,Grocery,0
27,1016.77,12,1,1,5,9.85,1858,3,0,0.057,0.0872,UPI,Home,0
29,2340.54,5,1,0,5,26.16,970,3,4,0.3389,0.0454,Debit Card,Fashion,1
46,977.47,9,2,0,5,21.96,363,1,1,0.2489,0.0528,Net Banking,Electronics,1
42,1361.4,9,1,1,4,22.29,262,3,0,0.1345,0.0922,Credit Card,Fashion,0
34,843.57,8,1,0,3,21.16,819,3,1,0.1874,0.039,UPI,Electronics,0
33,1078.36,14,0,0,5,15.47,1267,4,0,0.0288,0.0116,Credit Card,Fashion,0
45,1796.32,9,0,0,5,11.97,1036,5,0,0.0426,0.0067,Credit Card,Grocery,0
47,505.25,8,0,0,4,10.4,511,2,0,0.0,0.0161,UPI,Grocery,0
25,936.17,5,0,0,5,15.17,305,8,1,0.0726,0.047,Debit Card,Home,1
32,788.94,9,0,0,3,18.7,1940,2,1,0.0926,0.0421,UPI,Electronics,0
41,2663.34,2,0,0,3,20.68,69,5,0,0.1479,0.0522,UPI,Electronics,1
18,485.53,3,2,0,3,36.52,444,3,1,0.5132,0.1031,Credit Card,Fashion,1
36,346.1,5,1,1,6,17.21,315,2,2,0.2746,0.2262,Cash on Delivery,Fashion,1
40,401.7,8,6,1,5,24.27,553,5,3,0.6235,0.1461,Debit Card,Fashion,1
41,2180.09,10,0,0,3,12.84,529,3,0,0.0239,0.0223,UPI,Fashion,1
37,1049.2,4,0,0,2,13.12,1218,3,1,0.0894,0.0436,Cash on Delivery,Electronics,0
34,1966.13,9,0,0,2,27.92,710,4,2,0.1499,0.0306,UPI,Fashion,0
36,570.94,10,1,0,4,10.37,719,3,0,0.1126,0.0,UPI,Home,0
28,970.92,10,0,0,4,37.87,1549,3,1,0.0843,0.0,Credit Card,Beauty,0
31,1846.22,7,0,0,4,12.16,625,4,3,0.1269,0.0416,Credit Card,Beauty,0
29,1442.34,5,1,1,5,15.19,691,1,0,0.2178,0.2325,UPI,Beauty,0
18,1087.12,7,2,1,4,41.91,132,4,4,0.3853,0.161,UPI,Beauty,1
30,1257.84,1,1,0,3,36.01,233,5,7,0.7797,0.1954,Cash on Delivery,Grocery,1
42,1773.41,6,0,0,4,13.88,423,2,1,0.1121,0.0409,Debit Card,Home,0
33,2240.05,3,0,0,2,11.0,1313,2,1,0.1495,0.0832,UPI,Accessories,0
22,1070.51,2,0,0,1,11.99,464,5,1,0.1258,0.0574,UPI,Accessories,0
27,1244.32,5,0,0,5,27.29,1880,1,0,0.0653,0.0507,Credit Card,Beauty,0
18,1413.51,4,1,0,2,4.96,1571,2,0,0.2449,0.062,Credit Card,Electronics,0
30,499.82,11,0,0,4,20.42,1055,2,0,0.0535,0.0,UPI,Accessories,0
34,1381.31,12,0,0,5,1.03,286,3,1,0.0988,0.0061,Cash on Delivery,Electronics,0
35,1686.45,5,3,2,5,14.1,202,5,0,0.4222,0.3839,UPI,Electronics,0
31,1819.26,6,0,0,7,28.35,901,5,2,0.1003,0.0789,UPI,Electronics,0
33,691.2,5,1,0,4,10.06,496,3,1,0.2347,0.0506,Debit Card,Grocery,0
52,1847.41,10,1,0,4,14.66,1721,1,1,0.1456,0.0671,UPI,Accessories,0
39,917.05,11,2,0,4,19.21,503,3,0,0.1413,0.0001,UPI,Home,0
39,1130.93,8,1,0,3,12.1,578,3,0,0.1376,0.0444,Debit Card,Electronics,1
19,1066.83,10,0,0,2,19.49,836,3,0,0.0124,0.0144,UPI,Fashion,0
31,752.5,2,0,0,2,4.68,995,1,1,0.1549,0.1061,UPI,Fashion,0
30,1673.56,5,2,0,2,8.55,771,2,0,0.304,0.0262,Cash on Delivery,Fashion,0
27,625.79,7,0,0,3,22.88,1621,3,2,0.1211,0.0582,Credit Card,Grocery,0
27,2565.27,8,0,0,2,18.48,1456,1,0,0.0335,0.0478,Credit Card,Fashion,0
18,1336.22,5,0,0,1,18.59,551,1,0,0.0524,0.0154,Net Banking,Fashion,0
23,1658.03,7,0,0,4,14.18,654,4,0,0.0745,0.0465,UPI,Fashion,0
42,2499.75,8,0,0,2,17.88,834,1,0,0.1135,0.0409,Debit Card,Fashion,0
32,1839.96,5,0,0,5,12.39,286,8,0,0.0677,0.0309,UPI,Grocery,0
33,3958.05,7,0,0,5,19.31,1227,0,1,0.1548,0.0726,UPI,Home,0
30,1497.68,5,3,3,3,35.56,132,4,0,0.4203,0.5492,UPI,Grocery,1
29,1009.89,6,0,0,3,12.58,550,1,0,0.0311,0.0272,Debit Card,Home,1
34,1523.79,6,0,0,4,23.89,958,0,1,0.1089,0.0746,UPI,Electronics,0
45,4597.68,10,0,0,2,23.49,1284,2,1,0.0819,0.0,Credit Card,Grocery,0
34,664.76,7,0,0,5,8.86,633,2,1,0.1172,0.0257,UPI,Accessories,0
39,684.9,7,2,1,2,6.55,1485,1,1,0.2859,0.1562,UPI,Home,0
26,748.23,13,0,0,4,20.44,796,4,0,0.0438,0.0,UPI,Grocery,0
28,1220.07,11,2,0,4,7.58,1058,1,1,0.2127,0.0,Cash on Delivery,Fashion,0
37,2000.28,8,0,0,3,9.54,1252,0,2,0.1802,0.0346,UPI,Accessories,0
51,2757.29,8,0,0,6,9.38,368,3,0,0.0128,0.024,UPI,Electronics,0
47,3514.25,7,0,0,2,9.5,1061,3,1,0.076,0.0629,Credit Card,Beauty,0
39,975.1,9,0,0,3,12.16,721,0,0,0.0393,0.0,Credit Card,Grocery,0
35,1139.51,5,0,0,4,27.12,598,1,1,0.1176,0.0416,Debit Card,Electronics,1
47,1174.74,9,0,0,3,10.79,1562,6,0,0.058,0.0552,Net Banking,Fashion,0
41,1744.45,9,0,0,3,21.99,1850,2,1,0.0854,0.0169,Credit Card,Fashion,0
18,941.64,12,1,0,3,21.72,1312,0,0,0.0907,0.0347,Cash on Delivery,Home,0
25,809.56,12,3,1,3,11.03,485,5,0,0.2073,0.0819,Debit Card,Grocery,0
37,721.94,10,0,0,4,10.55,152,4,0,0.0581,0.0,Cash on Delivery,Beauty,1
18,581.39,4,0,0,3,18.95,1096,1,0,0.0727,0.0642,UPI,Electronics,0
26,2921.17,10,0,0,3,2.27,1719,2,0,0.0131,0.0243,Credit Card,Accessories,0
28,669.37,10,0,0,4,17.67,751,4,0,0.0761,0.0397,Cash on Delivery,Fashion,0
32,670.12,6,0,0,5,18.37,904,1,0,0.0745,0.0503,Credit Card,Beauty,0
31,4633.89,5,0,0,2,3.88,1927,3,1,0.1125,0.0397,Debit Card,Fashion,0
31,1156.46,8,1,0,2,4.11,1789,4,0,0.1118,0.0283,Net Banking,Fashion,0
41,7055.29,8,0,0,4,28.82,896,2,0,0.0278,0.0337,Cash on Delivery,Electronics,0
32,1954.66,18,0,0,1,11.2,1120,4,0,0.0,0.0322,Debit Card,Fashion,0
31,2144.67,10,0,0,3,22.32,853,0,0,0.0244,0.0079,UPI,Electronics,0
22,1639.52,10,0,0,1,7.38,451,1,1,0.0813,0.0197,Credit Card,Electronics,0
43,4416.2,8,1,0,3,5.56,687,1,0,0.1325,0.0197,Credit Card,Fashion,0
28,695.75,7,0,0,3,28.96,802,1,0,0.0643,0.0094,UPI,Fashion,0
24,879.17,11,0,0,3,13.81,757,1,0,0.0296,0.0183,Credit Card,Electronics,0
36,1079.14,8,2,0,2,17.52,457,1,3,0.4181,0.0346,Credit Card,Fashion,0
27,1520.53,10,0,0,5,7.13,522,5,0,0.0318,0.0181,Net Banking,Home,1
29,410.78,10,0,0,3,15.41,408,2,2,0.1222,0.0632,Net Banking,Grocery,0
36,1154.35,6,0,0,3,21.02,1402,3,0,0.0614,0.0501,UPI,Fashion,0
20,1017.99,8,3,2,2,28.43,41,5,1,0.29,0.278,Credit Card,Electronics,1
31,2305.55,10,3,0,2,9.37,319,0,1,0.3397,0.0575,UPI,Accessories,0
55,1524.92,11,2,0,4,12.42,1743,1,1,0.2259,0.0208,Net Banking,Electronics,1
33,1819.14,8,1,1,5,10.04,929,0,2,0.2839,0.1329,UPI,Fashion,0
40,2707.72,3,0,0,2,14.26,216,3,0,0.1117,0.0637,Debit Card,Fashion,0
18,1257.68,7,1,0,2,8.64,267,2,0,0.1435,0.041,UPI,Grocery,0
48,1513.37,6,4,2,5,5.65,468,8,3,0.5336,0.3552,UPI,Home,0
26,2538.76,10,1,0,2,5.48,1055,1,0,0.0397,0.0304,Credit Card,Home,0
24,1510.6,13,0,0,4,17.56,743,3,0,0.047,0.048,UPI,Electronics,0
25,1772.9,7,0,0,4,24.86,179,5,0,0.0146,0.04,UPI,Accessories,0
25,1009.23,9,4,4,2,36.63,507,6,0,0.3219,0.4278,Credit Card,Grocery,1
38,502.66,4,1,0,2,12.82,1535,3,0,0.2151,0.0447,Credit Card,Accessories,1
43,818.2,12,2,1,2,13.47,749,2,0,0.125,0.0971,UPI,Beauty,0
37,2104.62,7,0,0,4,13.48,588,2,3,0.1932,0.0062,UPI,Grocery,0
32,1346.42,5,0,0,6,5.03,888,2,2,0.1329,0.0273,UPI,Beauty,0
28,1303.13,6,0,0,3,14.89,720,1,0,0.0152,0.095,UPI,Fashion,0
44,1445.38,6,1,0,2,2.49,416,1,0,0.1435,0.0645,Debit Card,Grocery,0
53,2539.8,13,2,0,3,6.63,964,5,0,0.1208,0.0056,Credit Card,Fashion,0
35,703.77,8,0,0,4,8.13,677,2,0,0.0213,0.0169,Credit Card,Accessories,1
42,1110.11,5,0,0,3,17.8,226,1,1,0.087,0.0277,Credit Card,Grocery,0
37,1918.98,5,1,1,5,16.88,956,1,1,0.2097,0.2121,UPI,Fashion,0
41,1689.46,9,0,0,1,0.36,469,4,1,0.0493,0.0621,UPI,Home,0
32,2266.15,4,0,0,3,17.11,147,1,3,0.2643,0.1071,Credit Card,Home,0
24,1318.11,7,0,0,3,19.74,1229,3,3,0.2031,0.0411,Credit Card,Beauty,1
24,550.67,9,7,3,6,32.22,304,4,3,0.6875,0.326,Debit Card,Grocery,1
18,1542.54,6,3,2,4,49.51,708,3,2,0.471,0.3556,Cash on Delivery,Electronics,1
30,576.63,7,0,0,5,13.49,789,2,1,0.1526,0.0599,Credit Card,Accessories,0
38,1625.77,12,4,1,3,12.6,787,3,0,0.237,0.1215,Net Banking,Home,1
45,1980.3,8,0,0,3,13.37,367,4,1,0.0743,0.0159,Credit Card,Electronics,0
27,1809.47,13,2,0,4,19.73,1086,2,0,0.1323,0.0423,Debit Card,Accessories,0
18,3272.88,10,0,0,4,23.43,818,1,1,0.0878,0.0119,Cash on Delivery,Grocery,0
30,552.64,12,0,0,3,5.28,1071,3,2,0.0866,0.0182,Debit Card,Home,0
43,1019.24,7,0,0,3,30.16,696,1,0,0.0383,0.0416,UPI,Fashion,0
20,421.07,12,0,0,2,3.32,344,2,2,0.1157,0.0138,Net Banking,Fashion,0
23,1235.04,6,0,0,2,15.64,1399,4,0,0.0947,0.047,Net Banking,Electronics,0
22,331.75,4,1,0,3,4.92,357,3,3,0.3369,0.0288,Credit Card,Fashion,1
35,1746.01,6,0,0,5,21.28,1315,2,0,0.1129,0.0442,Credit Card,Accessories,0
18,2556.51,5,0,0,7,32.72,357,2,2,0.1727,0.0079,Credit Card,Electronics,1
33,1450.38,5,0,0,1,2.69,537,3,2,0.1279,0.0715,Credit Card,Fashion,0
38,1389.45,4,0,0,3,19.05,199,4,4,0.2145,0.0847,UPI,Electronics,1
39,1440.33,10,1,1,2,13.67,626,5,0,0.0691,0.1384,Credit Card,Fashion,0
23,348.51,5,1,0,1,15.91,340,1,1,0.226,0.036,Debit Card,Accessories,1
31,1022.7,9,3,0,3,10.07,343,3,0,0.2825,0.0248,UPI,Electronics,0
45,2396.82,8,2,2,4,1.86,874,1,0,0.185,0.2777,Debit Card,Electronics,0
24,1349.68,3,1,0,3,36.49,446,3,4,0.454,0.0823,UPI,Grocery,1
23,2195.56,4,0,0,4,2.83,1034,5,0,0.0716,0.0972,Credit Card,Fashion,0
25,2029.91,10,3,3,3,29.51,469,2,1,0.2922,0.2827,Credit Card,Beauty,0
47,1741.93,9,3,0,6,7.55,985,4,3,0.3489,0.016,UPI,Electronics,0
24,877.54,8,0,0,3,16.34,1068,3,1,0.1176,0.0397,UPI,Electronics,0
20,1250.53,5,0,0,6,21.53,192,7,0,0.0476,0.0682,Credit Card,Electronics,1
42,849.66,15,1,1,1,21.56,1718,0,1,0.126,0.0724,UPI,Fashion,0
31,311.7,12,2,0,3,16.18,702,5,1,0.1506,0.0437,Debit Card,Electronics,0
30,4179.16,5,0,0,3,21.65,245,5,1,0.0341,0.0628,UPI,Fashion,0
23,3067.62,6,3,0,3,29.43,516,8,1,0.3883,0.0496,UPI,Home,1
37,2908.59,5,2,1,5,37.39,349,0,3,0.5752,0.2194,UPI,Beauty,1
31,1716.84,7,5,1,4,22.0,359,2,3,0.6759,0.1527,UPI,Fashion,1
24,1102.09,10,0,0,3,16.5,1440,3,0,0.0702,0.0301,UPI,Electronics,0
24,669.92,10,1,1,3,10.13,151,9,5,0.221,0.1668,UPI,Beauty,1
30,1384.41,3,0,0,5,9.45,2024,6,2,0.1409,0.0564,Debit Card,Grocery,1
36,537.57,3,1,0,5,41.1,266,7,4,0.348,0.0884,Net Banking,Fashion,1
39,1060.3,9,2,0,3,2.52,332,1,0,0.1856,0.038,UPI,Beauty,0
34,1596.12,9,3,0,2,14.64,961,1,1,0.334,0.032,Net Banking,Beauty,0
44,578.96,6,0,0,1,28.46,765,5,1,0.0929,0.0263,UPI,Beauty,0
47,965.24,10,0,0,3,11.71,532,1,0,0.061,0.0337,UPI,Electronics,0
23,1038.33,7,1,0,4,8.68,624,5,0,0.167,0.0441,UPI,Beauty,0
29,1531.89,9,3,1,6,48.48,248,7,1,0.2814,0.1503,Debit Card,Grocery,1
29,2074.67,4,3,0,7,27.99,618,6,2,0.5835,0.0693,UPI,Home,0
23,1288.98,9,1,1,5,18.19,235,5,0,0.1056,0.1268,Credit Card,Beauty,0
22,616.02,6,0,0,5,4.37,368,3,2,0.1074,0.0325,Credit Card,Accessories,0
26,525.5,8,2,1,4,16.46,1061,3,0,0.2625,0.1387,Debit Card,Home,0
44,526.33,10,0,0,3,25.71,1108,0,2,0.1976,0.0323,Debit Card,Electronics,0
39,1027.04,9,0,0,4,5.63,785,2,1,0.0522,0.009,Cash on Delivery,Electronics,0
18,1477.43,4,1,0,6,33.93,172,1,1,0.2894,0.0826,Credit Card,Home,1
29,1784.55,4,1,0,3,8.37,1173,5,0,0.2598,0.0827,Credit Card,Home,0
34,2033.31,11,0,0,3,16.69,662,1,1,0.1138,0.0608,Cash on Delivery,Fashion,0
47,2096.27,7,0,0,2,5.69,680,6,0,0.0183,0.0156,Cash on Delivery,Grocery,0
51,4017.87,3,0,0,5,10.17,658,2,0,0.1036,0.0629,Cash on Delivery,Electronics,0
36,786.13,5,1,0,4,13.45,630,2,1,0.2351,0.0132,Cash on Delivery,Home,1
18,2259.53,7,0,0,5,14.19,472,3,0,0.0109,0.0271,UPI,Fashion,0
37,673.87,12,2,0,2,8.42,620,1,0,0.1206,0.0346,Credit Card,Beauty,1
42,781.02,6,0,0,4,2.62,1242,3,0,0.0407,0.0313,Credit Card,Fashion,0
28,980.54,5,2,1,6,34.63,401,2,1,0.3516,0.2402,Debit Card,Electronics,0
36,2735.86,12,1,0,3,5.41,1374,4,1,0.118,0.0342,Debit Card,Fashion,0
41,1976.92,9,0,0,2,13.77,258,4,1,0.0961,0.0334,Cash on Delivery,Fashion,0
37,1049.12,9,0,0,3,36.37,1420,1,1,0.1215,0.0341,Credit Card,Home,0
32,3500.53,9,2,0,3,24.72,751,6,2,0.2229,0.0321,Credit Card,Grocery,1
23,1367.13,8,2,0,4,26.5,480,1,0,0.2059,0.008,Cash on Delivery,Electronics,0
40,2458.86,7,1,1,2,14.13,388,5,2,0.2269,0.1879,Net Banking,Beauty,1
26,1577.69,5,0,0,4,3.19,657,1,0,0.0508,0.0847,Credit Card,Fashion,0
31,1103.6,8,0,0,5,2.08,913,2,0,0.02,0.046,Net Banking,Home,0
44,689.56,3,0,0,4,7.57,2190,5,0,0.0785,0.0822,Credit Card,Accessories,0
27,837.68,9,0,0,1,3.72,591,2,0,0.0589,0.0323,Cash on Delivery,Grocery,1
38,1690.87,16,2,0,2,14.97,1520,3,1,0.1659,0.0538,Debit Card,Electronics,1
37,991.6,8,0,0,4,24.4,460,5,0,0.0038,0.0605,Credit Card,Fashion,0
23,2116.03,7,3,1,6,14.59,414,1,2,0.4969,0.17,Credit Card,Fashion,1
47,3133.65,4,2,1,6,32.3,368,6,1,0.4111,0.26,UPI,Accessories,1
48,2542.89,10,2,1,4,17.52,286,3,0,0.2101,0.1201,Credit Card,Beauty,0
34,1601.33,10,1,1,3,4.8,1317,0,1,0.184,0.1562,UPI,Home,0
18,1808.42,4,2,0,4,2.17,698,2,2,0.4783,0.0624,UPI,Fashion,0
40,1437.24,5,0,0,4,10.07,1503,3,0,0.0559,0.042,UPI,Beauty,1
53,1985.38,9,4,0,1,22.55,1643,4,1,0.385,0.0328,UPI,Electronics,0
33,1268.67,3,1,0,3,45.85,351,3,1,0.3004,0.0668,UPI,Home,0
18,1301.06,2,1,1,6,33.2,428,4,3,0.4522,0.4151,UPI,Electronics,1
40,1544.27,12,0,0,2,7.23,462,0,4,0.374,0.0437,UPI,Fashion,1
22,953.19,8,2,1,4,28.42,151,4,2,0.2833,0.1611,UPI,Fashion,0
27,1438.92,7,1,0,3,14.28,458,2,1,0.2171,0.0352,UPI,Accessories,0
24,495.47,14,0,0,4,3.6,791,0,1,0.1156,0.0355,Debit Card,Grocery,0
25,1807.99,7,1,0,2,13.18,1488,3,1,0.1852,0.0014,Net Banking,Electronics,0
52,2637.85,7,0,0,5,8.2,1331,1,1,0.1074,0.05,Debit Card,Home,0
31,1251.08,5,0,0,4,5.07,390,1,3,0.2455,0.0641,UPI,Fashion,0
28,1040.72,7,0,0,3,10.24,530,6,0,0.0149,0.0504,Cash on Delivery,Fashion,1
33,637.39,7,0,0,5,20.13,899,3,0,0.0899,0.0229,Net Banking,Beauty,0
31,445.24,12,0,0,2,17.17,216,0,0,0.0206,0.0289,Credit Card,Fashion,0
40,2959.35,9,1,1,5,10.93,345,4,1,0.1204,0.1189,Credit Card,Fashion,1
48,1159.76,14,2,1,3,10.94,241,1,1,0.1608,0.0481,Cash on Delivery,Electronics,0
25,2511.5,8,1,0,1,3.51,1539,0,2,0.2511,0.0177,UPI,Home,0
45,3593.42,7,2,0,4,26.98,506,0,0,0.2408,0.0,UPI,Electronics,1
35,2177.91,7,0,0,3,9.8,836,4,0,0.0582,0.0239,Debit Card,Fashion,0
45,1001.17,5,0,0,4,10.9,404,0,1,0.1282,0.0316,UPI,Beauty,0
39,923.33,12,6,2,6,24.04,209,4,2,0.4321,0.1936,UPI,Home,1
48,2175.94,10,0,0,3,15.77,1710,4,1,0.0411,0.0292,Cash on Delivery,Fashion,0
29,2649.06,6,3,1,6,11.79,259,5,2,0.4122,0.1814,Debit Card,Home,1
35,695.09,5,0,0,4,15.52,665,0,0,0.055,0.0555,Credit Card,Fashion,0
31,2363.86,8,1,0,3,9.18,777,1,0,0.1135,0.0316,UPI,Electronics,0
30,2053.44,8,2,2,6,23.59,701,3,1,0.2317,0.2547,Cash on Delivery,Electronics,1
20,950.84,9,2,1,5,25.92,248,6,2,0.2624,0.1298,Credit Card,Electronics,1
40,966.26,14,1,1,5,34.24,159,4,2,0.1447,0.1349,Net Banking,Fashion,1
35,1164.32,4,0,0,3,7.37,779,4,0,0.0497,0.0479,UPI,Fashion,1
21,989.42,4,2,2,5,46.64,546,4,3,0.4834,0.4829,UPI,Home,1
36,1873.02,4,0,0,4,58.6,753,3,2,0.2283,0.1363,Cash on Delivery,Fashion,1
40,2552.96,3,1,0,5,19.57,364,4,0,0.2835,0.0809,UPI,Home,1
33,1180.31,12,1,1,1,6.38,476,2,0,0.0371,0.1159,UPI,Grocery,0
19,1654.87,6,1,0,3,9.72,983,3,2,0.249,0.061,UPI,Fashion,1
29,1973.6,6,2,2,2,27.19,766,5,2,0.3455,0.3519,UPI,Fashion,0
48,913.86,4,1,0,1,17.55,1595,2,0,0.2162,0.0667,UPI,Home,1
36,2193.94,8,0,0,6,27.39,2221,2,0,0.006,0.029,UPI,Grocery,0
24,606.43,14,0,0,2,11.81,387,4,0,0.0359,0.0318,UPI,Home,0
18,1660.35,14,0,0,2,19.63,737,1,0,0.0125,0.0393,Debit Card,Accessories,0
18,692.56,10,2,0,2,23.62,93,2,1,0.2344,0.0284,Credit Card,Electronics,0
41,2885.82,8,0,0,1,24.74,319,1,0,0.0647,0.0462,Debit Card,Beauty,0
37,1793.09,7,4,1,5,32.48,296,7,1,0.4428,0.155,Debit Card,Electronics,0
28,1384.76,10,0,0,4,4.77,894,3,0,0.0155,0.0188,Cash on Delivery,Beauty,1
30,1402.51,6,0,0,4,1.46,904,1,0,0.0717,0.0318,Credit Card,Electronics,0
38,2040.75,8,0,0,3,4.95,565,2,0,0.022,0.0481,Credit Card,Beauty,0
29,1612.64,10,0,0,3,3.05,620,2,0,0.0351,0.0547,Net Banking,Fashion,0
39,2026.97,10,1,0,4,13.43,295,6,0,0.0752,0.0409,Debit Card,Grocery,0
35,3324.1,2,0,0,3,3.31,1036,1,0,0.1077,0.0956,Cash on Delivery,Grocery,0
33,832.44,7,1,0,3,11.2,436,3,0,0.1795,0.0328,Cash on Delivery,Home,0
44,667.48,7,1,0,2,33.01,489,1,2,0.24,0.0411,UPI,Fashion,1
20,1116.05,7,0,0,3,27.69,2228,3,0,0.0585,0.045,Credit Card,Grocery,0
27,520.59,5,1,0,3,6.02,1708,1,0,0.1773,0.0611,Credit Card,Grocery,0
39,2493.08,5,0,0,1,3.52,542,0,0,0.0408,0.0377,Credit Card,Grocery,1
28,773.12,4,0,0,1,20.48,460,2,2,0.1626,0.0906,UPI,Beauty,0
45,1318.65,10,0,0,2,19.95,1223,2,0,0.0165,0.0,Credit Card,Fashion,1
31,1050.9,11,4,4,5,21.77,337,5,6,0.4849,0.3701,Debit Card,Electronics,1
55,3609.09,15,0,0,1,15.6,546,1,0,0.0356,0.0245,Credit Card,Electronics,0
40,909.82,9,0,0,3,1.53,199,3,1,0.1076,0.0414,Debit Card,Beauty,0
47,1008.63,8,0,0,4,15.93,1194,2,0,0.0388,0.0106,Net Banking,Accessories,0
40,1710.16,9,1,0,6,21.41,802,1,0,0.094,0.0483,Debit Card,Beauty,1
28,923.87,4,2,2,4,27.03,273,5,1,0.4237,0.4758,Credit Card,Home,0
29,1114.76,7,0,0,3,5.17,875,3,2,0.1569,0.0142,UPI,Fashion,0
36,827.0,7,0,0,1,12.85,482,3,0,0.0587,0.0515,UPI,Fashion,0
52,1605.61,10,1,0,2,24.13,2700,3,0,0.0851,0.0222,Cash on Delivery,Fashion,0
29,2113.28,8,0,0,5,20.4,2010,0,0,0.0423,0.0141,Net Banking,Electronics,0
25,3333.08,4,0,0,1,9.25,225,3,2,0.1806,0.0816,UPI,Accessories,0
24,1584.15,9,0,0,3,16.87,578,2,0,0.0187,0.0132,Cash on Delivery,Home,0
32,2923.77,10,1,0,5,3.71,391,3,2,0.1907,0.0285,UPI,Beauty,0
25,970.62,5,0,0,1,10.99,922,3,0,0.0642,0.073,UPI,Fashion,0
49,1550.33,9,0,0,6,4.85,1102,0,1,0.1252,0.0587,UPI,Fashion,1
36,2676.33,9,2,0,2,2.11,1550,2,0,0.1498,0.0217,Cash on Delivery,Fashion,0
28,1107.39,5,2,1,6,43.36,284,4,3,0.4445,0.1995,UPI,Home,1
43,1040.82,8,0,0,3,31.63,2676,5,0,0.0426,0.0215,Credit Card,Fashion,0
23,641.3,5,2,0,3,26.61,433,3,3,0.3962,0.035,UPI,Grocery,0
23,1094.2,4,1,1,5,34.17,643,5,2,0.2866,0.256,UPI,Beauty,0
33,1572.33,4,0,0,4,29.27,604,5,2,0.1274,0.0483,UPI,Grocery,0
31,1706.59,12,1,0,2,15.88,1660,2,1,0.14,0.0,Debit Card,Beauty,0
24,2296.83,6,0,0,3,2.38,642,4,0,0.0701,0.0325,Cash on Delivery,Beauty,0
22,1561.35,8,1,1,5,7.57,1741,3,1,0.1153,0.1461,Credit Card,Electronics,0
26,3139.43,6,1,0,4,13.53,651,3,1,0.2209,0.0371,Credit Card,Electronics,0
37,924.63,10,3,0,4,15.42,987,3,0,0.2288,0.0511,UPI,Home,0
39,940.21,5,0,0,3,12.59,394,1,1,0.0965,0.0744,UPI,Home,0
28,1958.67,4,3,0,6,10.36,173,5,4,0.641,0.0801,UPI,Accessories,1
39,1838.21,11,2,0,1,3.29,521,1,1,0.1866,0.0405,Debit Card,Fashion,0
21,2253.69,6,0,0,2,3.08,458,3,0,0.0634,0.0361,Cash on Delivery,Beauty,0
34,1827.78,6,0,0,4,13.04,805,4,1,0.125,0.0287,Cash on Delivery,Grocery,0
25,518.78,9,0,0,5,15.28,1135,0,1,0.1218,0.0575,Cash on Delivery,Accessories,0
38,905.85,5,0,0,3,10.75,759,0,0,0.0488,0.0375,Credit Card,Grocery,0
38,720.96,10,0,0,5,10.49,1411,2,0,0.0326,0.0299,Debit Card,Electronics,1
23,1627.21,3,0,0,5,13.4,913,2,0,0.1033,0.0608,Cash on Delivery,Accessories,0
43,1582.84,7,3,1,3,22.79,1332,0,0,0.3247,0.1664,Debit Card,Home,0
32,1422.45,4,2,0,6,37.43,384,4,3,0.4675,0.0926,Credit Card,Fashion,1
55,1755.66,6,2,0,4,6.62,650,1,0,0.2992,0.0435,Cash on Delivery,Accessories,1
18,3737.03,9,2,1,5,15.15,146,2,3,0.3184,0.1438,Debit Card,Grocery,1
42,1670.87,12,2,0,1,4.83,331,4,2,0.2613,0.0082,UPI,Beauty,0
33,1243.24,9,1,0,5,23.78,607,0,2,0.2978,0.0464,Credit Card,Fashion,1
31,1130.39,6,0,0,4,9.42,671,3,1,0.1362,0.0216,Debit Card,Electronics,0
32,1105.86,8,1,0,5,0.77,794,0,1,0.2116,0.0301,Debit Card,Fashion,0
27,1730.21,11,1,0,4,1.98,1501,2,0,0.0914,0.0559,Net Banking,Fashion,0
36,2242.78,8,0,0,2,7.21,1066,3,2,0.1383,0.0016,UPI,Accessories,0
24,1314.05,6,0,0,2,26.38,782,1,0,0.0223,0.0297,Debit Card,Electronics,0
18,1116.41,10,1,0,1,14.49,590,1,0,0.1002,0.0253,UPI,Fashion,0
28,1732.37,4,2,1,8,40.81,325,8,2,0.3786,0.2338,Net Banking,Home,1
36,1118.42,13,3,1,5,5.44,385,2,2,0.3032,0.0972,UPI,Fashion,0
34,576.32,13,0,0,4,14.47,659,3,0,0.0447,0.0116,UPI,Fashion,0
29,1219.86,8,0,0,3,9.45,2160,3,0,0.0088,0.0054,Debit Card,Beauty,0
22,310.19,8,4,0,2,19.44,314,2,1,0.4425,0.0517,UPI,Fashion,0
37,566.94,8,0,0,4,0.75,691,3,1,0.0701,0.0631,Debit Card,Electronics,0
25,1397.31,13,0,0,3,16.02,737,3,0,0.0031,0.0494,Net Banking,Home,0
33,1088.79,11,0,0,2,27.42,605,3,1,0.0537,0.0293,Net Banking,Electronics,0
37,1108.47,10,4,3,1,29.18,716,5,3,0.3731,0.3353,Cash on Delivery,Fashion,1
50,1204.7,12,2,0,3,11.51,744,0,0,0.1418,0.0,UPI,Accessories,0
40,747.68,10,0,0,3,17.89,501,1,0,0.06,0.042,UPI,Electronics,0
22,625.57,11,0,0,4,9.99,1623,4,1,0.0873,0.0074,Net Banking,Fashion,0
23,1670.22,10,3,0,3,8.28,394,1,0,0.2733,0.0142,Credit Card,Grocery,0
35,2355.88,12,0,0,2,1.51,475,1,0,0.0,0.0,UPI,Electronics,1
22,716.03,6,0,0,3,20.3,510,4,0,0.0597,0.0653,UPI,Home,0
18,2130.56,6,0,0,4,4.05,394,1,1,0.124,0.0505,UPI,Electronics,0
39,2332.42,9,0,0,2,16.35,622,4,0,0.0622,0.0,Debit Card,Beauty,0
37,1769.22,13,5,0,1,9.64,1411,0,1,0.3954,0.0445,UPI,Electronics,0
38,1041.04,8,1,0,5,4.6,320,2,0,0.1363,0.0199,Credit Card,Electronics,0
36,1232.92,5,0,0,4,11.45,996,3,1,0.0745,0.0543,UPI,Fashion,1
33,819.68,5,0,0,3,18.1,784,1,0,0.0515,0.0081,Debit Card,Electronics,0
28,773.45,5,0,0,3,22.12,1167,3,0,0.0768,0.0597,Credit Card,Home,0
39,1408.28,6,1,0,3,3.99,734,1,0,0.161,0.0863,Debit Card,Fashion,0
20,1204.34,6,0,0,4,23.06,897,5,4,0.1771,0.0198,Credit Card,Electronics,1
29,2113.27,9,4,2,2,49.55,380,0,3,0.5798,0.2297,Net Banking,Fashion,1
48,1789.8,5,0,0,5,7.49,1326,3,3,0.2022,0.0186,Cash on Delivery,Grocery,0
29,1503.32,5,1,0,1,14.23,722,3,3,0.2985,0.0592,UPI,Electronics,1
25,1860.52,6,0,0,5,9.79,268,1,1,0.0852,0.0656,Credit Card,Electronics,0
24,564.24,9,3,0,4,16.41,827,2,1,0.2359,0.0,Net Banking,Grocery,1
26,2223.66,7,0,0,5,11.66,1183,0,1,0.1197,0.0317,UPI,Home,1
36,1208.36,9,0,0,4,10.95,242,4,1,0.0682,0.0037,Debit Card,Electronics,1
18,1147.94,6,0,0,3,5.04,1034,2,1,0.0816,0.046,UPI,Grocery,0
38,2192.12,5,0,0,6,7.72,654,5,0,0.0878,0.0543,Credit Card,Fashion,1
40,838.37,5,0,0,5,12.41,672,2,1,0.1663,0.0499,UPI,Beauty,0
18,764.51,10,1,0,6,11.62,613,1,1,0.1632,0.0243,Net Banking,Electronics,0
25,581.46,8,1,1,5,17.54,844,2,0,0.0536,0.1523,Credit Card,Fashion,0
35,1848.41,12,2,1,2,8.85,1284,1,0,0.1461,0.0981,UPI,Electronics,0
33,1476.18,11,0,0,2,15.6,519,6,3,0.1241,0.072,UPI,Home,1
39,1829.28,11,0,0,1,9.27,1082,0,0,0.0024,0.0361,Debit Card,Fashion,0
33,1284.22,9,1,0,4,15.98,422,2,0,0.0995,0.0,UPI,Home,0
45,831.87,6,0,0,4,30.71,1058,2,1,0.1437,0.0661,Cash on Delivery,Fashion,1
31,489.2,8,2,1,3,4.82,1078,5,0,0.2164,0.1708,UPI,Electronics,0
25,1703.54,13,0,0,2,24.83,1201,2,0,0.0002,0.0089,Credit Card,Home,0
24,1815.56,7,0,0,1,31.47,868,1,0,0.047,0.0123,Credit Card,Fashion,0
41,1922.25,10,0,0,2,2.99,1192,2,0,0.0852,0.0436,UPI,Beauty,0
34,3747.53,11,0,0,4,1.45,377,2,0,0.0473,0.033,Net Banking,Fashion,0
40,555.78,6,0,0,1,6.7,1456,4,1,0.0669,0.0366,UPI,Home,0
40,2378.1,6,0,0,3,15.29,805,0,0,0.0969,0.0282,UPI,Electronics,1
18,1492.77,13,0,0,4,11.58,1658,3,1,0.066,0.0443,Net Banking,Electronics,0
24,1695.6,1,0,0,3,22.12,713,1,0,0.2195,0.1559,UPI,Accessories,0
25,873.83,5,0,0,4,29.3,654,2,2,0.2017,0.0375,UPI,Accessories,0
27,767.25,12,2,1,4,7.74,488,1,2,0.2586,0.088,Cash on Delivery,Grocery,0
30,929.23,7,1,0,2,5.31,853,2,0,0.1493,0.0344,Cash on Delivery,Home,0
43,901.51,8,1,0,5,18.51,958,3,0,0.0855,0.0523,UPI,Fashion,0
45,2736.68,10,2,0,4,8.05,439,3,0,0.1641,0.0208,Net Banking,Grocery,1
31,963.43,2,0,0,3,2.59,487,1,1,0.1676,0.1074,Cash on Delivery,Fashion,0
32,967.1,10,0,0,4,7.87,372,1,1,0.1177,0.0282,UPI,Accessories,0
18,1514.75,6,0,0,5,8.24,55,7,4,0.1836,0.0451,UPI,Beauty,1
28,4489.43,16,0,0,2,20.81,758,2,0,0.0415,0.0322,UPI,Beauty,0
19,3694.05,2,0,0,3,51.2,254,3,1,0.1437,0.1078,Net Banking,Beauty,0
35,1200.6,12,0,0,2,10.83,1588,4,0,0.0565,0.0208,Debit Card,Fashion,1
36,1251.98,11,2,0,2,4.39,639,2,0,0.1492,0.0331,Debit Card,Home,0
41,1232.64,8,1,0,3,7.26,458,2,1,0.1761,0.0189,Cash on Delivery,Electronics,0
41,1391.99,10,0,0,3,17.68,489,3,1,0.0397,0.0304,Debit Card,Fashion,0
18,1940.62,13,3,0,4,28.04,494,4,1,0.2439,0.0134,Credit Card,Electronics,0
33,1888.42,8,0,0,4,15.12,1288,3,2,0.1302,0.0352,Cash on Delivery,Fashion,0
46,1823.89,8,0,0,3,14.65,1274,1,0,0.0611,0.0375,UPI,Accessories,0
30,1114.51,11,1,0,2,3.06,652,3,1,0.1341,0.0472,UPI,Home,0
44,1747.36,10,0,0,4,4.84,1395,3,0,0.0383,0.0477,Credit Card,Accessories,0
35,1367.73,9,1,1,5,25.13,272,0,3,0.3257,0.135,Credit Card,Accessories,0
31,369.21,6,0,0,4,9.6,749,2,1,0.0957,0.0,Debit Card,Home,0
36,646.17,8,0,0,4,18.76,617,2,0,0.0391,0.0404,UPI,Fashion,0
24,618.29,11,0,0,2,9.51,947,2,0,0.0545,0.0361,Credit Card,Home,1
24,2373.92,8,0,0,4,17.95,1724,0,1,0.1883,0.0511,Credit Card,Accessories,0
41,704.46,4,0,0,4,27.92,412,2,0,0.0158,0.062,Cash on Delivery,Accessories,0
42,4450.37,7,0,0,3,11.36,1072,4,0,0.0733,0.0031,UPI,Fashion,0
34,609.86,3,0,0,3,5.67,1265,5,0,0.0793,0.0607,Debit Card,Beauty,0
23,478.09,10,0,0,6,7.68,1473,2,2,0.093,0.0008,Cash on Delivery,Home,0
27,973.97,6,1,1,4,16.45,163,4,2,0.2563,0.2079,UPI,Home,1
34,1641.73,7,0,0,3,13.88,1237,3,2,0.1664,0.0553,Net Banking,Beauty,0
44,971.1,7,0,0,3,36.92,559,2,1,0.07,0.0421,Debit Card,Fashion,1
32,1162.65,8,2,2,4,31.05,390,2,4,0.3722,0.2413,UPI,Beauty,1
45,2602.58,6,0,0,2,17.84,330,3,3,0.187,0.0319,Net Banking,Grocery,0
50,1168.29,8,0,0,2,10.87,1041,1,0,0.0,0.0491,Cash on Delivery,Home,0
31,1547.9,8,0,0,1,12.3,756,5,0,0.022,0.0089,UPI,Fashion,0
19,574.41,10,2,1,3,10.09,2613,2,0,0.186,0.1248,Credit Card,Electronics,0
42,1066.75,9,0,0,3,6.02,1999,4,1,0.1019,0.0351,Net Banking,Electronics,1
32,943.41,7,0,0,4,13.09,796,2,0,0.0555,0.0064,Debit Card,Grocery,0
42,1039.88,3,1,0,3,13.14,710,2,0,0.2972,0.0914,Credit Card,Grocery,0
37,1959.26,4,0,0,3,22.61,1503,1,0,0.0658,0.0595,Cash on Delivery,Grocery,0
33,419.5,8,2,2,7,37.78,529,13,0,0.197,0.2322,Credit Card,Grocery,1
26,1328.23,10,0,0,2,15.68,351,1,1,0.1046,0.0145,Debit Card,Electronics,0
35,2954.02,13,1,1,7,1.88,689,1,2,0.2083,0.081,Credit Card,Electronics,0
20,820.84,4,1,0,5,42.14,640,5,2,0.3005,0.0563,Cash on Delivery,Beauty,1
46,1875.88,9,0,0,2,20.74,1137,3,0,0.0032,0.0168,Credit Card,Home,1
33,2161.95,5,1,1,4,28.58,439,4,3,0.2802,0.1944,Net Banking,Home,0
25,939.12,10,1,0,4,15.13,256,1,0,0.0915,0.0145,Credit Card,Home,0
20,2780.12,12,0,0,3,9.86,1057,1,0,0.0721,0.0362,Credit Card,Beauty,0
27,3073.34,8,0,0,2,3.47,898,2,0,0.0193,0.0406,UPI,Beauty,0
26,1334.21,8,2,2,7,45.64,146,5,1,0.2504,0.2488,UPI,Fashion,1
30,3080.3,6,0,0,3,13.1,1451,4,1,0.0611,0.0687,Debit Card,Beauty,0
41,1069.51,12,0,0,6,6.18,413,4,0,0.0868,0.0437,Debit Card,Accessories,1
24,872.16,7,0,0,5,19.7,630,2,0,0.039,0.0612,UPI,Accessories,0
48,772.79,7,1,0,5,10.07,420,4,0,0.0974,0.0498,Credit Card,Electronics,0
23,1345.8,7,0,0,4,25.4,926,5,2,0.097,0.0397,Credit Card,Electronics,1
20,5002.58,1,0,0,7,23.42,264,3,1,0.2111,0.1539,Cash on Delivery,Beauty,0
22,867.04,5,0,0,4,7.89,1065,1,0,0.0874,0.0412,UPI,Beauty,0
55,1503.78,6,0,0,2,18.77,199,4,1,0.062,0.0269,UPI,Home,0
50,869.27,12,3,1,4,6.83,913,3,1,0.2277,0.1262,Credit Card,Fashion,0
35,1168.89,8,0,0,3,9.93,1718,2,2,0.1414,0.0351,Credit Card,Grocery,0
19,2657.29,4,1,0,3,15.1,1881,4,1,0.2746,0.0439,Credit Card,Electronics,0
34,1571.21,11,1,1,3,6.54,1105,3,1,0.1188,0.1158,Credit Card,Electronics,0
34,981.86,6,0,0,6,28.73,424,6,1,0.0717,0.0623,UPI,Fashion,0
31,989.32,8,0,0,3,35.39,897,0,1,0.1698,0.0152,UPI,Home,0
36,723.01,2,0,0,2,33.69,427,4,1,0.2356,0.0655,Credit Card,Beauty,0
23,1042.43,12,3,0,2,12.19,1624,3,2,0.2979,0.0509,UPI,Grocery,0
37,1251.21,3,0,0,1,10.29,727,2,2,0.1684,0.0789,Debit Card,Fashion,1
32,2859.89,7,2,0,4,9.81,233,6,3,0.3198,0.0181,UPI,Electronics,1
27,1360.8,4,0,0,4,0.62,907,3,0,0.0524,0.0552,UPI,Electronics,0
22,1054.98,3,1,0,6,18.89,142,6,2,0.3448,0.0559,UPI,Fashion,1
28,1000.37,10,2,0,1,7.19,979,3,1,0.2195,0.0095,UPI,Beauty,1
32,2175.91,7,0,0,4,12.32,745,1,1,0.0637,0.0206,UPI,Grocery,1
32,1341.88,5,1,0,8,28.77,600,2,3,0.3345,0.0613,UPI,Fashion,1
29,752.45,10,0,0,4,12.91,571,2,0,0.024,0.0146,UPI,Beauty,0
18,703.98,5,1,1,3,37.38,72,3,3,0.3567,0.2006,Credit Card,Accessories,1
40,2644.98,3,0,0,2,12.02,217,5,2,0.1447,0.036,Cash on Delivery,Fashion,1
53,1659.58,10,0,0,3,7.06,1064,6,0,0.0455,0.0183,UPI,Accessories,0
29,981.75,13,0,0,3,7.99,908,3,0,0.0465,0.022,Debit Card,Electronics,1
38,2034.94,5,1,0,3,11.86,1107,2,2,0.2659,0.0737,Net Banking,Grocery,0
35,1216.31,8,0,0,3,34.25,595,2,1,0.0541,0.0369,UPI,Fashion,0
37,1505.05,8,1,1,1,7.84,818,3,1,0.129,0.1712,Debit Card,Fashion,0
38,832.9,8,0,0,2,1.28,898,3,0,0.0847,0.0064,UPI,Electronics,1
42,988.31,7,0,0,3,14.09,1166,2,0,0.0303,0.0065,Credit Card,Electronics,0
36,2836.62,6,0,0,2,11.53,555,1,0,0.0615,0.0046,Credit Card,Beauty,0
36,1180.32,12,0,0,3,8.8,968,2,0,0.0627,0.0415,UPI,Accessories,1
19,1863.08,3,2,1,5,8.05,430,8,3,0.5525,0.3061,Cash on Delivery,Home,1
35,534.51,7,2,1,4,3.21,1054,3,1,0.2795,0.1843,UPI,Fashion,1
20,1368.32,5,2,1,3,47.72,606,4,3,0.4458,0.1923,Credit Card,Fashion,1
33,388.6,9,0,0,4,15.21,349,1,3,0.2087,0.0473,Net Banking,Fashion,0
26,649.14,11,0,0,4,10.37,735,0,0,0.0238,0.0254,UPI,Grocery,0
33,943.08,8,2,0,3,16.58,991,2,1,0.2056,0.0323,UPI,Electronics,1
36,803.39,9,2,0,4,12.64,465,2,1,0.2105,0.0322,Credit Card,Home,0
30,1504.25,3,0,0,7,40.02,408,2,1,0.1577,0.0633,Credit Card,Electronics,1
38,1070.71,10,1,0,3,11.91,1496,2,2,0.2226,0.0388,UPI,Home,0
36,2319.35,9,0,0,2,29.92,926,1,2,0.1885,0.0176,UPI,Accessories,0
32,451.83,4,1,0,1,6.79,970,0,2,0.3892,0.05,UPI,Electronics,0
33,1339.87,10,2,0,4,5.5,1654,3,1,0.1712,0.0158,Credit Card,Beauty,0
29,1367.97,16,0,0,4,5.83,659,1,1,0.1266,0.0211,Debit Card,Home,0
37,992.45,12,0,0,3,9.0,1378,3,0,0.0,0.0351,Cash on Delivery,Accessories,0
32,2394.67,11,0,0,3,25.15,962,3,1,0.0724,0.0001,Net Banking,Fashion,0
36,1010.11,5,0,0,3,5.45,900,2,1,0.1045,0.0173,Credit Card,Grocery,1
31,3715.24,4,1,0,6,18.79,520,5,4,0.3708,0.0317,UPI,Beauty,1
43,1156.2,11,1,0,3,9.26,1417,2,0,0.0596,0.0266,Credit Card,Fashion,1
28,1219.58,10,4,0,3,4.2,1071,1,0,0.3101,0.0136,Credit Card,Electronics,0
39,1453.16,8,0,0,5,14.28,1456,0,1,0.0966,0.0263,Cash on Delivery,Beauty,0
34,1519.57,8,0,0,4,1.05,392,4,0,0.0,0.0264,UPI,Grocery,1
28,2018.7,10,1,1,1,56.19,137,2,4,0.2769,0.1477,Debit Card,Electronics,0
52,2613.46,10,0,0,2,21.75,1420,4,0,0.0551,0.0419,Cash on Delivery,Beauty,0
32,878.82,13,2,1,3,18.05,482,4,0,0.1289,0.1065,Net Banking,Beauty,0
40,1002.5,10,2,0,4,22.31,251,4,0,0.2009,0.0358,Net Banking,Beauty,0
34,3547.55,8,2,2,4,20.22,177,2,1,0.2699,0.2492,Debit Card,Fashion,1
22,1591.39,8,0,0,2,10.54,1680,1,0,0.0205,0.0218,UPI,Accessories,0
29,1139.35,8,1,0,4,8.81,1495,2,0,0.1091,0.0065,Credit Card,Grocery,1
42,1594.83,5,0,0,5,16.99,1423,2,2,0.1351,0.0139,UPI,Beauty,0
30,736.25,7,1,0,5,8.91,192,4,0,0.0979,0.0437,Debit Card,Home,0
20,1043.55,5,0,0,3,21.52,145,5,5,0.2256,0.0477,UPI,Fashion,0
18,1627.67,10,1,0,5,19.96,451,3,1,0.1426,0.0158,UPI,Accessories,1
38,1469.7,10,3,0,5,42.25,199,3,7,0.4847,0.0449,Credit Card,Electronics,1
34,1301.07,5,0,0,4,6.44,1143,2,1,0.1194,0.0612,Credit Card,Electronics,0
18,577.41,8,2,1,6,15.86,253,5,4,0.3438,0.1506,UPI,Fashion,0
24,1780.24,7,0,0,5,18.33,1115,3,0,0.0369,0.0484,Debit Card,Accessories,0
35,1060.75,4,0,0,5,15.05,1069,0,0,0.0574,0.0373,UPI,Fashion,0
48,1401.85,4,1,0,3,9.52,661,0,2,0.4016,0.0726,UPI,Electronics,0
41,2171.44,8,1,0,3,6.03,862,2,0,0.1612,0.0089,Credit Card,Beauty,0
48,1774.49,9,1,1,3,7.96,687,3,1,0.1094,0.1428,Credit Card,Home,0
29,918.62,8,0,0,2,2.24,860,3,0,0.0395,0.0181,Credit Card,Fashion,0
33,1112.39,12,0,0,2,10.56,1642,3,1,0.0693,0.0383,Debit Card,Grocery,0
25,1434.77,5,0,0,3,5.43,687,2,0,0.054,0.0457,Credit Card,Grocery,0
28,670.62,8,1,0,4,13.42,846,1,1,0.1676,0.034,UPI,Fashion,0
26,1088.46,12,1,0,2,13.3,250,4,2,0.104,0.0,Debit Card,Home,0
22,804.34,8,0,0,3,9.25,1739,2,1,0.0875,0.0633,Net Banking,Electronics,0
46,654.32,12,1,1,1,17.32,1617,2,1,0.1626,0.1237,UPI,Home,0
18,421.47,6,0,0,3,6.43,488,5,0,0.0067,0.0168,UPI,Beauty,0
46,1494.41,2,0,0,3,22.38,592,1,0,0.1345,0.1171,Cash on Delivery,Electronics,0
45,511.42,6,3,0,3,15.65,593,4,1,0.3911,0.0451,Credit Card,Electronics,0
18,432.56,4,0,0,5,28.79,479,7,1,0.1127,0.0908,Debit Card,Home,1
38,1043.26,8,0,0,4,24.84,372,1,0,0.053,0.0288,Net Banking,Fashion,0
24,3314.49,8,1,0,3,6.17,1418,3,0,0.1119,0.0342,UPI,Accessories,0
20,1380.4,6,0,0,1,9.12,562,4,1,0.0705,0.0361,UPI,Fashion,0
29,1296.1,5,1,1,4,11.16,51,4,0,0.1569,0.2245,Cash on Delivery,Fashion,0
28,4090.3,13,5,3,6,37.36,85,5,0,0.2988,0.2004,Credit Card,Accessories,0
19,1187.57,6,3,0,5,30.74,267,7,2,0.4028,0.0278,Credit Card,Grocery,0
40,484.06,5,0,0,4,20.0,734,5,0,0.0343,0.0423,Net Banking,Beauty,0
34,1474.08,10,1,0,3,11.61,425,3,1,0.1876,0.0612,UPI,Home,0
25,826.11,7,1,0,3,11.53,517,3,1,0.2262,0.0723,Net Banking,Beauty,0
44,1870.55,1,0,0,2,13.52,429,4,1,0.209,0.172,Credit Card,Electronics,0
49,2250.53,4,0,0,3,2.28,456,0,0,0.0558,0.0232,Cash on Delivery,Electronics,0
32,597.53,8,1,0,3,42.7,328,1,0,0.1006,0.0525,UPI,Electronics,1
35,925.31,9,0,0,3,2.47,172,2,2,0.1551,0.0653,Credit Card,Fashion,0
20,1171.83,7,1,0,2,15.99,764,2,1,0.2232,0.0261,UPI,Grocery,1
30,453.18,13,0,0,3,8.84,1682,0,0,0.0,0.0548,Debit Card,Fashion,1
39,3383.75,7,0,0,4,10.55,936,4,1,0.074,0.0439,Credit Card,Beauty,1
37,1256.36,9,0,0,4,8.4,1112,0,0,0.0016,0.0289,UPI,Electronics,0
39,2250.62,9,5,0,5,26.01,317,3,5,0.6239,0.0378,Credit Card,Electronics,1
29,1011.1,11,1,1,5,29.83,935,3,1,0.1532,0.0901,UPI,Electronics,0
32,1508.48,6,1,1,2,14.76,205,4,0,0.245,0.1916,Credit Card,Grocery,0
20,2505.97,7,3,1,6,19.7,367,5,2,0.3883,0.1644,Net Banking,Home,0
41,2384.79,7,2,0,5,19.21,390,3,2,0.3047,0.0365,UPI,Electronics,0
30,447.81,5,1,1,2,22.8,176,0,0,0.1651,0.2406,UPI,Fashion,0
31,1956.53,7,1,1,3,27.56,461,2,0,0.1799,0.1528,Debit Card,Fashion,1
38,5726.81,9,0,0,2,5.81,839,1,0,0.0137,0.0442,Credit Card,Fashion,0
18,809.27,8,0,0,2,4.78,1228,6,0,0.0,0.0127,Credit Card,Fashion,0
33,1539.57,8,1,0,3,24.81,1683,3,0,0.1432,0.0113,Debit Card,Fashion,0
37,5000.12,4,0,0,6,15.27,229,4,1,0.1045,0.0751,Debit Card,Accessories,0
37,2239.27,8,0,0,3,22.37,541,1,0,0.0,0.0962,Credit Card,Fashion,0
29,3091.31,7,2,0,3,13.73,696,5,0,0.2626,0.0301,UPI,Grocery,1
30,2440.44,8,0,0,4,24.88,1069,0,0,0.053,0.0251,UPI,Beauty,0
30,2038.28,9,1,0,2,30.18,938,6,0,0.1227,0.0253,Cash on Delivery,Fashion,0
30,877.16,15,1,1,3,0.35,911,0,1,0.1397,0.0764,Credit Card,Beauty,0
34,1033.45,10,0,0,4,4.36,430,3,2,0.1165,0.038,Net Banking,Fashion,0
35,1212.44,7,0,0,3,19.18,474,3,0,0.0528,0.0608,Debit Card,Electronics,0
18,764.18,9,1,1,1,32.94,282,3,1,0.1631,0.1104,UPI,Home,0
40,1213.27,12,1,0,3,24.92,271,3,0,0.1484,0.0244,Credit Card,Grocery,1
31,1982.7,6,0,0,5,14.31,527,2,1,0.0757,0.0507,UPI,Electronics,0
39,376.23,8,3,3,4,39.05,521,3,3,0.412,0.3616,UPI,Home,1
51,892.7,3,0,0,5,11.46,255,6,1,0.1265,0.0623,Credit Card,Fashion,1
44,2900.52,5,0,0,4,46.43,241,4,2,0.0919,0.042,Debit Card,Home,1
23,459.39,11,1,0,3,9.8,1034,1,2,0.1991,0.0284,Cash on Delivery,Accessories,0
26,1053.35,7,2,0,3,10.2,1325,1,0,0.199,0.0574,Net Banking,Grocery,0
32,1904.78,9,1,0,4,17.7,637,3,0,0.1272,0.0506,UPI,Fashion,0
38,637.53,9,1,0,2,16.48,719,2,1,0.1608,0.0508,Debit Card,Electronics,0
30,1305.3,7,4,1,5,30.57,219,3,1,0.4974,0.1494,Credit Card,Beauty,1
21,2655.18,6,0,0,6,44.41,374,5,2,0.1023,0.0515,Cash on Delivery,Grocery,1
18,1931.35,2,0,0,1,14.03,992,5,1,0.1394,0.0688,Debit Card,Grocery,0
27,923.45,11,1,1,1,17.57,1382,0,1,0.1615,0.1134,Credit Card,Home,0
39,8545.82,16,2,2,2,14.81,1216,3,2,0.1758,0.1396,Debit Card,Home,0
28,986.15,6,0,0,5,37.22,199,7,1,0.1053,0.061,UPI,Grocery,1
25,1070.05,12,1,0,4,12.63,1995,2,1,0.1196,0.0094,UPI,Fashion,0
46,875.07,8,1,1,4,10.55,1078,2,0,0.1897,0.1427,Credit Card,Fashion,0
30,829.16,12,1,1,4,10.74,1098,1,2,0.22,0.0975,Credit Card,Fashion,1
26,3650.91,9,2,0,5,16.62,955,1,2,0.295,0.0394,UPI,Electronics,0
24,882.49,7,1,0,2,21.55,928,7,3,0.1968,0.0305,Cash on Delivery,Fashion,1
39,2927.93,7,0,0,4,4.06,957,1,0,0.0466,0.0358,Net Banking,Electronics,0
48,1280.39,7,0,0,3,11.61,562,7,1,0.0733,0.0476,Cash on Delivery,Fashion,0
38,1493.02,7,1,0,3,1.52,749,3,1,0.2311,0.0378,UPI,Fashion,0
45,1537.7,9,1,0,2,11.78,596,2,1,0.1464,0.0035,Credit Card,Fashion,0
49,1171.57,12,1,1,3,7.49,336,3,0,0.0684,0.0836,Net Banking,Fashion,1
26,650.52,5,0,0,4,4.49,1632,2,2,0.1271,0.0457,Credit Card,Beauty,0
23,1376.5,8,1,1,8,11.76,386,5,4,0.2459,0.1557,UPI,Home,0
42,860.19,2,0,0,4,10.86,2120,1,1,0.2115,0.1134,Net Banking,Accessories,0
20,1920.58,4,0,0,4,5.44,951,1,1,0.1758,0.0667,UPI,Grocery,1
38,908.33,12,1,1,3,15.51,691,0,0,0.0913,0.0952,Debit Card,Fashion,0
33,1530.97,9,1,0,5,12.69,590,2,2,0.1878,0.0,UPI,Electronics,0
30,1034.64,10,4,4,4,22.02,249,6,1,0.3387,0.3947,Debit Card,Fashion,0
45,1475.25,3,0,0,3,8.13,582,1,0,0.0851,0.045,Debit Card,Fashion,0
45,994.74,12,0,0,1,30.0,1454,2,0,0.0442,0.0167,UPI,Beauty,0
39,1736.68,8,0,0,2,6.85,498,1,0,0.0501,0.0299,Credit Card,Home,0
37,1025.31,10,0,0,3,16.41,899,0,0,0.0387,0.0508,Net Banking,Grocery,0
39,994.3,7,1,1,4,13.0,623,5,0,0.1507,0.2171,Credit Card,Fashion,0
27,1958.17,5,1,1,5,20.89,511,6,6,0.3275,0.2177,UPI,Grocery,0
35,513.7,11,1,0,4,2.51,1802,1,0,0.036,0.0069,Credit Card,Accessories,0
33,2498.39,6,0,0,4,10.81,543,1,0,0.0339,0.0224,UPI,Fashion,0
47,2592.86,12,0,0,4,5.72,664,1,0,0.0,0.0167,Debit Card,Fashion,0
48,1404.82,7,1,1,5,15.27,337,1,1,0.2518,0.1338,UPI,Home,0
33,1223.28,9,0,0,5,10.24,457,0,2,0.2023,0.0505,Credit Card,Home,0
23,784.51,9,3,3,4,20.04,268,2,3,0.4489,0.3277,Cash on Delivery,Fashion,1
36,1342.43,6,0,0,4,8.79,759,1,0,0.06,0.0764,Credit Card,Fashion,0
35,1628.91,10,1,0,3,6.86,656,3,1,0.1429,0.0268,UPI,Electronics,0
19,926.6,7,0,0,3,16.14,588,4,1,0.0734,0.0446,Debit Card,Beauty,0
27,2821.32,8,0,0,6,42.18,451,6,2,0.0901,0.05,Net Banking,Accessories,1
31,463.68,8,0,0,4,7.07,920,3,0,0.137,0.0137,UPI,Electronics,0
33,3292.67,5,2,0,2,30.65,669,10,3,0.369,0.0676,UPI,Home,1
48,953.65,7,3,0,3,14.52,706,2,2,0.4293,0.0208,UPI,Accessories,0
37,1167.34,6,5,1,7,18.88,285,10,1,0.5761,0.1904,Net Banking,Fashion,1
27,933.72,9,3,0,5,1.84,1091,4,1,0.2873,0.029,Credit Card,Fashion,0
53,733.63,6,0,0,5,18.26,777,3,0,0.0173,0.0284,UPI,Fashion,0
45,1362.17,6,0,0,3,6.05,722,5,0,0.0435,0.0468,Net Banking,Fashion,0
38,849.34,9,2,0,1,20.69,762,5,0,0.196,0.0123,Cash on Delivery,Beauty,0
39,2089.12,11,0,0,4,7.39,216,1,0,0.0187,0.0,Debit Card,Home,1
26,1704.48,11,5,0,3,9.97,924,0,0,0.3545,0.0463,UPI,Accessories,0
32,1427.41,8,2,0,3,4.18,1371,1,0,0.2207,0.032,UPI,Accessories,0
47,3560.45,10,2,0,3,26.77,262,1,0,0.1789,0.0,UPI,Accessories,0
18,2080.85,7,3,1,6,22.91,391,2,1,0.3702,0.1896,UPI,Fashion,0
28,1750.11,7,2,0,4,14.08,961,6,0,0.228,0.0171,Cash on Delivery,Accessories,0
27,1564.13,7,1,1,4,47.85,80,2,3,0.253,0.1442,Debit Card,Accessories,0
44,2951.94,3,0,0,4,32.33,665,1,0,0.0384,0.0448,Cash on Delivery,Fashion,0
22,1260.83,9,0,0,2,26.67,909,3,0,0.0042,0.0086,UPI,Fashion,1
23,674.87,7,0,0,2,11.08,1452,2,1,0.12,0.0128,Debit Card,Accessories,1
51,1557.87,7,0,0,2,12.98,593,2,0,0.0,0.0353,UPI,Home,0
28,2509.77,7,2,1,4,23.7,397,3,0,0.2192,0.1668,Cash on Delivery,Accessories,1
34,1570.61,9,0,0,3,6.89,1150,0,0,0.0138,0.0229,Cash on Delivery,Home,0
20,2648.89,10,0,0,3,5.29,480,7,1,0.0655,0.0,UPI,Home,1
28,2000.17,6,2,0,5,21.07,566,0,2,0.432,0.0517,Credit Card,Electronics,1
29,2219.67,13,2,0,4,14.22,549,2,0,0.1549,0.0521,Debit Card,Grocery,0
30,771.62,6,0,0,7,23.6,766,6,2,0.086,0.052,Debit Card,Fashion,1
46,609.57,3,0,0,5,18.22,1802,0,1,0.139,0.0794,Cash on Delivery,Accessories,0
33,1248.05,4,1,0,6,28.28,134,4,2,0.2664,0.0762,UPI,Accessories,1
45,5559.98,4,1,0,4,6.78,1020,2,0,0.2405,0.0576,UPI,Home,0
42,455.14,4,0,0,2,0.74,1523,2,1,0.0986,0.0677,Net Banking,Home,0
30,1593.59,3,1,0,3,26.8,243,5,0,0.3046,0.106,Net Banking,Fashion,0
29,855.17,9,0,0,4,6.87,1211,2,1,0.0918,0.0,Cash on Delivery,Electronics,0
31,2076.54,8,0,0,3,6.05,619,1,0,0.026,0.0272,UPI,Fashion,0
37,878.36,8,0,0,2,16.2,1085,3,0,0.0935,0.0512,UPI,Fashion,0
40,1204.05,5,0,0,4,17.38,964,1,0,0.064,0.0401,Credit Card,Grocery,1
29,1268.49,7,1,1,5,6.2,888,3,0,0.136,0.1576,Credit Card,Grocery,0
22,2436.78,6,0,0,5,22.7,764,7,2,0.1017,0.0372,Credit Card,Electronics,1
36,1307.09,11,1,1,4,24.37,867,1,0,0.0918,0.0917,UPI,Electronics,0
36,1433.09,8,0,0,4,5.97,1460,1,1,0.1011,0.0275,Debit Card,Electronics,0
46,963.83,12,2,1,4,4.91,960,3,0,0.1733,0.1222,UPI,Electronics,0
41,330.34,11,2,2,3,16.86,210,1,0,0.1526,0.2036,UPI,Beauty,0
20,824.52,6,0,0,1,33.21,1299,0,0,0.0504,0.0379,Debit Card,Accessories,0
32,1675.03,6,0,0,3,21.98,280,2,1,0.0594,0.05,Credit Card,Fashion,0
45,1041.32,4,0,0,4,23.44,61,6,2,0.1523,0.0465,UPI,Home,0
26,1667.0,7,1,0,5,20.41,1609,2,1,0.1284,0.0699,Credit Card,Fashion,0
39,955.56,6,1,1,2,18.79,196,2,0,0.1407,0.1657,Debit Card,Electronics,0
36,636.89,7,0,0,4,44.7,51,2,1,0.0817,0.0,Debit Card,Home,0
42,2347.24,6,1,0,3,6.48,1163,2,1,0.2262,0.0,UPI,Electronics,0
35,1344.05,10,0,0,5,11.18,1294,1,1,0.1053,0.0064,Credit Card,Electronics,0
32,1604.81,9,1,0,1,24.96,874,6,0,0.1509,0.0675,Credit Card,Fashion,1
33,630.65,3,1,0,6,14.14,169,6,0,0.2517,0.0746,Credit Card,Accessories,0
35,1346.81,12,0,0,4,11.81,610,5,1,0.0646,0.0489,Credit Card,Grocery,0
36,1584.84,6,1,1,2,32.42,1459,2,2,0.2395,0.174,UPI,Accessories,0
28,3113.71,10,0,0,3,29.95,474,2,0,0.041,0.0433,Cash on Delivery,Electronics,0
23,781.19,11,2,0,4,3.63,222,4,0,0.1589,0.0161,UPI,Grocery,0
18,1419.6,10,0,0,2,15.12,664,0,0,0.0183,0.0151,Cash on Delivery,Beauty,0
45,6565.69,6,0,0,3,16.17,1092,2,0,0.0017,0.053,Cash on Delivery,Fashion,0
38,1637.6,3,2,0,5,23.43,915,4,0,0.4704,0.0829,Debit Card,Fashion,1
37,1281.41,7,0,0,2,33.48,1328,4,0,0.0396,0.0105,Net Banking,Accessories,0
45,1093.31,11,1,1,4,7.39,248,4,1,0.1135,0.1163,Cash on Delivery,Home,0
23,1307.23,12,1,0,4,18.43,1050,3,2,0.1532,0.0021,UPI,Electronics,1
37,1671.99,7,3,3,4,9.98,170,2,3,0.4951,0.43,Credit Card,Grocery,1
31,1827.48,7,3,3,6,23.84,688,6,3,0.3939,0.3972,UPI,Beauty,1
18,993.88,6,0,0,5,16.32,1264,0,1,0.1905,0.0521,UPI,Fashion,0
37,2352.37,9,1,0,3,10.38,879,1,0,0.0911,0.0099,UPI,Electronics,0
39,1158.97,5,1,1,3,48.03,977,5,3,0.3476,0.2498,UPI,Fashion,1
37,1187.58,6,2,1,4,5.0,1984,0,2,0.4595,0.2303,Credit Card,Beauty,1
18,1944.04,9,1,0,4,3.32,569,0,0,0.1102,0.0259,Credit Card,Fashion,0
37,706.31,8,0,0,5,12.22,863,2,0,0.0236,0.0378,Cash on Delivery,Fashion,0
30,808.91,11,2,0,5,19.14,724,3,0,0.1456,0.0049,Credit Card,Beauty,0
29,993.95,4,1,1,3,20.04,39,4,3,0.3627,0.2709,Credit Card,Electronics,1
29,1084.25,8,2,1,4,42.07,95,4,3,0.3348,0.1392,UPI,Grocery,1
27,1753.83,8,0,0,2,11.88,1427,3,0,0.0057,0.0316,UPI,Grocery,0
31,923.66,6,0,0,3,4.26,1606,0,0,0.0685,0.0246,Credit Card,Grocery,0
18,1607.6,7,0,0,5,7.85,518,1,0,0.0898,0.0498,UPI,Electronics,1
29,699.62,10,1,1,3,7.03,438,1,0,0.1041,0.1103,Credit Card,Accessories,0
28,1496.69,11,0,0,4,9.48,1002,1,1,0.0703,0.0039,Cash on Delivery,Grocery,0
39,872.49,6,0,0,5,2.66,801,3,0,0.0346,0.0313,Net Banking,Grocery,0
33,762.85,10,1,1,4,9.22,1101,5,0,0.091,0.1517,UPI,Beauty,1
34,497.36,4,2,2,4,20.07,382,4,1,0.4183,0.4478,Cash on Delivery,Fashion,1
40,815.14,8,0,0,4,7.04,1091,1,0,0.0284,0.0213,UPI,Grocery,0
18,1239.88,11,0,0,3,13.53,650,3,0,0.0428,0.0061,Cash on Delivery,Beauty,1
26,1517.58,17,0,0,3,12.05,263,3,0,0.0421,0.0,Debit Card,Electronics,0
39,3149.19,11,1,0,3,0.83,649,0,0,0.1444,0.0,UPI,Beauty,0
31,1703.9,4,0,0,3,13.78,540,2,0,0.0755,0.0502,UPI,Accessories,1
42,3045.38,10,0,0,3,3.43,557,3,0,0.0623,0.021,Credit Card,Home,0
18,1832.4,6,0,0,4,14.8,1460,0,2,0.1837,0.053,Credit Card,Accessories,0
42,2191.77,4,2,0,4,44.25,325,3,2,0.4608,0.0573,Cash on Delivery,Grocery,0
41,807.34,4,0,0,5,22.95,392,1,3,0.2689,0.0352,Cash on Delivery,Home,1
41,661.5,12,0,0,5,5.33,454,5,1,0.0794,0.0,UPI,Fashion,0
28,5660.08,5,1,0,4,10.4,377,3,0,0.2158,0.0435,Debit Card,Home,0
27,3258.75,9,0,0,3,10.94,837,2,0,0.0919,0.0561,Debit Card,Home,0
43,973.82,7,1,0,5,8.62,610,1,0,0.1393,0.0371,Credit Card,Fashion,0
44,1179.69,5,0,0,3,8.78,1158,3,1,0.1049,0.0285,Cash on Delivery,Electronics,0
34,5697.53,5,2,1,4,36.42,326,4,1,0.3042,0.2495,UPI,Fashion,1
43,1040.7,7,0,0,3,13.35,968,3,0,0.0296,0.0398,Credit Card,Fashion,0
52,1527.42,3,0,0,4,23.12,1046,2,1,0.2257,0.0827,UPI,Home,0
45,1015.87,14,0,0,3,1.6,995,3,0,0.0608,0.0147,UPI,Home,0
33,3186.99,3,0,0,5,34.96,102,8,1,0.1147,0.0653,UPI,Electronics,0
27,1115.74,9,0,0,3,25.74,952,2,0,0.0454,0.0491,Debit Card,Home,0
35,1937.55,11,0,0,5,17.54,662,2,0,0.009,0.0444,Net Banking,Grocery,0
31,1347.18,12,1,1,1,14.35,873,1,0,0.118,0.1078,UPI,Electronics,0
52,1467.39,13,1,0,3,4.9,2369,3,0,0.0684,0.0342,UPI,Grocery,0
44,1743.29,4,1,0,2,2.01,744,3,1,0.2526,0.0549,UPI,Home,0
32,1572.3,6,0,0,3,9.14,376,0,1,0.127,0.0607,UPI,Accessories,0
35,1938.24,3,0,0,6,40.27,136,3,1,0.1302,0.0459,Credit Card,Accessories,0
42,599.48,5,1,0,3,1.2,949,2,1,0.2545,0.0685,Cash on Delivery,Electronics,1
37,3677.26,4,2,2,4,37.49,219,4,4,0.4876,0.4387,Debit Card,Electronics,1
23,943.5,10,2,1,4,28.27,406,3,0,0.1505,0.122,Credit Card,Home,0
39,1235.3,7,2,1,3,8.8,436,4,1,0.253,0.1711,Cash on Delivery,Home,0
36,1655.76,6,0,0,2,9.88,1191,2,1,0.0878,0.0365,Debit Card,Electronics,0
26,1143.34,11,4,0,3,2.32,444,2,0,0.2887,0.0248,Credit Card,Grocery,0
19,3045.75,7,0,0,3,11.42,560,3,0,0.0553,0.0174,Credit Card,Beauty,0
41,904.59,15,0,0,3,12.32,489,1,1,0.0887,0.0073,Debit Card,Accessories,1
42,1571.32,8,0,0,4,13.1,1260,0,0,0.0,0.0046,Net Banking,Electronics,0
38,607.09,7,1,0,5,5.15,1150,1,0,0.1667,0.0443,Credit Card,Accessories,0
32,1935.38,10,2,0,2,10.7,1028,2,0,0.1551,0.0284,Debit Card,Accessories,0
23,798.92,9,0,0,2,9.53,598,2,0,0.0185,0.0236,Credit Card,Home,0
24,507.27,10,0,0,5,10.97,1001,2,0,0.0285,0.0309,Credit Card,Fashion,0
25,869.94,11,0,0,4,4.23,1228,4,1,0.0328,0.019,Credit Card,Fashion,0
32,2387.41,8,2,0,3,12.19,775,5,0,0.1857,0.0507,Credit Card,Electronics,1
44,1631.08,6,0,0,4,29.09,500,1,0,0.037,0.0585,Net Banking,Grocery,0
44,638.75,8,0,0,5,24.68,1043,1,1,0.1198,0.0425,UPI,Accessories,0
27,1785.93,8,6,1,5,18.19,367,9,3,0.6291,0.1243,Credit Card,Grocery,1
40,3230.99,6,2,2,3,28.57,424,3,1,0.3321,0.3538,Credit Card,Accessories,1
19,2510.61,10,0,0,4,14.67,1291,1,0,0.0198,0.0173,Cash on Delivery,Home,0
28,2442.13,15,1,0,5,10.96,1180,1,0,0.0589,0.0101,Cash on Delivery,Home,0
28,2402.15,9,0,0,5,10.27,1249,2,0,0.0337,0.0214,UPI,Beauty,0
18,1727.34,4,0,0,1,19.87,922,3,1,0.1064,0.0515,Net Banking,Electronics,1
39,1241.79,8,0,0,6,33.42,1278,7,0,0.0293,0.0482,Credit Card,Home,0
32,1719.74,7,4,0,2,14.73,1407,2,1,0.4567,0.0,Credit Card,Fashion,0
33,571.66,11,0,0,4,33.87,741,1,0,0.043,0.0,UPI,Home,0
46,1342.4,12,0,0,3,12.64,713,1,0,0.0033,0.0236,UPI,Accessories,0
35,680.69,7,1,0,2,12.13,639,2,1,0.2011,0.028,UPI,Home,0
32,1125.27,5,2,2,5,30.07,309,2,4,0.5474,0.3951,Debit Card,Grocery,1
30,1747.22,6,0,0,5,12.25,376,4,0,0.0649,0.0565,Credit Card,Beauty,0
39,713.22,12,0,0,2,20.52,328,6,1,0.0489,0.0031,Credit Card,Home,0
34,809.88,7,0,0,4,26.4,808,2,2,0.151,0.0491,UPI,Fashion,1
44,1264.53,13,1,0,6,17.4,2089,2,1,0.1783,0.0,UPI,Electronics,0
37,2006.75,8,2,0,2,10.61,195,2,1,0.2311,0.0,Net Banking,Grocery,0
40,1195.68,5,0,0,2,1.79,726,1,0,0.0576,0.0813,Debit Card,Beauty,0
33,2137.57,6,0,0,1,6.66,1493,2,0,0.1041,0.0307,Cash on Delivery,Home,0
33,1036.5,9,3,0,4,18.42,577,2,0,0.2644,0.01,Credit Card,Fashion,0
35,736.83,10,1,0,1,7.78,530,4,1,0.1606,0.0558,UPI,Accessories,0
27,763.84,3,0,0,4,12.93,373,4,1,0.1196,0.0852,UPI,Accessories,1
40,550.14,4,0,0,1,42.46,395,4,3,0.1862,0.0826,UPI,Fashion,0
29,444.26,10,0,0,4,23.44,755,4,1,0.073,0.0275,Debit Card,Beauty,1
35,1305.95,2,0,0,5,10.27,532,6,3,0.203,0.0869,Credit Card,Fashion,1
46,750.62,7,1,0,3,16.98,1258,1,1,0.2087,0.0395,Debit Card,Fashion,0
36,2157.96,11,4,4,4,49.44,575,1,1,0.3152,0.3633,Debit Card,Electronics,1
52,1651.65,8,0,0,3,3.85,673,1,1,0.0789,0.051,Debit Card,Grocery,0
48,1654.1,8,2,0,4,4.12,816,3,1,0.2766,0.0151,Credit Card,Electronics,1
22,1655.83,13,1,0,3,20.78,1082,1,4,0.3269,0.0082,Credit Card,Beauty,0
21,857.64,6,0,0,6,16.07,479,1,0,0.0355,0.0345,Credit Card,Accessories,0
23,4859.81,4,0,0,4,20.16,393,3,1,0.1247,0.0562,UPI,Beauty,0
35,701.72,3,0,0,4,5.66,1200,0,1,0.1724,0.0587,Credit Card,Electronics,0
26,2535.6,1,0,0,7,19.65,358,3,3,0.3177,0.1541,UPI,Grocery,1
41,968.88,4,0,0,4,13.65,637,7,2,0.141,0.0705,Debit Card,Fashion,0
18,1615.54,10,0,0,3,20.61,735,2,0,0.0561,0.0401,Credit Card,Fashion,0
29,377.32,6,2,0,3,12.04,385,2,1,0.3287,0.0303,Credit Card,Beauty,0
47,511.73,6,0,0,4,14.84,1798,3,1,0.079,0.0439,UPI,Accessories,0
43,801.32,10,0,0,3,12.52,315,0,1,0.1063,0.0643,Credit Card,Beauty,0
35,1031.4,3,2,1,5,23.07,443,7,3,0.5524,0.3213,Credit Card,Accessories,0
29,1398.74,6,0,0,6,8.74,672,2,0,0.0329,0.0508,Net Banking,Electronics,1
30,2376.27,6,2,0,2,25.11,201,5,4,0.4075,0.0708,Debit Card,Fashion,1
30,519.28,8,1,1,2,14.69,2297,2,1,0.1691,0.1236,Net Banking,Electronics,0
39,1466.33,7,0,0,3,24.29,885,4,0,0.0097,0.0044,Credit Card,Electronics,0
42,1180.63,8,1,1,2,14.22,1395,2,1,0.209,0.1525,UPI,Fashion,0
29,1212.69,9,0,0,2,11.46,478,1,0,0.0608,0.0328,Debit Card,Home,1
32,3797.53,7,0,0,2,39.41,1016,1,0,0.0429,0.0284,UPI,Fashion,0
38,947.67,7,3,1,5,31.81,235,3,4,0.4849,0.1879,UPI,Fashion,1
29,582.97,9,0,0,1,11.49,707,4,1,0.0449,0.0401,Credit Card,Fashion,1
22,995.39,15,0,0,5,5.29,871,2,1,0.0509,0.0179,Credit Card,Electronics,0
32,1091.65,11,2,2,3,4.01,522,1,0,0.1739,0.1705,Cash on Delivery,Home,0
31,793.91,10,1,1,4,2.64,782,2,0,0.1196,0.0947,Credit Card,Accessories,0
23,1454.0,8,0,0,4,16.8,1858,3,1,0.0501,0.0521,UPI,Accessories,0
40,1080.72,9,1,0,3,19.53,949,0,0,0.1312,0.0541,UPI,Electronics,0
38,2413.23,6,1,0,4,9.28,1482,2,0,0.1349,0.0378,Debit Card,Electronics,0
50,722.31,7,1,1,3,14.29,339,5,2,0.2048,0.1747,UPI,Fashion,1
40,1482.06,6,1,1,3,9.93,1200,2,0,0.2146,0.1616,Credit Card,Fashion,0
20,853.04,9,6,5,7,32.74,156,6,2,0.5786,0.5557,UPI,Grocery,1
27,1605.71,16,1,1,1,17.62,1662,6,0,0.0632,0.0676,Cash on Delivery,Home,0
23,1651.1,7,2,0,6,12.99,425,5,0,0.1989,0.0427,UPI,Fashion,1
18,2056.36,8,0,0,3,8.36,1423,3,0,0.0482,0.0473,Debit Card,Fashion,0
38,2713.01,7,0,0,5,11.92,1804,1,2,0.1772,0.0384,UPI,Accessories,0
50,7745.79,7,1,1,2,37.73,557,3,3,0.2951,0.1786,UPI,Fashion,0
28,1433.04,13,3,0,1,7.85,781,3,0,0.1722,0.0376,UPI,Beauty,0
26,1706.13,11,1,0,6,6.77,874,3,0,0.0882,0.0554,Cash on Delivery,Electronics,0
23,2466.29,5,0,0,5,16.78,646,3,0,0.0453,0.0295,UPI,Electronics,0
32,1559.58,6,2,1,6,38.09,888,1,2,0.4057,0.1637,UPI,Grocery,1
32,959.02,10,1,1,5,2.12,372,3,0,0.0868,0.1404,UPI,Electronics,0
48,1585.65,4,0,0,6,5.58,1644,4,0,0.0978,0.0824,Cash on Delivery,Home,0
29,870.72,13,1,1,4,29.04,467,2,1,0.1122,0.0909,Debit Card,Electronics,0
31,663.2,2,2,2,4,21.32,543,2,3,0.7754,0.7549,UPI,Accessories,1
24,587.06,7,1,0,5,13.94,283,1,0,0.1709,0.054,Debit Card,Home,0
40,3106.84,12,1,0,1,22.58,615,6,1,0.134,0.0641,UPI,Accessories,0
36,2589.89,11,1,0,3,16.15,1219,2,1,0.1397,0.0245,Cash on Delivery,Fashion,0
18,829.37,12,2,0,3,14.63,1585,3,0,0.1501,0.0116,Debit Card,Fashion,1
40,1715.45,8,0,0,4,16.13,1202,2,0,0.0218,0.0137,Cash on Delivery,Fashion,0
53,374.89,6,0,0,3,25.57,1131,5,0,0.0557,0.0643,Credit Card,Home,0
18,1188.17,8,1,0,4,37.87,2343,3,1,0.1697,0.0476,Debit Card,Beauty,0
23,534.04,10,0,0,2,9.09,362,3,0,0.0761,0.0387,Credit Card,Electronics,0
18,1410.32,17,3,0,2,22.82,867,4,0,0.1398,0.0501,UPI,Beauty,0
33,845.62,6,1,0,3,7.76,581,4,1,0.2014,0.04,UPI,Home,0
28,1160.49,6,3,2,4,27.19,496,4,2,0.4496,0.3211,Cash on Delivery,Home,1
43,2685.14,9,0,0,5,20.4,1064,2,0,0.0953,0.0151,Net Banking,Electronics,0
35,1597.19,9,0,0,3,8.99,613,3,1,0.0311,0.0289,Debit Card,Home,0
39,1334.93,4,1,1,6,16.92,469,4,3,0.3203,0.2976,UPI,Home,0
47,1287.43,5,0,0,5,10.76,173,3,0,0.0455,0.0607,UPI,Beauty,0
41,780.82,5,1,0,4,14.98,1064,2,0,0.1828,0.068,UPI,Electronics,0
49,2133.19,11,1,0,4,20.98,1002,3,0,0.0843,0.0311,Debit Card,Beauty,0
44,1505.24,7,0,0,3,13.93,577,3,2,0.1184,0.0782,UPI,Fashion,0
50,1169.12,6,1,1,2,28.58,271,3,5,0.39,0.1855,UPI,Beauty,1
24,747.5,5,1,1,4,33.72,270,8,0,0.1613,0.2047,Debit Card,Fashion,1
30,546.11,8,1,0,3,22.46,642,3,1,0.159,0.0246,Credit Card,Home,0
35,1480.48,4,2,0,4,9.6,425,3,0,0.3655,0.0535,Credit Card,Beauty,0
26,3421.69,9,0,0,1,10.6,769,2,3,0.1636,0.0317,UPI,Fashion,1
32,569.83,11,0,0,5,17.18,3000,1,0,0.0025,0.011,Cash on Delivery,Home,0
35,3571.05,14,0,0,3,11.95,1938,3,0,0.0695,0.0374,UPI,Beauty,0
33,1514.61,5,0,0,5,7.57,660,3,0,0.0711,0.0075,Debit Card,Fashion,0
46,456.39,18,0,0,2,17.58,857,1,0,0.0355,0.0,Credit Card,Electronics,1
31,2641.23,7,1,0,4,14.18,515,1,1,0.1784,0.0297,Credit Card,Beauty,0
28,1637.96,5,3,0,7,13.29,478,2,3,0.5547,0.0582,Credit Card,Electronics,1
26,982.02,10,0,0,3,17.83,1426,4,0,0.0598,0.0047,Cash on Delivery,Fashion,1
26,822.12,8,1,0,4,13.03,297,2,1,0.159,0.0219,UPI,Beauty,0
40,2021.41,12,2,0,2,19.51,417,2,0,0.1218,0.0126,Credit Card,Fashion,1
21,442.23,11,0,0,3,11.83,216,3,1,0.0866,0.0093,Net Banking,Beauty,1
32,613.33,12,0,0,5,7.86,512,2,1,0.0645,0.0519,Net Banking,Electronics,0
46,1604.6,8,0,0,4,11.31,477,3,0,0.0146,0.0173,Net Banking,Home,0
37,1540.83,6,0,0,2,17.12,352,2,1,0.129,0.0563,Cash on Delivery,Accessories,0
33,2141.29,12,0,0,4,15.15,558,2,0,0.0061,0.0714,Credit Card,Accessories,0
26,1960.72,8,3,0,5,5.34,170,7,2,0.2995,0.0112,UPI,Fashion,0
34,979.62,9,0,0,3,6.96,853,1,0,0.0229,0.003,UPI,Grocery,0
25,911.46,8,0,0,3,15.17,512,1,1,0.1137,0.0333,Credit Card,Home,0
26,839.53,10,0,0,1,18.16,364,0,1,0.1027,0.0143,UPI,Accessories,0
35,868.03,2,1,1,5,7.38,276,2,3,0.5174,0.4592,Debit Card,Grocery,1
32,956.34,5,0,0,5,17.47,614,3,1,0.0793,0.0458,UPI,Electronics,0
36,1424.04,9,1,0,4,2.02,868,2,0,0.1196,0.0181,Cash on Delivery,Electronics,0
43,1615.77,6,1,0,1,1.24,349,1,0,0.1353,0.0567,Credit Card,Fashion,0
35,780.35,9,0,0,5,1.15,1008,0,0,0.0471,0.031,Credit Card,Accessories,0
46,1225.78,7,2,0,6,12.68,275,2,0,0.2747,0.0141,Cash on Delivery,Electronics,0
48,1247.88,9,0,0,5,17.06,611,2,0,0.0301,0.0214,Cash on Delivery,Electronics,0
41,2457.88,12,2,0,1,11.6,582,1,1,0.1528,0.0238,Credit Card,Home,0
45,738.53,9,0,0,3,15.03,188,0,0,0.0779,0.018,Debit Card,Home,0
25,1103.43,9,2,0,4,29.27,2049,2,0,0.2011,0.0185,Cash on Delivery,Accessories,1
39,2687.52,7,5,5,6,8.38,636,2,1,0.6054,0.6258,Cash on Delivery,Grocery,1
24,1564.82,14,1,0,4,12.51,782,2,0,0.0792,0.0451,Credit Card,Fashion,0
39,473.1,10,2,2,3,1.38,537,3,0,0.2011,0.197,UPI,Beauty,0
22,2208.58,7,0,0,3,0.84,140,1,0,0.0559,0.0679,UPI,Electronics,0
42,978.49,11,1,1,6,20.33,190,4,2,0.2164,0.097,UPI,Electronics,0
31,1934.58,6,1,0,5,7.01,1089,4,0,0.1757,0.0493,Cash on Delivery,Electronics,0
41,1609.11,11,0,0,3,8.9,589,1,1,0.1564,0.0,Cash on Delivery,Home,0
47,353.96,8,1,0,3,19.45,1085,3,0,0.0862,0.0266,Debit Card,Beauty,0
32,7110.32,11,0,0,4,19.12,505,0,1,0.1258,0.0,UPI,Fashion,0
28,4404.49,7,0,0,3,8.62,1116,2,0,0.0923,0.0668,Net Banking,Beauty,0
37,3208.29,9,0,0,3,15.27,332,1,1,0.127,0.0609,Debit Card,Beauty,0
24,1489.49,7,0,0,3,8.21,1622,3,1,0.1216,0.0678,Cash on Delivery,Electronics,0
35,323.79,4,3,1,5,18.52,224,3,5,0.7093,0.2758,Debit Card,Grocery,1
32,561.22,13,1,1,2,21.72,714,5,1,0.1108,0.0707,Credit Card,Fashion,0
34,329.1,8,1,0,2,10.44,866,5,0,0.0786,0.066,UPI,Fashion,0
49,1326.45,3,1,0,4,37.05,245,2,0,0.3016,0.0813,UPI,Fashion,0
24,2245.6,4,0,0,1,55.34,823,4,3,0.1542,0.0634,Debit Card,Accessories,1
34,1808.38,7,1,0,2,14.22,1157,2,0,0.1176,0.0518,Cash on Delivery,Fashion,0
22,3928.67,2,0,0,3,10.0,149,2,3,0.2776,0.1055,UPI,Accessories,0
35,1053.62,8,0,0,6,7.02,786,2,0,0.0481,0.0371,Cash on Delivery,Electronics,0
26,2685.07,3,0,0,2,20.61,1096,1,0,0.0742,0.0944,Credit Card,Accessories,0
41,1019.45,8,3,0,6,13.25,241,4,2,0.3518,0.0243,Debit Card,Electronics,0
27,720.32,6,0,0,5,9.32,326,2,0,0.0153,0.0,Debit Card,Electronics,0
27,1103.73,6,0,0,3,25.34,780,4,1,0.0893,0.0326,Debit Card,Electronics,0
19,1156.65,8,0,0,3,9.22,1421,1,0,0.005,0.0602,UPI,Home,0
37,3018.15,7,0,0,4,8.06,748,3,1,0.1285,0.0675,Debit Card,Fashion,0
42,771.44,9,2,1,3,13.19,1570,1,0,0.1925,0.137,UPI,Fashion,0
41,1104.03,3,1,0,4,14.69,745,2,1,0.3064,0.1097,UPI,Accessories,0
30,564.01,3,0,0,1,20.06,164,5,0,0.1125,0.0615,Cash on Delivery,Home,0
32,669.54,11,0,0,5,10.5,810,5,1,0.0726,0.019,Credit Card,Electronics,0
27,1607.05,6,0,0,3,9.14,395,2,0,0.0592,0.0347,Credit Card,Beauty,0
18,5095.88,4,0,0,2,18.25,171,2,4,0.2589,0.0848,Credit Card,Electronics,0
41,1239.08,12,0,0,3,19.36,356,1,1,0.0771,0.0,Cash on Delivery,Grocery,0
40,1531.75,8,0,0,3,17.69,840,1,0,0.0264,0.0213,Credit Card,Electronics,0
36,1968.21,11,0,0,2,7.02,720,1,0,0.0322,0.0406,UPI,Electronics,0
50,1149.85,6,0,0,4,17.71,132,4,1,0.0417,0.0253,Credit Card,Fashion,0
34,1060.55,5,0,0,5,8.74,1321,1,1,0.1199,0.0705,UPI,Fashion,0
32,1169.73,8,2,1,3,18.34,333,4,0,0.1877,0.1456,UPI,Grocery,0
30,2800.25,7,0,0,4,2.75,786,1,0,0.0588,0.0451,UPI,Grocery,1
20,4149.73,6,0,0,5,29.34,813,1,2,0.183,0.0678,UPI,Electronics,0
40,663.31,12,4,1,3,12.62,1259,1,1,0.3172,0.1165,Cash on Delivery,Beauty,1
26,3091.25,3,0,0,7,28.84,681,10,0,0.1037,0.0426,Debit Card,Beauty,0
33,827.92,11,2,0,4,19.12,1689,1,0,0.1686,0.0413,UPI,Fashion,0
39,824.2,4,0,0,5,9.24,1682,1,0,0.0328,0.0414,UPI,Home,0
51,1147.43,7,2,0,2,28.05,777,1,0,0.218,0.0196,Cash on Delivery,Accessories,0
31,1709.21,10,1,0,4,23.91,222,5,0,0.0945,0.0371,Credit Card,Home,0
30,1090.46,6,0,0,4,4.47,1405,4,0,0.057,0.0291,Debit Card,Fashion,0
24,1370.07,5,2,1,5,36.31,355,5,3,0.3719,0.193,Cash on Delivery,Home,1
18,3281.96,9,1,0,3,7.89,936,3,0,0.0794,0.0346,Credit Card,Grocery,1
21,2259.07,3,0,0,4,22.43,375,2,1,0.2035,0.0494,Cash on Delivery,Electronics,0
38,2176.28,10,0,0,4,17.83,783,2,1,0.0903,0.0393,UPI,Accessories,0
36,1584.38,4,2,0,4,2.06,579,0,0,0.3529,0.0575,Cash on Delivery,Beauty,0
27,1078.62,6,0,0,3,10.15,475,1,0,0.0602,0.049,Debit Card,Electronics,1
38,2910.05,3,0,0,3,9.04,1233,4,0,0.0838,0.0849,UPI,Beauty,0
41,1011.11,9,0,0,6,8.52,445,5,1,0.0383,0.0165,Debit Card,Grocery,0
25,1441.18,3,0,0,4,16.38,825,1,0,0.136,0.0504,UPI,Home,0
31,1444.57,13,1,0,5,31.12,1300,1,2,0.2285,0.0371,UPI,Fashion,0
47,1904.71,8,0,0,3,9.06,462,2,1,0.0784,0.0323,UPI,Accessories,0
28,1681.76,9,0,0,4,32.49,813,1,1,0.1029,0.0376,Net Banking,Fashion,0
35,689.1,6,0,0,3,10.61,646,0,0,0.0585,0.0484,UPI,Fashion,0
18,641.24,6,0,0,3,13.31,734,4,0,0.0551,0.0581,Debit Card,Accessories,0
21,3799.36,10,1,0,4,3.94,885,1,0,0.1241,0.0414,Debit Card,Electronics,0
35,914.31,9,0,0,4,15.34,663,1,0,0.0559,0.0175,Cash on Delivery,Fashion,1
45,861.75,15,0,0,3,11.44,1432,0,1,0.1226,0.0003,Debit Card,Electronics,0
22,2332.18,9,0,0,3,26.55,279,2,0,0.028,0.0494,UPI,Fashion,0
35,1346.11,11,0,0,3,33.13,1147,1,1,0.1399,0.0121,Net Banking,Fashion,0
31,809.87,7,0,0,2,11.97,684,2,0,0.0253,0.0427,Credit Card,Fashion,0
43,1163.96,9,2,1,3,16.69,327,3,1,0.2323,0.1242,Net Banking,Electronics,0
23,1574.78,5,1,0,2,6.13,667,2,1,0.2362,0.0641,UPI,Accessories,0
27,1946.51,8,5,3,4,19.37,247,4,4,0.6142,0.3571,Credit Card,Electronics,1
38,2383.7,6,0,0,3,8.92,2113,0,2,0.2183,0.0443,Credit Card,Home,0
28,1573.27,5,0,0,2,13.81,501,5,0,0.0638,0.0381,Net Banking,Grocery,0
36,1917.76,5,1,1,3,5.31,494,2,0,0.1504,0.2128,Net Banking,Home,0
35,1749.32,8,1,0,3,10.71,869,1,1,0.2108,0.0424,Cash on Delivery,Fashion,0
32,1689.93,8,0,0,1,8.19,1132,2,0,0.054,0.0548,Debit Card,Fashion,1
38,1159.21,6,3,0,1,11.52,1294,1,2,0.4985,0.0598,UPI,Electronics,0
20,1040.21,13,2,2,3,34.99,442,3,2,0.2243,0.1239,UPI,Grocery,1
34,1717.35,3,2,0,7,27.12,247,4,0,0.42,0.0831,Credit Card,Beauty,1
34,494.62,7,0,0,3,9.33,1377,2,2,0.1327,0.0523,Cash on Delivery,Fashion,1
33,1445.25,10,3,1,3,3.81,649,1,0,0.2276,0.1587,UPI,Fashion,0
31,1364.23,3,0,0,2,20.09,957,3,0,0.0737,0.0881,Credit Card,Accessories,0
35,2061.29,10,1,0,3,12.92,225,1,1,0.1766,0.0569,UPI,Home,1
18,815.64,6,2,1,4,12.63,173,4,3,0.3396,0.211,Credit Card,Accessories,0
36,1354.94,8,0,0,6,4.66,689,2,1,0.0948,0.0118,Credit Card,Fashion,0
25,1135.28,9,0,0,2,25.87,1165,0,0,0.0579,0.0,Debit Card,Beauty,0
31,604.48,7,0,0,5,1.92,295,3,0,0.0693,0.0175,Cash on Delivery,Accessories,0
25,1258.39,6,0,0,2,18.03,1019,2,1,0.1417,0.0509,Credit Card,Electronics,0
30,1430.72,9,3,1,4,12.63,303,4,1,0.3088,0.1047,Credit Card,Electronics,1
34,2012.47,8,1,0,5,19.91,422,4,0,0.1078,0.0359,UPI,Electronics,0
29,1358.2,10,0,0,3,24.3,288,2,3,0.2347,0.053,Cash on Delivery,Accessories,0
41,1653.05,7,0,0,5,9.78,496,2,0,0.0112,0.0,UPI,Accessories,0
33,2023.98,9,3,3,5,19.09,731,2,0,0.2515,0.3526,UPI,Grocery,1
40,1980.65,10,1,0,4,4.95,967,3,0,0.0454,0.003,UPI,Accessories,0
28,3792.92,5,3,0,5,34.88,221,3,3,0.5217,0.049,Debit Card,Home,1
26,913.33,4,0,0,2,3.72,1103,0,1,0.0978,0.0968,UPI,Beauty,0
38,1080.71,3,2,0,5,45.9,283,6,2,0.5167,0.0854,Debit Card,Fashion,1
34,556.24,9,0,0,3,10.05,455,1,1,0.0571,0.0498,UPI,Accessories,0
40,2715.24,8,1,0,4,4.01,2687,2,2,0.2162,0.0288,UPI,Fashion,1
32,900.09,11,1,1,4,18.84,1004,1,1,0.135,0.0915,Net Banking,Grocery,0
27,1904.25,7,1,1,2,21.47,577,3,0,0.1114,0.1696,UPI,Grocery,0
24,1909.53,7,3,0,4,12.49,617,2,0,0.353,0.0921,Debit Card,Home,0
18,2143.0,5,3,2,6,24.98,235,4,1,0.4584,0.3796,UPI,Electronics,1
42,1654.92,7,2,1,3,32.89,1655,3,0,0.1952,0.1847,Credit Card,Fashion,0
42,933.71,4,1,1,3,12.98,1261,2,0,0.2436,0.2534,UPI,Fashion,0
32,1637.99,6,0,0,2,28.66,700,4,0,0.0122,0.0448,Cash on Delivery,Electronics,0
41,2498.58,11,2,1,1,11.6,732,1,1,0.2446,0.1,Credit Card,Fashion,0
23,2033.01,8,4,1,3,13.48,329,3,3,0.5016,0.1374,Debit Card,Beauty,1
18,2793.27,6,0,0,5,14.07,180,1,1,0.0969,0.0329,UPI,Fashion,0
26,2476.6,11,6,1,1,18.7,302,3,2,0.4724,0.1122,Credit Card,Beauty,1
35,1133.92,8,0,0,3,23.1,187,6,4,0.1528,0.0287,Credit Card,Beauty,1
46,1357.45,7,0,0,3,4.23,1667,3,2,0.1283,0.0213,Debit Card,Electronics,0
33,1317.44,10,1,0,3,3.95,432,2,0,0.0932,0.0203,Cash on Delivery,Accessories,0
31,861.37,2,1,0,5,19.24,463,7,2,0.4403,0.0877,Credit Card,Grocery,1
35,1779.16,6,0,0,2,18.16,585,0,0,0.0541,0.0515,UPI,Electronics,0
31,531.16,9,0,0,2,29.27,613,1,0,0.0563,0.0,UPI,Electronics,0
47,1104.26,14,4,4,2,14.92,2042,4,0,0.2558,0.2845,Credit Card,Home,0
24,932.14,10,0,0,3,5.32,803,3,0,0.0,0.0106,Credit Card,Fashion,0
47,1734.47,11,0,0,3,0.88,1323,1,0,0.0129,0.0355,UPI,Accessories,0
38,790.18,9,1,0,3,8.77,177,3,0,0.1096,0.0312,UPI,Beauty,0
40,1113.06,9,2,0,2,14.07,579,0,1,0.2974,0.0518,Credit Card,Electronics,0
46,694.32,8,2,1,2,26.09,250,6,2,0.2892,0.1536,UPI,Accessories,1
31,2442.81,3,0,0,1,16.6,1046,5,0,0.0589,0.0412,Cash on Delivery,Beauty,0
22,1054.77,1,0,0,2,3.44,770,2,1,0.2437,0.1519,Credit Card,Grocery,0
42,1392.32,14,2,0,5,12.52,2449,3,0,0.0954,0.0075,Debit Card,Fashion,1
37,417.65,9,2,1,3,22.27,1186,3,1,0.2139,0.1216,UPI,Fashion,0
46,2163.62,6,1,0,4,16.33,1068,3,0,0.1572,0.0542,Debit Card,Electronics,0
32,1614.07,7,0,0,4,10.69,454,2,1,0.0603,0.0388,Credit Card,Accessories,0
30,1235.42,8,0,0,4,9.58,1257,1,0,0.0463,0.0156,Debit Card,Fashion,0
46,997.71,6,0,0,4,18.7,1699,1,0,0.0404,0.0148,Net Banking,Home,0
51,1862.86,5,0,0,4,9.63,739,3,1,0.112,0.038,UPI,Electronics,0
23,995.91,4,1,0,3,3.49,300,8,5,0.3393,0.0642,Net Banking,Electronics,1
34,1239.4,6,1,0,3,15.45,864,3,0,0.1041,0.0146,UPI,Fashion,0
18,3759.67,13,0,0,4,54.19,196,7,2,0.0347,0.0013,Credit Card,Beauty,1
43,1100.16,8,4,2,4,8.23,545,7,5,0.4849,0.2709,Net Banking,Home,1
27,1314.06,8,1,0,3,15.73,2021,2,0,0.1435,0.0209,Credit Card,Fashion,0
41,1098.85,4,0,0,4,21.31,1354,2,2,0.1601,0.0682,UPI,Fashion,0
32,3094.61,11,1,1,6,39.89,559,1,0,0.1372,0.1048,UPI,Beauty,0
18,1062.82,9,5,3,5,11.54,374,3,4,0.5731,0.3405,UPI,Grocery,1
39,1883.08,5,0,0,4,11.85,1990,1,1,0.1324,0.0259,Credit Card,Electronics,0
32,1447.69,12,1,0,5,3.96,1101,3,0,0.0498,0.0081,Debit Card,Fashion,0
48,730.18,8,0,0,3,10.11,928,1,0,0.0639,0.0317,UPI,Home,0
28,1714.72,7,1,0,3,18.74,1498,2,1,0.1662,0.054,Credit Card,Fashion,1
38,1976.87,8,1,0,3,7.04,1148,2,1,0.1776,0.0152,Net Banking,Accessories,1
30,1130.09,5,0,0,3,11.42,635,2,0,0.0678,0.0125,UPI,Electronics,0
31,2086.12,9,1,0,2,34.95,1151,3,0,0.1241,0.004,Cash on Delivery,Accessories,0
30,1094.2,6,0,0,3,25.89,544,1,1,0.0996,0.036,UPI,Accessories,1
41,1525.98,9,0,0,4,13.82,1498,1,0,0.0166,0.0556,UPI,Electronics,0
42,624.87,8,0,0,1,3.88,780,0,0,0.0566,0.0234,UPI,Home,0
39,2429.46,12,1,0,2,6.03,345,0,2,0.2559,0.031,UPI,Home,0
33,4744.86,9,0,0,4,8.74,685,2,0,0.0513,0.0056,UPI,Beauty,0
34,1054.2,6,2,2,2,11.05,164,5,1,0.3134,0.3447,UPI,Fashion,0
21,4978.67,6,3,1,5,16.39,32,6,0,0.3877,0.1916,UPI,Accessories,0
35,1126.89,7,0,0,5,15.61,1339,1,3,0.2519,0.0442,UPI,Electronics,1
42,1736.08,11,0,0,4,10.2,678,5,1,0.0586,0.0325,Debit Card,Electronics,0
42,1025.11,10,0,0,3,26.28,906,5,3,0.161,0.0197,UPI,Electronics,0
18,884.23,4,0,0,2,14.96,156,3,0,0.1056,0.0356,UPI,Home,0
32,683.37,4,1,0,2,10.19,645,3,0,0.2138,0.0341,Cash on Delivery,Home,0
32,1197.02,6,1,0,2,4.76,279,1,1,0.2334,0.0547,UPI,Home,0
40,575.93,10,2,0,1,5.77,677,6,3,0.2656,0.0,Net Banking,Grocery,0
33,1153.16,13,0,0,3,7.02,1254,1,1,0.0938,0.0,Cash on Delivery,Fashion,0
40,2147.54,9,0,0,5,18.11,748,2,1,0.1305,0.0039,UPI,Fashion,0
24,878.23,8,0,0,4,15.07,605,1,0,0.0476,0.0123,UPI,Accessories,0
36,1245.05,10,1,1,4,19.9,248,1,0,0.0837,0.1329,UPI,Home,0
42,2042.87,8,0,0,4,6.85,448,0,0,0.055,0.0288,UPI,Accessories,0
21,485.17,9,1,0,3,11.63,424,1,0,0.1151,0.0231,UPI,Electronics,0
18,785.35,9,2,0,4,37.8,147,2,1,0.2064,0.0266,Debit Card,Electronics,0
57,858.35,10,0,0,3,17.93,1050,3,0,0.052,0.0317,UPI,Home,0
26,907.88,9,0,0,1,16.86,282,5,4,0.1858,0.0458,Credit Card,Home,1
45,1351.52,9,0,0,6,14.39,725,1,1,0.0948,0.0,Debit Card,Beauty,0
34,1742.46,5,0,0,4,8.26,1168,2,0,0.0503,0.0364,Cash on Delivery,Accessories,0
27,1051.11,10,0,0,3,3.27,1239,1,1,0.1351,0.009,UPI,Beauty,1
32,806.14,9,0,0,4,4.71,798,3,2,0.0913,0.0294,UPI,Fashion,0
35,4852.35,9,0,0,4,5.82,712,1,1,0.1174,0.0304,Debit Card,Electronics,0
38,684.46,6,1,0,5,10.41,1066,1,1,0.2301,0.0405,Debit Card,Grocery,0
48,1021.11,11,1,1,4,3.56,591,2,0,0.0938,0.086,UPI,Grocery,0
30,1767.38,8,1,0,4,21.14,266,3,1,0.0909,0.0329,Credit Card,Electronics,0
39,1935.94,10,1,1,4,25.21,1182,3,1,0.1726,0.1071,UPI,Beauty,0
22,2469.72,7,2,0,3,9.69,717,4,0,0.2592,0.0389,Net Banking,Fashion,0
30,1847.74,7,0,0,3,7.02,1142,3,1,0.0504,0.0441,Debit Card,Accessories,0
36,2720.53,7,1,1,2,8.72,151,6,3,0.2312,0.1675,Cash on Delivery,Electronics,1
37,786.05,5,0,0,4,16.55,504,3,0,0.0723,0.0304,UPI,Electronics,0
40,2548.47,7,0,0,2,17.38,523,1,0,0.0073,0.0221,UPI,Home,0
27,1625.42,9,0,0,3,6.22,1326,1,1,0.1113,0.0358,UPI,Beauty,0
30,3165.6,11,1,0,2,28.49,344,5,1,0.1302,0.0294,UPI,Electronics,0
47,1087.75,11,0,0,2,13.93,418,3,1,0.0403,0.0115,Credit Card,Beauty,1
19,1739.76,10,0,0,3,27.6,288,3,4,0.2014,0.0218,Net Banking,Home,1
44,1941.46,10,4,3,3,4.9,385,4,0,0.2443,0.2803,Debit Card,Accessories,1
34,1691.97,6,1,0,4,52.66,108,2,1,0.1783,0.0346,Debit Card,Electronics,1
36,1283.34,4,0,0,4,22.77,1079,3,0,0.0699,0.0571,UPI,Fashion,0
18,483.33,11,0,0,3,5.64,1114,4,0,0.0385,0.023,Cash on Delivery,Electronics,0
57,2235.44,7,0,0,3,20.13,494,4,2,0.0894,0.0002,Debit Card,Fashion,0
34,1232.74,5,0,0,3,1.21,1021,1,0,0.0,0.0466,UPI,Home,0
31,1876.29,10,0,0,3,13.28,357,4,0,0.0387,0.04,Cash on Delivery,Accessories,0
29,497.0,7,1,0,2,10.58,1510,3,1,0.1422,0.0,UPI,Electronics,0
37,1635.11,7,0,0,2,6.87,589,1,1,0.1336,0.0494,Debit Card,Accessories,0
35,752.49,5,4,0,4,23.82,410,5,3,0.6436,0.0167,Credit Card,Accessories,1
37,1703.35,6,0,0,4,14.29,757,0,0,0.0316,0.0308,Credit Card,Beauty,0
19,765.1,7,5,1,2,9.76,342,9,3,0.6238,0.1922,UPI,Beauty,0
43,1306.73,7,0,0,2,22.76,612,2,1,0.0737,0.004,Credit Card,Electronics,0
26,1358.17,11,0,0,4,18.09,937,0,0,0.0352,0.0054,UPI,Fashion,0
27,877.08,5,0,0,6,18.14,174,2,4,0.2642,0.0423,UPI,Beauty,1
42,1369.65,8,4,0,3,4.72,431,4,1,0.4277,0.0362,Credit Card,Accessories,0
31,2128.3,13,0,0,4,23.34,780,3,1,0.0702,0.0535,Credit Card,Fashion,0
52,2294.76,10,1,0,4,5.38,1182,1,0,0.1077,0.0227,Debit Card,Fashion,0
36,1186.5,11,3,1,3,8.59,689,2,1,0.2641,0.1189,UPI,Electronics,0
32,2466.17,9,2,0,3,10.5,637,1,2,0.3082,0.0156,UPI,Home,0
26,2664.51,10,0,0,4,20.91,308,0,0,0.0478,0.0216,Net Banking,Grocery,0
39,273.43,8,1,0,1,5.57,1232,2,0,0.1443,0.0109,Cash on Delivery,Grocery,0
34,385.54,3,0,0,4,27.21,735,7,4,0.2455,0.0846,Credit Card,Accessories,1
27,1821.74,6,1,1,2,30.58,169,4,6,0.3871,0.1771,Net Banking,Fashion,1
43,1677.96,5,1,0,4,3.73,527,2,0,0.1872,0.0441,Credit Card,Home,0
42,1010.59,8,1,0,3,10.86,433,2,2,0.2358,0.0478,Credit Card,Electronics,0
32,1017.52,6,4,0,4,7.58,242,7,0,0.4699,0.017,Credit Card,Fashion,1
32,1560.72,10,0,0,2,28.96,212,2,1,0.0828,0.0346,UPI,Fashion,0
37,1464.52,9,2,0,5,11.52,1521,0,1,0.273,0.0582,Debit Card,Beauty,1
49,1907.73,13,0,0,2,2.25,1345,3,0,0.0464,0.0363,UPI,Electronics,0
44,840.21,9,0,0,3,11.26,452,5,1,0.0995,0.0252,Credit Card,Beauty,0
24,877.86,6,1,0,4,23.81,426,6,1,0.214,0.051,Cash on Delivery,Fashion,1
27,2195.62,7,1,0,5,2.33,1729,1,1,0.1676,0.0304,UPI,Fashion,0
18,1322.92,4,0,0,5,4.26,2108,0,0,0.0,0.0632,UPI,Accessories,0
37,1020.06,12,0,0,3,9.47,676,2,1,0.0911,0.0398,Credit Card,Accessories,0
38,1170.38,5,2,0,2,16.93,173,5,1,0.3424,0.0324,UPI,Home,1
38,3431.04,8,0,0,2,16.98,590,2,1,0.0531,0.0561,Debit Card,Fashion,0
41,1153.67,7,1,0,2,10.11,1674,4,0,0.1441,0.0242,Cash on Delivery,Home,0
24,1309.86,8,0,0,4,10.63,320,4,3,0.1774,0.0406,UPI,Grocery,0
34,843.27,9,2,0,4,7.29,1212,4,0,0.184,0.0,Credit Card,Electronics,0
32,1215.54,8,3,1,4,17.64,773,3,0,0.3043,0.1235,UPI,Grocery,1
35,2243.22,17,0,0,5,17.72,843,0,0,0.0,0.0321,Debit Card,Accessories,0
29,470.92,9,0,0,4,6.67,1144,3,0,0.0537,0.0112,Cash on Delivery,Electronics,0
46,1058.9,1,0,0,1,9.85,765,3,1,0.1704,0.1406,UPI,Grocery,1
35,908.2,6,0,0,3,7.93,814,1,1,0.1139,0.0428,Debit Card,Home,0
26,1450.6,6,1,0,3,9.22,599,2,0,0.1653,0.0289,UPI,Home,0
30,1370.84,4,0,0,6,9.52,595,7,1,0.0816,0.0573,UPI,Electronics,1
42,660.97,3,1,0,5,24.16,1162,0,0,0.2932,0.0889,UPI,Accessories,0
23,1723.77,9,1,0,2,22.08,1096,3,2,0.2055,0.034,UPI,Accessories,0
31,3105.3,5,0,0,4,21.8,108,5,3,0.1093,0.0231,Cash on Delivery,Fashion,0
46,2729.61,9,0,0,3,25.06,802,1,0,0.0601,0.0444,UPI,Fashion,0
43,1462.84,17,1,1,4,28.03,1889,1,1,0.1483,0.102,Cash on Delivery,Grocery,0
47,802.45,11,0,0,3,14.04,452,1,1,0.0837,0.0283,UPI,Fashion,0
33,2253.17,7,0,0,2,6.2,592,0,0,0.0463,0.0233,UPI,Beauty,0
30,1940.87,5,0,0,4,24.17,604,1,0,0.0856,0.1012,Credit Card,Electronics,0
35,1862.22,6,0,0,3,7.98,491,1,1,0.1534,0.0192,Credit Card,Beauty,0
21,1667.18,7,3,3,6,28.92,232,6,1,0.352,0.4179,Cash on Delivery,Home,1
33,2224.24,6,1,0,4,8.28,631,1,1,0.1806,0.0443,Credit Card,Beauty,0
28,4389.52,9,2,0,3,14.98,562,2,0,0.1428,0.0613,Debit Card,Beauty,0
29,909.61,6,0,0,2,9.34,266,3,1,0.0531,0.0596,UPI,Fashion,0
31,787.04,8,3,3,2,12.7,538,1,0,0.2876,0.3613,UPI,Accessories,0
23,1152.29,11,0,0,5,19.73,1508,4,1,0.071,0.0201,Credit Card,Accessories,0
40,2086.71,8,0,0,3,11.61,642,2,1,0.0736,0.0403,UPI,Accessories,0
34,1961.73,9,0,0,3,19.42,1840,1,1,0.0806,0.0132,Cash on Delivery,Fashion,0
31,1173.31,9,1,1,3,18.67,607,2,1,0.1837,0.1675,Cash on Delivery,Fashion,0
24,2905.42,11,0,0,5,19.16,932,3,0,0.0447,0.035,Credit Card,Electronics,0
24,2114.86,7,0,0,2,39.9,1124,2,0,0.0273,0.0123,Credit Card,Fashion,0
18,1740.58,3,1,1,3,20.5,999,2,2,0.4184,0.3428,UPI,Accessories,1
51,2694.45,5,0,0,3,23.56,524,0,0,0.0528,0.0483,Credit Card,Fashion,0
28,979.01,9,0,0,1,9.46,1008,1,0,0.0,0.0224,Credit Card,Fashion,0
39,798.49,10,1,0,4,10.81,871,1,0,0.1132,0.0284,UPI,Fashion,0
35,1531.95,10,0,0,3,4.42,431,2,1,0.0885,0.0327,Debit Card,Fashion,0
18,1852.76,7,0,0,5,23.03,809,0,1,0.1374,0.0629,UPI,Fashion,0
50,2155.15,4,0,0,3,9.75,1610,0,0,0.0993,0.0546,UPI,Fashion,0
40,1257.62,10,1,0,6,16.17,657,0,0,0.1469,0.0688,Net Banking,Electronics,0
27,1203.98,10,0,0,3,12.16,1857,1,0,0.0,0.0224,UPI,Accessories,0
26,2601.23,7,4,0,2,21.64,203,6,1,0.4499,0.0402,Net Banking,Home,1
34,475.24,7,1,0,3,12.1,623,0,0,0.1196,0.0208,Net Banking,Beauty,0
28,277.45,7,2,1,5,42.3,253,0,3,0.5045,0.1403,Credit Card,Home,1
24,1405.57,4,0,0,5,12.81,982,4,1,0.1534,0.0811,Cash on Delivery,Fashion,0
50,1837.18,6,1,1,4,14.94,657,2,1,0.2059,0.1826,UPI,Beauty,0
26,423.19,10,2,0,3,34.59,879,1,0,0.1271,0.0266,Net Banking,Grocery,0
38,2000.63,8,2,0,4,37.02,164,4,1,0.2707,0.0158,UPI,Fashion,0
36,4049.32,14,3,2,2,35.44,350,5,2,0.2406,0.1746,Debit Card,Home,1
29,2338.1,7,1,0,3,6.21,339,0,1,0.1888,0.0273,UPI,Electronics,0
27,884.43,10,2,0,4,13.01,711,2,1,0.2739,0.0283,Credit Card,Home,0
35,1640.33,7,0,0,3,21.19,1818,3,0,0.0136,0.0543,UPI,Home,0
46,6246.1,8,1,1,4,7.89,1124,2,2,0.2195,0.1436,UPI,Fashion,1
50,1694.07,10,0,0,2,8.65,1475,3,0,0.0282,0.0546,UPI,Accessories,0
30,797.46,4,1,0,4,26.08,207,6,1,0.2248,0.0493,Debit Card,Electronics,1
30,1270.22,7,0,0,3,10.38,1333,4,0,0.0556,0.0528,Cash on Delivery,Home,1
37,840.55,9,2,2,1,5.76,235,2,0,0.2205,0.2312,Cash on Delivery,Beauty,0
35,2019.31,9,1,1,4,29.15,949,2,1,0.176,0.1097,Debit Card,Fashion,0
25,964.06,5,0,0,3,21.88,1285,0,0,0.0503,0.041,UPI,Grocery,0
56,1875.23,13,1,0,3,34.62,522,6,2,0.2021,0.0408,UPI,Grocery,0
46,861.18,5,0,0,4,11.06,753,1,0,0.0634,0.0683,Cash on Delivery,Accessories,0
39,1146.77,3,0,0,4,37.16,362,2,3,0.2819,0.0767,Debit Card,Grocery,1
36,1210.95,3,0,0,5,15.79,365,1,1,0.1455,0.0588,Credit Card,Home,0
48,1351.55,7,1,0,3,6.95,1886,4,1,0.1569,0.0118,UPI,Fashion,1
45,1941.35,7,0,0,4,23.76,1042,3,3,0.1785,0.0371,UPI,Electronics,1
35,1851.6,12,1,0,4,15.17,865,2,1,0.1126,0.0488,Debit Card,Home,0
37,1538.92,12,1,0,3,4.92,485,2,0,0.1003,0.0384,UPI,Home,0
48,1635.24,10,0,0,3,18.45,430,3,0,0.0293,0.0137,UPI,Grocery,0
25,3463.76,6,0,0,2,11.43,457,2,0,0.0308,0.0441,Debit Card,Grocery,0
21,1419.42,5,0,0,3,13.55,224,3,2,0.1586,0.0674,UPI,Accessories,0
49,1545.88,8,0,0,2,1.29,374,3,0,0.0743,0.0663,Debit Card,Beauty,0
32,2335.0,13,4,3,2,2.71,684,3,1,0.2812,0.2305,Cash on Delivery,Accessories,0
38,3107.31,7,1,1,6,22.49,31,4,1,0.1589,0.2019,Credit Card,Fashion,1
48,2534.81,7,0,0,2,10.04,1262,3,1,0.0814,0.0595,Net Banking,Fashion,0
23,953.19,8,3,3,4,34.42,58,2,1,0.3461,0.3446,Cash on Delivery,Accessories,1
34,1886.33,10,1,0,5,4.63,980,2,0,0.0913,0.0071,Debit Card,Fashion,0
37,1869.26,5,0,0,3,39.81,766,0,0,0.068,0.0457,Debit Card,Accessories,0
39,2013.18,4,2,2,3,13.28,574,5,1,0.3899,0.4715,Cash on Delivery,Fashion,1
29,892.75,9,6,0,4,45.85,740,2,1,0.5504,0.0095,Credit Card,Electronics,0
34,1522.24,9,1,0,4,6.47,810,3,0,0.1468,0.0366,UPI,Fashion,1
29,2295.9,8,0,0,2,10.4,527,3,0,0.0773,0.0356,Debit Card,Grocery,0
32,836.59,11,2,0,3,17.66,368,1,1,0.2487,0.0449,Credit Card,Electronics,0
18,1664.3,11,8,4,3,23.89,191,6,1,0.5237,0.3672,Credit Card,Fashion,0
46,1723.06,16,3,0,4,16.41,1049,3,3,0.3088,0.0,UPI,Beauty,1
35,3027.07,4,1,0,5,47.62,691,5,2,0.3199,0.0422,Cash on Delivery,Accessories,1
18,1157.19,5,0,0,2,7.42,824,2,0,0.0582,0.0637,Credit Card,Electronics,0
23,1216.16,10,0,0,1,10.0,317,1,0,0.0436,0.018,UPI,Grocery,0
27,822.4,8,0,0,5,19.37,1868,3,1,0.1098,0.0509,UPI,Fashion,0
24,1920.46,5,0,0,4,4.07,163,5,0,0.076,0.0782,Debit Card,Fashion,1
35,975.99,5,2,2,6,35.72,149,5,1,0.3397,0.3716,Debit Card,Grocery,1
48,1121.6,11,0,0,2,14.83,1628,5,0,0.0001,0.0475,Cash on Delivery,Accessories,0
25,786.08,6,2,2,5,42.12,68,7,0,0.2879,0.3422,UPI,Beauty,1
45,1500.92,8,0,0,2,8.33,301,4,0,0.0153,0.068,Debit Card,Grocery,0
39,1874.87,7,0,0,3,13.61,554,0,0,0.0965,0.0197,Debit Card,Fashion,0
26,914.08,13,2,2,7,19.36,248,3,1,0.196,0.1474,UPI,Accessories,1
28,2844.33,6,1,0,3,18.4,1625,2,1,0.2413,0.0261,Credit Card,Grocery,1
46,807.98,10,0,0,3,10.18,825,1,1,0.0751,0.0003,Credit Card,Accessories,0
20,1246.59,6,1,1,3,2.95,655,2,1,0.2127,0.2175,Credit Card,Home,1
28,2404.39,6,3,0,4,9.05,502,4,1,0.4006,0.0451,Cash on Delivery,Accessories,0
18,2088.0,5,0,0,4,20.58,586,8,4,0.1239,0.07,Cash on Delivery,Home,1
53,2114.84,8,0,0,1,6.2,709,2,0,0.0162,0.0241,Debit Card,Grocery,0
18,1252.69,5,2,1,5,19.36,147,3,2,0.4048,0.2233,Credit Card,Fashion,0
28,2552.64,5,1,0,3,22.99,451,1,0,0.1868,0.0514,UPI,Home,0
32,1328.86,4,0,0,3,5.04,587,0,3,0.2957,0.0873,Credit Card,Electronics,1
39,1520.31,5,0,0,5,48.1,350,3,3,0.2023,0.0452,Debit Card,Electronics,1
30,1715.03,8,0,0,5,11.72,843,1,0,0.027,0.0247,UPI,Home,0
22,1443.36,5,1,1,6,7.83,689,3,1,0.2106,0.1848,UPI,Beauty,1
24,1353.37,3,0,0,1,19.1,573,3,0,0.1293,0.0766,Credit Card,Accessories,0
51,1065.78,7,2,0,4,8.16,573,3,1,0.2602,0.0496,Net Banking,Fashion,0
41,942.19,10,0,0,5,11.78,1179,2,1,0.11,0.0221,Net Banking,Fashion,0
45,734.83,5,1,0,3,20.13,795,2,0,0.1966,0.0381,Debit Card,Home,0
23,1695.84,7,0,0,3,15.22,1521,0,4,0.3723,0.0356,UPI,Home,1
36,939.27,11,2,0,4,14.04,739,1,0,0.1808,0.0,UPI,Beauty,0
39,820.27,10,0,0,4,27.15,315,1,0,0.0252,0.0421,UPI,Home,0
36,1218.81,10,1,0,4,9.39,659,1,1,0.1879,0.0391,Cash on Delivery,Fashion,1
24,1656.09,10,1,1,3,14.9,644,2,1,0.1666,0.0981,UPI,Electronics,0
44,1262.91,5,0,0,3,37.16,1906,5,1,0.097,0.0677,Cash on Delivery,Home,0
35,1248.41,8,0,0,3,41.4,1745,2,1,0.1402,0.0099,Net Banking,Home,0
25,1717.71,9,1,0,4,14.88,628,2,0,0.0959,0.0072,UPI,Electronics,1
44,1935.56,7,5,2,4,11.94,325,5,1,0.5473,0.2795,Cash on Delivery,Electronics,1
18,1156.1,6,1,0,5,6.9,311,1,0,0.1815,0.0034,Net Banking,Beauty,0
40,371.21,10,6,3,5,34.2,173,1,2,0.5976,0.3562,UPI,Grocery,1
39,710.64,9,1,0,4,28.12,444,3,2,0.1966,0.0004,Cash on Delivery,Electronics,0
56,1252.58,6,0,0,3,21.16,457,2,0,0.0516,0.0095,Credit Card,Fashion,0
42,2062.4,11,2,2,6,34.56,41,1,1,0.1985,0.1732,Credit Card,Home,0
25,2940.16,8,0,0,2,3.31,1067,5,1,0.0498,0.0551,Cash on Delivery,Electronics,1
36,2012.15,6,1,0,3,16.47,660,1,1,0.2525,0.0545,Credit Card,Fashion,0
44,1125.16,9,0,0,4,3.62,1068,2,0,0.0532,0.0,Net Banking,Accessories,0
23,1795.47,8,0,0,4,4.03,1318,3,0,0.0628,0.0,UPI,Accessories,1
30,1391.98,9,0,0,4,20.08,1640,1,1,0.1152,0.0732,UPI,Accessories,1
26,3398.19,9,1,1,2,12.7,766,2,0,0.1256,0.144,UPI,Beauty,0
43,1463.58,5,1,0,3,20.97,436,2,0,0.2125,0.0562,Credit Card,Beauty,0
46,1755.68,9,1,1,5,7.67,1265,5,0,0.1666,0.143,UPI,Grocery,1
24,978.45,8,1,1,4,18.03,750,2,2,0.2372,0.1904,Net Banking,Home,0
35,2143.32,6,0,0,2,7.25,1630,1,0,0.0407,0.0489,Credit Card,Fashion,0
26,923.3,8,0,0,3,6.65,820,1,1,0.1264,0.0092,Debit Card,Electronics,0
18,773.9,7,2,2,6,34.26,624,3,3,0.3357,0.2886,UPI,Fashion,1
30,3368.18,6,0,0,3,16.5,858,2,0,0.0131,0.0471,Cash on Delivery,Home,0
28,1275.2,12,1,1,6,11.83,388,3,0,0.0944,0.1094,Cash on Delivery,Fashion,0
25,1549.87,11,2,1,5,22.14,696,4,1,0.2344,0.1395,Cash on Delivery,Beauty,0
33,1776.27,7,1,0,4,29.37,232,3,1,0.1868,0.0531,Cash on Delivery,Electronics,0
39,1009.57,11,2,0,4,23.72,1191,3,1,0.1749,0.0271,Cash on Delivery,Grocery,1
38,1190.66,6,1,1,2,1.24,843,2,1,0.2088,0.1874,Credit Card,Grocery,0
20,2005.26,3,0,0,4,34.79,180,6,2,0.1395,0.0742,Credit Card,Home,0
25,1163.73,8,3,3,4,36.27,1092,3,3,0.4206,0.4122,UPI,Fashion,1
18,3051.48,5,2,1,2,28.91,301,4,4,0.4433,0.2096,UPI,Electronics,0
34,1264.84,5,1,0,3,9.52,705,6,0,0.2103,0.0472,Debit Card,Grocery,0
35,2109.79,7,0,0,4,6.39,575,3,1,0.1111,0.0449,Cash on Delivery,Grocery,0
33,3044.19,11,0,0,4,1.17,286,3,2,0.1234,0.0552,UPI,Fashion,0
22,936.22,12,0,0,1,5.09,281,2,2,0.1601,0.0298,Cash on Delivery,Grocery,0
35,2486.26,9,0,0,3,10.5,812,6,0,0.0484,0.0049,Credit Card,Accessories,0
29,1322.7,11,0,0,5,9.75,887,2,0,0.0395,0.017,UPI,Electronics,0
25,1104.77,8,3,3,3,41.77,510,6,1,0.2978,0.3881,UPI,Home,1
22,1798.97,10,2,0,2,26.16,929,2,1,0.2194,0.023,Credit Card,Electronics,0
37,784.88,12,1,0,1,11.77,2106,2,1,0.1304,0.0584,Net Banking,Fashion,0
27,2482.81,9,4,0,6,32.59,304,1,3,0.5314,0.0176,Debit Card,Fashion,1
28,1002.36,10,0,0,5,5.43,176,1,0,0.0046,0.0479,Debit Card,Accessories,0
36,1836.8,7,0,0,6,14.31,379,3,0,0.055,0.0307,UPI,Grocery,0
42,1186.88,7,0,0,4,8.19,1872,5,0,0.0328,0.0448,Cash on Delivery,Grocery,0
25,1365.92,8,0,0,4,19.55,557,1,0,0.0154,0.0262,UPI,Fashion,0
19,288.17,4,1,1,6,7.04,54,5,0,0.2085,0.2444,UPI,Electronics,0
35,1113.64,6,0,0,2,5.18,1712,4,0,0.0,0.0331,Credit Card,Fashion,0
18,1161.1,10,0,0,2,14.56,625,2,0,0.0552,0.0122,UPI,Accessories,0
48,1334.51,5,0,0,2,15.31,533,3,0,0.0993,0.0558,Credit Card,Grocery,0
22,1090.79,11,2,0,4,12.59,997,1,0,0.109,0.0482,Cash on Delivery,Grocery,0
29,2322.29,12,0,0,3,6.63,323,1,1,0.0859,0.0277,Debit Card,Electronics,0
46,1926.94,9,1,0,4,23.39,238,3,1,0.1283,0.032,UPI,Fashion,1
32,707.46,11,1,1,3,41.02,388,1,1,0.162,0.0759,UPI,Home,0
23,1770.39,10,1,0,4,18.11,1050,3,0,0.063,0.0411,Net Banking,Fashion,1
40,1564.37,6,4,0,4,19.84,1291,0,0,0.5021,0.0571,Debit Card,Beauty,0
40,1595.34,8,0,0,3,20.18,1552,5,2,0.1582,0.0203,UPI,Home,0
28,1776.77,6,1,0,1,13.84,879,1,0,0.1534,0.0728,UPI,Fashion,0
21,906.29,9,3,0,6,18.48,823,2,1,0.3356,0.0134,Credit Card,Grocery,0
27,1311.84,9,2,2,9,37.7,674,4,6,0.3887,0.2036,Net Banking,Fashion,1
29,1246.84,8,1,0,4,3.78,2346,1,2,0.2713,0.0305,Credit Card,Home,0
32,1613.59,4,1,1,5,33.78,320,7,2,0.2852,0.2457,Debit Card,Home,1
30,1554.76,6,3,0,3,9.78,727,1,0,0.4002,0.0695,Net Banking,Electronics,0
32,1112.11,6,0,0,3,13.17,554,2,0,0.0546,0.0492,UPI,Beauty,0
18,1178.25,11,4,0,4,6.47,372,6,0,0.3244,0.0273,Cash on Delivery,Home,0
32,1453.82,3,0,0,3,10.56,1821,4,1,0.1262,0.0832,Debit Card,Electronics,0
50,1516.79,11,0,0,5,16.51,737,1,1,0.091,0.0262,Credit Card,Electronics,0
26,995.03,5,0,0,5,7.62,1502,2,1,0.0767,0.0384,UPI,Fashion,1
22,1623.23,3,0,0,4,37.28,15,6,4,0.1921,0.0602,UPI,Fashion,1
31,2563.18,3,0,0,4,32.2,453,5,1,0.1331,0.0987,Net Banking,Electronics,0
29,362.49,13,3,0,3,10.65,961,3,0,0.1827,0.022,Cash on Delivery,Home,0
23,3756.49,11,0,0,3,15.05,1122,2,0,0.0,0.0631,Credit Card,Electronics,0
40,747.66,8,0,0,3,21.01,1015,1,1,0.0417,0.0,Debit Card,Fashion,0
45,1156.38,10,3,0,5,32.73,389,0,0,0.2232,0.0283,Credit Card,Grocery,0
45,885.8,5,1,0,5,10.57,1168,1,0,0.197,0.0534,Cash on Delivery,Home,0
23,730.61,6,0,0,3,7.1,616,4,0,0.0446,0.0423,UPI,Grocery,0
38,1417.57,7,0,0,1,4.41,587,1,1,0.0447,0.0508,Debit Card,Electronics,0
30,1571.88,4,1,1,3,11.61,46,6,1,0.2242,0.2514,UPI,Fashion,0
47,1488.06,4,0,0,3,4.46,3000,2,0,0.0717,0.0826,Cash on Delivery,Electronics,0
39,1423.39,9,2,0,2,25.38,1606,4,0,0.1594,0.0572,Debit Card,Electronics,0
38,2485.91,5,0,0,3,13.44,919,2,0,0.0385,0.0749,Cash on Delivery,Electronics,0
30,1937.09,10,1,0,4,17.51,1785,0,0,0.1202,0.0516,Net Banking,Home,0
29,1750.03,1,0,0,6,37.45,168,0,3,0.4374,0.1468,UPI,Home,0
36,479.2,4,1,1,3,12.03,889,0,0,0.2106,0.261,UPI,Accessories,0
24,1664.06,3,2,2,8,18.76,280,6,1,0.4728,0.5632,UPI,Home,1
18,1128.41,8,6,1,3,17.8,854,7,1,0.5725,0.1461,UPI,Grocery,1
45,1485.24,7,2,0,2,20.09,843,1,0,0.2519,0.0461,Credit Card,Accessories,0
37,899.28,11,0,0,3,21.01,853,3,3,0.1603,0.0626,Net Banking,Electronics,0
43,1946.04,8,1,0,3,15.25,537,7,2,0.1204,0.0611,Credit Card,Beauty,1
34,2921.36,8,2,1,5,33.43,165,5,3,0.312,0.1373,Credit Card,Home,1
23,457.17,8,0,0,3,2.53,200,0,1,0.1255,0.0071,Debit Card,Fashion,0
30,1330.95,12,3,0,1,18.16,500,0,2,0.3622,0.0302,Credit Card,Fashion,0
45,1233.41,12,0,0,3,25.06,641,2,0,0.0517,0.0395,Cash on Delivery,Home,0
37,902.35,4,0,0,3,19.01,1141,4,1,0.115,0.0855,Credit Card,Fashion,0
35,779.13,7,0,0,4,7.46,1093,3,0,0.0559,0.0293,Credit Card,Fashion,0
37,1414.46,3,1,1,6,30.62,644,5,2,0.3677,0.3271,UPI,Electronics,0
29,1210.19,5,0,0,4,18.1,1043,1,1,0.1213,0.0339,UPI,Electronics,0
45,1589.54,8,0,0,1,15.41,576,5,0,0.0419,0.0401,UPI,Fashion,0
49,616.45,10,0,0,3,5.56,2413,2,2,0.1885,0.0184,UPI,Electronics,0
45,952.77,11,0,0,3,21.64,1023,1,0,0.0278,0.0332,UPI,Fashion,1
47,2460.9,6,0,0,3,21.55,216,1,0,0.0937,0.0179,Cash on Delivery,Fashion,0
28,1410.03,5,2,0,3,15.39,62,2,4,0.4981,0.0467,UPI,Beauty,1
31,1877.78,6,0,0,3,31.53,502,8,0,0.0801,0.0287,Credit Card,Fashion,0
29,1088.74,7,0,0,5,3.6,2053,3,0,0.0383,0.0239,Credit Card,Electronics,1
33,754.09,7,0,0,3,12.55,889,4,0,0.1164,0.0569,UPI,Fashion,1
34,825.21,11,0,0,3,12.81,562,2,0,0.0,0.0562,UPI,Accessories,0
47,1434.12,9,0,0,3,10.45,581,4,2,0.0838,0.0253,Credit Card,Electronics,0
44,1742.72,5,0,0,1,5.98,296,2,1,0.1112,0.0493,UPI,Home,0
39,2198.34,17,2,0,2,9.2,1452,4,1,0.1387,0.034,UPI,Home,0
21,2436.3,6,0,0,1,14.95,420,3,0,0.0236,0.0081,Credit Card,Electronics,0
19,2828.57,8,2,0,3,24.72,213,2,0,0.2448,0.056,Credit Card,Grocery,0
36,3811.66,9,1,0,2,11.31,511,3,0,0.1178,0.0,Cash on Delivery,Electronics,0
28,1357.77,7,0,0,2,30.11,249,5,2,0.1241,0.0786,Credit Card,Home,1
42,1612.78,8,1,1,1,9.7,1060,2,1,0.1333,0.1378,Credit Card,Accessories,0
33,483.99,14,4,1,3,16.31,858,2,0,0.244,0.0792,UPI,Beauty,1
51,3497.47,8,2,0,3,5.31,1162,2,0,0.1881,0.0389,UPI,Accessories,0
24,1461.33,6,0,0,2,5.0,1193,2,3,0.2021,0.0819,Cash on Delivery,Beauty,0
23,605.53,10,0,0,3,5.23,773,1,0,0.0,0.0499,Credit Card,Accessories,0
28,542.71,9,1,0,3,6.22,869,3,0,0.1374,0.017,Cash on Delivery,Fashion,0
28,1380.93,11,2,2,2,7.49,637,2,2,0.2243,0.1846,Debit Card,Fashion,0
39,895.04,8,0,0,4,28.91,1213,2,0,0.0188,0.0237,UPI,Grocery,0
33,389.91,6,1,1,2,32.39,274,4,0,0.1374,0.1619,Net Banking,Electronics,1
30,1955.23,3,0,0,5,14.42,370,1,0,0.1047,0.0953,Net Banking,Grocery,0
20,645.79,6,1,0,4,2.04,488,3,0,0.1599,0.0,UPI,Grocery,0
42,1053.47,5,0,0,5,8.87,1197,1,1,0.1354,0.038,Debit Card,Home,0
18,2238.05,5,3,1,4,33.93,381,3,3,0.5879,0.2548,UPI,Electronics,1
20,793.9,7,2,1,2,9.08,66,1,5,0.5268,0.1473,UPI,Beauty,0
18,1662.17,8,0,0,3,9.1,1307,6,0,0.0157,0.0201,Net Banking,Beauty,0
24,1463.25,3,1,0,3,0.64,1775,1,1,0.3089,0.0613,Debit Card,Home,0
19,4299.51,5,0,0,4,24.97,794,1,2,0.2001,0.04,Credit Card,Fashion,0
36,1684.54,7,0,0,2,10.85,1084,3,0,0.0448,0.0391,Cash on Delivery,Beauty,0
36,1616.72,5,3,0,2,17.69,943,6,1,0.4753,0.0635,UPI,Electronics,0
51,1228.16,4,0,0,6,7.92,717,0,0,0.0647,0.0687,Net Banking,Fashion,0
42,2687.69,9,0,0,4,12.45,720,2,1,0.0841,0.0468,UPI,Electronics,0
23,3670.24,8,5,4,5,29.93,178,3,0,0.4662,0.4871,UPI,Grocery,1
25,1002.12,5,2,2,4,14.86,561,3,2,0.419,0.4121,Debit Card,Fashion,1
47,1023.6,9,1,0,2,13.89,1537,2,1,0.1812,0.0,Debit Card,Home,0
37,777.3,6,1,0,5,9.72,752,1,1,0.2264,0.0646,Credit Card,Beauty,0
22,1245.85,5,3,3,4,12.18,979,4,3,0.5482,0.5373,Debit Card,Electronics,1
25,247.88,7,0,0,4,28.19,995,3,0,0.0131,0.0447,Debit Card,Electronics,0
35,1080.0,9,0,0,3,5.02,585,4,2,0.119,0.0218,Credit Card,Home,0
39,1423.27,11,0,0,3,6.01,616,1,0,0.0616,0.0378,Debit Card,Fashion,0
40,1106.38,9,1,0,1,26.03,319,2,1,0.183,0.0209,Credit Card,Home,0
30,718.31,6,1,0,6,8.32,424,3,0,0.1529,0.0131,Credit Card,Beauty,0
38,963.41,11,1,0,3,18.43,1012,3,0,0.0989,0.0,Credit Card,Fashion,0
26,759.85,10,1,1,5,3.36,633,2,0,0.1407,0.114,Credit Card,Beauty,0
25,836.08,9,1,0,2,25.44,559,1,1,0.1454,0.0345,UPI,Grocery,0
24,1887.52,5,3,0,3,8.06,1238,2,2,0.5588,0.0604,Credit Card,Beauty,0
34,1877.07,6,0,0,3,19.14,997,4,0,0.0604,0.0432,Net Banking,Home,0
32,1467.29,6,5,0,3,13.27,241,3,2,0.6951,0.0204,UPI,Electronics,0
23,1895.85,10,0,0,3,16.32,784,4,1,0.0326,0.0482,UPI,Beauty,0
30,300.38,8,0,0,4,9.02,365,4,0,0.0,0.0505,Net Banking,Fashion,0
42,877.06,10,0,0,1,13.72,895,1,2,0.1895,0.0312,Credit Card,Electronics,0
25,965.72,7,0,0,2,18.05,785,5,2,0.1099,0.0777,UPI,Home,0
29,584.28,11,2,1,4,24.59,935,1,0,0.1619,0.1017,UPI,Accessories,0
35,1664.32,9,0,0,2,22.81,907,1,1,0.0645,0.0069,Credit Card,Fashion,0
36,723.92,5,0,0,2,3.23,1142,1,0,0.0794,0.055,UPI,Home,0
30,808.82,12,0,0,3,3.52,385,2,0,0.0131,0.0185,Net Banking,Beauty,0
41,1608.38,4,0,0,4,16.8,766,2,1,0.1102,0.0983,Net Banking,Accessories,0
39,2696.99,6,1,0,4,18.36,685,1,0,0.1756,0.0041,Net Banking,Accessories,0
44,1084.54,13,1,0,3,5.61,638,2,2,0.1684,0.0,Credit Card,Accessories,0
33,2396.74,7,0,0,2,18.72,1630,3,1,0.0751,0.0477,UPI,Accessories,1
29,1331.02,8,0,0,5,7.36,499,1,0,0.0,0.0246,UPI,Fashion,0
28,1440.31,8,1,1,4,20.2,913,0,1,0.24,0.1183,Debit Card,Electronics,1
37,393.96,5,0,0,6,17.15,444,3,0,0.1185,0.0214,Debit Card,Accessories,0
31,1207.03,14,3,1,4,22.04,306,2,0,0.1844,0.1071,Debit Card,Grocery,0
29,227.2,11,1,0,4,1.18,785,1,1,0.146,0.0351,Cash on Delivery,Grocery,1
30,1436.54,6,0,0,1,16.41,1047,2,1,0.1063,0.0543,Credit Card,Beauty,0
28,2915.23,9,0,0,3,19.3,159,2,0,0.0351,0.0394,Debit Card,Accessories,0
36,2072.43,3,0,0,2,20.23,690,1,1,0.1739,0.0904,UPI,Electronics,0
21,1746.4,8,0,0,6,25.85,900,3,0,0.0223,0.0207,Credit Card,Accessories,0
30,816.04,3,1,0,3,23.07,147,2,2,0.3709,0.0469,UPI,Grocery,0
40,2525.29,7,1,1,1,25.43,190,5,2,0.2029,0.1722,UPI,Fashion,0
37,348.72,10,1,0,4,13.01,854,0,1,0.2298,0.0405,UPI,Home,0
40,775.29,9,2,0,3,11.02,913,4,1,0.2285,0.0328,Debit Card,Electronics,0
29,1130.49,11,0,0,4,11.37,1198,2,0,0.0008,0.0601,Debit Card,Beauty,0
51,440.2,6,1,0,5,6.78,231,3,0,0.1657,0.0394,UPI,Accessories,0
34,1304.94,6,0,0,4,9.51,436,1,0,0.0824,0.0517,UPI,Grocery,0
20,1631.3,7,0,0,3,1.34,795,4,4,0.1949,0.0591,Debit Card,Beauty,0
49,2751.4,6,1,1,2,11.77,225,6,1,0.2235,0.1595,Credit Card,Electronics,0
31,661.66,8,0,0,1,8.07,648,1,1,0.1037,0.0506,UPI,Grocery,1
35,519.28,7,0,0,3,13.89,830,3,1,0.0807,0.0631,Credit Card,Fashion,1
38,832.46,4,0,0,4,11.93,401,1,0,0.0606,0.0516,UPI,Grocery,0
32,775.01,12,1,0,2,13.35,884,2,1,0.1433,0.0299,Cash on Delivery,Accessories,0
19,1633.45,6,2,0,4,21.37,119,3,3,0.3793,0.0151,Net Banking,Fashion,0
30,1306.21,7,4,0,3,2.32,489,5,2,0.4789,0.032,UPI,Beauty,1
30,3604.62,12,2,1,7,14.06,477,2,5,0.3968,0.0635,UPI,Beauty,0
25,2146.37,6,0,0,4,10.24,1452,3,3,0.1774,0.0666,Debit Card,Accessories,0
24,1077.91,7,0,0,4,11.95,1617,1,1,0.1,0.0199,Cash on Delivery,Fashion,0
28,2352.84,6,0,0,5,20.59,1677,2,5,0.2754,0.0349,Credit Card,Fashion,1
29,2418.6,4,0,0,3,23.93,571,1,0,0.0742,0.0633,UPI,Accessories,0
24,264.07,3,0,0,1,17.11,681,1,0,0.1205,0.0648,Credit Card,Electronics,0
27,1084.6,13,1,0,4,26.06,1264,1,2,0.2057,0.0626,UPI,Beauty,1
40,527.88,6,0,0,4,3.4,377,2,0,0.0434,0.0308,Credit Card,Fashion,0
49,1092.1,6,1,0,5,9.91,1501,4,0,0.1503,0.0456,UPI,Electronics,0
41,959.27,6,0,0,4,25.13,805,0,0,0.0663,0.0312,UPI,Fashion,0
46,2671.12,5,0,0,3,15.99,684,1,0,0.057,0.0709,Credit Card,Fashion,0
43,1972.56,11,0,0,5,20.07,822,4,1,0.1015,0.0216,Credit Card,Electronics,0
41,3108.28,9,1,0,2,5.4,113,1,0,0.1326,0.0303,Cash on Delivery,Home,0
31,2039.11,8,0,0,3,15.21,491,2,3,0.2006,0.0425,Credit Card,Fashion,1
35,1165.63,7,0,0,4,6.43,716,1,0,0.0304,0.0231,UPI,Beauty,0
30,1503.57,12,0,0,4,15.56,1220,5,1,0.0274,0.0,UPI,Home,0
29,3274.34,5,0,0,3,29.09,423,2,2,0.1618,0.0602,UPI,Electronics,1
32,867.18,6,0,0,5,14.71,867,1,0,0.0597,0.0226,UPI,Fashion,0
35,1637.41,4,0,0,5,12.93,1650,1,0,0.0291,0.0404,UPI,Home,0
40,1033.77,5,1,0,4,26.47,1354,0,0,0.1467,0.0083,Cash on Delivery,Electronics,0
20,2639.75,4,0,0,4,32.4,344,7,4,0.1947,0.0593,Net Banking,Beauty,0
38,3076.19,10,0,0,4,9.62,721,0,1,0.0514,0.03,Debit Card,Home,0
33,1084.72,10,0,0,4,19.33,1511,1,0,0.019,0.0537,Debit Card,Electronics,0
34,1508.73,6,0,0,2,13.64,442,1,1,0.1527,0.0655,UPI,Fashion,1
38,871.49,12,2,0,1,20.01,512,3,1,0.1578,0.0089,Credit Card,Electronics,0
40,1850.33,9,0,0,2,18.79,675,1,1,0.0907,0.0244,Cash on Delivery,Home,0
20,613.91,5,0,0,2,6.54,383,1,2,0.2248,0.0572,UPI,Fashion,0
22,971.86,5,2,0,5,14.09,586,3,3,0.4385,0.05,UPI,Home,1
31,1705.04,6,4,1,3,29.67,490,5,2,0.52,0.1743,Credit Card,Fashion,0
24,1345.73,7,0,0,4,11.01,557,1,0,0.0335,0.0497,Credit Card,Fashion,0
44,1417.18,8,1,0,2,19.27,619,3,3,0.2042,0.0487,UPI,Fashion,0
33,1291.98,10,1,0,4,24.31,1205,2,0,0.1079,0.0041,UPI,Home,0
21,3915.72,5,0,0,3,6.28,1056,4,0,0.0717,0.0593,Debit Card,Grocery,0
30,1464.12,5,0,0,2,11.17,1607,1,0,0.0633,0.0337,UPI,Electronics,0
30,9641.62,2,0,0,4,25.29,412,4,2,0.2126,0.0997,Credit Card,Accessories,1
32,1243.67,13,0,0,3,9.24,1234,3,0,0.0,0.0216,Cash on Delivery,Fashion,0
32,1297.94,6,0,0,2,9.58,1050,2,1,0.1349,0.0318,Credit Card,Fashion,0
27,1956.64,6,1,0,6,24.18,347,5,3,0.2738,0.0751,Credit Card,Fashion,1
39,3484.07,2,0,0,5,6.15,504,1,0,0.1309,0.0916,Debit Card,Beauty,0
24,1598.36,9,0,0,3,7.97,167,1,0,0.0162,0.0361,UPI,Home,0
34,1544.35,4,0,0,1,29.77,502,1,1,0.1273,0.0736,Credit Card,Grocery,0
36,1459.61,8,0,0,3,18.56,373,2,0,0.0326,0.027,Credit Card,Electronics,0
38,596.54,6,1,0,3,8.63,1059,1,0,0.1775,0.038,UPI,Home,0
36,1971.49,8,0,0,2,12.13,217,1,1,0.0865,0.0368,UPI,Home,0
39,988.24,10,0,0,4,16.17,1403,0,1,0.1854,0.0154,Credit Card,Fashion,0
30,1992.28,3,2,0,4,20.53,259,6,3,0.5805,0.1115,Net Banking,Electronics,0
21,705.53,4,1,1,7,45.28,370,6,2,0.2731,0.239,Credit Card,Fashion,1
29,980.05,13,0,0,5,16.83,994,3,2,0.0842,0.0126,Debit Card,Fashion,0
26,1220.35,11,0,0,5,4.12,1206,8,0,0.0305,0.0214,Credit Card,Fashion,0
56,2810.51,6,0,0,5,40.47,1917,1,0,0.0322,0.0488,UPI,Beauty,0
31,707.92,13,4,2,3,5.02,1200,3,1,0.2417,0.1788,Net Banking,Electronics,1
32,1100.43,14,0,0,1,9.32,293,2,0,0.0354,0.0507,Credit Card,Electronics,0
30,4119.53,2,0,0,4,27.95,100,5,6,0.248,0.0963,Credit Card,Beauty,1
22,954.57,5,4,1,4,24.58,231,5,1,0.5896,0.22,UPI,Home,0
40,636.82,7,0,0,4,21.25,764,6,0,0.1014,0.0319,UPI,Fashion,0
48,839.08,11,0,0,3,32.36,292,3,1,0.1091,0.0218,UPI,Home,0
29,395.65,8,0,0,5,6.69,319,2,0,0.077,0.0321,Net Banking,Fashion,1
25,558.56,2,0,0,3,16.08,617,5,3,0.2258,0.0898,Credit Card,Beauty,0
23,815.64,10,2,1,2,25.99,1628,1,1,0.2541,0.1136,Credit Card,Fashion,0
48,2098.42,9,0,0,3,23.27,633,2,0,0.0252,0.0492,UPI,Home,0
25,949.25,8,0,0,2,12.47,320,1,0,0.0958,0.0296,UPI,Fashion,0
34,2900.25,5,0,0,1,9.99,896,4,0,0.0561,0.0742,UPI,Electronics,0
30,1731.26,8,2,1,4,15.17,255,5,2,0.2303,0.1236,UPI,Grocery,1
25,1232.96,5,0,0,4,6.68,1397,0,1,0.1365,0.0751,Credit Card,Electronics,0
21,3280.01,9,2,0,4,4.37,894,0,0,0.1625,0.0438,Credit Card,Accessories,0
31,3407.31,13,0,0,3,6.43,429,2,1,0.104,0.0596,UPI,Grocery,0
40,3137.13,4,1,0,7,30.0,165,2,2,0.3034,0.0621,UPI,Home,0
26,2173.42,4,0,0,2,22.68,948,4,0,0.0807,0.0323,Cash on Delivery,Beauty,0
28,1365.77,7,0,0,2,22.0,314,3,1,0.107,0.025,Cash on Delivery,Home,0
31,2401.06,7,3,3,3,34.68,84,4,1,0.3399,0.439,UPI,Fashion,1
52,917.96,7,1,1,3,9.6,576,1,1,0.2577,0.1527,Cash on Delivery,Home,0
38,852.49,8,0,0,3,11.18,985,0,0,0.0298,0.0635,Cash on Delivery,Home,0
42,1653.51,2,0,0,5,8.81,519,3,0,0.122,0.0903,Credit Card,Electronics,0
32,4964.58,4,1,0,4,15.04,224,9,3,0.33,0.0787,UPI,Beauty,1
41,636.04,8,0,0,2,24.93,450,2,0,0.0519,0.0308,UPI,Accessories,0
36,3372.26,6,1,0,6,37.55,176,3,2,0.2356,0.0384,Credit Card,Electronics,0
33,1717.89,5,0,0,2,8.39,135,3,1,0.1136,0.0096,Debit Card,Grocery,0
30,2086.95,12,0,0,2,24.08,504,2,0,0.0367,0.0291,Debit Card,Home,0
36,1941.21,2,0,0,2,6.63,994,2,2,0.2293,0.097,UPI,Grocery,0
36,1400.24,6,1,0,2,14.52,225,3,0,0.1801,0.04,UPI,Accessories,0
29,1532.48,6,0,0,3,16.57,1017,5,0,0.0436,0.0066,Credit Card,Grocery,0
35,1222.36,7,2,1,1,16.16,1396,0,0,0.2421,0.2075,UPI,Fashion,0
28,1909.24,2,0,0,2,8.72,1297,3,0,0.0851,0.1003,UPI,Fashion,0
32,1073.58,12,0,0,3,9.22,559,5,0,0.0099,0.0095,Cash on Delivery,Fashion,0
18,4527.2,6,4,1,5,9.49,206,5,2,0.5121,0.2034,Cash on Delivery,Home,1
31,2417.42,10,1,1,1,15.81,642,1,0,0.0568,0.1081,Debit Card,Accessories,1
43,1129.91,8,2,1,5,2.75,339,4,5,0.3723,0.1536,Net Banking,Accessories,1
23,1650.89,13,1,0,2,10.32,401,1,0,0.0645,0.0383,Credit Card,Electronics,0
21,1916.95,4,1,1,6,16.7,1426,6,0,0.1884,0.2031,UPI,Fashion,0
36,933.97,8,0,0,4,39.37,300,4,1,0.0448,0.0431,Cash on Delivery,Electronics,1
18,1515.41,9,0,0,2,15.06,453,0,0,0.0404,0.0501,UPI,Beauty,0
35,4482.14,4,2,2,5,23.62,91,4,2,0.4112,0.4536,UPI,Beauty,1
26,1948.19,4,0,0,6,15.3,616,0,0,0.0777,0.0789,Credit Card,Electronics,0
22,1725.94,5,1,1,5,28.84,337,4,0,0.1763,0.2261,Debit Card,Fashion,0
37,822.7,4,2,0,2,14.69,252,3,1,0.4255,0.0591,UPI,Home,0
50,405.5,5,2,0,1,5.05,927,4,1,0.328,0.0367,UPI,Fashion,1
31,1490.24,9,0,0,3,2.16,1279,1,0,0.0243,0.0216,Credit Card,Electronics,0
41,1104.6,10,0,0,1,12.75,500,1,1,0.0891,0.0391,Credit Card,Electronics,1
18,765.46,4,1,0,2,2.22,614,4,0,0.2252,0.056,Credit Card,Electronics,0
25,635.63,13,1,1,3,7.86,593,1,1,0.1317,0.0542,Cash on Delivery,Grocery,0
22,538.34,4,0,0,4,15.37,522,1,0,0.0891,0.0589,Cash on Delivery,Fashion,0
32,2815.64,5,0,0,2,14.18,1298,2,0,0.059,0.0416,UPI,Electronics,0
33,5248.32,7,2,0,6,53.95,183,3,2,0.3433,0.0274,UPI,Grocery,1
56,976.91,14,2,0,3,3.35,1060,2,0,0.105,0.0237,Cash on Delivery,Beauty,0
44,998.46,9,1,1,4,39.33,129,9,1,0.1153,0.12,Cash on Delivery,Beauty,1
31,835.8,8,1,1,6,12.58,617,2,2,0.2259,0.1424,Cash on Delivery,Grocery,1
38,2118.91,12,1,0,2,12.81,1459,0,0,0.0731,0.0218,Cash on Delivery,Home,0
49,679.51,6,0,0,3,6.44,876,4,1,0.0862,0.0507,Cash on Delivery,Fashion,0
32,2448.77,7,0,0,4,30.52,542,4,1,0.042,0.0517,Credit Card,Electronics,0
46,1470.72,5,0,0,4,3.62,458,0,0,0.0575,0.0222,Cash on Delivery,Home,0
53,1621.24,11,0,0,3,3.94,194,1,1,0.1377,0.0423,UPI,Home,0
33,1215.82,7,1,0,4,5.26,481,2,1,0.157,0.0062,Credit Card,Grocery,0
28,5666.44,4,1,0,4,44.46,282,8,1,0.2415,0.0633,UPI,Accessories,1
29,1270.43,2,0,0,3,26.29,382,0,0,0.1077,0.1145,Net Banking,Fashion,0
22,1132.24,4,1,1,4,18.78,1163,2,0,0.1834,0.272,Debit Card,Grocery,1
31,1521.05,8,0,0,2,6.33,1225,1,0,0.0303,0.0163,Credit Card,Grocery,0
25,788.12,7,2,0,5,32.37,343,6,4,0.3189,0.0133,UPI,Home,1
18,4554.08,11,0,0,4,21.06,247,2,0,0.1213,0.0663,UPI,Beauty,0
26,1393.29,10,1,1,3,16.49,786,5,1,0.1246,0.1462,Credit Card,Beauty,0
35,745.21,4,0,0,3,11.34,406,4,0,0.1172,0.066,Net Banking,Beauty,0
52,1564.46,13,0,0,4,22.18,750,1,1,0.1391,0.0312,Credit Card,Grocery,1
27,1082.95,4,1,0,5,46.7,322,7,3,0.3086,0.0634,Credit Card,Fashion,1
22,1641.65,8,0,0,1,21.6,469,1,2,0.1272,0.0532,Debit Card,Grocery,1
35,3518.78,9,0,0,4,8.49,1442,2,0,0.0426,0.0165,Credit Card,Home,0
18,738.33,13,0,0,3,24.66,523,3,1,0.0571,0.0317,Net Banking,Fashion,0
30,1774.02,8,1,0,6,10.77,844,1,0,0.1403,0.0251,Cash on Delivery,Fashion,0
37,1183.12,7,0,0,3,23.36,1680,1,0,0.024,0.0414,UPI,Accessories,0
39,1085.65,12,0,0,3,11.88,1118,1,0,0.0111,0.0406,UPI,Home,0
39,1161.29,8,0,0,3,10.54,826,2,1,0.0866,0.073,Cash on Delivery,Beauty,1
38,615.72,10,1,0,3,2.32,761,1,0,0.1034,0.0118,UPI,Accessories,0
39,1554.51,5,1,0,2,25.31,366,3,0,0.1999,0.0439,Cash on Delivery,Beauty,0
34,1572.59,7,0,0,2,9.24,645,0,0,0.0648,0.0358,UPI,Accessories,1
25,1427.3,4,1,0,3,16.06,837,4,1,0.2322,0.0674,UPI,Beauty,0
18,341.78,9,0,0,2,9.4,1125,4,1,0.0819,0.0,Debit Card,Fashion,0
29,421.66,8,0,0,3,2.72,621,4,1,0.0804,0.0591,Debit Card,Fashion,0
33,1642.93,5,0,0,2,10.86,991,0,0,0.0694,0.0443,Credit Card,Fashion,0
45,904.9,7,1,0,4,16.52,573,0,0,0.1236,0.0321,UPI,Electronics,0
33,1949.45,6,0,0,3,8.43,1292,3,0,0.086,0.0297,Credit Card,Electronics,0
32,1910.44,11,2,0,4,8.9,1026,1,0,0.1619,0.0353,UPI,Home,0
31,1772.08,6,3,3,6,29.51,306,4,3,0.4827,0.4517,UPI,Home,1
37,1938.5,8,0,0,1,11.91,1151,2,0,0.0576,0.0453,Net Banking,Accessories,0
32,1802.56,10,1,1,2,22.81,1719,2,1,0.1528,0.1369,Debit Card,Electronics,0
41,1054.42,6,1,0,3,10.77,1421,1,0,0.1923,0.0223,Credit Card,Grocery,0
18,2296.21,6,1,1,5,13.1,645,6,1,0.1799,0.1733,Net Banking,Beauty,1
52,1538.4,3,0,0,4,17.57,429,3,0,0.0745,0.1159,Cash on Delivery,Fashion,0
54,2476.13,4,0,0,2,1.87,831,2,1,0.155,0.0973,Credit Card,Electronics,0
35,616.81,5,0,0,5,14.75,1455,1,0,0.0578,0.0693,Debit Card,Fashion,0
37,1519.78,5,0,0,1,15.9,1124,1,1,0.0833,0.0516,Credit Card,Grocery,0
48,1670.93,12,1,0,4,11.84,345,3,0,0.069,0.0324,Net Banking,Electronics,0
33,2412.31,7,1,0,4,4.23,481,4,0,0.1206,0.0497,Cash on Delivery,Beauty,0
40,1686.67,6,1,1,1,34.99,926,4,2,0.1887,0.169,UPI,Electronics,0
24,1874.12,7,0,0,3,3.43,934,1,0,0.0209,0.0458,Credit Card,Fashion,0
27,4391.56,3,0,0,2,44.61,539,5,0,0.0627,0.0728,Debit Card,Electronics,0
31,780.66,9,0,0,3,15.6,351,5,0,0.0483,0.0438,Net Banking,Home,0
44,1103.71,7,0,0,3,10.24,573,1,1,0.1035,0.0619,UPI,Fashion,0
34,442.97,4,2,0,3,13.49,257,6,1,0.3973,0.0442,Credit Card,Home,0
34,494.37,5,3,2,2,18.84,228,5,2,0.5078,0.4023,UPI,Fashion,1
18,996.7,5,0,0,6,6.27,623,1,1,0.0917,0.0731,Cash on Delivery,Home,1
35,3829.46,6,2,0,6,19.31,219,5,2,0.3505,0.0576,Cash on Delivery,Electronics,1
27,2852.43,8,1,0,3,11.29,293,8,1,0.1552,0.0593,Cash on Delivery,Home,1
28,1592.26,7,1,1,1,14.65,1170,2,0,0.0922,0.1321,Cash on Delivery,Accessories,0
28,3218.16,8,1,1,2,7.67,227,8,4,0.2246,0.1521,Debit Card,Accessories,1
18,1855.76,4,0,0,6,49.54,143,2,1,0.1107,0.0758,UPI,Accessories,0
33,1020.76,11,0,0,3,7.86,637,2,0,0.0,0.0163,UPI,Accessories,0
20,2869.59,10,0,0,3,14.08,1280,0,0,0.0051,0.0379,UPI,Fashion,0
41,1798.52,11,0,0,2,36.72,932,5,1,0.1052,0.069,Credit Card,Home,0
52,634.7,6,0,0,3,8.07,699,2,1,0.1056,0.0318,Debit Card,Electronics,0
30,869.9,6,3,2,7,13.55,223,5,1,0.4081,0.3358,Debit Card,Beauty,1
45,1400.6,8,1,0,3,3.51,1015,0,1,0.1935,0.0481,UPI,Home,0
36,1146.69,6,0,0,3,11.77,535,6,1,0.0893,0.0751,Debit Card,Electronics,0
39,735.71,8,1,0,4,8.76,1227,4,1,0.1968,0.0038,Credit Card,Accessories,0
38,360.63,11,3,0,2,10.95,1419,2,0,0.2393,0.0393,UPI,Beauty,0
46,1168.38,6,0,0,4,17.5,498,4,1,0.0604,0.0,UPI,Beauty,0
29,1688.18,13,0,0,3,6.49,1127,3,1,0.0568,0.0,Cash on Delivery,Home,0
41,3112.95,13,1,0,5,15.29,1165,1,0,0.1002,0.0,UPI,Grocery,0
44,1201.41,7,1,1,2,13.17,728,0,0,0.1408,0.1588,UPI,Fashion,0
45,2381.6,6,0,0,4,31.51,1440,3,0,0.084,0.0432,Credit Card,Beauty,0
18,2185.32,15,4,0,5,11.42,252,5,1,0.2293,0.0102,UPI,Beauty,0
29,1161.53,9,0,0,4,8.73,386,2,0,0.0479,0.0395,Debit Card,Home,0
25,650.77,15,0,0,3,7.1,1643,0,0,0.0325,0.0,Debit Card,Electronics,0
35,1430.58,11,0,0,3,10.98,1320,2,0,0.0595,0.0246,Net Banking,Fashion,0
18,1425.09,7,0,0,2,16.44,546,2,4,0.227,0.0286,UPI,Fashion,0
18,1198.38,10,0,0,5,8.86,1444,3,2,0.1319,0.0007,Net Banking,Grocery,0
54,2145.51,9,0,0,2,3.73,1566,5,0,0.0,0.0405,UPI,Home,0
40,4554.17,7,1,0,3,9.22,1282,4,1,0.1885,0.0986,UPI,Electronics,0
18,1316.79,5,0,0,3,34.21,937,4,3,0.1936,0.0377,Cash on Delivery,Fashion,0
32,458.33,4,1,0,1,18.36,274,6,0,0.2581,0.0638,UPI,Grocery,1
32,1510.54,4,0,0,5,17.84,381,3,2,0.1614,0.1041,Cash on Delivery,Accessories,0
35,1775.93,7,0,0,2,18.58,954,3,1,0.1057,0.0675,Cash on Delivery,Home,0
37,1224.74,2,1,0,2,17.39,783,1,0,0.3644,0.0842,UPI,Fashion,0
35,1791.17,4,0,0,2,13.09,1254,1,0,0.0321,0.1003,UPI,Fashion,0
43,1339.17,5,0,0,3,11.51,734,1,1,0.0824,0.0681,Credit Card,Beauty,0
39,1714.66,4,3,1,4,28.4,687,5,0,0.5497,0.2695,Debit Card,Grocery,1
28,832.95,5,0,0,4,38.77,890,3,0,0.0289,0.0782,UPI,Fashion,0
36,1137.2,7,0,0,5,6.36,503,2,1,0.1333,0.0692,Credit Card,Home,1
36,2862.2,4,0,0,3,3.04,437,2,1,0.0998,0.0576,UPI,Accessories,0
27,2620.67,3,1,1,3,13.52,80,5,0,0.2724,0.3389,Cash on Delivery,Home,0
29,237.36,4,2,1,2,38.69,554,4,4,0.5077,0.2849,UPI,Home,0
25,2827.94,9,1,1,1,25.06,869,4,0,0.1448,0.1347,Credit Card,Accessories,0
24,2213.51,9,1,0,5,28.67,332,6,0,0.138,0.0452,Credit Card,Electronics,0
45,780.32,4,2,0,3,6.53,798,2,2,0.4838,0.0727,Credit Card,Home,0
34,2910.74,4,1,1,5,18.19,289,3,3,0.3116,0.2744,Debit Card,Accessories,1
23,1467.9,5,1,1,3,23.39,267,4,2,0.2352,0.2419,UPI,Beauty,1
22,622.32,6,2,2,6,34.62,256,4,4,0.4205,0.3417,Debit Card,Home,1
30,1464.01,6,2,0,3,16.35,1693,3,1,0.3423,0.0693,UPI,Fashion,0
43,1823.63,12,0,0,4,25.9,1556,1,1,0.0838,0.0278,UPI,Home,0
35,2051.95,12,3,0,3,15.38,408,4,0,0.2363,0.007,UPI,Fashion,0
49,867.73,5,0,0,1,33.59,1144,6,0,0.0602,0.071,Net Banking,Electronics,1
28,487.61,1,1,1,6,36.68,523,2,3,0.6751,0.6211,UPI,Grocery,1
25,2277.66,6,1,0,3,1.54,1253,2,0,0.1739,0.0287,UPI,Electronics,0
24,754.77,7,0,0,4,6.02,723,3,0,0.0127,0.0252,Debit Card,Beauty,0
26,1011.7,8,0,0,6,9.54,1060,1,1,0.0893,0.0157,Debit Card,Fashion,0
35,2809.22,5,1,0,3,17.08,2544,1,2,0.2933,0.0311,Cash on Delivery,Fashion,0
48,847.73,12,0,0,4,12.77,732,6,0,0.0103,0.0191,Credit Card,Grocery,0
48,1356.67,3,0,0,5,14.92,219,3,2,0.1328,0.0399,Cash on Delivery,Grocery,0
18,1314.12,6,0,0,4,16.63,1659,3,1,0.0916,0.0534,UPI,Fashion,0
36,836.45,9,0,0,2,14.58,967,3,0,0.0058,0.0,UPI,Grocery,0
19,2593.16,6,4,0,4,5.5,71,3,3,0.6077,0.0174,Credit Card,Electronics,1
18,1977.97,5,1,0,4,4.58,1032,1,0,0.21,0.037,Credit Card,Fashion,0
42,1379.51,4,0,0,5,32.65,134,6,2,0.1332,0.0234,UPI,Beauty,1
41,1387.36,8,0,0,4,1.5,1728,1,0,0.0723,0.0242,Credit Card,Electronics,0
44,906.74,5,0,0,3,19.38,401,0,0,0.0269,0.0766,Credit Card,Grocery,0
34,1784.03,6,0,0,2,18.23,1494,3,0,0.0275,0.0129,Credit Card,Fashion,0
35,3672.07,9,0,0,4,2.93,714,1,1,0.102,0.0199,Credit Card,Fashion,1
35,1705.1,14,1,0,2,9.66,151,0,1,0.1762,0.0193,Credit Card,Electronics,0
27,1266.29,9,1,0,4,12.05,296,3,2,0.233,0.0,UPI,Accessories,0
38,1086.23,3,0,0,4,10.12,1511,2,1,0.1367,0.0605,UPI,Electronics,0
32,951.63,11,3,0,5,1.43,825,4,1,0.2252,0.0166,UPI,Fashion,1
42,1028.84,5,0,0,3,12.62,1335,2,0,0.0807,0.0494,Credit Card,Home,0
33,736.82,8,0,0,3,4.97,1558,0,0,0.0051,0.0521,Credit Card,Electronics,0
26,1785.92,5,1,0,2,10.32,1191,1,0,0.1532,0.0174,Net Banking,Electronics,0
44,703.62,4,1,0,4,11.16,343,5,3,0.294,0.1276,Credit Card,Grocery,0
20,2209.54,7,0,0,5,25.6,503,2,1,0.111,0.0165,Cash on Delivery,Accessories,0
18,1692.05,8,0,0,2,1.92,759,3,0,0.0473,0.0,UPI,Beauty,0
25,2403.46,6,3,1,7,2.84,329,3,4,0.5969,0.1744,Debit Card,Fashion,1
46,1348.47,12,0,0,1,10.39,793,2,1,0.0816,0.021,UPI,Home,1
18,1156.81,7,4,1,6,46.34,626,5,6,0.6398,0.1943,UPI,Accessories,1
30,822.83,7,0,0,2,37.86,601,6,0,0.0853,0.0539,Debit Card,Electronics,0
32,1996.92,7,1,1,6,28.07,306,7,4,0.228,0.1661,UPI,Electronics,0
37,1204.01,7,0,0,3,11.85,620,2,1,0.1278,0.0023,UPI,Fashion,0
25,1795.67,4,0,0,1,24.37,78,3,2,0.1642,0.0324,Credit Card,Grocery,0
50,1409.02,6,0,0,4,9.59,1185,4,1,0.096,0.0393,UPI,Home,1
29,1574.15,5,1,0,3,10.78,416,4,0,0.1739,0.0446,Cash on Delivery,Accessories,0
28,1747.48,7,0,0,4,20.25,528,2,0,0.0719,0.0344,Credit Card,Beauty,0
33,1112.92,8,0,0,3,19.18,1105,2,1,0.0986,0.0395,Debit Card,Grocery,1
34,1146.75,9,0,0,2,13.59,1333,4,1,0.0719,0.0126,UPI,Beauty,1
51,609.83,12,0,0,4,2.2,1413,1,1,0.058,0.0044,UPI,Beauty,0
38,1296.13,8,3,1,3,37.66,66,6,1,0.2869,0.1701,Credit Card,Fashion,0
48,561.8,5,1,0,2,3.13,1539,3,0,0.1802,0.0368,Cash on Delivery,Grocery,1
23,923.63,7,3,0,4,19.29,226,4,3,0.4381,0.0408,Cash on Delivery,Fashion,1
40,582.43,9,2,0,2,7.24,628,5,0,0.1893,0.0299,Credit Card,Fashion,0
33,1405.62,13,1,1,6,26.63,680,4,3,0.1789,0.0949,Credit Card,Fashion,1
30,1739.04,7,2,1,4,26.47,396,2,2,0.3318,0.1641,Debit Card,Electronics,1
47,3436.79,10,0,0,5,17.19,420,0,0,0.0331,0.0297,Debit Card,Grocery,0
24,412.41,8,3,2,3,32.16,725,6,1,0.3366,0.295,Credit Card,Accessories,1
31,633.77,5,0,0,6,23.56,335,2,2,0.1861,0.0729,Debit Card,Accessories,0
32,1119.08,9,1,0,5,7.43,629,2,0,0.1223,0.0059,Credit Card,Fashion,0
37,1834.42,4,0,0,5,1.5,389,3,1,0.151,0.0487,Credit Card,Grocery,0
31,2757.04,9,1,1,3,9.77,996,0,2,0.2808,0.1521,Debit Card,Electronics,0
36,933.42,6,3,0,4,32.38,144,5,3,0.4837,0.0453,UPI,Home,0
22,725.87,8,1,0,1,22.36,1170,0,0,0.1099,0.0348,Credit Card,Grocery,0
45,1618.43,8,0,0,3,6.03,1133,5,0,0.0298,0.0173,UPI,Home,0
39,1069.84,12,0,0,1,18.84,654,4,0,0.0557,0.0561,UPI,Electronics,0
34,808.45,10,4,0,5,4.2,1148,2,1,0.3375,0.0547,Cash on Delivery,Fashion,0
30,1442.48,5,2,0,4,10.44,334,3,1,0.3567,0.0721,UPI,Beauty,0
30,1045.63,5,2,0,4,23.59,879,6,0,0.2763,0.0766,UPI,Accessories,0
34,2325.2,12,1,1,5,7.06,987,2,1,0.1261,0.1042,UPI,Beauty,0
20,404.79,5,0,0,4,14.46,1346,4,1,0.1091,0.0406,Credit Card,Grocery,0
25,1357.44,12,2,1,3,15.28,1314,0,0,0.1068,0.1014,UPI,Fashion,0
37,504.38,12,0,0,3,9.59,1097,1,2,0.179,0.0099,Cash on Delivery,Grocery,0
29,2122.69,10,2,0,5,13.24,2012,0,0,0.1774,0.053,UPI,Home,0
32,915.06,7,0,0,2,13.03,966,3,0,0.0545,0.0482,Credit Card,Fashion,0
33,3150.96,6,0,0,2,21.67,480,5,1,0.0658,0.0544,Cash on Delivery,Home,0
28,467.58,9,1,1,2,40.42,1483,2,0,0.1146,0.141,Credit Card,Electronics,0
25,582.12,8,0,0,3,12.63,474,0,0,0.1126,0.0383,UPI,Accessories,1
19,573.01,6,1,0,2,10.12,876,5,1,0.1837,0.0598,Credit Card,Home,1
22,974.46,11,8,5,4,39.21,190,7,3,0.5934,0.454,Credit Card,Electronics,0
33,1159.14,7,0,0,4,16.82,846,3,1,0.1145,0.0416,Credit Card,Grocery,0
40,1127.57,5,0,0,3,9.78,812,0,1,0.1742,0.0592,Credit Card,Electronics,0
38,1268.22,3,2,1,5,31.67,234,4,2,0.5147,0.2878,Credit Card,Home,0
19,1362.72,11,4,0,2,19.49,320,1,1,0.365,0.0157,Cash on Delivery,Accessories,1
34,1802.61,10,2,2,2,4.66,750,2,0,0.1896,0.2386,Debit Card,Beauty,0
37,1325.01,9,2,0,2,35.93,1769,4,2,0.2428,0.0292,UPI,Home,1
25,1321.66,11,0,0,3,16.48,739,0,0,0.0447,0.0264,Debit Card,Home,0
37,1056.57,1,0,0,1,32.36,2224,3,1,0.2158,0.1475,Net Banking,Fashion,0
47,3606.12,6,1,1,5,33.37,211,2,0,0.1894,0.1886,UPI,Accessories,1
31,1548.2,8,1,0,3,22.95,821,2,1,0.2072,0.012,Debit Card,Beauty,0
33,676.05,6,1,1,2,5.5,1133,3,0,0.1729,0.1638,UPI,Accessories,0
33,3941.83,7,0,0,2,6.08,872,2,0,0.005,0.0299,UPI,Electronics,0
26,1638.83,9,1,1,5,27.15,309,3,4,0.2969,0.1565,Debit Card,Beauty,0
28,879.46,6,1,1,1,43.21,193,6,3,0.2572,0.168,UPI,Home,1
18,2402.4,7,0,0,4,17.7,651,4,0,0.0373,0.0757,UPI,Electronics,0
43,837.1,6,0,0,4,30.03,450,1,0,0.0466,0.0289,Debit Card,Home,0
25,1335.02,13,0,0,3,11.1,624,4,1,0.0167,0.0155,Credit Card,Fashion,0
32,3308.76,2,0,0,4,10.39,1092,1,1,0.1643,0.0794,Debit Card,Fashion,0
39,2360.37,7,0,0,4,14.34,1238,2,1,0.0982,0.0497,UPI,Accessories,0
47,1320.12,12,1,0,2,39.14,528,4,0,0.0667,0.0373,Credit Card,Fashion,0
24,916.69,7,0,0,2,3.97,1329,1,1,0.0742,0.0123,Credit Card,Beauty,0
40,1042.73,5,2,1,4,15.01,606,5,1,0.3564,0.2226,Credit Card,Home,0
30,1330.55,10,1,1,2,11.12,907,2,0,0.0881,0.1274,Credit Card,Electronics,0
46,2349.41,8,0,0,5,31.16,968,3,0,0.065,0.0396,Credit Card,Fashion,0
38,1404.72,7,0,0,2,5.32,1022,3,2,0.1286,0.0291,Credit Card,Electronics,0
20,1817.79,8,0,0,6,22.29,115,6,2,0.0834,0.0442,UPI,Home,0
40,1290.46,10,2,0,5,20.56,606,2,2,0.2748,0.0478,Credit Card,Home,0
25,1685.73,7,0,0,3,7.89,1673,5,1,0.0815,0.0223,UPI,Fashion,0
31,1514.67,13,1,0,3,25.61,1831,0,1,0.1761,0.0411,Credit Card,Accessories,0
34,643.07,8,4,0,4,39.48,182,6,3,0.4394,0.0169,Cash on Delivery,Grocery,1
32,1949.76,13,2,2,3,8.54,418,0,0,0.1233,0.1468,Credit Card,Electronics,0
26,721.46,9,0,0,2,10.52,335,1,1,0.0835,0.0421,Cash on Delivery,Fashion,0
25,1041.82,4,1,1,6,21.01,494,5,4,0.3467,0.2968,Credit Card,Electronics,1
43,1947.38,7,2,1,5,8.67,164,6,2,0.2721,0.1609,UPI,Electronics,0
19,1874.4,15,1,1,3,13.14,937,1,1,0.0903,0.098,UPI,Accessories,0
29,861.92,5,0,0,2,12.5,492,1,0,0.0162,0.068,UPI,Fashion,0
46,1124.35,6,0,0,2,15.65,1110,2,1,0.1042,0.0612,UPI,Accessories,1
35,1696.5,4,0,0,5,9.32,946,3,0,0.0758,0.0746,Credit Card,Electronics,1
30,867.06,7,3,0,4,22.81,564,5,1,0.3489,0.0478,Credit Card,Electronics,1
46,562.68,10,5,0,3,12.04,625,4,0,0.3732,0.0168,UPI,Home,1
39,867.89,5,1,0,5,14.41,215,5,2,0.2559,0.0327,Cash on Delivery,Accessories,1
36,1972.03,8,1,1,2,28.27,326,1,1,0.1553,0.1328,Debit Card,Home,0
27,2106.77,13,0,0,3,16.16,866,2,1,0.1004,0.0299,Debit Card,Accessories,0
45,1645.54,7,1,1,4,10.09,242,1,1,0.2889,0.1663,Net Banking,Grocery,0
36,1301.48,7,0,0,5,9.02,1229,0,2,0.2302,0.0238,Cash on Delivery,Grocery,0
43,1982.98,13,2,1,1,25.95,434,2,1,0.1909,0.112,Cash on Delivery,Fashion,0
24,1941.34,11,1,1,1,5.56,860,3,1,0.1288,0.1107,UPI,Home,0
43,1862.46,12,0,0,4,20.98,425,3,1,0.0697,0.0097,Debit Card,Home,0
44,1293.55,14,3,0,2,2.65,755,2,0,0.1704,0.0165,Debit Card,Grocery,0
37,1820.03,7,0,0,3,15.83,323,2,0,0.0017,0.0494,Cash on Delivery,Electronics,0
27,1928.64,7,1,0,2,22.25,1851,3,1,0.188,0.0294,Credit Card,Home,0
34,1117.73,8,1,0,4,8.96,865,5,2,0.1858,0.0209,UPI,Home,0
40,5807.12,10,3,1,3,6.03,343,0,0,0.2199,0.1236,UPI,Home,0
36,666.6,11,0,0,1,9.78,493,0,0,0.007,0.0602,Cash on Delivery,Accessories,0
39,574.88,5,2,0,3,30.2,513,4,0,0.2909,0.059,UPI,Home,0
43,1420.66,9,0,0,4,9.91,1116,1,0,0.0203,0.048,Credit Card,Home,0
28,589.5,12,0,0,2,11.35,978,4,0,0.004,0.0246,Credit Card,Home,0
24,5516.5,12,1,0,4,9.82,526,2,2,0.1433,0.003,UPI,Fashion,0
23,1632.12,6,0,0,2,33.99,573,2,5,0.322,0.0366,Credit Card,Grocery,0
34,1520.8,5,1,1,4,3.78,585,0,0,0.2119,0.2463,UPI,Electronics,0
31,1565.01,5,1,0,1,13.66,687,2,0,0.177,0.0789,Debit Card,Beauty,0
41,2652.9,6,2,0,2,16.86,502,1,1,0.299,0.0427,Credit Card,Home,1
19,2764.08,3,1,1,3,17.17,673,6,2,0.3633,0.3152,UPI,Beauty,1
24,1291.98,4,0,0,3,21.61,495,1,0,0.08,0.083,UPI,Grocery,0
43,1318.1,8,2,0,4,20.31,844,4,1,0.1883,0.0388,UPI,Beauty,0
46,1661.77,4,0,0,3,19.87,1195,2,0,0.086,0.0317,UPI,Grocery,0
34,1665.87,11,0,0,4,18.31,660,1,0,0.0332,0.0165,UPI,Beauty,0
27,1502.26,2,0,0,2,4.76,273,7,6,0.2887,0.1024,Credit Card,Fashion,1
35,612.42,7,0,0,7,8.93,586,2,0,0.0396,0.0283,UPI,Fashion,0
27,1320.88,5,0,0,2,11.55,857,2,1,0.1365,0.0607,UPI,Fashion,0
31,1356.22,11,7,6,2,33.77,415,2,1,0.5223,0.529,Debit Card,Home,1
29,1559.2,8,2,0,2,13.0,226,4,2,0.2626,0.0464,Cash on Delivery,Fashion,1
30,920.52,13,0,0,4,12.77,996,4,0,0.0,0.017,Cash on Delivery,Grocery,0
47,1770.26,9,0,0,5,3.16,1600,2,0,0.0143,0.0,UPI,Home,0
33,934.86,7,0,0,4,20.01,804,1,0,0.0125,0.0517,Credit Card,Accessories,0
22,2731.4,4,1,0,3,3.84,605,3,2,0.3498,0.0535,UPI,Accessories,0
36,1116.09,9,2,1,1,7.5,637,1,2,0.2878,0.1473,Credit Card,Fashion,0
41,2318.83,11,2,0,3,9.54,465,2,1,0.206,0.0078,Credit Card,Electronics,0
25,1549.63,12,1,1,2,41.02,164,3,3,0.1738,0.1325,UPI,Fashion,1
35,1330.33,5,1,1,3,14.99,671,5,1,0.2648,0.2273,Credit Card,Beauty,1
34,587.62,6,0,0,3,14.48,768,1,0,0.0857,0.0496,UPI,Home,0
47,713.88,7,1,0,6,8.98,1425,1,0,0.1594,0.0246,Credit Card,Grocery,0
27,1678.64,4,2,2,4,18.27,642,5,2,0.478,0.4522,Debit Card,Electronics,1
41,763.88,12,0,0,4,30.76,842,3,1,0.0824,0.0,Net Banking,Accessories,1
25,1220.64,12,2,0,3,11.94,804,2,0,0.1804,0.0053,Credit Card,Electronics,0
29,1233.32,6,0,0,2,6.39,908,5,0,0.0558,0.0277,Debit Card,Accessories,0
36,923.8,12,3,0,4,15.63,773,3,1,0.2547,0.0536,Credit Card,Home,0
19,1413.04,4,1,0,2,13.66,617,2,1,0.2947,0.0687,UPI,Beauty,0
18,751.72,7,0,0,6,15.29,499,6,4,0.153,0.0429,Credit Card,Electronics,1
37,2338.02,5,0,0,2,11.05,1717,2,1,0.0883,0.0476,Credit Card,Home,1
33,857.69,8,7,1,3,39.75,622,5,2,0.6811,0.1438,Debit Card,Beauty,1
18,717.03,7,1,0,4,23.44,1180,5,0,0.1298,0.034,UPI,Accessories,1
22,1369.84,6,2,2,3,25.09,638,10,0,0.2391,0.3296,Cash on Delivery,Electronics,1
43,1962.34,6,3,1,4,18.04,535,1,0,0.4055,0.1896,Credit Card,Electronics,0
42,1304.97,12,1,1,5,7.87,989,1,1,0.1358,0.141,UPI,Beauty,0
39,1803.18,18,4,0,3,16.44,525,1,0,0.1755,0.0081,UPI,Electronics,0
28,2758.32,11,1,0,4,4.06,522,2,0,0.0826,0.0435,Credit Card,Grocery,0
36,1284.14,9,0,0,2,6.76,224,1,0,0.0315,0.0,Net Banking,Home,0
29,2592.2,11,0,0,2,13.48,605,2,0,0.0399,0.0313,Net Banking,Beauty,0
25,2328.49,10,0,0,1,5.29,586,0,1,0.1285,0.0285,Credit Card,Beauty,0
31,1932.87,9,0,0,4,18.58,821,1,0,0.025,0.0,UPI,Grocery,0
40,1078.38,7,0,0,1,20.16,1035,1,1,0.0932,0.0547,Debit Card,Electronics,0
34,1434.68,10,0,0,3,16.57,1141,0,3,0.3269,0.0122,UPI,Beauty,0
47,2032.86,11,0,0,4,13.98,921,2,2,0.1085,0.0456,Debit Card,Electronics,0
26,2527.52,4,1,0,5,17.95,288,1,5,0.5251,0.0732,UPI,Grocery,1
41,1270.87,10,4,0,5,12.82,816,5,2,0.3955,0.02,Credit Card,Grocery,0
41,1872.62,4,0,0,4,52.02,70,5,3,0.1352,0.0682,Credit Card,Fashion,1
40,1613.27,6,1,0,5,2.67,1281,1,0,0.1905,0.0113,UPI,Beauty,0
20,1512.28,6,1,0,2,13.29,717,4,1,0.2148,0.0669,Cash on Delivery,Fashion,1
31,582.55,10,1,0,2,18.4,230,1,0,0.0867,0.0229,Cash on Delivery,Fashion,0
24,1585.54,10,1,0,1,19.55,226,2,0,0.0468,0.0302,UPI,Accessories,0
32,4739.26,11,0,0,3,13.55,586,4,1,0.0839,0.0176,Credit Card,Fashion,0
28,1774.57,6,0,0,3,2.39,736,2,0,0.0455,0.0183,Net Banking,Beauty,0
31,1539.99,5,1,0,2,22.02,618,3,0,0.2419,0.0735,Cash on Delivery,Accessories,0
44,499.01,6,0,0,2,33.3,235,1,0,0.0664,0.0522,UPI,Home,1
38,864.42,11,1,0,4,7.2,1189,2,1,0.149,0.019,Credit Card,Home,0
43,1508.34,4,0,0,3,6.17,526,4,0,0.0505,0.0915,Debit Card,Beauty,0
20,1831.8,6,0,0,3,8.19,590,2,0,0.0797,0.0624,UPI,Electronics,1
35,1757.72,5,0,0,3,2.55,870,3,0,0.0758,0.0627,UPI,Beauty,0
43,1240.52,12,0,0,3,6.99,922,2,0,0.0039,0.0257,Debit Card,Grocery,0
48,1071.23,7,1,0,2,6.95,444,1,1,0.1775,0.0345,UPI,Accessories,0
20,993.67,4,0,0,3,24.21,393,1,1,0.1206,0.0922,UPI,Beauty,0
31,1151.25,6,1,0,2,12.88,272,3,0,0.1486,0.0401,UPI,Home,0
43,3041.48,3,0,0,3,19.32,1118,1,1,0.1344,0.0305,Credit Card,Fashion,0
32,716.98,10,0,0,2,4.06,907,3,1,0.0592,0.0309,Credit Card,Fashion,0
26,2829.28,8,0,0,3,8.79,669,2,0,0.0273,0.0041,UPI,Grocery,0
20,1055.52,5,1,0,4,18.92,266,3,2,0.2775,0.0135,UPI,Grocery,1
25,3372.86,6,0,0,3,34.56,758,3,0,0.0756,0.0515,Credit Card,Electronics,0
19,1616.17,5,0,0,5,7.35,1904,4,0,0.0676,0.0396,Debit Card,Accessories,0
35,794.17,14,0,0,3,13.49,684,4,1,0.0364,0.0003,UPI,Accessories,0
42,1115.57,5,0,0,3,3.47,722,1,1,0.1246,0.0565,Debit Card,Grocery,0
43,567.54,5,1,0,2,43.27,24,8,1,0.2164,0.0622,Credit Card,Grocery,0
23,1712.88,8,0,0,3,32.54,692,3,0,0.0522,0.0398,Cash on Delivery,Fashion,0
36,2025.49,5,0,0,3,11.08,414,2,2,0.1902,0.0,UPI,Home,0
42,1614.45,8,2,0,2,5.56,147,4,1,0.2437,0.0369,UPI,Beauty,0
34,2344.61,5,0,0,1,4.09,1107,1,0,0.0789,0.0505,Debit Card,Electronics,0
24,1054.85,7,2,2,5,45.29,148,5,1,0.2294,0.2919,Credit Card,Beauty,1
20,1402.19,6,0,0,3,17.1,562,1,0,0.0235,0.0502,Credit Card,Electronics,0
34,1392.81,5,1,1,5,30.66,442,4,2,0.2363,0.2397,Debit Card,Grocery,0
37,1954.42,9,0,0,5,23.21,335,2,1,0.081,0.0115,Debit Card,Fashion,1
34,3388.0,7,1,0,3,6.89,721,2,1,0.1711,0.0296,Debit Card,Electronics,0
33,831.75,9,1,1,4,3.22,1298,1,0,0.1218,0.1363,UPI,Fashion,0
29,827.06,10,0,0,5,10.53,516,1,0,0.0144,0.0597,UPI,Fashion,0
35,2059.95,10,1,1,2,19.2,287,5,0,0.1539,0.0956,UPI,Beauty,0
39,1168.45,6,0,0,2,5.18,1820,1,0,0.0903,0.0269,Cash on Delivery,Grocery,0
56,1678.66,10,3,2,3,8.62,753,2,1,0.2765,0.2199,UPI,Home,1
25,2908.21,5,3,2,2,21.31,376,6,5,0.5909,0.3658,Debit Card,Fashion,1
35,2761.47,8,0,0,5,3.73,1112,1,1,0.1174,0.0213,Debit Card,Accessories,0
48,738.88,9,0,0,3,31.89,1292,1,0,0.0537,0.0,UPI,Accessories,1
37,1027.12,11,2,1,3,9.43,319,1,1,0.2202,0.1064,Debit Card,Electronics,0
33,1653.08,7,0,0,3,24.94,492,0,1,0.1318,0.0334,UPI,Accessories,0
35,1608.37,7,2,0,3,13.55,795,0,0,0.2634,0.0014,Cash on Delivery,Fashion,0
23,1034.11,9,0,0,5,10.03,626,5,0,0.0134,0.0,Credit Card,Accessories,0
37,642.69,9,0,0,4,13.21,477,1,1,0.1178,0.0197,Credit Card,Home,0
18,1439.08,12,0,0,2,10.8,981,2,2,0.1509,0.0343,Net Banking,Home,0
26,1545.31,8,2,1,3,7.74,952,3,0,0.1911,0.131,Debit Card,Electronics,0
35,1651.97,2,0,0,4,5.25,928,1,0,0.1268,0.1087,Credit Card,Beauty,0
27,1720.88,8,0,0,4,45.8,799,7,2,0.1336,0.0573,UPI,Grocery,1
45,4368.33,13,2,1,4,9.45,844,4,1,0.1928,0.0703,Cash on Delivery,Home,1
47,973.73,12,0,0,2,9.03,953,4,0,0.0127,0.0283,UPI,Home,0
32,455.64,5,2,1,1,10.91,1249,2,1,0.3485,0.174,Net Banking,Home,0
24,2095.71,8,4,0,4,23.18,524,5,3,0.4435,0.0326,UPI,Electronics,0
35,2071.28,6,0,0,1,26.44,580,3,1,0.13,0.0294,Credit Card,Fashion,0
43,1825.27,4,1,0,1,32.53,1582,1,0,0.2456,0.0645,Cash on Delivery,Home,0
22,1520.73,8,0,0,3,15.13,586,3,1,0.1049,0.0466,Credit Card,Beauty,0
38,1727.04,9,0,0,4,18.35,225,2,0,0.0348,0.0276,Debit Card,Beauty,0
27,2015.5,6,0,0,5,8.54,806,3,2,0.1776,0.0151,Debit Card,Beauty,0
32,2405.73,5,0,0,3,6.99,715,4,0,0.0833,0.0722,Debit Card,Beauty,0
30,2815.02,14,0,0,3,12.74,396,3,0,0.0137,0.0,Credit Card,Fashion,0
38,988.7,8,0,0,2,12.67,1865,1,2,0.17,0.029,Credit Card,Grocery,1
39,422.3,5,1,0,3,15.92,875,1,3,0.3676,0.0591,UPI,Beauty,1
18,429.79,6,0,0,4,22.95,314,1,2,0.2061,0.0289,UPI,Electronics,0
42,1036.89,11,1,1,3,12.15,840,1,0,0.1013,0.1115,Cash on Delivery,Electronics,0
37,1503.27,4,0,0,4,4.62,1066,4,2,0.166,0.0819,Cash on Delivery,Fashion,0
36,919.16,7,0,0,5,20.08,1535,4,2,0.0975,0.0585,Credit Card,Beauty,0
51,1071.51,9,0,0,2,16.8,755,3,2,0.1278,0.0239,Credit Card,Electronics,1
20,1069.2,10,0,0,3,29.23,567,1,0,0.034,0.0354,Credit Card,Electronics,0
30,1085.3,1,0,0,5,34.91,631,3,2,0.2559,0.1558,Cash on Delivery,Fashion,1
31,1690.02,6,1,1,4,30.03,873,5,2,0.2827,0.2105,Cash on Delivery,Beauty,0
49,1651.32,8,1,1,4,3.17,649,0,2,0.2857,0.128,UPI,Grocery,0
31,924.99,5,1,1,2,8.22,1541,0,0,0.181,0.2047,UPI,Home,0
39,701.84,8,2,1,4,3.65,1372,0,0,0.2322,0.1056,Cash on Delivery,Accessories,0
31,1182.63,8,4,0,2,13.26,1912,2,1,0.4259,0.0257,Debit Card,Fashion,0
28,1232.32,6,0,0,3,12.08,490,3,0,0.0628,0.0956,Debit Card,Grocery,1
38,1639.33,10,0,0,3,9.22,748,5,0,0.0381,0.049,UPI,Home,0
43,2512.42,7,1,0,3,17.7,707,1,0,0.1685,0.0369,UPI,Fashion,0
38,1052.05,7,2,0,5,13.13,2607,2,0,0.2047,0.0099,UPI,Fashion,0
29,2126.87,11,0,0,2,8.23,1347,4,0,0.0055,0.0092,Credit Card,Accessories,0
67,2018.05,7,0,0,6,10.83,755,3,1,0.0984,0.0424,Net Banking,Fashion,0
45,887.57,7,0,0,3,19.95,1493,7,2,0.0889,0.0383,Credit Card,Fashion,0
42,1522.3,5,1,0,3,17.32,718,1,0,0.1777,0.0178,Net Banking,Grocery,0
31,1058.99,4,1,0,4,8.87,383,4,0,0.2304,0.0491,UPI,Beauty,1
28,931.83,7,0,0,3,6.03,910,4,1,0.0921,0.0151,UPI,Electronics,0
31,2030.66,7,0,0,3,19.99,565,2,0,0.031,0.0318,Cash on Delivery,Beauty,0
44,2947.85,6,0,0,2,9.48,425,0,1,0.1337,0.0636,Credit Card,Electronics,0
25,964.73,2,0,0,3,4.97,455,3,0,0.1268,0.0756,Credit Card,Accessories,0
24,1747.72,8,2,2,5,20.03,113,4,3,0.3134,0.2611,Credit Card,Accessories,1
24,1444.26,9,0,0,4,20.25,1414,2,2,0.145,0.0274,Credit Card,Grocery,0
39,1811.42,10,3,0,2,28.19,2520,1,0,0.2326,0.0,UPI,Electronics,0
37,1094.14,3,1,0,2,15.44,575,0,1,0.3706,0.1027,Credit Card,Beauty,1
38,961.14,2,1,0,1,24.36,336,6,2,0.4079,0.0721,Credit Card,Home,1
27,1509.0,5,0,0,4,5.77,1256,3,0,0.0925,0.0744,Net Banking,Grocery,0
26,3698.55,9,4,0,4,25.16,367,2,1,0.3707,0.0119,Net Banking,Grocery,0
24,1981.32,8,0,0,3,21.96,913,4,0,0.0452,0.0343,Debit Card,Fashion,0
24,1680.28,3,2,2,5,43.2,371,4,2,0.5068,0.5612,Credit Card,Beauty,1
47,650.23,6,0,0,2,4.59,310,1,2,0.1753,0.0302,UPI,Accessories,0
37,1080.99,8,1,1,1,9.17,2091,1,0,0.1773,0.1356,UPI,Home,0
33,976.17,6,2,1,4,14.66,1082,5,0,0.3242,0.2299,UPI,Home,0
18,1429.79,8,3,1,5,39.43,919,7,1,0.3349,0.1566,UPI,Accessories,1
22,987.34,8,0,0,5,10.42,1697,2,0,0.1016,0.0156,UPI,Electronics,0
22,516.46,6,1,1,1,15.97,819,2,1,0.2127,0.2194,UPI,Electronics,0
31,1391.68,8,0,0,3,18.48,870,2,0,0.0273,0.014,UPI,Home,0
41,1923.97,9,1,0,4,19.2,1208,2,0,0.1073,0.028,UPI,Electronics,0
39,537.01,9,0,0,4,31.56,3000,1,0,0.0471,0.0561,Credit Card,Fashion,1
36,1708.82,5,0,0,3,9.1,1072,8,3,0.1544,0.0369,Credit Card,Accessories,0
44,1116.57,3,0,0,4,16.98,1023,1,1,0.1288,0.0908,UPI,Electronics,0
21,1000.33,7,0,0,4,28.78,1304,3,1,0.071,0.0225,UPI,Fashion,0
36,1709.33,7,1,0,4,24.89,437,1,1,0.247,0.0432,Credit Card,Electronics,1
47,1248.92,8,1,1,3,23.0,328,2,0,0.1336,0.145,UPI,Electronics,0
46,2412.75,9,0,0,4,6.06,1638,0,0,0.0794,0.0289,Debit Card,Home,0
37,2905.85,11,2,0,3,26.14,757,5,1,0.1901,0.0147,Debit Card,Electronics,0
55,1457.83,7,1,0,4,24.14,1491,2,1,0.17,0.0037,UPI,Fashion,0
39,882.48,5,0,0,2,3.63,1346,4,0,0.0526,0.0242,Cash on Delivery,Grocery,0
43,785.83,3,0,0,2,6.99,523,5,1,0.1188,0.1303,Net Banking,Accessories,0
26,993.53,8,3,1,4,46.74,119,5,6,0.4931,0.1176,Cash on Delivery,Grocery,1
37,1435.95,6,1,1,5,30.21,257,6,4,0.2752,0.1758,UPI,Electronics,0
34,1097.9,10,1,1,5,20.29,757,3,1,0.1533,0.1225,Credit Card,Accessories,0
27,1865.29,8,0,0,2,2.02,682,3,0,0.0784,0.0377,UPI,Grocery,0
26,1926.58,7,0,0,3,8.69,562,0,2,0.2267,0.0195,UPI,Fashion,0
36,1444.02,10,2,0,3,19.03,468,0,1,0.2886,0.039,Net Banking,Electronics,0
32,809.16,8,0,0,3,9.8,1111,4,1,0.0813,0.0,UPI,Electronics,0
18,393.97,7,0,0,3,33.92,502,2,0,0.0458,0.0494,UPI,Beauty,0
25,3812.48,6,0,0,4,23.15,445,3,2,0.1702,0.0414,UPI,Beauty,1
31,2430.6,6,0,0,4,4.61,820,2,0,0.102,0.0636,Debit Card,Electronics,0
41,936.98,6,0,0,4,37.56,579,5,1,0.0729,0.0276,Debit Card,Grocery,0
39,757.14,3,0,0,2,12.87,237,6,3,0.1565,0.0754,UPI,Home,1
34,5039.65,9,1,0,2,3.92,733,1,2,0.2524,0.0,UPI,Electronics,1
34,875.52,7,2,2,4,17.86,797,3,1,0.275,0.3105,Credit Card,Beauty,0
33,1228.07,6,0,0,3,27.16,812,3,0,0.0665,0.026,Debit Card,Fashion,0
25,1871.57,4,0,0,4,6.73,1549,3,1,0.124,0.0519,Credit Card,Home,0
34,1302.63,9,0,0,4,10.16,669,2,0,0.0477,0.0318,Debit Card,Electronics,0
46,923.29,13,0,0,2,13.88,1604,3,1,0.0765,0.0149,UPI,Electronics,0
35,1012.23,7,3,0,3,15.98,1174,3,1,0.3704,0.0641,Credit Card,Accessories,0
20,717.84,9,1,0,4,11.27,1368,4,0,0.1091,0.0556,UPI,Grocery,0
23,718.6,8,0,0,6,16.52,137,0,1,0.1449,0.0165,Credit Card,Beauty,0
39,1132.81,10,0,0,3,14.08,813,1,0,0.0626,0.0311,Net Banking,Grocery,0
23,1623.27,4,3,1,5,9.32,522,6,1,0.5737,0.2663,UPI,Electronics,1
32,706.35,8,0,0,5,16.52,704,1,1,0.0809,0.0008,Debit Card,Grocery,1
33,1447.44,11,0,0,2,5.48,620,4,0,0.0424,0.077,UPI,Home,0
28,480.97,5,0,0,5,19.02,1008,3,0,0.0399,0.0548,Debit Card,Grocery,0
39,559.67,12,0,0,2,19.09,872,2,1,0.0649,0.0419,UPI,Electronics,0
31,1550.12,12,1,0,3,15.47,1877,1,1,0.1456,0.012,UPI,Grocery,0
32,1506.71,10,1,0,5,6.26,1368,1,0,0.0693,0.0,Debit Card,Home,0
26,3085.6,9,0,0,2,17.19,673,0,1,0.1403,0.0585,Cash on Delivery,Home,0
42,872.19,10,0,0,4,11.66,576,3,0,0.0063,0.0,Debit Card,Electronics,0
32,1060.26,9,0,0,4,7.12,423,5,1,0.0772,0.018,UPI,Home,1
39,954.94,10,1,0,3,9.51,1311,4,2,0.145,0.0311,UPI,Grocery,0
19,2560.14,9,2,2,5,45.77,683,7,2,0.2043,0.2158,UPI,Electronics,1
23,1145.65,2,0,0,4,12.3,1219,2,0,0.0906,0.0977,Net Banking,Accessories,0
50,2889.16,4,1,1,2,18.54,1634,1,0,0.2612,0.2782,UPI,Fashion,1
18,2104.2,9,4,4,1,24.41,264,7,4,0.4523,0.4241,UPI,Home,1
45,3122.72,7,1,1,5,13.23,811,2,3,0.2445,0.1775,UPI,Electronics,0
18,351.74,9,0,0,3,6.2,1367,3,0,0.0648,0.0376,Credit Card,Home,1
27,486.97,10,2,0,3,12.73,1197,2,0,0.1598,0.0153,Debit Card,Grocery,0
38,1157.05,10,0,0,5,17.36,784,2,0,0.0456,0.0159,UPI,Grocery,0
38,1750.32,5,1,1,2,22.47,188,6,1,0.2087,0.2075,Credit Card,Fashion,0
22,1432.35,7,0,0,4,13.2,896,2,1,0.0842,0.0483,Credit Card,Fashion,0
33,1289.21,7,0,0,3,11.71,374,2,1,0.1034,0.0569,UPI,Beauty,0
38,2361.32,4,0,0,5,14.16,2121,3,3,0.1862,0.0591,Cash on Delivery,Home,0
28,1654.38,7,2,2,7,27.75,150,6,2,0.2862,0.3079,UPI,Fashion,1
32,2073.97,10,0,0,3,6.02,847,3,0,0.0301,0.0004,Credit Card,Beauty,0
39,587.29,10,2,1,3,37.04,129,1,0,0.1284,0.1032,UPI,Beauty,0
24,1765.85,7,1,1,2,24.22,647,3,1,0.1984,0.1505,Credit Card,Electronics,1
28,637.42,5,0,0,3,10.97,627,1,1,0.1388,0.04,UPI,Electronics,0
18,2283.0,19,2,0,3,20.54,363,0,0,0.0864,0.0,UPI,Grocery,0
43,883.34,8,0,0,3,16.62,1835,5,0,0.0524,0.0603,Debit Card,Fashion,0
43,695.98,9,0,0,4,7.61,681,1,0,0.0744,0.0533,Debit Card,Accessories,0
57,583.19,6,0,0,2,5.34,429,1,0,0.0456,0.0097,UPI,Fashion,0
18,358.05,6,0,0,4,28.07,866,3,0,0.0647,0.0127,UPI,Home,1
41,802.78,5,0,0,5,22.01,1037,2,0,0.0754,0.0657,UPI,Fashion,0
18,1432.67,5,0,0,4,20.84,1397,1,1,0.1328,0.0314,Cash on Delivery,Electronics,0
50,474.25,4,0,0,3,22.67,261,1,1,0.1326,0.0428,UPI,Electronics,0
38,1344.15,9,0,0,4,20.02,539,4,0,0.0455,0.0126,Cash on Delivery,Electronics,1
25,2273.82,9,0,0,2,10.72,847,4,0,0.0789,0.0111,UPI,Fashion,1
28,834.75,3,1,0,4,23.53,224,9,2,0.3373,0.0625,Debit Card,Beauty,0
41,2495.39,10,2,0,3,26.81,989,1,1,0.2193,0.0,UPI,Accessories,0
38,940.33,6,0,0,4,21.09,58,6,2,0.1414,0.074,UPI,Electronics,1
29,1932.86,11,1,0,4,35.4,1051,2,0,0.1032,0.0648,Debit Card,Fashion,0
37,2703.18,5,0,0,2,5.49,620,3,0,0.0458,0.0647,UPI,Accessories,0
36,1385.3,9,1,0,2,2.99,513,3,0,0.1008,0.0355,UPI,Accessories,0
50,1148.21,8,0,0,3,15.83,318,5,2,0.153,0.0447,UPI,Grocery,0
50,1065.7,8,1,0,1,9.14,940,2,0,0.1184,0.0215,Credit Card,Home,0
29,1152.58,12,2,0,3,7.08,385,3,0,0.118,0.0346,Credit Card,Grocery,1
35,2202.63,5,1,1,1,24.44,184,4,1,0.1832,0.1746,Net Banking,Electronics,1
44,900.03,8,0,0,3,16.48,701,3,0,0.0325,0.0133,UPI,Home,0
37,1861.89,5,0,0,2,16.3,435,1,1,0.1336,0.0576,Net Banking,Grocery,0
33,1226.96,2,1,0,7,38.49,393,3,2,0.4985,0.0978,Credit Card,Fashion,1
34,900.58,2,2,0,4,13.33,1012,5,4,0.7519,0.1511,UPI,Grocery,1
30,592.67,7,2,1,5,22.65,452,2,4,0.4543,0.1623,Credit Card,Beauty,1
21,845.14,8,0,0,4,6.04,720,1,1,0.0809,0.0213,UPI,Grocery,0
28,1138.34,2,0,0,3,21.28,779,1,0,0.135,0.0792,Debit Card,Electronics,0
55,855.91,8,0,0,4,22.6,1036,4,0,0.0616,0.0,Credit Card,Electronics,0
37,1656.55,10,0,0,5,10.16,333,2,2,0.1391,0.0691,UPI,Electronics,0
43,517.77,11,0,0,5,20.33,1109,2,1,0.0985,0.0,Credit Card,Electronics,0
32,260.39,8,0,0,3,9.79,1139,1,0,0.0426,0.0084,Debit Card,Accessories,0
29,893.76,8,0,0,4,17.08,456,4,0,0.0981,0.0375,Credit Card,Accessories,1
34,4776.07,7,0,0,2,7.37,435,5,0,0.0,0.0268,UPI,Home,0
32,1128.43,9,0,0,3,13.41,579,4,1,0.1036,0.045,Net Banking,Electronics,0
21,1588.38,5,0,0,3,23.36,1605,3,3,0.2017,0.0439,Cash on Delivery,Fashion,1
25,2947.04,10,0,0,5,12.55,303,6,1,0.0819,0.0325,UPI,Electronics,1
31,1602.22,4,1,0,3,31.71,189,7,3,0.3132,0.0786,Cash on Delivery,Home,1
40,855.26,8,0,0,4,9.82,1091,0,2,0.1866,0.0517,Credit Card,Fashion,0
31,3058.42,6,0,0,3,9.24,932,2,0,0.0263,0.0517,UPI,Grocery,0
34,1865.35,10,0,0,2,22.57,1709,1,2,0.1764,0.0355,Credit Card,Fashion,1
36,1968.4,7,1,1,3,9.98,1188,4,0,0.1603,0.1676,Debit Card,Home,1
37,1124.22,9,1,0,4,4.55,142,1,0,0.1798,0.0123,Credit Card,Home,0
31,1360.44,7,1,1,5,28.74,211,4,5,0.331,0.1697,Credit Card,Electronics,1
44,737.39,13,0,0,6,6.44,1338,3,0,0.0,0.0187,Debit Card,Fashion,0
24,1327.04,9,1,0,5,15.16,565,4,1,0.2058,0.0171,Net Banking,Electronics,0
39,1490.36,15,0,0,2,23.41,647,2,0,0.0645,0.0442,Debit Card,Grocery,0
41,1144.49,11,0,0,3,31.24,386,1,0,0.0227,0.0261,Net Banking,Electronics,0
29,838.1,3,1,1,3,21.97,318,4,2,0.328,0.3354,UPI,Electronics,1
43,1428.29,6,0,0,3,29.75,1182,1,0,0.0307,0.0363,Debit Card,Grocery,0
21,401.19,5,0,0,2,13.29,273,3,1,0.1217,0.0578,Credit Card,Electronics,0
36,738.62,6,0,0,3,12.46,747,0,0,0.0956,0.0518,Net Banking,Fashion,0
49,1055.05,8,0,0,3,18.47,1740,2,0,0.0463,0.0614,UPI,Electronics,0
33,1954.46,7,1,0,2,4.11,1213,1,0,0.1645,0.0585,Credit Card,Fashion,0
38,658.33,9,0,0,2,9.4,986,3,0,0.0,0.0267,Debit Card,Electronics,0
41,1599.32,4,0,0,4,19.88,606,3,0,0.1246,0.0522,Debit Card,Accessories,0
25,2167.74,8,1,0,4,23.81,1301,1,0,0.1207,0.0187,UPI,Beauty,0
51,1618.45,8,0,0,4,17.72,537,3,3,0.1614,0.0551,Credit Card,Beauty,0
35,2074.21,5,3,1,5,4.27,862,5,3,0.5423,0.2257,UPI,Fashion,1
38,715.57,8,0,0,3,7.57,1067,2,2,0.1153,0.0612,Net Banking,Grocery,0
39,2681.5,5,0,0,2,6.08,1371,2,1,0.0756,0.063,Credit Card,Beauty,0
32,845.37,6,3,2,6,27.58,629,4,1,0.4208,0.3191,Credit Card,Beauty,1
19,649.91,7,1,1,2,2.42,512,0,0,0.134,0.1406,Cash on Delivery,Grocery,0
41,1380.07,7,0,0,4,16.69,836,4,0,0.0171,0.0083,Credit Card,Fashion,0
39,2159.01,11,1,0,2,12.48,820,1,0,0.0647,0.0274,UPI,Home,0
49,2801.76,13,2,1,2,10.11,1125,6,0,0.1729,0.097,UPI,Home,0
22,1422.76,6,2,1,3,21.03,610,7,1,0.2852,0.191,Debit Card,Accessories,0
31,1928.04,13,1,0,3,13.83,465,1,1,0.1338,0.0314,Debit Card,Electronics,1
25,1178.97,8,0,0,3,9.7,927,1,0,0.0295,0.0468,UPI,Fashion,0
28,948.97,9,1,0,2,9.42,717,2,0,0.0711,0.0366,Credit Card,Home,0
29,872.58,5,0,0,5,17.6,1417,2,1,0.0966,0.0286,UPI,Home,0
33,1516.3,4,0,0,2,33.2,109,6,0,0.0614,0.0314,UPI,Fashion,0
24,1102.76,7,0,0,4,10.15,1009,1,0,0.0832,0.0629,Net Banking,Beauty,0
46,889.11,9,1,0,4,17.2,1047,1,0,0.1016,0.0665,UPI,Electronics,0
46,1176.47,6,1,0,3,10.69,967,5,1,0.178,0.0499,UPI,Grocery,0
32,1397.19,6,0,0,3,10.45,562,0,2,0.2193,0.084,UPI,Fashion,0
30,950.71,8,1,0,5,6.95,488,2,1,0.1571,0.0293,Credit Card,Electronics,1
18,1477.96,5,0,0,4,11.37,1101,0,0,0.0975,0.0444,UPI,Grocery,0
40,822.81,9,0,0,4,17.97,229,1,2,0.1365,0.0545,UPI,Electronics,1
49,1334.31,11,0,0,2,7.65,542,2,1,0.1131,0.0148,Credit Card,Beauty,0
31,1094.67,5,0,0,3,20.08,79,3,2,0.1254,0.059,Cash on Delivery,Accessories,0
28,6949.41,14,0,0,4,9.62,806,1,1,0.1255,0.0146,Credit Card,Fashion,0
33,2907.74,10,0,0,5,8.1,1019,3,1,0.0732,0.0522,UPI,Electronics,0
34,811.1,10,2,2,3,5.28,314,5,1,0.249,0.1933,UPI,Accessories,1
38,1187.1,7,0,0,4,1.55,371,3,0,0.0221,0.0375,Cash on Delivery,Home,0
28,2302.08,5,0,0,4,17.76,661,1,4,0.3363,0.0559,UPI,Home,1
35,1658.92,3,2,0,4,11.42,743,7,0,0.4415,0.0795,UPI,Electronics,1
50,640.76,6,0,0,3,11.43,741,3,2,0.1495,0.0273,Cash on Delivery,Accessories,0
36,2732.47,7,1,1,5,19.75,836,1,0,0.1343,0.1561,UPI,Fashion,0
36,1756.2,2,1,0,3,13.09,757,0,0,0.345,0.0836,UPI,Grocery,0
36,1012.43,7,1,0,3,4.72,852,4,1,0.1812,0.0354,Cash on Delivery,Electronics,1
21,3598.17,10,2,0,4,25.31,593,1,0,0.1401,0.0007,Cash on Delivery,Fashion,0
21,529.74,6,1,1,2,14.32,1268,3,1,0.2266,0.2068,UPI,Home,0
27,949.07,11,1,1,4,5.46,983,3,0,0.0909,0.087,Credit Card,Grocery,0
43,1732.79,13,1,0,4,25.9,723,1,2,0.2321,0.0281,UPI,Electronics,0
31,1176.36,10,0,0,2,14.32,248,0,0,0.0185,0.0238,UPI,Fashion,0
29,1282.83,7,0,0,2,48.82,81,5,1,0.0448,0.0386,Debit Card,Electronics,0
29,2690.18,11,0,0,5,14.24,916,3,2,0.1362,0.0378,Debit Card,Accessories,0
29,1182.05,3,1,0,3,31.12,361,4,1,0.2915,0.0768,Debit Card,Home,0
33,3095.29,8,0,0,4,11.43,256,2,0,0.0181,0.0188,UPI,Fashion,0
35,1936.23,8,5,0,2,8.01,60,4,2,0.5289,0.0291,Credit Card,Beauty,1
25,1357.81,7,2,1,4,14.55,183,4,0,0.2382,0.1558,UPI,Electronics,0
49,1072.06,10,2,1,3,18.27,455,0,2,0.3467,0.1162,Cash on Delivery,Fashion,0
26,1139.98,6,2,1,3,21.47,502,5,1,0.2594,0.1827,UPI,Accessories,0
33,2331.23,7,0,0,3,7.13,991,2,1,0.099,0.0399,Cash on Delivery,Home,0
34,1395.05,9,4,2,5,37.35,456,1,5,0.6618,0.2271,Credit Card,Accessories,1
27,578.32,6,0,0,2,21.07,992,1,2,0.161,0.0574,Debit Card,Home,0
34,1477.0,7,1,0,3,29.19,113,2,2,0.2245,0.0292,UPI,Accessories,0
50,3964.91,6,0,0,3,9.87,982,0,0,0.0069,0.0179,Credit Card,Home,0
29,3268.46,12,0,0,3,14.33,279,1,2,0.1524,0.0097,Debit Card,Fashion,0
23,2220.93,8,1,1,3,7.31,1285,0,1,0.1996,0.1555,Credit Card,Accessories,0
29,2863.14,8,0,0,2,8.61,1140,2,0,0.0216,0.0668,UPI,Accessories,0
26,1322.47,5,1,0,2,18.35,156,2,0,0.2029,0.0381,UPI,Home,0
35,3059.77,5,0,0,1,15.56,242,1,0,0.0393,0.0151,Debit Card,Electronics,0
40,1443.77,10,2,0,4,17.98,910,1,0,0.1376,0.0202,Credit Card,Beauty,0
43,791.74,9,3,0,4,17.84,594,3,0,0.2949,0.0131,Net Banking,Accessories,0
25,815.4,8,0,0,3,18.97,1271,0,1,0.1394,0.0411,UPI,Home,0
47,4197.96,7,2,1,4,39.5,182,2,4,0.4021,0.1373,UPI,Fashion,1
25,1815.41,14,0,0,2,17.32,531,3,3,0.1595,0.0243,Credit Card,Beauty,0
31,1214.97,5,0,0,4,8.99,1556,1,0,0.0726,0.0609,Credit Card,Accessories,0
40,2415.88,10,1,0,3,7.5,1177,3,1,0.1268,0.0456,UPI,Electronics,0
23,947.36,5,0,0,2,7.16,383,3,0,0.0392,0.071,Debit Card,Electronics,0
34,2415.8,9,5,2,7,21.36,56,2,2,0.4802,0.2369,UPI,Beauty,0
29,1219.64,7,2,0,3,26.83,1668,4,0,0.244,0.0517,Cash on Delivery,Accessories,0
29,956.92,6,1,1,4,6.93,229,4,2,0.2597,0.2015,Credit Card,Grocery,1
29,971.61,9,0,0,5,9.07,905,1,1,0.1016,0.0534,UPI,Grocery,1
42,1288.56,8,0,0,3,8.58,752,5,0,0.0116,0.0258,Cash on Delivery,Grocery,0
36,1275.31,6,1,1,6,28.21,238,8,3,0.2269,0.21,UPI,Home,1
39,1079.05,9,1,0,4,16.54,488,2,0,0.078,0.0533,Credit Card,Home,0
42,1435.8,10,0,0,2,12.86,861,3,0,0.0098,0.0365,UPI,Beauty,0
46,1487.02,12,0,0,3,18.02,1289,1,1,0.0765,0.044,UPI,Home,0
31,389.18,5,0,0,3,25.6,985,3,0,0.0755,0.0797,Debit Card,Home,0
25,789.98,11,3,3,5,15.92,137,4,2,0.2738,0.2658,UPI,Electronics,1
23,2227.84,9,0,0,5,7.02,1015,2,1,0.0862,0.0137,Debit Card,Accessories,0
36,1756.36,5,0,0,7,39.86,372,3,2,0.1545,0.0457,Credit Card,Beauty,0
23,806.31,11,0,0,4,5.64,826,1,0,0.0025,0.0236,Debit Card,Electronics,0
18,1909.85,8,0,0,4,10.54,1422,2,0,0.0204,0.0677,Debit Card,Grocery,0
30,574.51,5,4,0,3,15.28,908,0,2,0.7137,0.0691,UPI,Beauty,0
31,1061.29,5,0,0,1,11.18,504,3,0,0.1012,0.0269,Cash on Delivery,Fashion,0
36,2958.64,5,0,0,5,30.36,484,4,1,0.0919,0.0836,Credit Card,Fashion,1
41,5008.02,7,1,1,3,13.13,565,3,1,0.1895,0.1826,Credit Card,Grocery,0
34,1906.71,10,2,0,2,13.94,790,3,2,0.2806,0.0566,UPI,Beauty,0
39,1863.82,4,1,0,2,23.62,1041,6,1,0.2499,0.0415,Credit Card,Home,0
30,932.96,12,2,2,4,10.79,707,2,1,0.2226,0.1389,UPI,Accessories,0
33,1291.78,6,0,0,2,17.04,1332,1,1,0.1218,0.0649,Cash on Delivery,Accessories,0
25,528.14,9,2,1,3,41.91,370,3,3,0.2986,0.107,Debit Card,Home,0
25,768.32,6,0,0,4,11.01,1026,1,0,0.0712,0.0176,UPI,Home,0
43,640.55,9,0,0,3,14.77,794,4,0,0.0622,0.0074,UPI,Fashion,1
27,1456.17,6,1,0,4,3.71,539,1,1,0.2241,0.0431,Credit Card,Fashion,0
24,6584.63,7,0,0,2,17.35,674,3,0,0.0336,0.0287,Credit Card,Grocery,1
41,2748.14,6,0,0,3,7.33,627,3,0,0.0518,0.0341,Cash on Delivery,Fashion,0
39,1171.81,9,0,0,5,17.88,1158,3,1,0.0886,0.0,Credit Card,Home,0
18,2075.21,11,1,0,4,11.04,156,3,1,0.1483,0.0185,Credit Card,Fashion,1
42,1464.7,4,0,0,3,1.81,530,1,0,0.1148,0.0586,Cash on Delivery,Fashion,0
19,801.1,4,0,0,3,9.83,434,2,1,0.1051,0.04,Debit Card,Home,0
27,620.85,12,1,1,4,5.81,366,4,1,0.123,0.1018,Cash on Delivery,Fashion,0
31,1815.92,10,1,1,4,17.87,526,3,1,0.1361,0.1006,UPI,Grocery,0
36,592.48,5,1,0,4,7.9,1007,1,0,0.1653,0.0695,Cash on Delivery,Electronics,0
39,855.77,2,0,0,4,3.14,1026,1,0,0.1219,0.0855,Credit Card,Electronics,0
38,1779.68,8,0,0,2,13.7,970,3,0,0.0796,0.046,UPI,Accessories,0
34,1224.89,5,3,0,3,13.58,352,3,2,0.5063,0.0278,UPI,Electronics,0
30,1501.46,9,1,0,3,8.9,835,1,1,0.1777,0.0396,Net Banking,Electronics,0
38,657.03,8,0,0,1,6.35,1475,5,0,0.0514,0.0081,Debit Card,Fashion,0
33,622.76,11,2,0,2,13.94,670,3,0,0.1394,0.0378,Credit Card,Fashion,1
50,1178.09,11,0,0,4,13.86,731,4,1,0.0765,0.0443,Net Banking,Electronics,1
39,695.61,8,1,0,3,10.77,559,5,0,0.08,0.0109,UPI,Fashion,0
26,1103.58,7,1,0,1,7.56,781,2,0,0.1688,0.0447,Net Banking,Home,0
30,646.05,10,0,0,2,15.94,822,1,2,0.2053,0.0182,Credit Card,Fashion,1
34,823.09,6,0,0,2,18.45,790,2,3,0.1757,0.0495,Debit Card,Fashion,0
46,3794.22,6,0,0,2,19.79,752,1,0,0.0753,0.0593,UPI,Fashion,0
47,1409.28,3,0,0,3,9.68,192,3,1,0.1519,0.088,Debit Card,Electronics,0
30,1712.78,7,0,0,4,30.62,1991,3,0,0.0461,0.0057,UPI,Home,0
24,1547.21,3,1,0,6,13.89,204,9,3,0.3525,0.0816,Credit Card,Electronics,1
27,1883.61,6,5,2,4,37.0,195,3,3,0.676,0.3449,Cash on Delivery,Home,1
26,1832.23,11,0,0,3,16.83,1543,4,0,0.0256,0.0,UPI,Beauty,0
24,652.43,10,1,1,2,17.75,1093,2,0,0.1049,0.1562,UPI,Electronics,0
36,2322.82,10,0,0,4,29.72,721,2,0,0.0674,0.0297,Credit Card,Home,0
55,1280.06,8,0,0,2,5.02,1275,1,0,0.0527,0.0523,Net Banking,Accessories,0
39,1158.59,4,1,0,3,13.69,1069,2,0,0.2144,0.0508,UPI,Fashion,1
20,858.26,3,0,0,4,9.57,1419,3,2,0.1899,0.1288,Debit Card,Electronics,0
27,1275.33,6,0,0,3,12.89,659,1,1,0.1342,0.0338,UPI,Beauty,1
28,1390.04,3,0,0,2,7.74,654,1,1,0.1254,0.0679,Credit Card,Electronics,0
42,1038.6,5,2,2,3,19.55,239,3,2,0.3852,0.3808,Debit Card,Fashion,1
27,3170.28,12,1,0,5,6.35,1848,3,0,0.1102,0.0429,Credit Card,Beauty,0
31,587.27,4,0,0,1,5.34,1324,0,1,0.1716,0.1107,Credit Card,Fashion,1
37,4417.34,8,0,0,4,11.13,1176,4,0,0.0489,0.0192,Credit Card,Beauty,0
40,1179.73,12,0,0,2,20.8,427,2,0,0.0331,0.0196,Cash on Delivery,Fashion,0
47,2188.92,5,1,1,5,27.68,285,3,2,0.2717,0.2258,Cash on Delivery,Home,0
44,1227.89,7,1,1,3,15.14,527,2,3,0.2875,0.1546,Debit Card,Beauty,1
39,1805.32,6,0,0,3,12.06,287,3,0,0.0132,0.0093,UPI,Electronics,0
18,1819.44,6,2,0,3,26.74,364,1,1,0.3157,0.0669,Credit Card,Beauty,0
32,1439.77,7,4,2,3,20.85,319,6,2,0.4487,0.2902,Credit Card,Grocery,1
29,2125.19,5,1,0,6,20.26,632,3,3,0.2976,0.0496,UPI,Fashion,1
24,3214.97,5,0,0,3,9.37,718,2,2,0.1947,0.0988,Cash on Delivery,Fashion,0
33,1244.26,4,0,0,4,21.43,586,5,0,0.0521,0.015,UPI,Fashion,0
35,1704.76,6,0,0,2,11.67,776,2,1,0.0869,0.0477,UPI,Accessories,0
42,445.82,9,0,0,4,21.05,924,3,0,0.0,0.0373,Debit Card,Electronics,0
26,1421.93,2,2,1,2,22.41,186,5,0,0.6146,0.4096,UPI,Fashion,0
34,1159.58,8,2,0,4,6.54,470,0,0,0.2324,0.0269,UPI,Beauty,0
36,801.47,7,0,0,3,44.57,229,5,3,0.1177,0.0225,Credit Card,Fashion,1
34,900.12,10,1,0,3,23.65,961,3,0,0.1042,0.0181,Debit Card,Home,1
47,3179.0,6,1,1,7,46.91,439,6,6,0.314,0.1871,Debit Card,Accessories,1
36,1279.97,2,0,0,4,10.83,877,3,0,0.1805,0.1267,Debit Card,Beauty,0
43,1467.88,6,0,0,7,12.85,144,6,1,0.0942,0.0691,Cash on Delivery,Fashion,0
32,1148.06,10,4,0,3,8.06,544,6,0,0.3375,0.0264,Cash on Delivery,Electronics,0
35,2479.94,6,0,0,2,15.64,1281,3,0,0.0132,0.0642,Cash on Delivery,Home,0
44,1490.22,7,0,0,3,21.45,739,1,2,0.1946,0.0182,Debit Card,Grocery,0
33,1030.65,13,1,1,5,16.94,341,2,0,0.0446,0.1051,Cash on Delivery,Fashion,0
34,2072.59,7,1,0,2,13.77,379,4,0,0.1261,0.0203,UPI,Accessories,0
38,2435.41,7,1,1,4,14.71,422,3,2,0.2551,0.1518,Credit Card,Electronics,1
34,723.84,6,0,0,2,23.42,1155,1,0,0.0611,0.0297,Cash on Delivery,Grocery,0
46,1434.88,9,0,0,4,16.51,848,4,1,0.0828,0.0202,Cash on Delivery,Beauty,0
24,1168.97,9,1,1,2,17.32,730,4,0,0.1577,0.1556,Cash on Delivery,Home,0
38,1452.47,9,8,3,6,15.86,479,7,2,0.7304,0.339,Credit Card,Electronics,1
50,1763.55,1,0,0,2,11.73,743,2,2,0.2286,0.1433,Net Banking,Fashion,1
23,1485.88,14,3,0,3,24.5,455,3,1,0.2292,0.0406,Credit Card,Accessories,1
28,1398.87,15,0,0,4,11.22,744,1,1,0.1133,0.0006,UPI,Fashion,0
41,1820.85,10,1,0,4,3.89,454,2,0,0.1122,0.0377,Cash on Delivery,Electronics,0
43,280.68,8,0,0,5,8.69,779,3,1,0.0983,0.0123,Credit Card,Electronics,0
21,1584.75,13,0,0,5,15.59,860,2,0,0.0321,0.0491,UPI,Fashion,0
24,1906.19,5,1,0,4,9.45,413,2,0,0.197,0.0731,Cash on Delivery,Fashion,0
37,1716.26,11,1,0,4,24.0,528,3,0,0.0859,0.0266,Debit Card,Electronics,0
55,1438.53,6,0,0,2,16.7,1031,0,1,0.115,0.0538,UPI,Grocery,0
45,3029.99,10,0,0,3,10.48,1227,3,0,0.0422,0.0034,UPI,Grocery,0
32,2136.01,10,0,0,4,16.51,1212,3,2,0.1301,0.0402,Debit Card,Beauty,0
18,1513.97,10,1,1,2,4.02,728,0,0,0.0697,0.1025,Debit Card,Electronics,1
35,1918.72,11,3,0,5,6.85,1391,1,1,0.2939,0.0467,UPI,Grocery,0
37,1376.58,10,1,0,3,16.94,527,2,2,0.1823,0.0134,UPI,Beauty,0
31,1388.7,12,1,0,3,24.82,293,3,0,0.0188,0.0239,Cash on Delivery,Accessories,0
26,1873.45,4,0,0,4,30.5,606,1,0,0.0615,0.0938,Credit Card,Home,0
35,1291.22,6,0,0,3,13.69,577,1,1,0.1013,0.0014,UPI,Electronics,0
26,792.15,12,1,1,3,16.53,511,3,0,0.1186,0.0735,UPI,Grocery,0
51,825.94,13,1,1,1,5.36,1135,1,2,0.1641,0.1158,Net Banking,Fashion,0
48,465.74,10,0,0,4,3.66,805,3,0,0.132,0.0346,Debit Card,Electronics,0
36,1578.91,5,1,0,6,20.44,120,3,3,0.3186,0.0981,UPI,Home,0
40,1094.27,9,0,0,4,13.49,1398,8,2,0.1011,0.0336,UPI,Grocery,0
35,1340.37,6,1,0,3,32.78,595,3,3,0.2773,0.0399,UPI,Home,0
28,1473.35,8,2,0,4,8.42,692,1,0,0.1966,0.0228,Credit Card,Beauty,0
34,2803.46,10,0,0,4,22.73,1026,0,0,0.0146,0.0271,UPI,Fashion,0
49,795.07,12,0,0,5,23.79,1251,5,0,0.0265,0.0145,Credit Card,Home,0
42,2418.61,7,0,0,1,3.95,1775,4,0,0.0896,0.0318,Debit Card,Fashion,0
29,1020.38,4,0,0,7,14.42,80,10,0,0.0506,0.0721,Credit Card,Electronics,1
36,2284.79,21,1,0,1,16.52,705,2,1,0.0943,0.0364,UPI,Electronics,0
42,2181.69,4,0,0,3,2.73,167,3,0,0.0414,0.0888,UPI,Fashion,0
39,989.6,7,1,0,2,13.75,144,2,0,0.1658,0.0114,UPI,Grocery,1
38,761.39,11,2,2,4,8.92,2148,0,1,0.1941,0.1564,Cash on Delivery,Accessories,0
43,297.91,8,1,0,2,14.35,676,3,3,0.2548,0.0749,UPI,Grocery,1
39,1174.57,10,0,0,4,11.87,1777,0,1,0.1482,0.0231,UPI,Home,0
42,1154.36,3,0,0,2,20.56,835,0,3,0.349,0.0711,UPI,Fashion,1
35,612.56,5,1,0,3,13.75,1472,1,1,0.2781,0.0491,Credit Card,Fashion,0
23,1630.87,5,2,1,5,51.25,119,2,5,0.5593,0.2052,Debit Card,Electronics,1
32,1212.14,6,0,0,1,7.46,1227,5,0,0.0844,0.0635,Debit Card,Fashion,0
29,261.63,6,3,0,5,9.39,403,5,1,0.3815,0.0152,Debit Card,Home,0
28,1058.81,3,0,0,3,10.38,1691,3,1,0.1254,0.0946,UPI,Fashion,0
20,1934.65,7,0,0,4,13.23,461,5,2,0.1161,0.0714,Credit Card,Home,0
29,1180.86,4,2,2,5,30.05,516,4,0,0.3995,0.4684,Cash on Delivery,Accessories,1
26,1630.54,11,1,0,3,19.9,1288,2,2,0.2178,0.0118,UPI,Fashion,0
26,724.2,7,0,0,3,13.71,1133,1,0,0.0597,0.0629,Credit Card,Beauty,0
29,1483.88,8,1,0,3,13.08,1372,2,0,0.1311,0.0343,UPI,Home,0
48,1514.26,5,3,0,3,3.57,795,3,1,0.4627,0.0759,Debit Card,Fashion,1
33,5024.05,7,0,0,3,28.1,1269,1,0,0.0128,0.0615,Credit Card,Fashion,0
36,465.04,7,1,0,5,15.16,483,1,1,0.1799,0.0575,UPI,Electronics,0
32,422.93,7,0,0,5,22.73,326,6,2,0.1277,0.0482,UPI,Accessories,0
18,1900.82,10,1,0,5,29.37,329,5,2,0.1667,0.032,Credit Card,Fashion,1
36,462.35,10,1,0,2,22.38,759,3,0,0.0724,0.0438,UPI,Fashion,0
48,622.75,11,2,2,4,8.03,1240,2,1,0.1907,0.1532,UPI,Electronics,0
29,798.7,8,0,0,3,10.81,1422,3,1,0.0719,0.0697,Credit Card,Fashion,0
32,1732.73,7,3,1,3,1.58,481,1,0,0.3124,0.145,UPI,Electronics,1
33,465.3,9,1,0,3,6.65,1247,0,0,0.1035,0.0101,Net Banking,Electronics,0
44,500.64,13,2,0,4,13.9,1201,4,1,0.1984,0.0315,Cash on Delivery,Fashion,0
46,1108.6,10,0,0,3,11.04,1127,2,0,0.0606,0.0205,Credit Card,Fashion,0
38,1524.5,9,0,0,4,8.14,688,4,1,0.0387,0.0144,Net Banking,Grocery,1
28,886.01,8,1,1,4,47.09,577,5,2,0.1693,0.1544,UPI,Fashion,1
22,1683.31,5,3,0,2,45.62,415,9,2,0.4966,0.0396,UPI,Accessories,1
45,1446.96,11,2,0,5,20.24,87,2,3,0.2727,0.0281,UPI,Home,0
37,1551.86,8,3,1,7,36.14,528,5,4,0.4237,0.121,Credit Card,Fashion,1
36,1096.53,16,4,1,4,14.87,1191,2,0,0.2087,0.0789,Credit Card,Accessories,0
32,4116.44,9,2,2,5,8.29,1430,2,0,0.2202,0.2722,UPI,Electronics,0
45,768.4,5,1,0,3,15.34,1549,3,1,0.2291,0.0565,Debit Card,Fashion,1
38,1600.78,6,0,0,4,17.43,349,1,0,0.0589,0.0435,UPI,Fashion,0
25,1160.06,5,1,0,6,20.99,98,3,0,0.1667,0.0567,UPI,Fashion,0
27,1287.19,9,1,0,2,11.44,208,7,0,0.0983,0.0581,Credit Card,Home,0
32,1749.3,4,2,0,2,4.4,632,4,2,0.4901,0.0977,UPI,Beauty,1
43,874.62,10,0,0,2,4.77,623,2,0,0.0385,0.0221,UPI,Accessories,0
32,3089.22,10,0,0,6,12.13,1045,1,1,0.0832,0.0486,UPI,Electronics,0
31,911.93,16,1,1,4,9.81,1160,1,0,0.1169,0.0501,Credit Card,Fashion,0
42,1144.83,10,2,0,3,2.97,648,1,1,0.2113,0.0187,Debit Card,Grocery,1
33,1291.14,10,1,1,3,8.06,720,1,0,0.1176,0.1412,UPI,Accessories,0
38,760.85,6,0,0,3,6.31,763,1,0,0.0536,0.0319,Cash on Delivery,Electronics,0
40,935.9,12,1,0,2,2.18,396,3,1,0.135,0.0412,UPI,Home,0
27,706.62,10,0,0,4,10.83,1027,6,0,0.0488,0.0286,UPI,Electronics,0
37,1035.4,10,1,0,2,1.48,1946,2,0,0.1007,0.0164,Credit Card,Electronics,0
46,2057.86,7,1,0,3,19.7,971,1,0,0.1377,0.0632,Credit Card,Grocery,0
25,1668.96,8,0,0,3,3.6,1310,1,1,0.0979,0.0103,Credit Card,Home,0
38,1203.6,6,2,0,7,7.54,606,3,0,0.2602,0.0733,Debit Card,Electronics,0
27,1025.1,10,1,0,5,19.55,635,2,0,0.1175,0.0034,UPI,Beauty,0
23,2016.57,6,1,1,4,22.46,224,6,2,0.2052,0.1646,Cash on Delivery,Accessories,1
43,675.1,12,2,2,3,22.72,794,3,1,0.2184,0.1456,Cash on Delivery,Beauty,1
43,1610.92,11,1,1,5,15.03,646,0,1,0.1684,0.1253,UPI,Electronics,0
42,800.4,7,3,0,5,15.41,743,4,0,0.3765,0.0462,Credit Card,Accessories,1
18,2619.26,2,0,0,6,27.77,121,4,1,0.162,0.0812,UPI,Beauty,0
33,2590.76,3,2,0,4,40.49,194,5,2,0.5444,0.0746,Cash on Delivery,Fashion,1
31,1135.27,8,1,0,3,1.35,454,1,1,0.2052,0.0551,Credit Card,Electronics,0
54,1242.57,2,0,0,1,10.3,998,6,0,0.1255,0.1271,Debit Card,Fashion,0
44,1449.49,6,0,0,3,1.29,484,5,0,0.0551,0.0556,Debit Card,Electronics,1
40,2300.0,13,0,0,4,16.29,551,4,2,0.1086,0.0158,UPI,Beauty,0
19,2210.12,3,0,0,4,14.21,743,7,1,0.1261,0.0843,Credit Card,Home,1
40,1010.57,2,0,0,5,9.72,1218,3,1,0.2302,0.0997,UPI,Electronics,0
43,1253.45,3,0,0,3,10.47,1176,3,0,0.115,0.0608,Credit Card,Beauty,0
25,715.24,6,0,0,4,10.61,101,1,1,0.1575,0.085,UPI,Fashion,0
36,1844.79,2,0,0,2,11.0,662,2,0,0.1409,0.0807,UPI,Fashion,0
37,1531.94,4,0,0,5,30.83,956,3,1,0.1419,0.0569,Debit Card,Grocery,0
30,978.03,11,2,0,5,18.56,2469,2,0,0.1175,0.0297,Credit Card,Fashion,0
25,820.99,10,3,0,3,12.59,638,5,3,0.3226,0.0173,UPI,Electronics,1
31,659.7,6,2,1,6,32.17,460,4,1,0.2691,0.187,Cash on Delivery,Accessories,0
38,1698.94,8,0,0,5,18.69,161,2,1,0.0897,0.0188,UPI,Fashion,0
45,829.33,7,0,0,3,12.36,589,2,0,0.1122,0.0491,UPI,Electronics,1
30,1071.7,8,2,0,3,3.96,1202,0,0,0.2055,0.0527,Debit Card,Electronics,0
34,2569.05,4,0,0,2,19.96,540,0,1,0.1278,0.0742,UPI,Fashion,1
31,947.82,6,1,0,2,56.32,614,2,2,0.2682,0.0105,Credit Card,Electronics,0
27,2686.67,7,0,0,4,10.95,561,2,0,0.0199,0.0674,Debit Card,Fashion,0
18,311.16,6,0,0,3,4.36,311,3,1,0.1358,0.0476,UPI,Grocery,0
41,1106.1,5,1,0,3,14.18,684,3,1,0.211,0.0145,UPI,Grocery,0
34,3144.81,4,2,0,2,15.8,518,3,0,0.3692,0.0669,Credit Card,Accessories,0
34,2199.77,6,0,0,3,3.59,719,2,1,0.1589,0.0255,UPI,Electronics,0
25,578.21,9,1,0,2,21.23,655,4,1,0.1598,0.0,Cash on Delivery,Home,0
32,1222.67,8,1,0,3,3.64,798,1,2,0.2803,0.0028,Net Banking,Fashion,0
44,2625.69,9,0,0,4,10.2,793,0,0,0.0309,0.0085,Debit Card,Home,0
34,554.56,8,2,0,2,3.19,1207,4,0,0.2378,0.0198,UPI,Grocery,0
31,1184.98,7,1,1,7,13.63,65,2,3,0.3206,0.161,Credit Card,Grocery,1
34,1767.43,6,0,0,2,14.02,810,0,0,0.0283,0.0363,Debit Card,Home,0
36,7142.52,9,0,0,3,14.71,549,1,0,0.0209,0.0,Cash on Delivery,Fashion,1
23,2381.75,6,0,0,3,12.92,1357,3,0,0.0802,0.0631,Debit Card,Electronics,0
40,826.96,7,1,0,4,39.44,493,1,2,0.2794,0.0506,Net Banking,Electronics,0
23,2425.15,11,0,0,1,24.98,1237,0,0,0.0,0.0262,Cash on Delivery,Home,0
30,1074.96,4,2,2,5,4.94,211,9,4,0.438,0.4578,Debit Card,Home,1
26,513.11,7,2,2,6,16.91,497,0,2,0.4222,0.2631,UPI,Fashion,1
25,1678.39,6,0,0,3,7.73,2509,2,0,0.0696,0.0319,UPI,Electronics,0
32,639.57,11,0,0,1,27.6,554,2,1,0.0772,0.0307,UPI,Grocery,1
31,1796.46,2,1,0,2,12.91,1386,6,0,0.3604,0.1041,Net Banking,Electronics,1
34,1221.21,9,0,0,1,16.59,343,1,1,0.1067,0.0291,Credit Card,Fashion,0
24,583.66,6,3,3,6,5.75,419,5,1,0.3931,0.4622,Cash on Delivery,Home,1
26,711.94,8,0,0,6,11.19,2843,2,0,0.0243,0.0625,UPI,Accessories,0
43,1174.82,15,0,0,3,3.23,659,2,0,0.0,0.0366,UPI,Grocery,1
42,1905.23,6,1,1,4,4.03,447,3,0,0.1825,0.1823,Net Banking,Electronics,0
32,1152.4,7,1,0,5,5.97,988,2,1,0.2028,0.0149,UPI,Home,0
30,882.13,5,0,0,3,13.81,1033,1,1,0.1451,0.0542,Credit Card,Electronics,0
29,2438.28,10,1,0,3,10.99,841,3,1,0.1995,0.0105,UPI,Fashion,1
31,3018.29,7,1,0,3,21.68,589,2,0,0.1178,0.0468,UPI,Beauty,0
21,1581.89,6,0,0,2,15.23,622,4,0,0.028,0.0418,Debit Card,Accessories,0
25,445.91,7,0,0,3,5.08,538,1,1,0.1369,0.0539,Credit Card,Fashion,0
42,564.05,7,0,0,3,6.57,956,3,1,0.0656,0.0145,UPI,Home,0
37,1475.22,8,0,0,4,10.83,599,3,1,0.0708,0.0211,Credit Card,Home,0
49,2434.83,4,1,0,5,10.08,1334,3,1,0.273,0.0519,Debit Card,Grocery,0
31,2221.57,10,1,1,3,15.94,1150,3,1,0.1386,0.1258,UPI,Fashion,0
31,752.0,8,1,0,2,13.75,1091,2,0,0.1268,0.0586,UPI,Accessories,0
30,1598.78,12,0,0,3,1.86,515,2,0,0.0234,0.0105,Net Banking,Fashion,0
31,1858.38,4,3,0,4,4.14,422,1,3,0.7282,0.0806,Credit Card,Beauty,1
28,1807.78,6,2,2,5,31.65,648,7,2,0.3051,0.3479,UPI,Home,0
28,1378.32,9,3,2,2,13.85,1080,2,0,0.2849,0.2137,UPI,Electronics,0
36,642.12,9,0,0,3,8.9,925,3,1,0.1174,0.0346,Cash on Delivery,Electronics,0
34,3247.53,5,1,0,6,8.39,1023,0,0,0.1809,0.0529,UPI,Electronics,0
29,2208.6,9,1,0,3,8.0,658,2,0,0.0914,0.0185,UPI,Beauty,0
45,666.73,10,2,1,3,8.91,571,0,0,0.1291,0.1257,UPI,Fashion,0
51,1152.31,8,0,0,4,22.54,1128,4,1,0.0287,0.0226,UPI,Fashion,0
44,2380.18,4,0,0,2,17.01,526,7,1,0.0978,0.038,Credit Card,Electronics,0
39,987.1,11,1,0,3,4.46,1215,1,0,0.0894,0.0343,Debit Card,Accessories,1
41,1503.06,12,6,0,2,6.74,980,2,0,0.3453,0.0503,UPI,Electronics,0
51,1171.99,7,1,0,5,10.45,560,1,0,0.1298,0.0367,Credit Card,Home,0
41,726.59,5,0,0,3,29.58,974,0,1,0.1396,0.0655,Credit Card,Fashion,0
29,2515.9,7,0,0,4,22.7,1096,3,1,0.1205,0.0351,UPI,Fashion,0
38,490.21,13,0,0,3,10.1,1340,5,1,0.0421,0.0129,Debit Card,Fashion,0
40,971.68,2,0,0,5,8.23,552,1,0,0.1237,0.1074,Debit Card,Fashion,0
25,470.04,7,2,0,3,12.85,651,2,0,0.2236,0.0132,UPI,Home,0
31,3352.57,6,2,0,2,13.25,1465,0,0,0.2283,0.0743,Credit Card,Electronics,0
44,2170.6,14,1,0,4,11.78,977,3,1,0.121,0.0,Credit Card,Home,0
18,810.76,8,0,0,2,26.74,570,5,1,0.0628,0.03,Credit Card,Electronics,0
29,2066.31,6,0,0,5,18.06,377,9,2,0.0701,0.0421,Debit Card,Beauty,1
23,1129.03,12,0,0,3,7.33,1266,0,0,0.0238,0.0485,Credit Card,Grocery,0
32,1475.5,7,0,0,2,12.53,1486,3,0,0.0827,0.0216,UPI,Accessories,0
37,1484.43,12,3,0,3,19.67,865,3,1,0.2685,0.0523,UPI,Home,1
22,480.58,10,0,0,4,17.56,1272,2,0,0.0233,0.025,UPI,Home,0
33,1940.78,13,2,0,3,5.77,713,2,1,0.2145,0.0489,UPI,Grocery,0
44,390.53,2,0,0,2,9.4,930,1,1,0.1685,0.1078,Debit Card,Home,0
35,1041.21,8,0,0,4,17.53,978,1,0,0.0388,0.0304,Debit Card,Fashion,0
31,2605.37,3,1,1,4,38.38,475,3,1,0.3461,0.342,Debit Card,Accessories,1
42,1031.39,4,0,0,3,38.53,495,1,0,0.061,0.0759,UPI,Electronics,0
29,5137.42,12,0,0,3,11.02,582,2,1,0.0972,0.0152,Debit Card,Accessories,0
27,1009.59,7,0,0,4,21.25,983,1,0,0.0094,0.0524,Cash on Delivery,Fashion,0
28,1679.71,9,3,2,5,12.49,198,3,3,0.4594,0.2461,UPI,Accessories,0
35,1490.47,6,3,0,2,21.21,781,5,1,0.4384,0.027,UPI,Electronics,1
42,2267.15,11,1,1,3,15.44,1850,1,1,0.1913,0.0696,Credit Card,Beauty,0
37,1230.81,7,1,1,3,7.77,548,3,1,0.177,0.1531,Net Banking,Home,0
23,1006.9,5,0,0,2,8.41,433,4,1,0.1119,0.1053,Credit Card,Electronics,0
27,542.54,4,0,0,2,14.61,756,1,1,0.1945,0.0478,UPI,Accessories,0
48,389.68,7,0,0,3,17.27,1193,4,0,0.0338,0.0502,Debit Card,Beauty,0
26,853.09,9,0,0,2,16.69,1016,2,0,0.0178,0.0472,UPI,Electronics,0
30,597.54,6,5,5,4,21.47,688,6,6,0.7346,0.7808,UPI,Fashion,1
42,1817.85,3,0,0,3,17.89,580,2,1,0.1381,0.0761,UPI,Fashion,0
30,850.95,6,0,0,5,14.36,1889,2,1,0.1207,0.0109,UPI,Fashion,0
34,1622.74,8,4,0,1,13.37,917,3,2,0.4828,0.0472,UPI,Home,0
37,1184.31,13,0,0,3,23.27,875,1,0,0.0022,0.0609,UPI,Accessories,0
18,1020.1,6,0,0,3,2.15,886,4,0,0.1025,0.0323,Credit Card,Electronics,0
21,3246.05,6,1,1,4,14.76,709,7,1,0.1652,0.1823,Cash on Delivery,Electronics,0
35,1865.58,10,1,0,3,20.12,1892,1,0,0.0826,0.0065,UPI,Beauty,0
27,1030.57,9,0,0,3,8.53,288,2,0,0.0286,0.0251,UPI,Home,0
43,2001.02,7,0,0,3,3.99,709,2,0,0.0323,0.0514,Debit Card,Fashion,0
20,2021.79,8,0,0,4,4.89,449,3,0,0.069,0.0321,Debit Card,Fashion,0
39,3460.88,7,0,0,4,13.97,696,2,0,0.0703,0.0,Debit Card,Home,0
22,607.48,4,0,0,2,11.84,1510,1,0,0.0757,0.0617,Credit Card,Beauty,0
31,2509.42,9,0,0,3,5.55,2021,0,1,0.145,0.0515,UPI,Home,0
24,563.33,11,4,1,3,16.04,522,2,0,0.2759,0.1252,Credit Card,Fashion,0
51,842.89,8,1,0,3,7.45,892,0,0,0.1337,0.0,Debit Card,Home,0
22,2258.0,5,2,0,6,24.09,925,2,0,0.338,0.0282,Credit Card,Fashion,1
31,2671.63,2,0,0,3,33.6,166,8,7,0.2427,0.0733,UPI,Beauty,1
26,2896.02,6,3,0,5,33.53,972,5,1,0.3985,0.0521,UPI,Electronics,1
33,541.92,5,0,0,5,20.4,125,2,0,0.0525,0.016,UPI,Grocery,0
21,5097.08,8,4,1,4,30.62,390,2,4,0.5129,0.1563,UPI,Grocery,1
30,1536.5,9,2,0,6,4.54,257,7,1,0.2436,0.0772,Cash on Delivery,Home,0
39,1609.71,8,0,0,2,28.23,135,3,1,0.0983,0.0328,Debit Card,Accessories,0
18,3369.22,4,0,0,4,26.63,569,2,1,0.1109,0.0381,Debit Card,Home,1
48,1779.23,9,0,0,2,9.75,923,0,1,0.0959,0.0127,UPI,Accessories,0
38,1428.73,10,0,0,4,34.09,1791,1,0,0.0699,0.0332,Debit Card,Home,0
35,1783.73,10,0,0,1,31.8,381,1,1,0.095,0.0203,UPI,Accessories,0
47,576.13,5,2,0,4,14.5,952,1,0,0.3559,0.0487,UPI,Electronics,0
35,2701.56,3,0,0,4,35.86,1069,2,1,0.1197,0.0881,Credit Card,Electronics,0
36,1389.07,13,2,1,4,11.15,1611,2,0,0.1335,0.1027,Credit Card,Fashion,0
35,2174.67,7,1,0,3,18.32,570,2,0,0.1511,0.0247,UPI,Fashion,0
39,2855.12,8,0,0,2,2.62,408,0,0,0.0337,0.0224,Debit Card,Electronics,0
30,745.08,6,0,0,4,8.99,558,4,1,0.0581,0.0287,Credit Card,Fashion,0
33,1200.76,5,4,2,6,37.9,22,3,3,0.6708,0.3997,Net Banking,Home,1
32,1035.21,7,1,0,3,4.87,731,3,1,0.1859,0.0599,Net Banking,Fashion,0
41,2728.43,14,1,0,3,17.15,1024,1,0,0.044,0.0145,Debit Card,Beauty,0
36,919.88,9,1,1,2,8.99,1464,2,0,0.1499,0.1018,Credit Card,Accessories,0
33,1458.9,6,0,0,5,4.43,1075,6,0,0.0318,0.0317,Credit Card,Fashion,0
21,1202.6,6,2,0,2,4.19,508,1,2,0.434,0.0302,Credit Card,Beauty,0
22,915.05,9,0,0,3,21.68,465,3,1,0.0434,0.0043,UPI,Home,1
47,331.61,9,0,0,3,6.61,797,1,1,0.0934,0.0294,UPI,Home,0
28,1446.82,10,0,0,2,22.41,830,4,2,0.1115,0.0154,Credit Card,Home,1
43,2089.81,8,0,0,1,1.01,941,4,0,0.0453,0.0,Net Banking,Accessories,0
36,1212.22,7,0,0,3,6.95,772,4,0,0.0608,0.0333,UPI,Accessories,1
22,806.47,8,2,0,4,1.64,1022,1,1,0.2561,0.0,UPI,Accessories,0
45,770.64,9,1,0,1,4.3,630,1,1,0.1935,0.0594,Credit Card,Electronics,1
36,1887.32,11,0,0,3,3.43,1575,3,0,0.0193,0.0121,Credit Card,Fashion,0
46,1086.24,5,0,0,4,5.59,1228,2,1,0.1763,0.0569,Cash on Delivery,Fashion,0
32,1012.46,5,1,0,5,13.92,1032,2,2,0.2685,0.0508,UPI,Home,0
40,1292.18,5,0,0,4,20.58,689,2,2,0.1322,0.0531,Cash on Delivery,Home,0
36,1467.72,8,6,1,5,26.83,419,9,0,0.5517,0.1463,UPI,Accessories,1
18,1647.76,8,2,2,4,4.75,853,3,0,0.1772,0.2398,Credit Card,Electronics,0
26,1861.67,5,2,2,6,26.24,351,2,3,0.455,0.3869,UPI,Accessories,1
29,2125.11,9,0,0,5,5.8,589,3,1,0.0751,0.028,Credit Card,Home,0
23,1833.65,8,0,0,3,4.2,1312,3,1,0.0806,0.0268,Cash on Delivery,Electronics,1
31,1517.43,11,0,0,2,8.8,1605,2,0,0.0237,0.0271,UPI,Electronics,0
38,812.46,13,0,0,3,6.04,1406,2,0,0.0287,0.0353,Debit Card,Home,0
29,1290.9,4,0,0,3,0.63,347,4,0,0.0325,0.0649,Credit Card,Fashion,0
42,817.82,8,0,0,5,9.82,877,1,0,0.0833,0.07,Cash on Delivery,Accessories,0
26,682.17,11,1,0,2,15.69,308,2,1,0.1492,0.0493,UPI,Electronics,0
42,960.5,2,0,0,3,8.04,1385,1,0,0.1009,0.0967,UPI,Grocery,0
46,1005.78,6,0,0,5,5.48,759,0,1,0.148,0.052,Debit Card,Fashion,0
35,2731.15,8,1,1,6,44.7,674,5,4,0.2345,0.1603,Cash on Delivery,Electronics,1
43,4600.58,12,1,0,3,22.95,222,2,2,0.1797,0.0287,UPI,Accessories,0
31,2125.9,9,1,0,3,14.9,785,2,1,0.145,0.0539,Credit Card,Home,0
18,1516.22,4,0,0,5,26.95,1670,1,0,0.0468,0.0607,UPI,Beauty,0
39,2522.47,10,1,1,2,15.28,1794,1,1,0.1683,0.1439,UPI,Accessories,0
33,404.33,5,0,0,1,4.02,693,0,0,0.0995,0.0466,UPI,Electronics,1
25,2937.36,7,0,0,3,6.33,1025,1,0,0.081,0.0309,Credit Card,Accessories,0
29,931.31,11,3,0,3,9.62,744,2,1,0.2756,0.0022,Debit Card,Accessories,0
47,2140.54,6,0,0,4,7.55,1530,1,0,0.0168,0.0135,Cash on Delivery,Electronics,0
24,1562.78,10,1,1,3,17.3,929,1,1,0.14,0.1328,Debit Card,Fashion,0
26,1668.58,5,0,0,3,29.92,1103,4,3,0.2206,0.0643,Debit Card,Fashion,0
38,1697.36,9,0,0,3,26.2,604,5,0,0.0332,0.0432,Credit Card,Fashion,0
36,1349.22,4,0,0,3,13.57,1059,0,1,0.1543,0.0641,UPI,Fashion,0
31,2575.68,4,0,0,2,16.23,1061,0,0,0.0602,0.0693,UPI,Home,0
32,910.32,7,0,0,3,17.41,317,6,1,0.0942,0.0173,UPI,Accessories,0
40,607.61,8,3,1,2,12.73,800,2,1,0.3607,0.1483,Net Banking,Electronics,0
49,2272.09,9,1,0,2,12.88,770,3,0,0.1027,0.0263,Credit Card,Fashion,0
31,1293.8,6,2,1,2,9.2,1551,2,1,0.3229,0.2037,Cash on Delivery,Beauty,0
32,1243.69,9,0,0,4,15.82,889,2,0,0.0,0.0541,Cash on Delivery,Electronics,0
40,1354.61,8,0,0,5,12.03,378,1,0,0.0182,0.0422,Debit Card,Fashion,1
25,1599.79,5,2,1,4,28.61,574,4,5,0.4841,0.2266,Credit Card,Electronics,1
42,406.74,8,1,0,2,17.62,484,3,0,0.1268,0.0378,Cash on Delivery,Fashion,0
33,869.71,7,0,0,5,11.12,917,3,0,0.074,0.0414,Cash on Delivery,Fashion,0
31,1067.55,11,4,3,1,9.81,781,2,0,0.2847,0.2839,UPI,Fashion,0
18,3785.51,9,0,0,1,11.59,770,1,2,0.1805,0.0484,Net Banking,Fashion,0
27,1529.53,6,0,0,4,5.35,397,1,0,0.038,0.0059,Credit Card,Accessories,0
25,3190.28,6,3,1,4,20.3,515,2,2,0.5039,0.1744,Debit Card,Beauty,1
24,2245.17,8,1,0,4,6.97,1139,2,1,0.1636,0.0426,Cash on Delivery,Fashion,0
18,2057.68,11,4,0,3,43.43,85,6,1,0.2945,0.0272,UPI,Grocery,1
33,1640.46,7,0,0,2,26.95,36,4,1,0.0407,0.0262,Net Banking,Fashion,0
40,2007.26,8,0,0,3,14.24,973,2,0,0.011,0.0647,UPI,Beauty,0
32,4890.66,10,2,0,3,3.65,843,4,0,0.1608,0.0222,UPI,Accessories,0
31,948.93,5,0,0,2,17.29,339,5,0,0.0557,0.0639,Cash on Delivery,Electronics,0
34,2244.58,6,0,0,2,5.44,524,3,1,0.1296,0.0011,UPI,Accessories,0
26,2135.19,4,0,0,4,10.98,382,3,0,0.0152,0.0446,Credit Card,Grocery,0
48,578.25,3,0,0,1,22.86,424,1,0,0.093,0.1004,UPI,Accessories,0
46,1334.52,8,0,0,4,24.2,457,0,1,0.1549,0.0339,Debit Card,Electronics,1
32,6906.08,9,4,4,6,49.72,315,4,2,0.4052,0.4424,Credit Card,Fashion,1
32,2864.15,4,2,0,3,38.22,336,6,4,0.4668,0.0438,Debit Card,Beauty,0
49,935.88,9,0,0,4,13.14,440,1,1,0.068,0.0663,UPI,Beauty,1
40,868.36,9,1,0,4,19.07,519,1,0,0.1348,0.032,Credit Card,Electronics,0
34,1162.94,7,0,0,3,20.18,1916,2,1,0.1165,0.0215,Debit Card,Fashion,0
49,700.67,14,0,0,4,9.98,877,3,1,0.0633,0.0082,Credit Card,Beauty,0
28,667.12,7,0,0,4,3.28,718,4,1,0.0795,0.0525,UPI,Accessories,0
26,667.88,12,0,0,3,9.11,1060,2,1,0.0946,0.0426,Credit Card,Home,0
29,675.71,8,0,0,4,5.38,243,3,1,0.0635,0.0697,UPI,Beauty,1
39,3089.89,7,0,0,1,10.23,786,2,1,0.1192,0.0585,Debit Card,Fashion,0
27,693.56,5,0,0,3,25.06,1105,2,0,0.0878,0.0601,Cash on Delivery,Fashion,0
33,985.2,8,0,0,3,20.89,1814,3,1,0.0869,0.0093,UPI,Fashion,0
20,1226.95,11,1,0,5,11.15,805,2,0,0.0925,0.034,Credit Card,Home,0
31,372.86,6,1,0,5,37.54,173,5,2,0.2176,0.0041,Credit Card,Beauty,1
38,1989.41,6,1,0,1,2.18,594,2,3,0.3168,0.0359,Cash on Delivery,Home,1
20,455.16,5,0,0,3,14.21,402,2,1,0.0861,0.061,Credit Card,Home,0
26,1352.29,6,0,0,2,24.29,808,1,0,0.0774,0.0043,UPI,Grocery,0
45,1479.0,11,0,0,4,25.65,597,3,1,0.0698,0.0,Cash on Delivery,Electronics,0
45,553.7,8,1,0,2,16.51,645,3,2,0.2501,0.0316,UPI,Fashion,0
37,818.97,12,2,2,2,8.7,841,3,1,0.2332,0.1599,Debit Card,Fashion,1
23,1359.07,8,0,0,3,17.15,537,1,0,0.0,0.0055,UPI,Beauty,1
36,1374.11,3,1,0,5,29.54,561,1,0,0.2667,0.0732,UPI,Grocery,0
29,1826.96,6,0,0,4,9.76,334,3,0,0.0479,0.049,UPI,Fashion,0
27,1819.18,11,1,0,5,13.63,932,3,0,0.0586,0.0276,UPI,Home,0
31,1921.66,6,2,0,4,10.16,525,2,0,0.2764,0.0287,UPI,Fashion,0
20,1033.07,5,0,0,3,39.84,1192,2,0,0.089,0.0544,Debit Card,Grocery,0
36,1357.72,7,0,0,4,8.42,443,3,0,0.0577,0.0256,Debit Card,Electronics,0
34,1212.0,7,0,0,2,30.99,1407,3,1,0.108,0.0486,UPI,Beauty,0
26,1355.6,6,1,0,5,10.6,587,2,0,0.1505,0.0456,Credit Card,Beauty,1
48,1437.92,11,2,1,5,7.77,1695,1,0,0.1384,0.0893,Cash on Delivery,Home,0
39,1506.31,5,0,0,2,19.85,329,1,0,0.0569,0.0614,UPI,Fashion,0
40,3836.01,8,2,1,3,3.87,1326,1,1,0.285,0.1807,Debit Card,Home,0
37,1787.1,3,0,0,3,25.75,307,5,0,0.093,0.1057,UPI,Beauty,0
30,715.68,4,0,0,4,5.04,548,3,1,0.1268,0.0446,UPI,Fashion,0
34,779.94,7,1,0,4,19.96,290,1,0,0.1207,0.029,UPI,Accessories,0
40,1808.71,4,2,0,3,20.97,478,0,0,0.3675,0.0784,Cash on Delivery,Electronics,0
37,2183.73,3,2,1,4,23.32,572,2,1,0.5097,0.3004,Cash on Delivery,Fashion,1
35,1309.67,6,1,1,2,19.26,1724,1,0,0.1539,0.2079,UPI,Grocery,0
48,1833.5,9,0,0,3,15.26,637,1,0,0.0379,0.0577,UPI,Accessories,0
32,994.45,8,1,0,4,17.81,972,2,0,0.1004,0.05,UPI,Fashion,0
29,1535.07,10,2,0,4,5.59,641,1,1,0.2334,0.0109,Cash on Delivery,Fashion,0
40,1483.48,13,0,0,3,15.02,806,4,2,0.116,0.0,Credit Card,Grocery,0
23,586.13,4,1,0,4,9.95,260,10,4,0.3024,0.0468,UPI,Home,1
33,450.14,8,2,0,7,17.15,198,3,0,0.1813,0.0083,Credit Card,Accessories,1
23,1908.21,6,0,0,3,23.03,635,2,2,0.1495,0.0287,UPI,Fashion,0
42,3834.16,5,0,0,3,14.56,511,0,0,0.0896,0.0345,Cash on Delivery,Beauty,0
22,839.83,8,0,0,4,4.66,994,1,0,0.0851,0.0543,Credit Card,Home,0
40,1676.61,12,1,0,4,13.33,287,3,2,0.1664,0.0253,Net Banking,Beauty,0
36,5789.59,9,2,0,4,16.56,246,5,0,0.168,0.0818,UPI,Grocery,0
28,1130.17,8,0,0,3,11.19,404,2,0,0.0622,0.0271,UPI,Home,0
38,1633.0,8,0,0,1,13.94,1069,2,0,0.0159,0.0153,Credit Card,Accessories,0
42,1489.74,10,0,0,4,11.57,761,1,2,0.1305,0.0156,UPI,Fashion,0
25,793.27,4,3,1,3,16.62,288,1,0,0.5048,0.2839,Cash on Delivery,Grocery,0
35,2028.52,10,0,0,3,20.63,1251,3,0,0.0385,0.0053,Credit Card,Fashion,0
23,1622.26,9,0,0,5,17.88,307,3,1,0.1003,0.0195,UPI,Accessories,0
26,712.33,8,2,0,4,10.15,1851,2,1,0.2768,0.026,Debit Card,Accessories,0
27,4662.82,6,1,0,2,10.04,1075,3,1,0.2309,0.0611,Debit Card,Electronics,0
27,793.82,8,1,1,5,15.19,636,1,3,0.3252,0.1514,Cash on Delivery,Home,1
18,640.27,8,0,0,2,2.52,1851,0,1,0.1319,0.0127,UPI,Accessories,0
44,1524.84,13,0,0,5,0.43,1302,1,0,0.0315,0.0256,UPI,Fashion,0
35,3460.98,12,0,0,2,1.0,639,1,1,0.1241,0.0,Cash on Delivery,Fashion,0
24,977.79,7,0,0,3,33.97,1179,3,3,0.1898,0.0617,UPI,Electronics,0
47,1980.39,11,0,0,3,8.75,1640,5,0,0.0228,0.0084,UPI,Accessories,0
28,2873.58,5,1,0,4,10.12,977,2,0,0.1727,0.0264,UPI,Fashion,0
36,694.02,9,0,0,3,9.65,1061,1,1,0.1219,0.0503,Credit Card,Grocery,0
27,938.56,9,0,0,2,21.79,483,2,0,0.0645,0.0,UPI,Fashion,0
18,2629.61,3,0,0,1,5.69,1082,3,0,0.0822,0.0786,Credit Card,Fashion,0
33,676.25,10,3,3,6,39.7,395,10,2,0.2564,0.301,Cash on Delivery,Grocery,1
22,973.64,6,2,1,3,0.1,817,5,0,0.283,0.2099,Credit Card,Electronics,0
30,2421.98,8,0,0,5,1.98,636,0,1,0.0954,0.0458,Debit Card,Accessories,0
18,1032.7,5,2,0,6,14.76,97,6,3,0.3987,0.0736,UPI,Electronics,1
42,1887.2,6,0,0,4,29.57,1367,5,1,0.1173,0.0568,Cash on Delivery,Beauty,1
37,1154.99,10,2,0,5,17.34,317,4,1,0.1382,0.0261,Credit Card,Grocery,1
35,2330.53,8,1,0,4,7.97,996,0,0,0.1349,0.0644,UPI,Home,0
18,663.6,9,0,0,3,7.67,1185,0,0,0.0743,0.0444,Credit Card,Electronics,0
45,629.66,10,0,0,4,4.17,737,2,0,0.092,0.0132,UPI,Home,0
36,1686.83,8,1,0,4,7.0,1765,3,1,0.1791,0.0271,Debit Card,Fashion,0
20,742.53,6,4,1,6,16.98,363,7,3,0.5322,0.2113,UPI,Fashion,1
33,1203.25,10,2,1,3,5.22,799,3,0,0.2217,0.0996,Cash on Delivery,Fashion,0
44,1287.4,4,0,0,4,9.01,476,1,1,0.1816,0.0715,UPI,Home,0
45,3235.68,8,1,0,3,9.88,468,6,1,0.1527,0.0,UPI,Electronics,0
44,1466.26,8,0,0,3,25.48,820,5,0,0.0,0.038,Credit Card,Home,0
32,1027.46,8,0,0,3,19.57,432,1,0,0.0451,0.0044,Cash on Delivery,Home,0
25,582.04,5,0,0,5,12.31,2028,1,3,0.2699,0.0276,Debit Card,Accessories,0
21,737.07,3,3,0,4,10.1,758,5,5,0.8258,0.0871,Cash on Delivery,Beauty,1
43,1564.81,3,0,0,2,11.48,616,5,0,0.0897,0.073,UPI,Fashion,0
22,2219.97,6,0,0,4,6.82,1587,3,1,0.0742,0.059,UPI,Grocery,0
52,1119.91,7,1,0,1,10.24,1446,1,1,0.2273,0.0547,UPI,Home,0
34,1377.88,6,1,0,4,8.16,954,1,2,0.3252,0.0604,Debit Card,Fashion,0
18,2197.83,8,2,0,4,16.16,335,5,2,0.2658,0.0929,UPI,Fashion,1
24,1906.6,7,0,0,4,22.72,726,1,1,0.0874,0.0671,Debit Card,Fashion,0
23,2217.94,7,1,1,2,16.48,815,6,0,0.1211,0.1509,UPI,Electronics,0
23,564.87,5,0,0,2,6.99,1292,1,0,0.0568,0.066,Debit Card,Home,0
38,1347.2,8,3,3,7,20.64,120,2,5,0.5257,0.3689,UPI,Fashion,1
18,1462.76,8,0,0,4,46.22,275,7,2,0.0834,0.011,UPI,Home,0
35,985.57,8,0,0,4,9.99,904,4,0,0.033,0.043,Credit Card,Grocery,0
32,3197.22,7,1,1,4,43.26,365,3,2,0.2502,0.1716,Credit Card,Fashion,1
34,1194.49,14,2,0,3,28.65,1374,2,1,0.201,0.006,Credit Card,Beauty,0
23,2122.15,9,0,0,4,32.45,512,1,2,0.1874,0.0157,UPI,Grocery,0
35,654.29,4,1,0,5,17.04,126,2,3,0.3624,0.0439,Credit Card,Accessories,1
27,1379.9,3,2,2,3,19.83,248,3,2,0.5572,0.5701,Debit Card,Electronics,0
31,1861.02,6,1,0,3,14.12,972,5,0,0.1583,0.0641,Credit Card,Beauty,0
22,1324.56,11,0,0,2,17.53,621,3,0,0.0216,0.0037,Credit Card,Home,0
24,2045.66,5,0,0,6,18.25,448,7,2,0.1097,0.0201,UPI,Beauty,1
39,1260.77,9,0,0,2,13.47,580,1,1,0.0894,0.0323,Debit Card,Fashion,0
31,1125.0,6,3,0,6,45.86,96,5,2,0.4604,0.036,UPI,Accessories,1
34,1953.94,8,0,0,3,17.23,640,1,1,0.1095,0.0431,Debit Card,Accessories,0
29,550.68,12,2,2,5,12.57,330,2,2,0.2922,0.1997,UPI,Fashion,1
37,798.16,8,2,2,2,34.11,360,4,2,0.2716,0.2457,UPI,Electronics,0
31,1305.4,3,1,0,1,15.49,1124,2,0,0.2877,0.0538,UPI,Accessories,0
18,1795.96,5,1,1,4,12.62,485,5,1,0.24,0.2238,UPI,Fashion,0
22,404.06,5,0,0,3,27.04,1034,3,2,0.1718,0.0486,Net Banking,Electronics,0
31,2142.14,6,0,0,2,1.15,206,0,1,0.1513,0.0408,UPI,Electronics,0
30,1618.05,9,0,0,1,14.91,1740,6,0,0.0507,0.0125,UPI,Home,0
37,760.4,6,1,1,2,6.04,964,3,2,0.2921,0.2265,Credit Card,Beauty,1
36,1781.35,5,2,0,2,31.1,548,2,1,0.3609,0.0732,Cash on Delivery,Electronics,0
22,460.42,5,3,1,3,45.8,310,6,2,0.4755,0.2114,Credit Card,Beauty,1
41,922.34,5,0,0,4,22.57,1210,6,0,0.0447,0.0288,Net Banking,Home,0
30,1938.92,12,1,1,4,12.67,1423,1,2,0.253,0.1161,Credit Card,Fashion,0
33,832.56,6,2,1,5,19.69,150,6,1,0.2905,0.1696,Debit Card,Electronics,0
18,1095.02,8,0,0,1,33.48,875,3,1,0.0859,0.0094,Credit Card,Fashion,0
43,920.51,8,0,0,4,12.94,782,1,0,0.0521,0.033,Debit Card,Grocery,0
26,808.98,5,1,0,4,12.62,647,5,0,0.1305,0.062,Credit Card,Beauty,1
24,1487.7,10,1,0,5,29.39,1122,3,0,0.0931,0.0304,UPI,Accessories,0
34,2159.87,10,0,0,5,2.89,1078,1,0,0.0225,0.0516,Credit Card,Beauty,0
29,2354.44,3,1,0,5,11.55,576,5,1,0.2937,0.0882,Debit Card,Electronics,0
37,1208.18,11,0,0,3,34.27,1308,0,2,0.2112,0.0685,Debit Card,Home,0
35,1073.28,7,1,0,5,29.0,576,5,2,0.2411,0.0263,UPI,Grocery,0
29,1024.93,6,0,0,1,9.23,1177,5,0,0.0516,0.0426,UPI,Grocery,0
29,687.83,6,1,0,4,18.57,1019,0,0,0.1365,0.0253,Debit Card,Accessories,0
30,776.88,8,1,1,3,16.98,903,4,0,0.1867,0.1336,Credit Card,Fashion,0
47,1160.14,6,0,0,3,5.1,951,2,0,0.0802,0.0445,Cash on Delivery,Accessories,0
34,2068.31,3,0,0,2,7.47,1267,4,1,0.101,0.0716,Debit Card,Home,0
25,891.4,11,1,0,4,5.35,1219,5,1,0.1152,0.0216,UPI,Grocery,0
25,1162.1,6,0,0,2,7.21,781,1,0,0.0887,0.0485,Credit Card,Beauty,0
32,797.83,5,1,0,3,17.53,711,2,2,0.3077,0.0599,Credit Card,Beauty,0
36,788.27,7,0,0,3,24.24,1877,3,0,0.0442,0.0559,Cash on Delivery,Accessories,0
38,1205.8,6,2,2,3,15.3,350,2,0,0.2811,0.3272,UPI,Beauty,1
35,949.76,9,0,0,2,9.81,578,0,0,0.0,0.0004,Credit Card,Home,0
26,1147.34,5,0,0,1,19.09,931,1,1,0.1543,0.0426,Cash on Delivery,Home,0
30,698.73,3,0,0,3,6.07,1530,2,0,0.0988,0.0804,Debit Card,Electronics,0
41,1956.3,8,0,0,4,6.88,1401,2,0,0.0316,0.031,Credit Card,Home,0
24,1358.62,10,0,0,3,12.37,868,0,0,0.0652,0.0452,Credit Card,Accessories,0
30,797.67,11,0,0,3,4.61,358,3,1,0.0752,0.0322,Cash on Delivery,Fashion,1
31,1672.63,7,1,1,3,26.46,451,4,1,0.1762,0.1507,UPI,Fashion,1
39,1693.09,8,0,0,2,31.27,609,2,3,0.1567,0.0117,Debit Card,Home,0
42,833.17,9,2,1,4,4.93,973,2,0,0.172,0.1253,UPI,Electronics,1
28,1253.58,8,1,1,3,24.97,409,3,3,0.2669,0.1584,Credit Card,Accessories,1
32,1395.59,5,0,0,2,17.98,1146,1,1,0.0747,0.0147,Cash on Delivery,Fashion,0
30,1302.41,7,0,0,3,20.55,1474,2,0,0.0306,0.0352,UPI,Fashion,0
22,966.56,7,0,0,2,19.72,810,1,0,0.0751,0.0149,Cash on Delivery,Home,0
39,945.45,8,2,0,5,10.11,416,2,2,0.3031,0.0473,UPI,Electronics,0
27,1810.9,7,4,2,5,13.06,296,5,3,0.4904,0.3053,UPI,Home,1
48,1862.6,7,0,0,5,29.46,75,5,1,0.0336,0.0295,UPI,Electronics,0
46,741.13,6,0,0,5,8.96,352,1,2,0.1355,0.0523,UPI,Beauty,0
41,946.54,8,1,1,6,32.8,321,2,4,0.302,0.1605,Cash on Delivery,Home,1
57,1249.79,9,0,0,3,27.93,721,5,1,0.0438,0.0636,Net Banking,Beauty,0
37,1174.09,5,0,0,3,23.54,1219,1,1,0.1098,0.0845,UPI,Home,0
33,1610.39,4,3,3,4,15.83,921,3,4,0.727,0.664,Cash on Delivery,Fashion,1
34,850.02,6,1,0,2,15.58,815,2,1,0.2631,0.0561,Credit Card,Beauty,0
26,1479.04,8,0,0,3,18.03,325,2,2,0.1305,0.0227,Net Banking,Fashion,0
18,1822.8,10,0,0,4,29.64,681,1,1,0.0646,0.0728,Debit Card,Beauty,0
36,1567.56,9,0,0,2,15.28,1446,4,0,0.0086,0.0611,Debit Card,Electronics,0
55,1091.13,8,3,0,1,9.05,234,7,0,0.3198,0.0252,UPI,Fashion,0
45,1440.26,4,1,0,2,16.3,695,1,1,0.3037,0.0761,Cash on Delivery,Accessories,1
44,1063.11,10,1,1,3,12.08,1397,2,1,0.143,0.1481,Credit Card,Accessories,1
36,3502.42,3,0,0,4,18.05,540,2,0,0.0826,0.0728,Credit Card,Accessories,1
30,2323.35,8,7,1,2,32.11,553,5,0,0.6037,0.1585,UPI,Electronics,1
33,1884.58,2,0,0,3,17.73,292,3,2,0.1909,0.0984,UPI,Fashion,0
37,1257.47,11,0,0,2,22.79,866,3,0,0.0086,0.0321,UPI,Electronics,0
36,1649.93,7,2,2,3,15.87,603,6,4,0.352,0.2735,Credit Card,Home,1
18,830.98,4,1,0,3,24.69,1192,1,0,0.1947,0.0519,Credit Card,Home,0
41,2359.29,3,0,0,1,16.06,2130,2,1,0.1465,0.0313,Debit Card,Fashion,1
29,1600.99,4,0,0,3,26.8,1236,1,0,0.0847,0.0622,UPI,Fashion,0
28,2454.03,9,1,0,3,31.09,426,3,0,0.1299,0.0328,Credit Card,Fashion,1
31,1670.67,7,1,1,3,9.44,1588,3,0,0.1159,0.127,Debit Card,Electronics,0
31,1370.72,7,2,0,1,7.83,913,0,1,0.3282,0.0087,UPI,Fashion,0
28,1786.02,9,0,0,2,17.28,393,1,0,0.0353,0.009,Cash on Delivery,Beauty,0
34,488.04,13,1,1,4,6.64,235,2,1,0.1537,0.0952,UPI,Electronics,0
32,1283.76,6,3,1,5,35.63,104,3,1,0.394,0.1911,Credit Card,Fashion,1
29,1822.36,6,1,0,3,7.59,348,4,0,0.1704,0.06,UPI,Beauty,0
23,306.43,5,2,1,5,20.43,589,8,2,0.3762,0.1695,Debit Card,Fashion,1
43,771.47,3,0,0,3,13.92,620,7,4,0.1886,0.075,Credit Card,Electronics,0
35,799.7,13,3,1,4,3.14,603,2,2,0.2829,0.0538,Cash on Delivery,Accessories,1
21,1019.16,5,1,0,3,4.58,783,2,0,0.1592,0.0344,UPI,Fashion,0
32,1338.46,12,1,1,4,7.7,932,1,0,0.0487,0.1037,UPI,Electronics,0
31,5680.83,7,4,0,3,14.73,453,8,3,0.4598,0.0706,Cash on Delivery,Home,1
24,2287.57,8,2,1,4,17.32,1191,0,1,0.2857,0.0952,Debit Card,Fashion,0
28,681.22,6,0,0,5,20.5,357,0,0,0.0507,0.0427,UPI,Fashion,0
35,1495.98,4,0,0,3,3.48,544,1,0,0.0679,0.0565,Debit Card,Fashion,0
20,755.45,4,0,0,5,2.52,840,2,0,0.0724,0.0691,UPI,Fashion,0
45,736.32,7,0,0,6,12.15,241,3,5,0.2682,0.0357,Cash on Delivery,Fashion,1
27,1372.02,8,0,0,3,14.36,804,1,1,0.1053,0.0594,UPI,Fashion,1
30,563.77,2,0,0,3,15.11,317,4,2,0.1874,0.0956,Net Banking,Electronics,1
39,3088.19,10,1,0,4,8.93,948,6,0,0.0937,0.0559,Credit Card,Fashion,1
21,1813.91,15,0,0,4,29.02,701,2,1,0.0623,0.0334,Debit Card,Home,0
27,1024.65,4,0,0,4,35.87,837,6,1,0.0865,0.104,UPI,Accessories,0
50,1229.4,6,0,0,1,10.29,1318,2,2,0.1258,0.0053,Net Banking,Home,0
40,1089.55,6,5,3,4,11.91,278,1,2,0.6764,0.463,Cash on Delivery,Fashion,1
45,1468.66,12,0,0,3,16.23,1056,4,2,0.1285,0.0,Credit Card,Electronics,1
30,1225.2,11,0,0,6,12.14,1046,0,2,0.2556,0.0608,Net Banking,Fashion,1
27,1760.69,7,0,0,2,5.25,375,6,1,0.0717,0.0396,Credit Card,Fashion,0
31,1339.81,3,0,0,6,38.38,240,1,3,0.2878,0.1136,Net Banking,Grocery,1
30,1312.35,4,1,1,6,23.62,330,3,2,0.3251,0.2514,Debit Card,Fashion,1
36,2364.9,7,0,0,3,18.06,1419,4,0,0.0192,0.0593,Debit Card,Home,0
21,2060.56,12,1,1,1,19.2,1513,3,0,0.0897,0.0843,UPI,Accessories,0
18,1520.44,9,0,0,3,17.4,369,0,0,0.039,0.0193,Credit Card,Grocery,0
30,1477.33,5,0,0,3,6.7,2022,3,1,0.121,0.044,UPI,Electronics,0
33,2210.7,9,1,0,2,6.92,882,3,0,0.1315,0.0129,Cash on Delivery,Fashion,0
35,845.03,8,0,0,2,11.91,591,0,0,0.0286,0.0566,Debit Card,Grocery,0
19,676.31,6,1,1,6,16.91,112,4,2,0.2289,0.1929,Credit Card,Fashion,1
28,1092.04,8,0,0,3,27.79,576,2,0,0.0397,0.0329,Credit Card,Home,0
34,697.07,6,3,1,3,12.55,220,3,0,0.4064,0.1884,Credit Card,Accessories,1
45,285.09,4,0,0,4,27.61,322,5,0,0.1143,0.0935,UPI,Home,0
21,1279.39,9,1,1,1,15.99,1613,3,0,0.1184,0.1379,Cash on Delivery,Accessories,0
25,2784.35,9,4,0,2,4.64,53,5,3,0.4559,0.0464,Net Banking,Fashion,1
24,736.55,7,1,0,4,3.12,608,2,0,0.1404,0.0177,UPI,Fashion,0
25,3377.83,8,4,2,3,14.89,444,3,3,0.4816,0.2495,Debit Card,Fashion,1
25,2127.68,8,2,1,4,15.31,587,6,2,0.2728,0.1735,Credit Card,Electronics,1
38,431.82,6,0,0,3,8.52,661,2,1,0.0815,0.0341,Cash on Delivery,Fashion,0
24,1454.71,6,0,0,3,20.42,358,2,0,0.079,0.0222,Debit Card,Electronics,0
23,804.44,10,1,0,3,29.56,985,2,0,0.0723,0.0024,Debit Card,Accessories,0
35,1419.7,8,2,0,3,21.82,841,6,0,0.232,0.0364,Cash on Delivery,Home,0
25,2291.09,5,0,0,4,9.57,1646,3,0,0.0345,0.0319,Debit Card,Fashion,0
33,869.2,9,0,0,2,36.29,304,4,1,0.0446,0.0071,UPI,Electronics,1
28,797.85,5,0,0,4,10.57,955,1,0,0.0389,0.0398,Net Banking,Home,0
26,3209.6,5,0,0,3,24.6,384,0,0,0.0818,0.0517,Credit Card,Fashion,0
18,555.93,14,3,3,4,4.33,529,5,1,0.1967,0.1997,UPI,Beauty,0
35,2397.63,6,0,0,5,6.5,840,4,1,0.0634,0.0462,UPI,Grocery,0
23,4343.34,15,1,1,4,2.45,1858,2,1,0.0657,0.1011,UPI,Accessories,0
32,908.25,6,1,0,2,14.75,172,2,0,0.1854,0.074,Cash on Delivery,Home,0
29,1959.76,5,0,0,2,24.35,209,2,0,0.0699,0.05,UPI,Beauty,0
32,2015.13,13,3,3,1,21.86,389,3,2,0.2576,0.2215,Net Banking,Beauty,0
33,2176.62,5,0,0,2,10.91,831,2,1,0.1079,0.0478,UPI,Fashion,0
36,1392.64,6,0,0,1,17.64,340,3,0,0.0384,0.0548,Debit Card,Home,0
33,394.26,6,2,1,2,18.9,157,7,3,0.3427,0.1779,UPI,Electronics,1
27,925.79,4,2,0,2,23.99,224,0,0,0.3919,0.0457,Cash on Delivery,Fashion,0
45,620.27,8,1,1,3,10.01,992,3,2,0.3025,0.1216,Debit Card,Electronics,1
18,1772.87,2,0,0,4,33.68,228,0,2,0.2719,0.0959,UPI,Fashion,0
27,553.97,5,0,0,4,8.49,869,2,1,0.0692,0.0747,Credit Card,Fashion,1
18,315.65,7,1,1,4,35.61,645,1,1,0.1772,0.1815,UPI,Fashion,1
32,3155.15,11,2,0,3,3.44,1417,0,0,0.1426,0.0326,Cash on Delivery,Electronics,0
42,3556.19,7,1,0,5,22.26,1000,5,0,0.1277,0.0454,Net Banking,Grocery,0
38,998.78,8,0,0,5,1.91,1011,1,0,0.0446,0.0411,UPI,Accessories,0
37,1450.94,11,2,2,5,55.44,230,4,3,0.2723,0.1994,Cash on Delivery,Accessories,1
25,1723.14,10,0,0,4,13.98,532,2,1,0.0826,0.024,Cash on Delivery,Electronics,0
19,2608.0,4,2,0,6,7.23,760,6,1,0.3642,0.0576,Debit Card,Fashion,0
27,1014.74,9,1,0,5,11.07,1502,3,0,0.0848,0.041,Debit Card,Grocery,0
30,1815.6,8,2,2,4,13.55,117,2,1,0.2951,0.2134,UPI,Fashion,1
25,1163.75,8,1,1,5,17.15,424,2,3,0.3083,0.1245,UPI,Fashion,0
39,941.42,10,0,0,4,13.95,673,1,0,0.0569,0.0,Net Banking,Electronics,0
27,1042.11,3,0,0,2,3.34,868,1,0,0.0834,0.0689,Credit Card,Beauty,0
36,2463.07,10,0,0,3,20.13,1395,1,1,0.1093,0.0,Credit Card,Fashion,0
36,801.79,3,1,1,5,0.94,344,1,1,0.339,0.3034,Debit Card,Electronics,1
24,958.33,7,1,0,6,26.39,401,4,4,0.2343,0.0288,UPI,Grocery,0
55,3267.84,10,0,0,3,25.26,1029,2,0,0.0192,0.0444,Credit Card,Fashion,0
37,1881.73,6,0,0,2,5.95,496,0,1,0.1438,0.0797,Net Banking,Electronics,0
27,1105.24,12,0,0,2,9.56,689,1,1,0.1347,0.0519,Credit Card,Grocery,1
21,780.96,11,1,0,3,19.45,1375,1,1,0.1448,0.0322,Debit Card,Fashion,0
26,817.46,5,1,1,6,50.47,390,6,3,0.263,0.2163,Cash on Delivery,Fashion,0
32,906.26,13,4,0,2,13.5,697,3,1,0.2878,0.0428,Debit Card,Accessories,0
33,917.33,8,2,0,3,7.64,685,4,0,0.2251,0.0062,Credit Card,Electronics,1
18,2540.09,7,0,0,3,13.38,428,1,1,0.1005,0.0343,Cash on Delivery,Beauty,0
28,2851.79,9,0,0,2,8.03,1194,2,0,0.0164,0.0266,Cash on Delivery,Home,0
42,684.02,3,2,2,7,41.47,379,5,2,0.5231,0.5424,UPI,Fashion,1
37,991.58,7,0,0,2,19.01,420,4,0,0.0291,0.0628,Net Banking,Beauty,0
29,397.14,6,0,0,4,34.44,1062,1,2,0.1689,0.0422,Cash on Delivery,Fashion,0
18,309.83,9,5,1,4,6.13,299,7,5,0.5364,0.1265,Debit Card,Fashion,1
43,326.62,11,0,0,4,23.04,869,1,0,0.0319,0.0117,Credit Card,Fashion,0
20,945.81,12,2,0,4,29.85,992,0,0,0.1529,0.0059,Net Banking,Electronics,0
35,462.58,5,0,0,4,12.14,125,2,4,0.2149,0.0452,UPI,Electronics,1
40,570.08,3,0,0,5,4.59,695,3,1,0.1614,0.0516,Net Banking,Electronics,0
25,1353.97,3,0,0,5,32.94,195,6,2,0.1445,0.0711,UPI,Fashion,0
42,1208.61,4,1,0,2,35.03,715,3,1,0.2523,0.0702,UPI,Accessories,0
25,516.76,4,0,0,3,29.16,300,3,1,0.1433,0.0524,Credit Card,Accessories,1
20,1000.43,6,0,0,4,36.59,338,3,3,0.1713,0.0352,Credit Card,Grocery,0
43,786.37,8,1,0,2,15.61,1077,3,0,0.1384,0.0355,UPI,Electronics,0
20,1061.7,5,0,0,3,12.29,874,1,0,0.0644,0.037,Credit Card,Grocery,0
37,1243.95,11,0,0,3,7.34,192,1,1,0.0577,0.0069,UPI,Electronics,0
28,558.89,4,2,2,3,8.2,1700,2,0,0.3011,0.4714,Credit Card,Fashion,1
21,544.81,8,0,0,1,24.79,564,2,0,0.0259,0.0253,UPI,Electronics,0
30,594.51,12,2,1,5,33.65,1325,1,1,0.2419,0.0956,Credit Card,Home,1
26,1216.0,6,0,0,4,8.08,1346,3,1,0.097,0.0205,UPI,Electronics,0
35,2386.89,6,1,0,3,25.35,346,5,1,0.1485,0.0337,UPI,Fashion,1
42,3010.16,9,1,0,5,17.38,1104,4,0,0.094,0.047,Cash on Delivery,Fashion,0
39,526.12,10,1,0,5,7.51,1202,2,0,0.1057,0.0059,Credit Card,Fashion,0
24,368.54,8,0,0,5,2.04,2084,3,0,0.0208,0.031,UPI,Grocery,0
27,1029.75,10,0,0,2,3.47,210,6,1,0.0977,0.0639,Cash on Delivery,Accessories,0
31,2320.66,7,2,1,1,9.38,1041,1,0,0.2477,0.1744,Credit Card,Beauty,0
33,821.54,7,0,0,3,10.54,1333,2,1,0.0922,0.0635,Credit Card,Grocery,0
27,1888.24,7,1,1,6,31.81,459,2,2,0.2434,0.1847,Net Banking,Electronics,1
26,714.54,8,1,1,2,47.8,238,3,3,0.2557,0.1544,Credit Card,Electronics,0
43,1070.79,9,0,0,3,3.4,309,2,0,0.0475,0.0452,UPI,Beauty,1
40,1811.48,11,0,0,4,13.84,1192,2,1,0.109,0.022,UPI,Fashion,1
34,867.61,6,0,0,4,3.22,415,4,0,0.0334,0.0357,Credit Card,Home,0
32,1704.36,6,0,0,3,21.87,635,6,0,0.0162,0.0302,UPI,Grocery,0
18,3931.64,6,0,0,3,10.52,724,2,0,0.0501,0.0525,Cash on Delivery,Fashion,0
46,2549.45,7,0,0,3,3.62,531,3,0,0.0435,0.0498,Credit Card,Home,0
30,837.15,10,0,0,3,12.59,770,1,0,0.0528,0.0258,UPI,Fashion,0
48,2718.13,11,1,0,3,7.06,913,1,0,0.0779,0.0,Credit Card,Electronics,1
36,2242.09,6,0,0,5,6.91,353,2,0,0.0458,0.0335,UPI,Home,0
52,1636.81,12,1,0,5,18.01,1447,2,1,0.1577,0.0208,UPI,Accessories,0
39,1652.41,9,2,1,1,3.84,947,4,2,0.2811,0.1125,Credit Card,Home,0
30,1701.87,5,1,1,4,30.89,181,5,3,0.309,0.2626,UPI,Fashion,1
28,1204.86,9,5,2,4,23.14,137,1,4,0.6573,0.2023,UPI,Electronics,0
21,1006.85,11,0,0,2,6.66,1325,2,2,0.1694,0.0,UPI,Fashion,0
28,1477.16,5,0,0,2,20.95,873,6,0,0.0477,0.0526,UPI,Beauty,0
32,985.05,8,0,0,3,6.96,1979,2,1,0.151,0.0299,Debit Card,Fashion,0
26,1705.9,4,0,0,5,14.85,1372,1,1,0.1961,0.1193,Debit Card,Beauty,1
31,1382.73,8,0,0,3,17.3,735,1,1,0.0902,0.0568,Credit Card,Home,0
22,828.53,11,0,0,3,8.09,514,0,1,0.1151,0.0346,Debit Card,Beauty,0
34,1273.59,7,0,0,4,14.56,527,1,1,0.1297,0.0172,Cash on Delivery,Electronics,0
36,471.04,9,1,0,3,3.09,546,0,1,0.1623,0.0261,UPI,Grocery,0
25,1223.2,8,0,0,3,24.14,1260,0,0,0.0179,0.0719,Credit Card,Home,0
18,1057.97,4,1,0,3,46.95,951,5,1,0.2433,0.09,UPI,Fashion,1
51,1087.4,9,0,0,2,27.8,1953,3,0,0.0495,0.0464,Debit Card,Home,0
35,993.28,10,1,1,3,6.95,874,6,1,0.1234,0.0987,UPI,Beauty,0
27,3221.56,12,0,0,2,2.29,1891,1,0,0.0,0.0082,UPI,Fashion,0
19,887.63,8,3,0,4,12.41,771,1,2,0.369,0.0386,UPI,Home,1
35,1371.18,12,0,0,5,9.15,747,4,0,0.0145,0.029,Credit Card,Accessories,0
32,1308.83,16,1,1,6,7.35,593,3,0,0.1105,0.0774,UPI,Grocery,0
41,2463.16,16,0,0,2,16.79,570,1,0,0.0591,0.0304,Credit Card,Fashion,0
33,3126.64,5,0,0,5,11.09,285,3,1,0.0692,0.0651,Debit Card,Grocery,0
23,905.13,11,0,0,4,12.01,1483,3,0,0.0336,0.0224,Cash on Delivery,Home,0
49,505.68,6,0,0,4,9.04,370,2,0,0.0741,0.0543,Credit Card,Electronics,0
38,680.02,7,0,0,5,22.03,525,2,0,0.0412,0.064,Debit Card,Electronics,0
32,568.64,9,0,0,3,10.78,717,1,0,0.0342,0.0336,UPI,Electronics,0
35,4113.27,6,1,0,3,11.38,296,2,0,0.1685,0.067,Credit Card,Grocery,0
38,1134.4,6,0,0,1,4.62,627,2,0,0.0339,0.055,UPI,Beauty,0
21,2255.61,7,0,0,2,6.05,428,5,1,0.1244,0.0289,Cash on Delivery,Fashion,0
35,403.36,7,1,0,3,7.33,769,6,1,0.1578,0.0395,Net Banking,Fashion,0
25,2472.32,6,0,0,4,23.34,499,6,1,0.1081,0.0733,UPI,Fashion,1
36,2893.3,7,4,1,4,22.17,325,5,3,0.5422,0.1327,Debit Card,Electronics,1
30,2117.56,12,1,1,3,15.85,2402,3,0,0.1305,0.1039,Credit Card,Electronics,1
18,1848.76,3,0,0,4,17.02,146,2,2,0.1939,0.026,Credit Card,Fashion,0
39,2740.64,7,0,0,3,5.23,683,4,0,0.0864,0.0189,Debit Card,Home,1
20,1393.83,3,1,1,3,45.05,85,3,4,0.4589,0.3498,UPI,Accessories,0
27,3247.97,5,0,0,4,24.94,976,3,1,0.1438,0.0624,UPI,Accessories,0
29,2059.46,4,0,0,4,8.31,1253,1,0,0.094,0.0563,UPI,Grocery,0
49,1327.8,12,1,1,3,11.34,554,0,1,0.1546,0.1299,Net Banking,Fashion,0
45,2509.69,11,0,0,5,10.15,213,1,0,0.014,0.0244,Debit Card,Electronics,0
18,1099.36,8,0,0,2,18.52,370,3,0,0.0352,0.0599,Credit Card,Fashion,0
26,3083.19,5,1,1,5,22.3,241,3,2,0.2633,0.2434,Cash on Delivery,Grocery,1
44,3493.66,9,1,1,2,14.24,874,2,0,0.1394,0.1506,Credit Card,Accessories,0
33,1060.21,9,2,0,4,28.82,311,2,1,0.2385,0.022,Credit Card,Beauty,0
28,346.12,6,0,0,3,10.51,812,1,1,0.1384,0.0666,Net Banking,Beauty,1
25,2152.66,10,3,0,4,10.95,900,1,2,0.3335,0.0338,Net Banking,Electronics,0
25,1381.13,8,1,1,2,26.34,409,3,0,0.1349,0.1698,UPI,Electronics,0
28,879.64,10,1,1,4,7.79,849,2,0,0.082,0.1207,UPI,Grocery,0
24,799.99,11,2,0,6,6.42,615,1,0,0.1567,0.0612,Cash on Delivery,Home,0
22,1015.57,10,0,0,2,18.06,1006,4,1,0.0595,0.0007,Debit Card,Beauty,0
25,500.11,9,0,0,2,16.97,1128,2,0,0.0071,0.0242,Net Banking,Grocery,0
37,841.82,7,0,0,3,6.35,546,1,0,0.0398,0.0341,Cash on Delivery,Accessories,0
34,797.43,13,3,1,5,0.33,2026,5,1,0.2027,0.1071,Cash on Delivery,Grocery,0
23,1892.69,9,4,0,4,18.26,305,7,2,0.3884,0.0,UPI,Home,1
39,992.32,15,1,1,2,15.7,300,4,0,0.0495,0.1156,Debit Card,Electronics,0
33,1180.11,9,2,2,3,10.82,445,4,1,0.1869,0.2008,Cash on Delivery,Home,1
22,868.34,8,2,0,3,16.99,539,0,0,0.2117,0.0634,UPI,Fashion,0
38,2365.74,7,0,0,3,8.86,1004,2,0,0.05,0.0304,UPI,Beauty,0
25,1930.82,5,0,0,3,2.86,310,5,0,0.0342,0.0642,UPI,Grocery,0
40,861.58,8,1,1,2,16.51,1595,4,0,0.144,0.1521,Net Banking,Electronics,0
24,1614.56,7,0,0,4,1.83,578,3,2,0.1117,0.0267,Credit Card,Electronics,1
28,1404.61,5,0,0,4,8.44,658,2,1,0.0711,0.0338,UPI,Electronics,0
31,434.27,5,0,0,1,10.1,431,4,0,0.023,0.0405,Credit Card,Accessories,0
40,857.56,9,0,0,3,4.72,940,2,0,0.0771,0.0,UPI,Home,0
36,1045.12,10,1,0,3,5.76,1162,7,1,0.1757,0.0183,Credit Card,Electronics,0
34,1192.3,9,2,0,2,19.67,659,2,1,0.2257,0.0229,Credit Card,Accessories,0
51,3026.49,13,0,0,4,14.59,1533,3,1,0.0465,0.0284,Credit Card,Accessories,0
18,1855.54,5,0,0,4,7.38,642,4,0,0.0726,0.0,UPI,Fashion,0
29,1562.07,8,3,2,3,3.2,77,3,1,0.3409,0.2221,UPI,Fashion,1
25,942.69,9,1,1,4,5.95,705,3,1,0.2135,0.1474,UPI,Fashion,1
24,2765.79,7,0,0,3,15.32,601,2,1,0.0818,0.0327,Debit Card,Accessories,0
18,1637.38,7,0,0,6,9.45,1028,0,1,0.1989,0.0166,UPI,Grocery,0
28,3317.37,12,0,0,6,9.4,822,1,1,0.1189,0.0384,Credit Card,Home,0
40,1937.94,8,0,0,3,8.6,573,0,1,0.1525,0.0506,Debit Card,Accessories,0
29,3427.0,8,2,1,3,11.59,847,1,0,0.2094,0.1793,Credit Card,Grocery,0
31,1274.36,7,0,0,3,7.02,1057,4,1,0.0338,0.0557,UPI,Home,0
18,1516.73,7,0,0,3,14.42,927,5,0,0.0343,0.0664,Debit Card,Fashion,0
27,738.09,10,0,0,4,12.98,556,2,1,0.0614,0.0352,UPI,Beauty,0
30,1206.5,9,1,0,3,3.28,897,3,0,0.1439,0.0398,UPI,Beauty,0
40,1450.34,6,0,0,4,5.98,479,3,0,0.0774,0.0463,Net Banking,Home,0
20,1176.54,8,2,0,5,33.84,577,3,3,0.2618,0.0156,UPI,Beauty,1
19,1307.1,15,2,0,3,22.66,659,3,0,0.0863,0.0,Cash on Delivery,Fashion,0
26,1671.45,5,1,1,3,9.11,232,10,1,0.2107,0.2474,Credit Card,Accessories,1
29,2840.19,6,2,1,3,7.96,1170,1,1,0.3237,0.1625,UPI,Beauty,0
34,733.25,6,1,1,4,25.54,524,4,2,0.1812,0.2016,Credit Card,Fashion,0
39,3052.82,9,2,1,1,18.47,45,7,1,0.21,0.129,Net Banking,Grocery,1
30,1364.31,9,6,0,3,16.71,500,3,1,0.5218,0.0373,Cash on Delivery,Home,0
44,2100.5,3,0,0,4,14.73,772,2,0,0.1329,0.0618,Cash on Delivery,Beauty,0
30,1389.33,7,0,0,3,12.01,1085,3,1,0.0897,0.0103,Cash on Delivery,Beauty,0
18,940.0,7,1,1,3,21.93,1900,1,0,0.1246,0.1707,Debit Card,Accessories,0
27,1749.82,8,2,0,5,41.43,60,14,5,0.2543,0.0441,Net Banking,Fashion,1
44,1643.1,6,3,1,5,31.86,151,5,0,0.392,0.198,UPI,Grocery,1
46,1163.85,5,1,1,2,12.84,1507,3,0,0.2078,0.2061,Cash on Delivery,Grocery,1
41,282.37,6,0,0,2,15.54,2020,3,1,0.119,0.0586,Cash on Delivery,Accessories,1
42,2463.91,8,2,0,3,16.79,1268,0,1,0.313,0.0064,Debit Card,Electronics,0
18,2482.53,9,1,0,2,15.39,1609,4,1,0.1595,0.0583,UPI,Accessories,0
48,285.31,9,0,0,3,27.17,92,2,0,0.0122,0.0089,UPI,Home,0
27,3482.67,15,2,1,1,5.96,2355,0,0,0.162,0.0593,UPI,Accessories,0
28,2200.2,6,2,1,6,54.98,647,4,1,0.3278,0.1845,Credit Card,Beauty,0
29,806.34,10,0,0,6,11.97,746,0,2,0.2027,0.0351,Debit Card,Beauty,0
36,1839.79,4,0,0,2,18.9,245,3,2,0.1912,0.0592,Debit Card,Grocery,0
28,1821.95,8,3,0,4,5.51,2370,2,0,0.3002,0.0223,Credit Card,Fashion,0
44,530.82,7,0,0,1,22.93,729,4,0,0.0197,0.0247,Credit Card,Grocery,0
43,841.98,8,1,0,5,9.4,1839,1,0,0.1378,0.0327,Credit Card,Home,0
30,3068.73,3,1,0,6,47.05,204,4,1,0.3792,0.0604,UPI,Electronics,0
32,732.43,6,0,0,3,23.06,864,1,0,0.0823,0.0163,Cash on Delivery,Accessories,0
38,999.73,4,0,0,3,27.79,210,1,0,0.0536,0.061,UPI,Grocery,0
35,610.93,12,0,0,4,11.17,1282,3,0,0.0537,0.0,Debit Card,Home,0
18,2435.49,3,0,0,2,20.67,292,5,2,0.1274,0.0801,UPI,Fashion,0
33,1465.96,5,0,0,2,6.3,112,0,0,0.1085,0.0959,Cash on Delivery,Accessories,0
25,1635.4,9,2,0,3,19.94,1158,4,4,0.3748,0.0699,UPI,Electronics,1
50,3010.76,6,0,0,3,13.43,287,3,0,0.0661,0.0467,Credit Card,Home,0
21,570.37,11,0,0,3,8.98,827,2,0,0.0565,0.0293,Credit Card,Grocery,1
30,1429.32,6,2,0,3,14.11,164,6,3,0.3331,0.0691,UPI,Accessories,0
38,1641.08,7,0,0,3,10.42,1249,1,1,0.1308,0.0136,UPI,Grocery,0
37,2127.57,17,1,0,2,6.55,1100,4,2,0.1545,0.0426,UPI,Accessories,0
24,2032.76,5,1,1,4,12.37,500,4,3,0.2936,0.2048,Debit Card,Grocery,1
44,1803.15,9,0,0,3,6.95,1160,3,0,0.078,0.0254,Credit Card,Beauty,0
27,1504.27,12,5,3,3,17.75,153,9,3,0.4228,0.2574,Credit Card,Grocery,1
46,929.1,11,2,0,3,8.6,1161,1,0,0.1737,0.0369,UPI,Home,0
33,1297.44,9,1,0,4,14.94,1305,3,1,0.1599,0.0426,Credit Card,Fashion,0
39,3116.57,8,0,0,2,5.04,571,1,0,0.0322,0.0484,Debit Card,Fashion,1
50,2421.84,8,0,0,6,26.21,1483,5,0,0.1119,0.0393,UPI,Home,0
33,1501.04,8,1,0,1,13.55,456,5,0,0.1599,0.0094,Credit Card,Accessories,0
24,1482.45,9,0,0,2,7.28,1476,3,0,0.0506,0.0511,UPI,Home,0
31,2207.02,8,1,0,4,23.75,1104,3,0,0.156,0.0449,Net Banking,Accessories,0
22,838.89,9,0,0,1,11.66,879,1,1,0.1039,0.0261,UPI,Electronics,0
45,1724.61,5,4,1,5,11.32,591,4,4,0.7151,0.2243,Net Banking,Grocery,1
37,2322.53,10,0,0,4,25.72,553,1,0,0.0506,0.063,Debit Card,Electronics,0
44,437.83,8,0,0,3,2.82,345,4,1,0.038,0.0413,Credit Card,Beauty,0
19,491.49,6,2,1,3,13.58,395,6,3,0.3579,0.1784,Credit Card,Home,1
33,1590.45,8,0,0,5,9.43,537,5,3,0.1611,0.0468,UPI,Home,1
19,1685.15,6,1,0,1,5.35,551,0,1,0.226,0.0526,Cash on Delivery,Electronics,0
31,4083.69,5,3,1,4,30.83,394,1,2,0.5598,0.2201,UPI,Beauty,0
22,1363.73,6,0,0,4,10.91,935,5,1,0.0798,0.0505,Debit Card,Home,1
43,1050.24,5,0,0,3,12.12,1273,1,0,0.0653,0.0271,UPI,Electronics,0
18,1577.84,7,0,0,2,1.77,366,2,0,0.0479,0.06,UPI,Electronics,1
20,2654.13,8,0,0,5,7.47,941,1,0,0.0157,0.0294,Debit Card,Beauty,0
32,1194.93,9,0,0,3,17.82,1028,3,1,0.085,0.0416,UPI,Fashion,0
36,997.86,6,2,1,2,20.74,384,2,1,0.3404,0.1665,UPI,Electronics,0
38,1397.15,4,0,0,5,14.42,1251,3,1,0.1438,0.0698,UPI,Fashion,0
33,1456.03,7,1,1,3,4.84,970,3,0,0.1231,0.1323,UPI,Fashion,0
50,916.15,5,0,0,1,4.01,1512,3,0,0.0286,0.0522,Net Banking,Beauty,0
35,1215.78,8,0,0,5,18.09,1353,2,0,0.0147,0.0194,UPI,Fashion,0
43,1269.08,9,2,2,2,7.01,953,3,0,0.1321,0.2153,Credit Card,Fashion,0
41,1316.16,8,0,0,5,6.15,512,2,1,0.1445,0.0181,Cash on Delivery,Home,0
22,910.87,8,1,0,6,11.38,515,1,1,0.1902,0.0191,Cash on Delivery,Home,0
32,1566.4,11,0,0,2,12.77,384,3,0,0.0172,0.0288,UPI,Beauty,0
53,2747.05,8,0,0,4,10.26,442,1,0,0.0523,0.0279,Cash on Delivery,Electronics,0
29,1496.76,7,0,0,2,16.64,1045,1,0,0.0264,0.0313,UPI,Home,0
28,1328.5,5,0,0,5,24.49,852,1,1,0.1291,0.037,UPI,Home,0
36,1092.21,5,1,1,1,8.13,309,3,0,0.1639,0.2298,Debit Card,Home,0
30,2805.26,4,0,0,4,8.77,1069,2,1,0.124,0.026,UPI,Accessories,0
27,1967.8,8,0,0,5,9.01,1379,3,3,0.2053,0.0212,UPI,Fashion,0
30,555.99,4,0,0,2,11.89,1423,3,0,0.0725,0.064,Cash on Delivery,Accessories,0
47,1807.7,7,1,1,3,10.71,281,6,1,0.1402,0.1463,UPI,Accessories,0
33,2962.01,10,0,0,2,6.08,1368,0,0,0.0175,0.0144,Credit Card,Fashion,0
22,617.93,6,0,0,2,11.97,1060,4,1,0.092,0.0349,Debit Card,Accessories,0
20,2583.06,7,2,1,2,5.46,637,2,1,0.2778,0.1849,UPI,Electronics,1
54,672.85,9,1,1,3,4.66,1771,1,0,0.127,0.1312,Credit Card,Electronics,0
27,2293.77,5,2,2,3,36.1,127,6,1,0.3401,0.3855,UPI,Electronics,1
32,1574.28,12,1,0,6,7.85,529,2,0,0.0653,0.0221,UPI,Fashion,1
38,1813.4,9,1,1,3,10.12,87,1,3,0.2982,0.1015,Credit Card,Beauty,0
35,1412.9,5,3,1,4,5.32,205,5,2,0.4805,0.216,Credit Card,Home,1
32,1177.8,6,3,1,7,6.65,241,8,7,0.503,0.2056,UPI,Beauty,1
27,1010.12,11,1,1,3,2.45,653,3,0,0.0563,0.0955,Cash on Delivery,Fashion,0
37,1375.83,7,0,0,4,6.18,576,3,0,0.0691,0.0191,Credit Card,Fashion,0
47,1134.86,7,0,0,3,27.54,1011,1,0,0.0464,0.0254,Debit Card,Grocery,0
28,2698.32,5,0,0,4,28.29,1117,2,1,0.1427,0.0023,Debit Card,Home,0
38,2006.59,9,0,0,3,7.43,1146,2,1,0.1036,0.0382,Net Banking,Beauty,0
21,1772.19,7,1,1,1,35.78,841,1,2,0.3081,0.1799,Debit Card,Grocery,0
52,1631.76,7,1,1,2,6.33,868,2,0,0.1831,0.1318,Debit Card,Fashion,0
36,861.36,14,2,2,3,13.57,1725,2,0,0.1139,0.1321,Debit Card,Fashion,1
30,4026.84,2,0,0,4,23.69,237,0,0,0.1333,0.1032,UPI,Grocery,0
27,637.19,10,3,3,2,19.88,95,2,1,0.3264,0.2589,UPI,Electronics,1
31,1973.34,10,1,1,6,7.21,1174,5,1,0.1062,0.0675,UPI,Accessories,0
29,375.87,4,0,0,4,1.73,907,2,0,0.0666,0.0693,Debit Card,Home,0
30,2349.84,13,1,1,2,19.35,650,2,0,0.0658,0.0881,Debit Card,Electronics,0
18,871.77,12,0,0,4,6.85,768,4,0,0.0136,0.0536,Cash on Delivery,Fashion,0
33,1452.75,8,0,0,2,17.97,917,2,2,0.1732,0.0294,Debit Card,Home,0
24,1778.17,13,2,2,6,49.48,119,10,1,0.1038,0.1944,Credit Card,Fashion,1
32,758.4,8,0,0,2,23.35,119,7,1,0.042,0.0352,UPI,Fashion,0
33,1025.57,13,0,0,2,28.81,471,3,0,0.0405,0.0,Credit Card,Grocery,0
38,1401.5,7,3,1,3,1.99,1047,2,1,0.3769,0.1592,Net Banking,Beauty,1
29,1637.63,8,0,0,6,1.69,1108,2,0,0.0667,0.011,Credit Card,Accessories,0
27,1033.77,7,0,0,2,14.07,1160,1,1,0.1163,0.0098,Credit Card,Accessories,0
34,971.94,11,1,0,4,5.67,2253,4,1,0.0795,0.0439,UPI,Fashion,1
19,2047.0,4,0,0,4,12.81,1540,3,0,0.0687,0.0438,Cash on Delivery,Home,0
35,1947.91,11,0,0,5,15.96,443,2,0,0.0409,0.0522,Cash on Delivery,Fashion,0
18,2864.24,7,2,0,3,19.41,554,3,1,0.2481,0.0962,UPI,Electronics,0
44,622.32,11,0,0,3,14.65,356,3,2,0.1504,0.0114,Net Banking,Electronics,0
43,2370.1,8,2,1,1,24.82,217,3,0,0.1946,0.1209,Net Banking,Electronics,0
40,1164.76,9,0,0,1,4.56,926,2,0,0.0397,0.0636,UPI,Fashion,1
26,445.73,9,0,0,4,8.46,701,3,0,0.0417,0.0431,Credit Card,Electronics,0
40,1636.73,9,0,0,5,11.58,1367,2,0,0.0564,0.0445,UPI,Electronics,1
35,748.63,8,1,1,3,8.99,1789,6,2,0.1856,0.164,Net Banking,Fashion,0
25,345.67,8,0,0,4,13.9,1658,2,2,0.16,0.0234,UPI,Grocery,0
18,750.89,15,3,1,1,20.31,929,4,0,0.1575,0.0653,Credit Card,Grocery,0
22,1464.0,6,3,2,6,22.86,184,3,4,0.5611,0.3367,Cash on Delivery,Beauty,1
37,2054.85,9,0,0,4,6.45,2272,2,0,0.0221,0.0216,UPI,Electronics,1
27,574.19,11,1,0,2,14.96,1039,1,0,0.0719,0.0098,UPI,Beauty,0
44,2302.2,10,0,0,5,19.93,479,7,0,0.0418,0.0397,Debit Card,Home,0
44,1397.17,8,1,1,3,18.61,407,1,1,0.2283,0.1064,UPI,Fashion,1
39,2349.99,10,1,1,5,8.09,91,5,5,0.246,0.1236,Credit Card,Home,1
34,1616.29,3,0,0,3,23.79,469,3,1,0.1116,0.0756,UPI,Home,0
28,1783.72,7,0,0,5,18.56,990,4,0,0.0705,0.006,UPI,Home,0
50,1306.0,10,1,1,3,20.94,1168,0,0,0.0961,0.0997,UPI,Electronics,0
39,2185.45,10,2,0,4,29.27,487,2,0,0.1828,0.0058,UPI,Beauty,0
18,2075.31,5,1,0,1,21.55,736,3,1,0.2327,0.07,Cash on Delivery,Beauty,0
30,1231.01,4,1,0,2,14.06,203,4,3,0.3615,0.0481,Credit Card,Fashion,0
22,3598.73,6,0,0,4,2.68,239,1,0,0.0735,0.0261,Debit Card,Fashion,0
27,1089.96,7,2,2,3,10.09,423,1,0,0.2241,0.3022,Debit Card,Grocery,0
33,2038.64,9,0,0,5,11.03,727,2,1,0.081,0.0513,UPI,Electronics,0
40,434.76,6,0,0,4,45.84,91,5,3,0.1754,0.0343,Cash on Delivery,Home,1
37,1183.93,8,0,0,4,14.11,927,1,3,0.2273,0.0432,Cash on Delivery,Fashion,1
36,521.87,10,0,0,2,13.02,658,5,0,0.0428,0.0109,UPI,Grocery,0
44,1011.35,8,0,0,3,20.76,555,1,2,0.1604,0.0262,UPI,Home,0
40,2766.29,6,0,0,5,29.03,1042,1,1,0.092,0.0503,Net Banking,Fashion,1
39,1353.2,6,0,0,3,18.96,856,3,0,0.1043,0.041,Cash on Delivery,Beauty,0
36,1419.29,4,0,0,4,7.94,765,3,1,0.0744,0.0668,Net Banking,Electronics,1
46,1131.71,5,0,0,4,19.86,394,1,0,0.0847,0.063,Debit Card,Fashion,0
31,3431.32,9,0,0,4,7.11,790,2,1,0.1302,0.0293,UPI,Fashion,0
31,2299.38,5,0,0,3,16.66,593,4,1,0.101,0.0432,UPI,Fashion,0
18,936.93,11,1,1,3,14.3,277,3,0,0.1105,0.0995,Credit Card,Fashion,0
31,1275.43,2,0,0,7,34.82,94,1,4,0.4031,0.0846,Cash on Delivery,Grocery,1
44,1400.02,7,0,0,1,23.38,1049,3,1,0.0861,0.0106,UPI,Fashion,0
33,1131.96,6,1,0,2,5.03,1344,3,0,0.1206,0.0,Credit Card,Grocery,0
60,754.14,8,0,0,5,10.36,572,0,0,0.0746,0.0187,Debit Card,Fashion,0
38,970.49,4,0,0,2,10.97,517,6,0,0.0736,0.0481,Credit Card,Beauty,1
30,1979.1,7,0,0,4,17.02,788,0,0,0.0145,0.0271,Debit Card,Grocery,0
35,897.14,14,0,0,2,27.94,437,2,0,0.0456,0.0366,Debit Card,Fashion,0
21,1381.33,3,1,0,4,21.74,281,6,6,0.4527,0.0465,Net Banking,Fashion,1
39,2354.34,10,1,0,4,11.71,489,1,0,0.0686,0.0265,Credit Card,Accessories,0
24,615.17,4,0,0,3,17.9,763,5,0,0.0637,0.0774,Net Banking,Electronics,0
37,1496.29,8,0,0,1,24.59,1282,5,1,0.0492,0.0,UPI,Home,0
24,1344.81,5,0,0,3,12.53,508,3,1,0.114,0.0698,Cash on Delivery,Home,1
34,1231.1,8,1,1,1,24.01,1063,1,1,0.1563,0.1685,UPI,Fashion,1
31,5387.79,3,0,0,5,13.01,780,4,0,0.0633,0.0735,Cash on Delivery,Grocery,0
45,1266.42,9,0,0,3,3.89,569,4,0,0.0528,0.0041,Net Banking,Accessories,0
26,822.36,5,0,0,2,14.03,462,2,0,0.0583,0.078,Debit Card,Accessories,0
36,2513.31,5,0,0,4,21.29,481,1,0,0.0863,0.0685,Credit Card,Home,0
47,2369.0,9,1,0,4,3.15,413,5,0,0.1616,0.0384,Debit Card,Grocery,0
28,598.17,9,0,0,4,7.77,1504,3,0,0.0412,0.0432,Debit Card,Home,0
31,1976.13,9,0,0,3,20.26,378,1,0,0.0565,0.0292,UPI,Electronics,0
55,5644.91,15,0,0,6,13.08,825,2,1,0.0954,0.0524,UPI,Grocery,0
35,2233.36,3,0,0,1,20.32,115,7,2,0.1472,0.0822,Debit Card,Beauty,0
38,2017.48,4,1,0,4,22.73,1795,2,4,0.4096,0.068,Debit Card,Beauty,1
31,1499.19,8,1,1,5,35.75,515,4,3,0.2072,0.1679,Cash on Delivery,Accessories,1
29,1277.25,14,0,0,2,9.81,630,6,1,0.0608,0.0384,UPI,Home,0
41,1800.1,12,0,0,4,3.11,1658,1,0,0.0,0.0,Cash on Delivery,Home,0
29,2419.4,7,1,0,4,25.17,934,1,1,0.2007,0.0448,Credit Card,Home,0
20,3035.4,11,3,2,3,5.79,1225,2,2,0.3536,0.1887,UPI,Beauty,0
28,934.96,14,4,4,4,1.25,1480,3,4,0.3469,0.2912,Net Banking,Home,1
18,1367.7,6,3,0,3,4.06,807,4,3,0.5022,0.0232,UPI,Fashion,0
46,1799.91,7,0,0,2,10.57,438,8,1,0.0834,0.0559,Net Banking,Fashion,0
24,794.98,10,0,0,2,14.42,830,1,0,0.0,0.011,UPI,Fashion,0
56,2997.17,10,0,0,3,4.07,659,2,1,0.0761,0.0017,Credit Card,Accessories,0
30,1199.92,7,0,0,6,17.4,455,1,1,0.1123,0.0374,UPI,Grocery,0
53,2414.21,6,0,0,4,17.2,724,1,0,0.07,0.0479,UPI,Beauty,0
22,1714.91,3,0,0,3,8.4,1204,0,1,0.2076,0.0494,Net Banking,Home,0
43,1667.09,12,1,1,4,3.24,895,2,1,0.1173,0.1019,Credit Card,Fashion,1
38,1042.91,5,0,0,1,3.01,248,1,0,0.0878,0.0443,Credit Card,Beauty,0
26,643.03,11,6,1,3,17.43,907,8,0,0.406,0.1077,Debit Card,Fashion,0
20,1289.46,3,3,3,2,11.8,361,6,1,0.6767,0.8281,UPI,Home,1
42,2015.11,10,0,0,5,24.27,476,1,0,0.0668,0.0084,Debit Card,Accessories,0
33,1171.82,9,2,0,4,43.52,100,7,3,0.2696,0.0321,UPI,Electronics,1
43,845.99,10,1,0,3,14.5,267,0,1,0.1808,0.0407,Credit Card,Grocery,0
30,953.91,7,1,0,3,20.0,1020,4,0,0.144,0.048,Credit Card,Fashion,0
22,1967.98,5,0,0,3,1.0,1781,1,0,0.074,0.0382,Credit Card,Home,0
34,1707.68,5,1,1,6,7.04,826,1,1,0.2709,0.2043,Credit Card,Electronics,0
36,1338.93,2,0,0,2,9.59,381,1,0,0.1177,0.1,UPI,Grocery,1
27,1449.98,13,7,2,4,24.33,56,3,1,0.4565,0.1507,Net Banking,Grocery,1
24,4269.43,4,2,0,7,26.09,551,2,2,0.4743,0.0555,UPI,Fashion,0
30,672.26,11,1,1,5,32.91,274,1,2,0.2113,0.1396,Cash on Delivery,Electronics,0
36,1037.16,9,0,0,5,5.04,1751,6,2,0.117,0.0,UPI,Fashion,0
37,974.52,9,2,0,4,4.61,429,2,0,0.129,0.0196,Cash on Delivery,Beauty,1
26,5952.1,3,0,0,1,3.29,525,0,1,0.2029,0.057,Debit Card,Beauty,0
38,1705.79,14,0,0,3,20.14,836,2,0,0.0073,0.0,Cash on Delivery,Fashion,0
32,1725.05,3,0,0,2,21.73,462,0,0,0.1026,0.1002,Credit Card,Electronics,0
28,915.14,15,1,1,4,3.31,660,2,0,0.0659,0.111,UPI,Electronics,0
41,3276.29,8,0,0,4,23.87,1042,3,0,0.0298,0.0445,Credit Card,Fashion,0
27,951.3,13,2,0,2,7.8,907,3,1,0.1604,0.0195,Credit Card,Home,0
30,2265.84,9,0,0,4,8.88,874,1,0,0.0579,0.009,UPI,Beauty,0
35,1096.49,13,0,0,1,6.77,739,5,1,0.0635,0.0207,UPI,Accessories,1
46,2240.98,10,0,0,2,14.48,859,4,0,0.0641,0.0132,UPI,Electronics,0
36,744.69,1,0,0,2,24.14,1336,2,0,0.1721,0.1573,Credit Card,Fashion,0
39,1221.14,14,2,1,4,11.23,394,0,3,0.3868,0.1049,Net Banking,Home,0
31,680.81,8,0,0,3,12.23,1048,3,1,0.0655,0.0228,Debit Card,Home,0
50,1979.49,4,1,1,3,13.19,388,4,2,0.2704,0.2316,Debit Card,Fashion,1
33,1476.86,9,1,1,3,28.86,1064,3,1,0.1342,0.1409,Debit Card,Home,0
34,1649.65,2,1,0,2,2.94,381,4,0,0.3561,0.0932,Credit Card,Home,0
37,2380.83,6,0,0,4,15.25,1324,2,0,0.0612,0.0524,Cash on Delivery,Home,1
31,1490.4,18,3,0,3,15.35,583,4,0,0.0928,0.0123,Credit Card,Accessories,0
46,1864.37,5,0,0,3,6.07,583,2,1,0.1254,0.0517,UPI,Electronics,0
31,674.58,4,0,0,4,11.65,577,2,0,0.0706,0.0523,Debit Card,Grocery,1
37,965.25,7,3,2,5,16.45,603,8,1,0.3536,0.2769,Net Banking,Fashion,0
19,2473.35,8,0,0,2,4.73,1851,5,1,0.1077,0.0406,UPI,Fashion,0
59,787.6,8,0,0,4,3.15,751,2,0,0.0273,0.0087,Net Banking,Fashion,0
31,859.38,10,0,0,3,8.14,663,2,1,0.1047,0.0261,Credit Card,Fashion,1
46,957.31,6,3,0,3,12.89,781,3,1,0.4401,0.051,Cash on Delivery,Accessories,0
47,402.64,15,1,1,3,11.41,722,2,0,0.0686,0.0283,UPI,Fashion,0
43,882.23,5,0,0,4,16.98,692,3,1,0.1066,0.0405,Credit Card,Beauty,0
37,1189.36,8,5,1,5,28.92,198,1,1,0.5205,0.1446,UPI,Home,1
32,2191.57,6,1,0,1,10.75,609,4,1,0.1894,0.0152,Credit Card,Beauty,0
47,2016.71,7,0,0,3,6.53,625,5,1,0.0507,0.051,Net Banking,Beauty,0
37,3053.38,6,0,0,2,6.7,1642,0,0,0.1462,0.0492,Credit Card,Accessories,0
23,1149.3,8,1,0,2,8.96,706,3,1,0.1421,0.0492,Net Banking,Accessories,0
52,370.45,10,2,0,4,12.57,508,2,0,0.1742,0.0348,UPI,Home,0
26,3725.57,13,0,0,3,7.45,1512,1,0,0.0419,0.0128,Credit Card,Home,0
35,1114.58,6,2,1,5,7.76,235,2,0,0.2704,0.154,UPI,Fashion,1
32,1259.43,6,1,1,1,24.45,1078,1,0,0.1509,0.1606,Debit Card,Electronics,0
35,1313.33,6,0,0,4,9.85,1298,1,0,0.0582,0.0701,Credit Card,Electronics,0
23,749.22,8,2,0,5,32.55,475,2,3,0.3677,0.034,Net Banking,Electronics,1
22,1547.29,3,1,1,3,35.21,773,6,2,0.364,0.3353,Debit Card,Fashion,1
33,3962.98,6,1,0,3,5.77,505,3,1,0.2241,0.103,Debit Card,Home,0
37,1740.28,3,0,0,5,20.15,239,3,0,0.1084,0.0768,Cash on Delivery,Grocery,0
28,2658.19,11,0,0,3,10.25,789,1,0,0.0426,0.0386,Credit Card,Fashion,0
18,1191.19,4,2,0,4,15.21,340,2,5,0.6406,0.0198,Debit Card,Home,1
47,3066.4,8,2,0,2,11.24,1302,2,0,0.2437,0.014,Cash on Delivery,Home,0
28,1856.9,6,3,0,4,25.83,242,8,3,0.4462,0.0863,Cash on Delivery,Beauty,1
43,784.55,5,2,0,4,7.21,1662,1,2,0.4703,0.0578,UPI,Home,1
37,2519.43,8,0,0,1,21.22,845,3,0,0.0425,0.0231,Cash on Delivery,Accessories,0
30,1937.89,9,0,0,1,16.23,864,3,1,0.1134,0.0177,UPI,Grocery,0
44,1088.99,6,3,0,3,6.56,1031,4,1,0.3977,0.0738,Net Banking,Home,1
30,719.71,17,2,1,3,0.88,1563,3,0,0.0912,0.0669,Debit Card,Accessories,0
48,604.91,6,2,0,2,24.24,977,2,0,0.2771,0.04,UPI,Fashion,0
18,1276.85,9,0,0,5,37.49,469,9,1,0.0838,0.0279,Credit Card,Electronics,0
35,1158.48,9,1,1,5,7.06,1848,2,1,0.1445,0.1398,UPI,Home,0
45,1179.95,6,1,0,4,17.24,1019,1,0,0.1677,0.0437,Debit Card,Fashion,0
33,735.87,7,0,0,6,18.42,891,3,0,0.0302,0.0108,UPI,Fashion,0
30,1726.42,2,0,0,6,34.55,448,3,1,0.2292,0.1064,Credit Card,Electronics,1
35,792.68,11,1,0,3,14.18,802,2,0,0.1042,0.0,Debit Card,Fashion,0
45,1173.83,8,0,0,4,15.56,810,1,0,0.0177,0.0241,Cash on Delivery,Accessories,0
36,1300.36,7,0,0,5,44.53,93,5,1,0.1098,0.058,UPI,Fashion,0
54,1499.14,14,0,0,3,15.27,1427,4,0,0.0694,0.0344,UPI,Electronics,0
48,1859.43,4,0,0,4,11.12,682,3,0,0.0736,0.0754,Net Banking,Fashion,1
42,1339.15,10,0,0,4,5.16,458,3,0,0.0369,0.0,Debit Card,Home,0
31,5400.78,6,3,1,3,22.54,702,2,0,0.3491,0.198,Debit Card,Grocery,0
39,1037.82,8,3,0,1,28.7,600,0,1,0.3939,0.0521,Credit Card,Electronics,0
29,1474.4,8,0,0,2,12.66,1365,5,0,0.0096,0.0303,Credit Card,Home,0
37,2489.65,3,1,0,6,33.61,84,5,4,0.423,0.0892,UPI,Grocery,1
37,150.0,7,1,0,4,4.99,505,3,0,0.1663,0.0271,UPI,Electronics,0
26,1862.11,8,0,0,3,2.63,1202,3,2,0.1226,0.0209,Credit Card,Home,0
45,1051.96,4,3,1,3,19.91,797,5,5,0.6598,0.2618,UPI,Fashion,1
37,11138.01,9,1,0,4,15.68,601,1,2,0.2847,0.0432,Cash on Delivery,Accessories,0
38,1951.29,10,0,0,1,5.56,426,0,1,0.1476,0.0162,Net Banking,Fashion,0
18,753.87,10,1,1,3,6.64,657,1,2,0.2603,0.0963,Debit Card,Accessories,0
28,4132.04,3,0,0,6,54.81,500,1,6,0.4913,0.0679,UPI,Fashion,1
34,1013.19,6,0,0,2,10.11,1338,1,0,0.0523,0.014,Debit Card,Electronics,0
38,571.08,11,0,0,4,26.91,1779,1,0,0.0531,0.0593,Debit Card,Beauty,0
51,1693.38,5,2,1,5,16.24,202,2,2,0.4073,0.2025,Credit Card,Fashion,1
33,2695.26,8,0,0,4,21.39,672,0,1,0.1124,0.0338,UPI,Electronics,0
37,1479.66,7,0,0,3,5.55,1249,2,0,0.0492,0.0228,UPI,Fashion,0
31,1646.43,3,1,1,3,43.76,247,3,3,0.4149,0.3383,Net Banking,Electronics,1
22,1785.59,7,0,0,2,7.34,571,2,1,0.0898,0.0133,Credit Card,Fashion,0
37,1384.18,2,2,0,9,12.06,606,4,2,0.6882,0.0941,Credit Card,Fashion,0
27,1371.1,6,0,0,4,2.77,150,1,0,0.105,0.0525,UPI,Electronics,0
43,1635.21,8,2,1,4,15.98,642,1,1,0.2741,0.157,UPI,Electronics,0
34,892.77,7,2,1,2,10.09,1442,6,0,0.2488,0.1768,UPI,Beauty,0
37,3535.03,7,0,0,5,10.34,335,1,0,0.0959,0.0259,Debit Card,Fashion,0
29,1612.46,10,0,0,4,4.34,513,4,1,0.039,0.0359,UPI,Accessories,1
34,1888.83,7,0,0,2,18.62,1409,4,0,0.0496,0.0517,Net Banking,Electronics,0
24,1130.21,6,1,1,9,26.35,256,3,3,0.3168,0.1746,Cash on Delivery,Fashion,1
18,1099.77,13,1,0,5,19.36,963,2,1,0.1521,0.0113,UPI,Home,0
42,1040.76,10,0,0,3,2.98,884,1,0,0.0486,0.0,Credit Card,Accessories,0
50,2204.85,6,0,0,5,28.21,390,1,1,0.1321,0.0449,Credit Card,Home,1
24,733.48,7,0,0,2,28.43,556,6,1,0.0814,0.0502,Debit Card,Beauty,0
26,501.35,4,0,0,3,14.76,804,1,1,0.1116,0.0734,UPI,Home,0
38,1758.71,4,0,0,3,5.87,1063,1,2,0.2263,0.0551,Credit Card,Electronics,0
47,2692.85,4,0,0,2,10.49,2299,3,1,0.1269,0.0426,UPI,Fashion,0
34,1143.01,11,0,0,3,14.35,1002,2,0,0.0061,0.0275,UPI,Fashion,0
23,904.96,7,0,0,3,2.2,903,0,0,0.0771,0.0193,Credit Card,Electronics,0
32,2329.93,8,0,0,3,11.44,1000,1,1,0.0834,0.0,Net Banking,Grocery,0
25,962.07,12,1,1,2,19.25,314,1,0,0.0686,0.0738,Cash on Delivery,Electronics,0
42,685.76,7,3,3,3,32.61,524,1,2,0.4568,0.4281,UPI,Grocery,1
28,1683.49,5,1,0,2,12.76,1146,4,3,0.3193,0.0516,UPI,Accessories,0
31,868.71,8,0,0,4,1.35,298,2,0,0.0097,0.0674,Debit Card,Electronics,0
26,2203.48,8,2,2,3,16.6,1607,3,1,0.2428,0.2737,UPI,Beauty,0
27,639.28,9,1,0,3,9.19,467,1,0,0.1381,0.0281,UPI,Grocery,0
35,1307.65,14,0,0,2,9.81,403,3,2,0.1019,0.0111,Credit Card,Fashion,1
37,589.42,4,2,0,4,10.05,797,2,2,0.4727,0.0712,UPI,Accessories,1
36,2532.29,7,0,0,2,22.32,376,0,0,0.0108,0.0447,Debit Card,Electronics,0
21,1236.09,9,0,0,4,24.11,888,2,0,0.0411,0.0082,Net Banking,Home,1
38,526.68,11,3,0,5,3.33,771,4,0,0.2567,0.037,Credit Card,Beauty,0
31,736.18,10,3,0,4,21.79,1059,2,0,0.2642,0.0299,Cash on Delivery,Home,0
41,784.64,6,2,0,2,30.78,762,4,3,0.369,0.0413,UPI,Grocery,0
40,507.28,10,1,1,5,6.19,758,0,0,0.0972,0.1139,Debit Card,Beauty,0
41,1081.58,9,2,0,3,5.57,807,1,1,0.2221,0.036,UPI,Electronics,1
29,1206.22,9,0,0,2,5.26,321,1,1,0.1262,0.0208,Cash on Delivery,Grocery,0
40,1631.39,4,0,0,3,38.29,1110,1,1,0.1289,0.0904,Credit Card,Home,0
26,2340.16,3,0,0,2,16.05,1068,1,2,0.246,0.0885,Credit Card,Home,0
29,2631.98,10,3,3,7,30.4,277,2,3,0.3741,0.3039,Net Banking,Electronics,1
46,402.83,10,0,0,2,3.59,1222,5,1,0.0598,0.0037,Credit Card,Grocery,0
27,2403.47,5,0,0,4,17.65,804,1,2,0.1416,0.0873,Credit Card,Fashion,0
37,1377.47,13,2,1,2,15.4,912,2,0,0.2024,0.0711,UPI,Home,0
32,1030.16,5,0,0,1,15.72,1116,1,2,0.1817,0.0382,UPI,Grocery,0
25,881.15,9,0,0,5,18.27,1139,3,1,0.0766,0.0216,Cash on Delivery,Electronics,0
42,1767.19,7,1,0,3,7.14,1077,1,0,0.0959,0.0375,UPI,Electronics,0
28,2887.35,6,0,0,2,12.15,1253,4,0,0.0595,0.0652,Debit Card,Fashion,1
19,4082.64,5,0,0,5,7.95,1401,2,1,0.1224,0.0413,Net Banking,Electronics,0
19,427.31,4,1,1,3,11.98,448,4,6,0.4306,0.2784,UPI,Fashion,1
18,323.83,6,0,0,3,26.35,698,3,1,0.1042,0.0555,Net Banking,Grocery,0
26,2883.41,10,1,0,4,9.23,825,3,0,0.1472,0.0236,Credit Card,Accessories,1
46,339.81,9,0,0,4,6.95,1119,2,0,0.0832,0.0412,UPI,Electronics,0
45,2805.96,5,0,0,5,10.9,523,0,1,0.1576,0.0797,Credit Card,Grocery,0
28,2209.81,7,0,0,2,9.32,464,1,0,0.0396,0.0476,Net Banking,Electronics,0
33,945.61,6,0,0,3,14.23,258,5,1,0.0383,0.0246,UPI,Electronics,1
31,723.38,9,0,0,3,11.98,471,4,0,0.036,0.0375,UPI,Electronics,0
30,1042.49,8,0,0,2,14.53,556,3,0,0.046,0.0335,Debit Card,Fashion,0
22,1087.92,8,2,0,3,2.2,625,0,1,0.2904,0.0196,Credit Card,Accessories,0
25,793.41,8,1,0,2,23.36,1050,2,0,0.1351,0.0,Debit Card,Beauty,0
43,740.57,12,1,0,4,3.57,806,3,0,0.0626,0.0067,UPI,Beauty,0
18,1396.06,4,2,1,3,16.17,665,3,2,0.4352,0.2949,UPI,Grocery,1
39,2011.75,6,1,0,4,9.9,1948,6,0,0.1608,0.0726,UPI,Grocery,0
36,1697.4,12,0,0,5,40.95,2141,4,1,0.0612,0.0143,UPI,Electronics,0
22,1363.37,10,0,0,1,1.71,506,2,0,0.0296,0.0495,Credit Card,Accessories,0
35,1401.42,7,1,0,2,21.7,2348,4,1,0.1602,0.0374,UPI,Home,1
18,1556.23,7,0,0,5,19.15,1168,0,0,0.0123,0.0528,Debit Card,Accessories,0
26,5650.73,8,6,3,2,36.94,99,5,0,0.5519,0.3797,Credit Card,Accessories,1
42,1421.79,7,3,1,5,15.12,473,2,1,0.3798,0.185,UPI,Grocery,1
31,1310.94,7,5,1,2,23.85,63,6,4,0.5783,0.1679,Credit Card,Fashion,0
48,994.94,3,0,0,4,29.1,574,5,2,0.191,0.0897,Net Banking,Accessories,1
36,1643.51,6,1,0,4,28.14,261,2,1,0.2232,0.0783,Debit Card,Accessories,0
22,831.55,9,3,0,1,12.3,444,1,0,0.2469,0.0411,UPI,Fashion,0
49,1576.21,4,0,0,2,28.94,260,1,1,0.153,0.0328,Cash on Delivery,Electronics,0
32,1589.38,9,2,2,6,10.99,62,10,3,0.2506,0.2454,UPI,Grocery,1
18,1590.57,15,3,1,3,11.47,809,3,0,0.1732,0.106,Debit Card,Electronics,0
39,687.73,9,2,0,4,6.3,1093,4,1,0.2037,0.0442,Credit Card,Home,0
39,513.02,7,0,0,2,13.04,725,2,1,0.1176,0.0489,UPI,Accessories,0
23,1883.52,10,0,0,2,7.63,573,2,0,0.0699,0.0444,Credit Card,Beauty,0
34,1238.35,8,3,0,3,11.8,467,1,2,0.4157,0.0634,UPI,Grocery,0
19,507.64,9,3,0,4,16.14,1524,2,1,0.2824,0.0149,Cash on Delivery,Beauty,1
18,1889.78,11,0,0,4,3.79,630,5,1,0.0317,0.0238,Credit Card,Home,1
30,865.56,4,2,2,6,30.15,166,5,1,0.3998,0.4573,UPI,Beauty,0
24,1883.75,9,1,0,4,9.53,1409,1,0,0.0983,0.018,Credit Card,Beauty,1
28,1535.24,12,0,0,3,18.16,275,1,0,0.0456,0.055,Cash on Delivery,Home,0
28,1644.8,7,2,2,2,6.56,208,3,2,0.2948,0.3068,Credit Card,Accessories,1
40,1195.18,11,1,0,4,15.08,1795,3,0,0.0744,0.0283,UPI,Beauty,0
18,1736.38,3,0,0,2,23.74,500,8,1,0.1324,0.0855,Cash on Delivery,Grocery,1
35,1639.09,9,0,0,4,4.68,909,3,0,0.0207,0.0172,UPI,Home,0
35,3185.22,8,2,2,2,7.66,578,4,0,0.201,0.2413,Debit Card,Beauty,0
25,618.76,2,0,0,4,6.37,492,1,1,0.1302,0.0824,UPI,Electronics,0
29,2166.26,13,0,0,4,18.69,941,3,0,0.0328,0.0499,Cash on Delivery,Fashion,0
30,812.77,7,5,0,4,4.42,340,10,3,0.571,0.051,Credit Card,Electronics,1
26,771.71,9,1,0,2,27.31,828,2,2,0.21,0.0461,Credit Card,Accessories,0
23,2315.69,6,0,0,3,20.9,620,1,0,0.0946,0.0637,UPI,Fashion,0
29,2800.65,9,1,0,1,12.39,275,4,1,0.1522,0.0246,UPI,Accessories,0
30,1446.98,5,1,1,5,32.08,170,1,0,0.1983,0.2422,Credit Card,Fashion,1
35,3613.71,7,0,0,3,15.42,99,1,1,0.105,0.0422,Cash on Delivery,Electronics,0
21,986.58,7,2,0,5,20.84,15,3,3,0.3748,0.0253,UPI,Home,1
29,1638.64,6,1,0,5,13.38,787,2,0,0.1348,0.0257,Credit Card,Accessories,0
31,1465.25,5,2,0,1,13.66,2618,2,1,0.341,0.0348,UPI,Beauty,0
40,1032.0,7,2,0,4,20.17,806,3,0,0.2403,0.0033,Debit Card,Accessories,0
29,917.44,8,0,0,5,6.92,364,0,0,0.0272,0.0088,Debit Card,Beauty,0
22,372.49,9,0,0,3,2.94,346,4,1,0.0628,0.0476,Credit Card,Home,0
39,434.33,9,1,1,3,5.51,295,1,0,0.1241,0.1207,Credit Card,Electronics,0
36,1093.62,6,0,0,2,12.38,1151,1,1,0.1474,0.0269,UPI,Fashion,0
37,1254.69,11,1,0,4,19.51,1646,0,0,0.0895,0.0432,Debit Card,Electronics,0
40,1956.48,8,0,0,1,34.77,404,1,0,0.014,0.02,Credit Card,Fashion,0
38,2899.09,8,1,0,3,8.23,487,1,1,0.2036,0.0253,Credit Card,Home,0
34,1265.8,9,0,0,4,3.59,1496,3,1,0.0631,0.0293,Debit Card,Accessories,1
56,2267.01,15,0,0,3,5.21,1067,4,0,0.0,0.0213,Debit Card,Fashion,1
22,2570.27,7,1,0,4,8.29,303,2,1,0.1717,0.0462,Debit Card,Accessories,0
20,5004.0,4,1,1,4,26.13,228,2,2,0.3923,0.2855,Credit Card,Fashion,1
25,1431.33,7,2,1,4,15.48,285,4,2,0.3323,0.1455,Debit Card,Beauty,1
29,363.5,8,0,0,2,11.71,1105,2,1,0.0544,0.0714,Credit Card,Fashion,0
43,506.75,12,0,0,4,11.1,1090,1,2,0.1737,0.0083,UPI,Beauty,0
30,3818.81,5,0,0,3,19.81,1025,5,1,0.0942,0.0653,UPI,Home,0
35,977.24,8,0,0,4,8.78,2005,2,0,0.0293,0.0219,Credit Card,Grocery,0
41,1150.49,8,0,0,2,11.9,713,3,0,0.0386,0.0523,Credit Card,Electronics,0
36,657.8,9,1,0,3,5.27,633,5,0,0.1198,0.0002,Debit Card,Grocery,0
46,803.0,9,0,0,4,13.94,330,2,1,0.1036,0.057,Credit Card,Beauty,0
25,2178.14,11,3,0,1,8.15,820,2,0,0.2059,0.0081,UPI,Grocery,0
25,2109.3,4,2,0,4,27.26,32,4,4,0.5145,0.0599,Cash on Delivery,Grocery,0
46,843.95,6,0,0,5,14.03,605,1,0,0.0441,0.0657,UPI,Electronics,0
45,2400.08,11,0,0,1,11.0,1038,7,2,0.0703,0.0268,UPI,Beauty,0
23,1943.79,5,0,0,3,10.37,1108,1,1,0.1528,0.0691,UPI,Beauty,1
40,590.3,7,0,0,2,0.85,849,5,0,0.0532,0.0475,Credit Card,Fashion,0
34,1396.3,4,0,0,4,23.93,1695,2,1,0.1124,0.0749,Cash on Delivery,Fashion,1
29,1111.4,7,4,0,5,3.57,596,3,0,0.4366,0.0233,Credit Card,Beauty,0
18,1375.06,3,1,1,4,6.81,565,3,0,0.2642,0.3283,Credit Card,Home,0
21,733.9,2,0,0,2,41.45,428,8,0,0.1448,0.0562,Debit Card,Home,0
25,1949.45,5,1,0,5,11.66,1479,1,3,0.3677,0.049,Debit Card,Home,1
40,1110.52,12,1,0,3,0.24,975,2,0,0.0873,0.0268,Debit Card,Grocery,0
41,1956.74,10,0,0,3,22.36,721,2,0,0.0498,0.0348,Debit Card,Grocery,0
32,834.29,12,2,0,4,32.38,1566,0,0,0.1256,0.0562,UPI,Grocery,0
41,1303.93,9,1,0,1,23.84,727,0,0,0.1158,0.0619,Cash on Delivery,Electronics,0
31,547.43,5,0,0,3,29.16,341,5,3,0.1861,0.0209,Credit Card,Home,0
33,3140.07,8,2,2,7,46.42,358,1,3,0.409,0.2628,Debit Card,Fashion,1
43,1053.06,7,2,0,1,15.1,567,1,1,0.2997,0.0344,Credit Card,Home,0
35,3428.36,6,1,1,4,15.37,667,1,0,0.1594,0.185,Credit Card,Fashion,1
27,1445.15,6,0,0,4,1.47,719,3,1,0.1151,0.0459,Debit Card,Electronics,0
38,1431.21,8,2,0,4,32.67,467,1,0,0.2577,0.0604,UPI,Electronics,0
38,2015.01,6,0,0,5,7.25,745,1,0,0.0663,0.0223,Credit Card,Electronics,0
30,4507.25,6,0,0,6,55.56,52,9,2,0.1255,0.0428,Debit Card,Electronics,0
40,1795.96,4,0,0,4,25.63,824,3,0,0.0841,0.0568,UPI,Home,1
42,1841.15,8,0,0,4,12.17,1180,2,1,0.1137,0.0338,UPI,Accessories,1
22,1243.12,6,2,0,4,18.96,1468,2,0,0.248,0.0364,UPI,Home,0
29,1151.9,7,0,0,4,0.61,1480,1,1,0.1162,0.0203,Debit Card,Fashion,0
18,2348.66,10,1,1,4,21.62,808,0,1,0.1523,0.1089,Debit Card,Electronics,0
41,1344.61,13,1,1,2,7.29,531,2,0,0.0682,0.1075,Credit Card,Electronics,0
32,3713.65,9,0,0,3,32.86,450,1,2,0.1191,0.045,UPI,Electronics,0
38,1188.97,5,0,0,5,10.15,530,4,0,0.0459,0.0734,Credit Card,Fashion,0
21,1072.16,10,1,1,2,10.38,319,1,1,0.1939,0.1527,UPI,Beauty,0
47,2470.85,12,0,0,3,31.92,511,4,0,0.0,0.0328,UPI,Beauty,0
23,963.81,8,0,0,1,17.26,2769,4,1,0.0824,0.0254,Credit Card,Beauty,0
24,2300.27,9,1,1,5,31.02,556,3,3,0.2759,0.1297,UPI,Electronics,1
41,1217.68,14,0,0,4,13.2,1576,0,0,0.0593,0.0,Cash on Delivery,Electronics,0
35,1144.41,15,4,0,5,6.16,883,5,0,0.2445,0.0127,Debit Card,Grocery,0
32,2056.97,6,0,0,4,11.71,675,5,0,0.0808,0.0318,Credit Card,Grocery,0
32,1774.75,3,0,0,2,23.19,1016,5,0,0.0979,0.0606,Cash on Delivery,Beauty,1
28,2288.78,5,0,0,1,7.33,443,2,1,0.1327,0.1137,UPI,Beauty,0
46,1488.08,10,1,1,5,6.45,707,1,1,0.2073,0.1256,Credit Card,Beauty,1
34,1231.96,5,0,0,2,19.18,263,1,0,0.0588,0.064,Cash on Delivery,Beauty,0
23,591.09,7,1,0,5,7.13,1020,1,0,0.1993,0.0228,Cash on Delivery,Fashion,0
31,2343.4,7,1,1,2,3.68,1504,2,0,0.1345,0.164,Credit Card,Home,0
35,1319.77,7,1,0,1,11.71,533,2,3,0.2723,0.0214,Debit Card,Electronics,0
34,2400.78,5,2,0,3,20.54,404,8,5,0.4483,0.0393,Credit Card,Home,1
42,4143.73,4,1,0,2,16.63,409,3,0,0.2608,0.0593,UPI,Home,0
29,1229.62,10,0,0,3,6.29,537,4,2,0.122,0.0,UPI,Beauty,0
29,1567.11,9,0,0,4,21.66,127,3,4,0.1888,0.0078,UPI,Accessories,0
34,985.79,14,0,0,2,43.5,502,3,0,0.0541,0.0398,Debit Card,Fashion,0
42,2074.84,5,0,0,4,3.55,570,1,0,0.1096,0.0338,UPI,Electronics,0
27,2190.51,7,1,1,4,16.81,125,6,2,0.2234,0.1663,Debit Card,Accessories,0
19,1874.15,6,1,0,7,14.29,19,4,2,0.2002,0.051,UPI,Fashion,1
22,1921.05,7,0,0,3,14.94,1966,0,0,0.0354,0.0387,UPI,Electronics,0
39,1353.81,12,1,1,5,12.38,897,1,0,0.1099,0.0652,UPI,Grocery,0
30,685.52,9,0,0,4,13.95,487,2,1,0.1005,0.0449,Credit Card,Home,0
31,2515.4,4,0,0,1,9.94,635,4,2,0.1297,0.079,UPI,Fashion,0
52,2490.62,6,0,0,5,17.17,559,2,0,0.0643,0.0263,UPI,Home,0
37,605.76,9,4,2,3,28.15,488,7,2,0.3978,0.2153,Net Banking,Accessories,1
32,748.8,5,2,0,5,20.22,570,2,2,0.416,0.0197,Credit Card,Beauty,0
41,848.88,7,1,0,4,3.82,1025,2,0,0.086,0.0627,Debit Card,Home,0
40,1090.99,8,0,0,3,10.98,447,3,1,0.0328,0.0429,UPI,Fashion,0
23,1363.93,9,0,0,3,2.22,395,0,0,0.0476,0.0005,Cash on Delivery,Beauty,0
18,1753.38,6,0,0,3,25.19,1348,1,0,0.0246,0.0262,Cash on Delivery,Accessories,0
41,2302.33,5,0,0,4,10.37,919,3,0,0.0482,0.0338,UPI,Accessories,0
24,1960.25,10,0,0,2,16.78,180,2,1,0.1136,0.0167,Credit Card,Beauty,0
19,1711.89,7,2,2,4,22.35,857,2,0,0.2295,0.3021,Debit Card,Fashion,0
43,554.72,13,1,0,2,22.27,403,1,0,0.1214,0.0362,Credit Card,Electronics,0
25,2353.91,6,0,0,4,9.72,350,2,0,0.0453,0.0284,Debit Card,Fashion,0
27,1154.73,10,0,0,3,20.54,1451,2,0,0.0358,0.0,UPI,Home,0
52,2007.46,8,1,1,1,9.42,485,3,0,0.1283,0.1584,UPI,Fashion,0
19,1730.73,3,0,0,4,13.43,670,2,0,0.1046,0.076,Credit Card,Beauty,1
23,1318.66,5,2,0,3,13.52,799,2,0,0.3262,0.047,Credit Card,Grocery,1
30,1977.71,10,0,0,4,7.44,1480,1,1,0.0978,0.0189,Debit Card,Accessories,0
32,651.56,9,1,0,4,10.63,395,2,1,0.1228,0.0423,Net Banking,Beauty,0
26,502.27,6,0,0,3,15.84,944,4,0,0.1002,0.0,UPI,Electronics,0
24,973.55,9,0,0,3,11.06,845,0,1,0.1333,0.0248,UPI,Electronics,0
48,522.21,9,1,0,3,9.38,978,2,0,0.0734,0.0838,UPI,Fashion,0
32,853.52,2,0,0,7,28.67,197,5,0,0.1588,0.0877,Cash on Delivery,Home,1
36,1408.28,9,2,0,2,6.58,891,1,0,0.1683,0.0148,Net Banking,Electronics,0
39,1095.31,8,1,0,3,12.78,679,1,2,0.2718,0.0273,Cash on Delivery,Accessories,0
33,1377.51,10,3,0,4,15.78,792,3,0,0.2892,0.0548,UPI,Electronics,0
37,2438.77,11,0,0,3,17.31,1702,4,0,0.0174,0.0576,Net Banking,Home,0
42,3087.48,7,1,0,3,14.41,946,3,1,0.1732,0.0429,Credit Card,Fashion,1
25,4263.38,7,0,0,5,8.88,897,3,0,0.0561,0.0128,UPI,Accessories,1
36,3205.36,13,0,0,5,20.43,506,4,0,0.0,0.0158,Net Banking,Electronics,0
40,2060.22,8,0,0,3,22.85,1914,0,2,0.1973,0.028,UPI,Electronics,0
48,1654.99,9,0,0,3,19.73,903,0,0,0.0546,0.0233,Credit Card,Beauty,0
28,1111.6,6,3,2,3,13.21,414,4,2,0.4301,0.3215,Credit Card,Fashion,1
52,1238.18,5,0,0,2,23.17,1180,0,0,0.053,0.0504,UPI,Accessories,0
35,2407.88,5,1,1,3,7.07,399,2,1,0.235,0.2541,UPI,Accessories,0
18,810.91,9,1,0,4,36.43,618,2,3,0.2702,0.0117,UPI,Home,1
23,1126.7,7,3,0,3,30.79,1058,5,3,0.4139,0.0431,Debit Card,Electronics,1
44,587.37,9,0,0,3,14.88,594,4,0,0.0508,0.0362,Debit Card,Electronics,0
18,1307.51,12,1,0,3,44.8,484,1,1,0.1505,0.014,UPI,Home,0
48,1988.43,8,0,0,3,12.42,1056,0,1,0.1436,0.0262,Debit Card,Fashion,0
27,943.85,12,0,0,4,26.15,318,5,2,0.1431,0.0188,Credit Card,Accessories,0
45,1857.34,8,1,1,6,9.95,938,7,2,0.1633,0.1341,Debit Card,Fashion,0
32,1522.67,9,0,0,2,7.0,1069,3,0,0.052,0.0718,UPI,Grocery,0
38,1079.61,9,0,0,2,10.71,1043,1,2,0.1543,0.0454,UPI,Grocery,1
18,969.08,5,1,1,3,27.14,1154,3,3,0.3051,0.2136,UPI,Fashion,0
33,2165.45,4,0,0,4,16.66,244,1,0,0.0748,0.0475,Cash on Delivery,Home,0
36,1361.55,9,0,0,4,2.86,1018,2,0,0.0,0.0141,UPI,Home,0
27,927.53,6,1,1,2,11.11,732,6,4,0.2855,0.1955,UPI,Grocery,1
29,1327.31,7,2,1,3,25.73,142,3,4,0.3905,0.1522,Debit Card,Fashion,1
32,2814.77,5,0,0,3,21.86,182,8,2,0.0825,0.0039,Credit Card,Fashion,0
48,1282.82,9,0,0,6,35.4,639,3,0,0.0638,0.0346,Debit Card,Grocery,0
31,1528.69,11,1,0,2,14.78,1954,0,0,0.1474,0.0083,Credit Card,Home,0
24,589.97,11,0,0,4,6.84,1124,1,0,0.018,0.0057,UPI,Fashion,1
50,839.76,9,2,0,3,6.45,629,2,0,0.1211,0.0177,Cash on Delivery,Grocery,0
18,1502.52,10,4,3,5,21.46,531,6,2,0.3561,0.3053,UPI,Fashion,1
39,2191.49,11,1,0,6,9.35,833,2,0,0.0825,0.0395,Credit Card,Fashion,0
51,813.44,8,1,1,1,15.53,1244,4,2,0.182,0.1732,UPI,Accessories,0
42,1999.22,8,0,0,3,7.24,276,3,1,0.06,0.0498,UPI,Grocery,0
22,856.54,11,5,1,3,8.16,769,4,0,0.3561,0.1002,Credit Card,Beauty,0
40,1540.94,6,3,1,3,6.19,1212,0,0,0.3223,0.1734,Net Banking,Electronics,0
25,1059.67,4,0,0,3,17.25,676,1,1,0.1434,0.0648,Credit Card,Home,0
34,1697.3,10,1,0,5,16.93,1014,2,1,0.1545,0.0,Credit Card,Fashion,0
33,780.47,5,0,0,3,7.7,746,1,1,0.1434,0.0401,UPI,Home,0
30,972.5,7,1,1,3,15.78,272,4,0,0.1667,0.1518,UPI,Electronics,0
19,1019.23,16,3,1,3,8.96,256,1,1,0.2093,0.0821,UPI,Accessories,0
27,791.82,7,0,0,3,15.63,1072,4,0,0.0553,0.0174,Credit Card,Fashion,1
54,1238.11,17,0,0,3,40.48,1460,2,1,0.0636,0.0253,Credit Card,Fashion,0
18,928.8,4,0,0,5,9.12,422,7,1,0.0946,0.0339,UPI,Electronics,1
36,416.19,5,0,0,3,10.08,382,3,1,0.1187,0.0537,Credit Card,Beauty,0
32,1566.18,4,0,0,3,19.0,838,4,0,0.1064,0.0121,UPI,Beauty,0
50,929.57,6,0,0,2,17.41,426,3,0,0.0397,0.0186,Credit Card,Fashion,0
30,949.17,6,1,1,4,10.64,386,0,1,0.2309,0.1391,Debit Card,Accessories,0
33,1146.23,11,0,0,3,6.61,560,4,0,0.0365,0.0149,Debit Card,Beauty,0
43,1688.22,7,0,0,2,19.74,1042,2,0,0.0515,0.0302,Credit Card,Electronics,0
30,1277.96,9,0,0,3,3.62,536,4,2,0.1181,0.0032,Cash on Delivery,Home,0
30,3248.29,9,4,3,4,28.89,296,4,7,0.6008,0.2905,Debit Card,Home,1
27,2121.01,6,0,0,5,15.07,493,2,0,0.085,0.0491,Credit Card,Fashion,0
18,1064.91,6,1,0,2,23.94,624,1,1,0.2258,0.0311,UPI,Accessories,0
26,481.55,11,1,0,3,17.42,675,0,1,0.1993,0.0587,Credit Card,Beauty,0
25,927.24,8,0,0,3,16.76,778,5,0,0.0,0.0218,Credit Card,Fashion,0
35,1360.99,8,3,0,4,6.08,1847,3,0,0.2773,0.0443,Cash on Delivery,Grocery,1
29,1152.6,9,0,0,2,25.02,2100,5,0,0.0155,0.032,Net Banking,Home,0
53,5689.59,10,2,0,3,32.1,797,2,1,0.2137,0.0333,Credit Card,Fashion,1
24,1774.31,9,0,0,4,0.94,1067,5,0,0.0194,0.0292,Credit Card,Home,0
47,2653.51,13,1,0,2,5.72,235,5,2,0.0906,0.0002,Net Banking,Electronics,0
36,862.16,5,0,0,4,4.4,1440,1,2,0.1958,0.0303,UPI,Home,0
41,862.95,10,2,0,3,8.12,869,1,0,0.1343,0.0184,Debit Card,Fashion,1
41,1556.07,6,0,0,3,18.32,264,1,0,0.0979,0.0546,Credit Card,Beauty,1
18,959.28,6,0,0,4,15.89,1272,1,1,0.1062,0.0309,UPI,Beauty,0
34,2477.57,5,0,0,6,8.59,486,4,2,0.1121,0.0372,Debit Card,Grocery,0
32,1858.19,10,0,0,1,27.2,1037,1,0,0.0547,0.0264,Net Banking,Grocery,0
24,1591.03,8,2,2,5,33.1,221,4,3,0.329,0.2501,Debit Card,Beauty,1
22,1667.79,10,4,3,5,15.68,109,6,1,0.2842,0.3206,Cash on Delivery,Beauty,1
36,798.75,4,0,0,4,31.53,196,3,2,0.1329,0.0761,UPI,Accessories,0
27,931.07,4,4,0,6,27.56,208,1,2,0.781,0.0381,Credit Card,Electronics,1
24,453.72,6,2,1,3,6.34,1135,4,2,0.2853,0.1904,UPI,Grocery,0
38,559.27,5,1,0,2,19.48,2368,2,0,0.1668,0.0619,UPI,Electronics,0
49,1026.01,9,0,0,2,6.38,800,3,0,0.028,0.0317,Credit Card,Electronics,0
18,2474.17,10,1,0,2,8.11,975,0,1,0.1905,0.0174,UPI,Grocery,0
33,775.7,6,3,0,4,36.71,166,6,2,0.4452,0.0333,UPI,Beauty,0
29,924.34,7,1,0,4,7.5,859,4,0,0.1265,0.0348,Credit Card,Electronics,0
23,1102.01,8,1,0,2,34.53,560,1,0,0.1368,0.0199,Credit Card,Fashion,1
35,1416.77,13,1,1,5,12.21,1374,3,0,0.0547,0.0867,UPI,Electronics,0
33,2185.89,5,2,0,4,22.89,402,6,3,0.3689,0.0807,Debit Card,Home,0
39,616.75,9,2,2,4,27.5,637,2,2,0.295,0.2673,Cash on Delivery,Electronics,1
31,2159.06,7,1,0,2,24.14,825,2,1,0.1581,0.054,Debit Card,Accessories,0
19,1204.26,2,1,1,4,29.22,258,8,3,0.4159,0.4435,Net Banking,Fashion,0
29,1246.16,12,0,0,2,19.81,949,1,0,0.0559,0.0244,UPI,Grocery,0
40,636.69,7,1,0,1,2.44,1593,2,3,0.2694,0.0411,Debit Card,Accessories,0
49,2608.76,9,0,0,3,16.68,966,1,0,0.0496,0.0223,UPI,Grocery,0
58,1056.31,3,0,0,4,4.63,1363,4,0,0.1295,0.0946,UPI,Electronics,0
27,360.67,6,0,0,4,8.25,299,1,1,0.108,0.0883,Credit Card,Fashion,0
18,509.86,8,0,0,2,15.01,592,1,0,0.0571,0.0365,Cash on Delivery,Fashion,1
36,2676.61,2,2,1,6,26.03,467,9,3,0.693,0.4186,Credit Card,Home,1
39,1448.26,13,1,1,4,6.3,1264,2,1,0.1388,0.0951,UPI,Fashion,0
48,2171.67,9,0,0,4,16.95,731,3,1,0.0102,0.0015,UPI,Fashion,0
41,559.81,9,1,0,4,13.88,2385,1,0,0.1048,0.0292,Credit Card,Accessories,0
48,1417.22,6,0,0,4,2.14,587,5,2,0.1079,0.0576,UPI,Fashion,0
32,661.22,13,2,0,4,36.9,2240,2,1,0.19,0.0097,Credit Card,Beauty,0
29,1454.28,12,0,0,4,14.62,382,6,1,0.0918,0.0363,Credit Card,Fashion,0
35,1002.56,6,0,0,3,8.23,255,2,1,0.1178,0.0452,Cash on Delivery,Grocery,0
31,1160.47,6,0,0,6,20.58,378,2,0,0.0484,0.0346,Cash on Delivery,Electronics,0
40,605.89,4,0,0,4,4.94,1368,1,0,0.0529,0.041,Debit Card,Grocery,0
43,968.36,10,1,1,4,26.94,301,1,2,0.2568,0.1373,Cash on Delivery,Fashion,0
29,1383.65,4,1,0,4,26.56,557,7,6,0.3617,0.041,Cash on Delivery,Fashion,1
43,2796.78,15,0,0,2,8.95,424,2,1,0.0733,0.0079,Credit Card,Fashion,0
39,1114.84,9,1,0,3,19.05,544,2,2,0.2361,0.0481,Credit Card,Beauty,0
36,1770.53,4,0,0,4,21.18,1768,0,0,0.0307,0.0579,Credit Card,Fashion,0
41,403.46,9,1,1,1,26.89,1105,2,1,0.1151,0.1285,Credit Card,Grocery,0
18,986.95,6,2,1,3,10.77,743,2,1,0.3352,0.2086,Cash on Delivery,Beauty,0
26,3930.03,2,1,0,3,3.32,383,5,1,0.4291,0.0934,Credit Card,Beauty,0
36,1488.1,12,0,0,3,8.07,184,5,1,0.0847,0.0476,UPI,Electronics,0
34,1200.81,14,3,2,3,30.21,913,0,1,0.2881,0.139,UPI,Grocery,0
36,1467.69,10,2,0,4,16.33,323,2,1,0.2119,0.0099,UPI,Fashion,0
33,813.15,6,0,0,6,5.26,969,1,2,0.174,0.07,UPI,Home,0
38,1702.38,8,2,0,2,7.92,1143,3,1,0.2602,0.0529,Credit Card,Fashion,0
29,1158.04,10,1,1,4,32.54,954,3,0,0.1178,0.1249,Credit Card,Home,0
44,1172.28,6,1,0,5,7.03,1388,3,1,0.2354,0.0168,Credit Card,Fashion,1
20,1028.46,7,1,1,3,30.33,576,5,1,0.1993,0.1764,Credit Card,Fashion,0
38,1425.77,9,0,0,5,4.4,542,0,1,0.11,0.0378,Credit Card,Beauty,0
34,902.84,7,2,0,2,13.65,187,2,1,0.3055,0.0471,Debit Card,Electronics,1
22,3792.03,7,3,3,1,26.56,465,3,1,0.3529,0.4207,UPI,Beauty,1
33,934.94,6,4,3,5,21.17,393,4,1,0.5252,0.4714,UPI,Electronics,1
35,334.72,7,0,0,2,11.83,1432,1,0,0.0112,0.0398,Credit Card,Electronics,0
28,2190.91,10,1,0,3,7.2,585,1,2,0.2805,0.0614,Cash on Delivery,Beauty,0
41,1106.43,9,1,0,5,12.71,407,3,1,0.1094,0.0,Net Banking,Home,0
36,1303.18,13,5,0,6,18.13,566,2,1,0.3677,0.0095,Debit Card,Fashion,0
44,1242.39,5,0,0,3,21.26,743,5,3,0.163,0.0261,Credit Card,Beauty,1
27,1590.62,6,0,0,4,26.75,795,2,0,0.0518,0.0134,Cash on Delivery,Grocery,0
33,2464.16,5,0,0,2,1.57,374,3,1,0.1205,0.0,Net Banking,Beauty,0
40,791.5,5,0,0,4,26.76,739,1,0,0.0572,0.0231,Net Banking,Accessories,0
39,247.81,10,0,0,2,14.35,980,0,1,0.1046,0.0402,UPI,Fashion,0
38,1537.33,12,0,0,4,10.42,535,2,1,0.0667,0.012,UPI,Accessories,0
35,988.9,4,0,0,4,15.63,1340,1,1,0.1396,0.059,Cash on Delivery,Grocery,0
43,1830.35,13,1,1,4,17.57,725,0,0,0.1016,0.122,UPI,Beauty,0
45,2464.7,7,1,0,3,11.37,250,5,0,0.1555,0.0598,Debit Card,Home,0
41,1057.81,7,0,0,6,12.41,713,2,1,0.0801,0.0104,UPI,Home,0
29,1998.47,6,0,0,4,14.52,306,2,0,0.0432,0.0579,Cash on Delivery,Grocery,0
24,849.42,13,0,0,6,27.37,294,2,0,0.0019,0.0,Debit Card,Fashion,0
29,1054.76,8,0,0,4,20.0,454,0,0,0.0041,0.0486,Debit Card,Beauty,0
52,1177.85,6,0,0,2,18.41,1241,4,1,0.0894,0.0394,Cash on Delivery,Beauty,0
37,429.08,6,3,1,1,16.64,473,3,1,0.437,0.2223,UPI,Fashion,0
40,825.86,6,1,1,4,31.59,59,5,1,0.1856,0.2085,UPI,Home,1
23,718.73,5,1,0,5,43.01,176,4,3,0.2528,0.0293,UPI,Home,1
37,844.71,7,2,2,3,32.21,922,0,0,0.1934,0.3053,Debit Card,Home,0
35,2906.95,4,2,0,4,5.4,599,5,3,0.4449,0.0774,UPI,Grocery,1
20,1936.29,7,3,1,4,5.22,776,4,3,0.4452,0.1449,UPI,Beauty,1
27,3068.56,12,3,3,5,14.64,610,2,1,0.2436,0.2385,Cash on Delivery,Beauty,1
53,1948.8,7,0,0,3,20.58,236,0,0,0.1001,0.0392,Credit Card,Electronics,0
43,2900.24,6,0,0,4,19.3,362,5,1,0.0644,0.0669,UPI,Fashion,1
33,1203.03,4,0,0,3,13.88,1289,2,0,0.0819,0.0661,UPI,Home,0
32,1696.48,9,1,0,4,30.21,1648,0,0,0.112,0.0317,Credit Card,Fashion,0
33,2841.65,11,2,0,3,13.46,870,2,0,0.1378,0.0,Debit Card,Electronics,0
33,2586.25,7,0,0,1,12.86,511,1,0,0.0696,0.0186,Debit Card,Beauty,0
27,1253.72,8,0,0,3,12.48,640,3,0,0.043,0.0627,Cash on Delivery,Fashion,1
24,980.09,7,2,1,2,17.2,1019,4,0,0.2159,0.1204,UPI,Fashion,0
39,1657.5,9,1,0,1,14.56,106,1,0,0.0958,0.0247,Credit Card,Fashion,0
24,1222.43,6,1,1,4,9.64,356,3,6,0.4148,0.201,UPI,Accessories,1
43,1035.24,8,0,0,4,3.6,635,2,0,0.0222,0.0216,Cash on Delivery,Grocery,0
56,1429.5,6,1,0,4,15.08,318,3,1,0.1997,0.0292,UPI,Electronics,0
30,2399.52,9,1,0,3,8.07,892,4,0,0.1038,0.027,UPI,Electronics,0
31,1976.7,2,0,0,3,9.23,399,4,0,0.1333,0.1041,Credit Card,Electronics,0
27,1256.22,11,1,0,3,10.29,1879,6,1,0.0597,0.0322,UPI,Beauty,1
44,999.04,7,0,0,3,5.79,991,5,1,0.0986,0.024,UPI,Accessories,0
41,392.97,12,3,0,1,4.47,939,2,0,0.2105,0.0189,UPI,Fashion,0
26,2161.03,12,0,0,4,24.82,695,2,0,0.0424,0.0,Credit Card,Fashion,0
26,1360.12,10,0,0,1,6.39,475,0,1,0.1432,0.026,Cash on Delivery,Home,0
43,472.55,10,0,0,2,4.19,332,3,0,0.0491,0.0,UPI,Grocery,0
37,3114.58,3,0,0,3,6.22,1043,1,0,0.1164,0.0073,Debit Card,Home,0
38,3154.25,5,1,1,4,17.59,657,7,0,0.1659,0.2266,UPI,Beauty,1
41,968.42,10,0,0,5,26.04,339,3,0,0.027,0.0165,Debit Card,Home,0
26,845.19,6,0,0,4,7.51,669,2,0,0.0843,0.053,Debit Card,Fashion,1
18,1226.97,5,0,0,4,4.8,599,4,0,0.0875,0.0756,UPI,Electronics,1
26,1990.17,12,1,0,1,18.42,1309,1,0,0.057,0.0192,Credit Card,Fashion,0
40,745.68,7,0,0,4,6.21,1120,5,1,0.0648,0.0525,UPI,Fashion,0
53,261.28,5,0,0,4,8.93,1542,0,0,0.0352,0.0367,UPI,Home,0
30,2889.96,9,0,0,2,2.36,437,2,1,0.0846,0.019,UPI,Electronics,0
54,1648.18,4,1,1,5,5.38,643,3,0,0.2361,0.2716,Cash on Delivery,Grocery,1
41,2486.69,6,1,0,2,6.42,1205,2,0,0.1445,0.0258,Credit Card,Fashion,1
21,1196.75,8,0,0,5,11.54,962,1,1,0.1148,0.0,UPI,Home,0
37,5001.46,6,0,0,4,23.9,155,5,2,0.124,0.0586,Credit Card,Electronics,1
36,2423.24,11,1,0,5,6.66,567,3,0,0.1232,0.0169,Debit Card,Beauty,0
42,1317.17,9,0,0,1,9.54,2485,3,2,0.1092,0.0398,UPI,Home,0
38,2652.35,10,2,2,5,23.1,458,6,0,0.1541,0.2277,UPI,Grocery,1
19,1235.88,4,0,0,3,31.28,156,3,3,0.1777,0.0603,Credit Card,Fashion,1
18,1335.16,10,0,0,3,11.2,1557,2,0,0.0356,0.0343,UPI,Electronics,0
40,2533.73,3,1,0,2,9.2,988,2,0,0.2865,0.1138,Debit Card,Fashion,0
45,1002.31,6,0,0,3,11.64,253,4,2,0.1237,0.0658,UPI,Grocery,0
38,504.92,6,0,0,5,18.9,818,2,1,0.1118,0.0569,Cash on Delivery,Home,1
33,1126.61,7,0,0,3,10.71,673,7,1,0.0876,0.0489,Credit Card,Accessories,0
32,2346.33,8,0,0,5,18.45,1210,1,1,0.1305,0.0479,Debit Card,Home,0
32,1613.21,9,0,0,3,24.19,435,2,2,0.111,0.0166,Credit Card,Fashion,0
23,958.01,5,1,0,4,21.58,620,4,1,0.2564,0.0467,UPI,Grocery,0
28,587.5,6,0,0,4,11.16,1261,2,0,0.0338,0.0303,UPI,Fashion,0
30,559.94,12,4,2,4,6.84,1038,0,1,0.3497,0.1547,UPI,Electronics,1
35,4145.67,8,0,0,2,10.39,355,3,0,0.0843,0.0064,UPI,Fashion,0
29,1020.39,9,1,1,4,5.34,1366,1,0,0.1343,0.1449,Credit Card,Beauty,0
26,3717.83,12,0,0,3,10.46,832,2,1,0.1295,0.0139,UPI,Accessories,0
41,1108.94,7,0,0,4,29.81,623,2,0,0.0628,0.0137,Credit Card,Electronics,0
33,1408.64,9,2,1,6,30.76,434,7,2,0.2295,0.141,Credit Card,Beauty,1
37,1266.54,10,1,0,1,20.55,1552,1,0,0.0995,0.0506,UPI,Electronics,0
29,1347.51,9,0,0,3,12.59,636,0,2,0.213,0.0368,Credit Card,Home,0
28,752.12,4,2,1,3,32.14,381,3,1,0.364,0.2569,Debit Card,Home,1
39,1400.46,7,2,0,2,11.11,1149,2,0,0.248,0.0627,UPI,Beauty,0
38,1802.25,5,3,2,6,48.92,446,5,4,0.5624,0.3982,UPI,Accessories,1
30,1420.93,8,0,0,5,9.26,1794,0,0,0.0129,0.003,UPI,Fashion,0
35,1006.08,3,1,1,4,7.43,1147,0,1,0.3367,0.3233,Debit Card,Home,0
43,1889.87,13,0,0,2,14.16,852,1,1,0.0774,0.029,UPI,Grocery,0
29,639.17,4,0,0,4,15.96,943,2,2,0.1917,0.0243,Credit Card,Accessories,0
23,1553.85,5,0,0,3,27.56,104,2,0,0.0407,0.056,Credit Card,Beauty,0
18,1777.98,8,2,0,6,26.96,441,7,1,0.2183,0.0291,Credit Card,Accessories,0
33,1219.87,10,0,0,5,12.94,1003,3,1,0.1311,0.0294,UPI,Fashion,0
22,2871.45,7,0,0,3,10.91,780,1,0,0.019,0.0828,UPI,Fashion,0
32,1384.96,9,1,1,5,22.53,950,2,2,0.2132,0.1424,UPI,Electronics,0
31,1487.57,8,2,0,1,6.38,337,4,0,0.195,0.0876,Debit Card,Accessories,0
18,1114.68,10,1,0,3,10.9,1717,1,2,0.2625,0.0314,Debit Card,Home,0
39,1483.63,6,0,0,3,6.09,351,2,1,0.087,0.0812,Cash on Delivery,Fashion,0
32,1229.22,13,2,0,4,20.5,464,2,0,0.1492,0.0533,UPI,Fashion,0
45,1882.46,6,0,0,4,10.69,1133,0,1,0.1134,0.0555,Cash on Delivery,Fashion,0
36,1119.36,7,0,0,2,17.77,612,4,1,0.0766,0.0561,Credit Card,Home,0
32,1825.03,1,0,0,7,26.63,242,3,1,0.2361,0.1722,UPI,Home,1
41,2386.16,10,1,1,3,11.57,648,6,0,0.0952,0.1212,UPI,Beauty,0
45,820.33,6,0,0,4,18.92,612,2,1,0.1401,0.0661,Debit Card,Grocery,1
33,1379.27,12,4,0,3,8.29,560,1,0,0.289,0.0134,Cash on Delivery,Electronics,0
34,2231.88,7,0,0,3,13.74,1197,5,1,0.0785,0.0633,UPI,Fashion,0
20,1064.87,12,0,0,5,16.7,2124,4,0,0.0193,0.0225,Cash on Delivery,Fashion,0
31,1341.18,7,1,0,4,25.03,300,5,6,0.312,0.0488,UPI,Electronics,1
45,539.99,7,0,0,1,8.84,814,1,0,0.0569,0.0369,Credit Card,Accessories,0
33,2213.46,9,0,0,2,9.93,761,3,1,0.1369,0.0559,UPI,Electronics,0
25,2210.91,7,0,0,2,6.05,490,1,0,0.099,0.0359,Cash on Delivery,Home,0
41,1129.21,3,0,0,5,10.96,969,1,0,0.0882,0.0803,Debit Card,Fashion,0
18,1815.99,15,0,0,2,21.26,721,2,0,0.0453,0.0506,Debit Card,Home,0
18,1755.61,10,4,1,3,22.91,189,3,4,0.5052,0.0884,UPI,Electronics,0
30,1184.41,12,1,0,3,6.35,1344,2,1,0.126,0.0463,Debit Card,Accessories,1
42,2172.26,4,0,0,2,8.74,385,4,0,0.0725,0.0535,Credit Card,Electronics,0
30,1104.41,8,0,0,1,20.26,690,4,0,0.0287,0.069,Debit Card,Grocery,0
28,2180.19,11,1,0,3,9.37,1163,1,1,0.1813,0.0212,UPI,Grocery,0
30,896.56,5,0,0,4,11.05,1092,2,1,0.1229,0.0337,Cash on Delivery,Beauty,0
22,1074.19,10,2,2,7,50.65,390,6,3,0.2495,0.219,UPI,Accessories,1
18,896.6,10,0,0,4,27.09,814,0,2,0.1884,0.0087,Debit Card,Grocery,0
18,2905.09,7,2,1,6,24.38,167,2,1,0.2683,0.1801,Cash on Delivery,Electronics,1
40,606.76,8,0,0,2,19.01,555,4,0,0.02,0.0107,Net Banking,Fashion,0
33,801.99,9,0,0,2,12.81,551,0,0,0.0691,0.0299,UPI,Electronics,0
32,1494.07,10,2,2,3,5.3,1108,1,0,0.1749,0.2016,Credit Card,Fashion,0
32,1931.25,5,0,0,3,27.2,1329,3,0,0.0951,0.0344,Net Banking,Fashion,0
23,890.43,4,1,1,3,37.84,664,2,2,0.325,0.2578,UPI,Fashion,1
34,1615.47,5,0,0,3,13.47,1393,2,0,0.0316,0.0716,Credit Card,Electronics,0
40,619.45,5,0,0,5,14.36,699,1,1,0.1795,0.0877,Net Banking,Accessories,0
33,4747.32,9,5,5,3,48.92,323,4,3,0.5739,0.533,UPI,Fashion,1
34,2485.91,4,1,1,3,22.75,592,2,1,0.2734,0.2261,Cash on Delivery,Home,0
31,1254.61,6,5,0,6,18.93,934,5,2,0.6815,0.0715,UPI,Electronics,1
22,1175.36,5,0,0,2,19.59,949,2,0,0.0361,0.0369,Net Banking,Home,0
39,1092.28,7,0,0,4,22.22,723,0,1,0.1231,0.0132,UPI,Home,0
30,2584.67,3,1,1,5,13.92,337,6,3,0.3448,0.3113,UPI,Fashion,1
38,1654.78,7,0,0,5,3.12,609,4,5,0.2009,0.0277,Debit Card,Grocery,1
21,1064.99,5,3,3,2,18.74,82,1,1,0.4868,0.5558,UPI,Beauty,1
36,1473.94,8,0,0,2,14.24,679,2,2,0.1769,0.0194,Cash on Delivery,Electronics,0
38,1685.42,8,0,0,5,21.9,679,5,2,0.1297,0.0132,Cash on Delivery,Electronics,1
44,1450.74,7,0,0,5,15.19,1075,2,1,0.091,0.046,Debit Card,Electronics,0
34,372.87,5,2,2,4,9.21,607,2,0,0.3308,0.3908,UPI,Fashion,0
29,633.82,10,0,0,4,29.99,683,9,1,0.0679,0.0339,Credit Card,Accessories,0
44,624.97,8,0,0,2,18.0,600,2,1,0.0353,0.0108,Debit Card,Accessories,0
47,961.18,6,0,0,4,11.02,743,2,1,0.1207,0.0,Credit Card,Home,0
29,600.02,9,1,1,5,38.46,246,2,1,0.133,0.134,UPI,Fashion,0
39,1036.72,4,0,0,2,4.97,458,1,0,0.0807,0.0709,Credit Card,Electronics,0
37,1978.88,9,2,2,5,22.9,320,4,2,0.2821,0.2504,Debit Card,Fashion,1
27,753.19,16,5,1,1,18.72,1030,1,0,0.2142,0.0956,UPI,Accessories,0
33,923.47,7,2,0,2,11.19,479,2,0,0.2055,0.0225,Debit Card,Fashion,0
45,1503.62,8,3,0,3,26.29,755,2,0,0.2882,0.0602,UPI,Electronics,0
21,597.96,12,3,0,3,19.56,859,0,0,0.221,0.0064,Cash on Delivery,Accessories,0
30,1499.91,10,0,0,4,15.86,105,0,2,0.2237,0.052,Debit Card,Home,0
31,2095.84,11,0,0,3,13.75,668,2,1,0.0932,0.0435,Cash on Delivery,Home,0
26,1507.43,10,1,0,2,20.91,1028,3,2,0.1978,0.0199,Cash on Delivery,Electronics,0
42,2728.78,10,2,1,6,13.25,366,5,1,0.2064,0.1115,Net Banking,Fashion,0
37,5335.14,9,0,0,2,27.04,768,2,0,0.0824,0.0309,UPI,Home,0
21,1455.92,6,1,1,3,8.68,182,4,3,0.268,0.21,Cash on Delivery,Electronics,1
28,877.61,7,0,0,4,9.51,651,2,2,0.1723,0.0473,UPI,Accessories,0
39,1999.62,5,1,0,2,11.73,542,1,0,0.1793,0.0188,Net Banking,Beauty,0
31,2540.82,5,2,2,3,19.92,761,6,1,0.32,0.3797,Cash on Delivery,Beauty,1
33,2671.5,10,1,1,3,4.06,506,2,0,0.0654,0.1181,UPI,Fashion,1
32,3946.74,4,0,0,4,33.74,464,2,4,0.3108,0.0485,Net Banking,Home,1
26,1395.07,14,0,0,4,24.93,661,1,0,0.0123,0.0138,Debit Card,Fashion,0
28,2118.59,7,0,0,2,9.16,1416,2,0,0.0721,0.0285,Cash on Delivery,Fashion,0
38,741.46,6,0,0,4,25.87,963,1,2,0.1957,0.042,Net Banking,Electronics,0
42,2390.4,8,0,0,3,13.3,752,3,1,0.1111,0.0337,UPI,Accessories,0
30,684.19,7,0,0,3,5.1,1175,4,0,0.0329,0.0322,UPI,Beauty,1
25,1559.76,8,1,0,5,21.24,181,4,1,0.1612,0.0502,Debit Card,Home,1
39,2738.67,8,2,0,3,10.88,904,1,0,0.2198,0.05,Credit Card,Fashion,0
48,1533.31,12,1,0,3,17.89,1233,2,2,0.2149,0.0111,UPI,Fashion,1
23,1230.66,11,1,1,5,5.71,559,1,0,0.1372,0.1302,UPI,Beauty,0
37,890.67,14,2,0,4,8.17,700,5,1,0.1484,0.0199,Net Banking,Fashion,0
41,910.76,9,1,0,2,9.6,1548,2,1,0.1607,0.013,Debit Card,Home,0
34,2419.12,7,1,1,3,21.82,106,6,6,0.3426,0.1872,Credit Card,Electronics,1
33,1306.35,9,1,0,6,31.62,305,2,0,0.1371,0.0,UPI,Electronics,0
45,1107.6,11,4,0,2,10.37,1136,3,0,0.284,0.0206,UPI,Home,0
54,708.88,9,1,0,4,7.68,837,4,1,0.0977,0.0,Debit Card,Home,0
33,3382.85,6,1,1,5,23.22,365,1,3,0.3173,0.1734,UPI,Home,1
28,1332.14,4,0,0,6,20.24,230,4,2,0.1378,0.0594,Cash on Delivery,Accessories,1
37,698.16,9,0,0,1,7.34,656,3,0,0.0068,0.0143,Debit Card,Home,0
28,1096.68,9,2,1,5,29.97,47,5,3,0.3062,0.1308,UPI,Fashion,1
32,1770.08,12,0,0,2,5.01,2523,2,2,0.1264,0.0405,UPI,Beauty,0
33,4267.59,5,2,0,4,13.11,114,4,4,0.4526,0.0627,UPI,Grocery,1
43,2193.55,7,1,0,3,26.41,374,1,0,0.1465,0.048,UPI,Electronics,0
42,641.56,9,1,1,2,23.93,218,1,1,0.2167,0.1002,Debit Card,Fashion,0
18,869.43,8,0,0,3,7.37,1084,3,0,0.0268,0.0605,UPI,Fashion,0
34,1318.03,4,0,0,4,17.93,349,0,1,0.1689,0.0577,UPI,Fashion,1
30,685.23,9,0,0,3,6.13,955,1,0,0.0661,0.0318,Net Banking,Grocery,0
38,1127.85,9,1,1,5,11.39,831,4,0,0.1099,0.1569,Net Banking,Accessories,0
32,1077.43,6,1,0,4,19.42,212,1,0,0.1785,0.0519,UPI,Fashion,0
35,1224.83,5,1,1,4,31.65,489,2,1,0.2201,0.2209,UPI,Electronics,1
33,2036.94,8,0,0,3,13.95,1640,1,0,0.0,0.0024,Cash on Delivery,Home,0
26,1665.15,8,2,0,1,1.35,517,2,0,0.2143,0.0525,UPI,Home,0
41,1168.18,3,1,0,3,3.61,833,2,1,0.3175,0.0974,Debit Card,Electronics,0
30,899.83,6,1,1,4,44.52,100,3,2,0.2253,0.2047,UPI,Grocery,0
38,2697.67,7,0,0,5,19.19,869,4,6,0.2567,0.0396,Debit Card,Home,1
49,702.3,9,0,0,3,14.84,2122,2,0,0.0365,0.0475,Cash on Delivery,Home,0
26,998.89,8,1,1,2,11.21,1887,0,1,0.2305,0.1569,Credit Card,Electronics,1
21,665.68,16,0,0,2,26.26,2023,4,0,0.0178,0.0269,Credit Card,Home,0
34,454.47,9,1,0,3,6.42,925,1,1,0.1909,0.067,Debit Card,Electronics,0
34,1566.82,12,2,1,2,5.7,1018,1,1,0.2102,0.1344,Cash on Delivery,Home,0
34,1946.63,5,1,0,3,12.24,177,10,5,0.2664,0.0344,UPI,Electronics,1
45,327.42,7,0,0,6,7.67,502,6,0,0.0422,0.0437,Cash on Delivery,Electronics,0
23,2563.94,5,1,0,3,8.58,555,1,0,0.123,0.0739,Cash on Delivery,Beauty,0
29,757.66,7,0,0,2,17.66,1370,1,0,0.0456,0.0054,Cash on Delivery,Electronics,0
18,1010.78,16,2,1,6,16.73,1441,0,1,0.1479,0.0816,UPI,Home,0
46,517.52,13,3,0,2,8.0,490,0,0,0.1874,0.0434,UPI,Beauty,0
36,1895.79,10,0,0,4,10.03,597,0,2,0.2074,0.0231,Credit Card,Home,0
30,651.99,14,0,0,4,8.53,1165,3,3,0.1548,0.0,UPI,Grocery,0
18,607.98,2,1,0,4,9.71,296,3,2,0.4351,0.1,Debit Card,Home,1
22,2118.72,5,2,0,6,11.24,331,2,0,0.3195,0.0312,UPI,Home,0
23,1883.05,4,0,0,3,3.51,1086,2,1,0.1089,0.0717,Debit Card,Grocery,1
18,564.53,6,3,1,6,19.51,252,4,3,0.4514,0.2076,UPI,Home,0
38,284.46,6,0,0,3,11.69,517,2,3,0.192,0.0427,Credit Card,Fashion,1
24,1062.51,8,0,0,2,20.3,1178,3,0,0.0445,0.033,UPI,Beauty,1
35,573.78,13,3,0,5,3.71,1460,2,0,0.1469,0.0623,Credit Card,Fashion,0
52,2162.77,8,3,0,1,11.42,597,2,0,0.3145,0.0623,Cash on Delivery,Fashion,0
31,556.55,9,1,0,6,1.94,698,1,0,0.0638,0.0385,UPI,Electronics,0
25,734.91,5,0,0,3,5.85,1570,2,2,0.1891,0.042,Net Banking,Beauty,0
37,556.42,10,0,0,4,5.49,1779,2,0,0.0474,0.0163,Debit Card,Home,0
23,1902.46,5,0,0,4,21.56,691,3,0,0.034,0.0573,Debit Card,Beauty,0
49,2546.63,5,1,0,3,16.2,961,0,2,0.3443,0.022,Debit Card,Electronics,0
38,1889.65,4,1,1,5,19.3,379,3,2,0.3138,0.2511,UPI,Fashion,0
47,4547.24,11,0,0,1,19.43,517,2,1,0.0831,0.0455,Cash on Delivery,Grocery,1
27,4925.63,7,3,0,5,12.0,389,10,2,0.3873,0.0167,Debit Card,Fashion,0
33,6475.74,4,1,0,3,33.59,388,1,2,0.3789,0.0702,UPI,Accessories,1
26,1506.61,5,0,0,5,28.14,507,1,0,0.1182,0.0357,UPI,Electronics,0
30,657.76,8,0,0,4,5.99,830,4,0,0.0371,0.0397,Debit Card,Grocery,0
31,2690.59,6,0,0,5,36.62,708,1,0,0.0915,0.0514,Debit Card,Home,0
37,3552.42,7,1,0,3,36.55,368,1,0,0.1097,0.0691,UPI,Accessories,0
43,3317.52,10,1,0,4,12.44,173,0,1,0.1725,0.0266,Credit Card,Electronics,0
25,1186.99,8,1,1,1,13.96,409,2,1,0.1647,0.1107,Credit Card,Fashion,0
43,541.3,8,1,0,3,5.62,1182,1,1,0.1962,0.033,Cash on Delivery,Electronics,0
30,1635.68,6,3,3,1,50.35,160,2,3,0.527,0.4713,UPI,Beauty,1
40,876.5,7,0,0,3,8.34,1226,2,3,0.1734,0.0,UPI,Home,0
29,1000.64,7,1,1,2,12.21,1380,2,0,0.1509,0.1679,Debit Card,Grocery,0
24,2160.62,13,4,1,4,9.13,930,4,1,0.2963,0.1137,UPI,Beauty,0
38,3550.12,5,2,1,5,33.75,417,4,0,0.2859,0.1994,UPI,Electronics,1
29,2163.4,6,3,1,5,31.16,257,4,2,0.4773,0.1981,Credit Card,Electronics,1
29,781.47,5,3,1,2,18.25,187,4,1,0.4873,0.1992,Credit Card,Electronics,1
35,639.78,6,1,0,3,17.92,2056,2,1,0.1706,0.0501,Credit Card,Grocery,0
24,2533.25,3,0,0,3,16.58,709,0,0,0.086,0.0548,Credit Card,Beauty,0
43,1800.85,9,0,0,4,14.08,775,2,0,0.0574,0.0401,UPI,Home,0
24,765.5,8,1,1,4,28.08,747,4,0,0.1284,0.1606,UPI,Fashion,0
22,1365.32,3,2,2,5,14.53,496,10,5,0.5874,0.6014,Debit Card,Home,0
39,1507.24,6,0,0,3,9.32,551,2,0,0.0144,0.0525,Cash on Delivery,Accessories,1
32,2269.44,3,1,1,3,29.82,296,5,2,0.3435,0.3304,Cash on Delivery,Fashion,1
33,2101.37,9,1,0,5,11.85,941,3,0,0.1342,0.0714,Net Banking,Home,0
34,2848.12,8,0,0,6,26.58,753,2,6,0.33,0.0343,Credit Card,Electronics,1
29,469.15,8,0,0,3,5.06,256,4,0,0.0174,0.0121,Credit Card,Fashion,0
33,1478.28,6,0,0,1,17.03,1111,1,1,0.1122,0.0483,Cash on Delivery,Grocery,0
44,593.45,12,1,0,4,6.86,1281,2,0,0.0642,0.0616,Credit Card,Accessories,0
23,1478.34,5,0,0,3,8.03,1313,1,2,0.1772,0.0535,Cash on Delivery,Home,0
30,1359.89,11,0,0,1,28.71,449,2,0,0.018,0.0583,Credit Card,Electronics,0
27,1251.98,13,0,0,3,11.06,520,1,0,0.0,0.0,UPI,Beauty,0
34,657.18,5,0,0,3,6.93,972,4,0,0.0183,0.0865,Cash on Delivery,Home,0
28,508.79,8,0,0,3,16.83,642,0,0,0.1022,0.003,Credit Card,Beauty,0
18,1174.26,8,0,0,4,2.45,1279,5,1,0.0786,0.06,Credit Card,Grocery,0
25,533.69,5,0,0,1,9.01,756,2,1,0.0949,0.037,UPI,Fashion,0
24,1957.45,6,0,0,5,23.78,144,7,1,0.0307,0.0675,Cash on Delivery,Fashion,0
22,1132.73,6,1,1,5,13.16,32,2,3,0.2957,0.1638,UPI,Electronics,1
49,485.6,6,0,0,1,11.78,580,6,1,0.0377,0.0244,Credit Card,Fashion,0
36,1281.11,14,3,0,2,33.03,667,1,2,0.2913,0.0228,Debit Card,Fashion,1
36,1488.95,5,0,0,4,4.45,998,3,0,0.0113,0.0269,UPI,Grocery,0
31,1569.16,7,0,0,2,13.38,434,2,0,0.0915,0.0248,UPI,Grocery,0
34,802.8,7,1,0,4,10.85,2090,2,1,0.2017,0.0066,UPI,Beauty,0
30,736.64,3,0,0,4,19.91,1279,2,0,0.0736,0.0957,Credit Card,Accessories,0
39,2406.26,8,0,0,1,25.56,596,0,0,0.0087,0.067,Credit Card,Fashion,0
35,1744.92,11,0,0,3,13.62,549,1,1,0.0871,0.0391,UPI,Electronics,0
23,794.7,8,0,0,2,27.07,486,2,2,0.182,0.0469,UPI,Beauty,0
36,1092.67,9,0,0,4,8.89,769,5,0,0.0477,0.0232,Cash on Delivery,Home,0
18,1828.84,5,1,0,4,5.59,399,1,1,0.2612,0.024,Credit Card,Beauty,1
38,1490.34,11,0,0,2,0.79,757,5,1,0.0427,0.033,UPI,Fashion,0
21,2250.54,8,0,0,2,13.28,679,1,2,0.1919,0.0091,Credit Card,Fashion,0
33,1062.03,9,4,0,4,10.74,351,1,0,0.3092,0.0596,UPI,Grocery,0
23,4421.14,9,0,0,3,19.24,629,5,0,0.0802,0.0469,Credit Card,Home,1
50,500.81,6,2,2,3,21.85,418,4,2,0.3406,0.3443,Credit Card,Electronics,1
34,1281.59,7,0,0,2,4.88,531,3,1,0.0495,0.0446,Debit Card,Fashion,0
39,1784.97,15,0,0,1,1.87,830,2,0,0.0,0.0352,UPI,Beauty,0
48,1424.45,5,1,0,3,10.2,340,7,0,0.2004,0.0501,UPI,Grocery,0
20,669.14,7,0,0,3,18.24,319,1,0,0.0,0.0421,UPI,Fashion,0
43,1365.89,6,0,0,3,28.4,629,4,0,0.0555,0.0654,UPI,Fashion,0
35,1359.67,11,1,0,5,20.73,804,1,2,0.2245,0.0223,Cash on Delivery,Grocery,0
28,2063.61,4,1,1,1,42.98,145,4,3,0.3123,0.2597,UPI,Fashion,1
30,1197.32,7,0,0,3,15.02,705,1,1,0.0933,0.0,Credit Card,Grocery,0
24,1305.47,5,2,2,5,7.06,134,2,2,0.3989,0.3574,Net Banking,Fashion,1
41,2956.19,9,0,0,4,9.26,590,2,0,0.0301,0.0434,Credit Card,Home,0
35,954.0,2,0,0,4,35.01,135,1,4,0.3488,0.0861,UPI,Accessories,1
32,960.09,4,0,0,4,10.8,863,3,0,0.0683,0.0893,UPI,Home,0
29,703.12,4,0,0,3,9.5,682,7,3,0.1308,0.0615,Credit Card,Home,1
40,1680.2,7,0,0,3,22.98,411,1,0,0.0534,0.0474,Credit Card,Fashion,0
25,639.03,12,1,0,6,9.17,346,1,1,0.1474,0.054,Credit Card,Fashion,0
28,2382.78,9,1,0,3,6.99,307,1,0,0.0867,0.0282,Credit Card,Grocery,1
20,2032.84,6,4,1,3,9.26,1089,5,2,0.5484,0.171,UPI,Accessories,0
33,1020.11,9,3,1,3,28.26,473,0,1,0.3625,0.1512,Credit Card,Home,1
42,794.94,5,2,0,5,8.14,927,1,1,0.365,0.0796,UPI,Fashion,0
47,1314.54,5,1,0,1,34.83,2007,0,0,0.1186,0.0383,UPI,Electronics,0
34,392.81,8,2,1,3,24.81,469,1,0,0.1978,0.1455,Credit Card,Home,0
18,1882.94,5,0,0,5,16.21,365,4,0,0.0781,0.0848,UPI,Home,1
32,1037.56,7,0,0,4,22.91,1155,1,1,0.1287,0.0378,Cash on Delivery,Electronics,1
34,1378.54,10,0,0,3,1.83,1277,2,0,0.0627,0.0069,Credit Card,Fashion,0
22,1318.81,8,4,0,1,37.24,131,2,1,0.401,0.055,UPI,Grocery,0
32,1438.73,8,0,0,2,29.25,543,2,1,0.0534,0.0264,Debit Card,Grocery,0
37,1120.59,6,0,0,2,20.75,687,1,2,0.1602,0.0518,Cash on Delivery,Home,0
30,2040.07,7,0,0,4,12.01,813,2,2,0.1085,0.0097,UPI,Grocery,1
42,1285.32,10,0,0,4,31.29,1903,6,2,0.0849,0.0514,Net Banking,Electronics,0
23,1919.53,13,6,0,6,30.24,381,1,0,0.2954,0.0371,Credit Card,Fashion,0
45,799.32,11,1,1,2,23.66,452,2,0,0.0821,0.0604,Debit Card,Beauty,0
48,1113.88,6,0,0,2,16.3,648,2,1,0.1375,0.0708,Net Banking,Fashion,0
42,1483.83,4,0,0,2,19.3,123,3,2,0.1401,0.063,UPI,Fashion,0
33,4347.95,5,1,1,4,8.11,1069,5,0,0.1436,0.2121,UPI,Grocery,1
26,1247.7,5,0,0,4,2.64,73,3,3,0.1988,0.0764,Cash on Delivery,Accessories,0
26,499.43,11,1,1,5,6.27,959,3,0,0.0903,0.1525,Cash on Delivery,Home,0
38,2043.51,10,0,0,2,9.57,955,5,0,0.0344,0.0291,UPI,Fashion,0
23,1986.06,6,0,0,4,14.18,432,2,1,0.1248,0.0504,UPI,Home,0
30,915.48,10,0,0,3,9.99,793,4,0,0.0227,0.0404,UPI,Home,0
44,1453.81,9,0,0,4,14.4,951,2,0,0.0066,0.0149,Credit Card,Home,0
41,1893.45,6,0,0,2,16.29,730,2,1,0.0903,0.0521,UPI,Home,0
27,6004.54,6,4,3,4,18.46,206,6,5,0.6404,0.4856,Credit Card,Accessories,1
52,1825.59,9,3,1,4,15.85,314,2,0,0.2445,0.1153,Credit Card,Home,0
36,2439.08,6,0,0,3,13.23,1360,2,3,0.2407,0.0259,UPI,Grocery,1
30,788.54,8,1,1,4,34.11,901,5,1,0.1429,0.1492,Credit Card,Fashion,1
29,685.24,11,0,0,4,2.67,538,1,0,0.0422,0.0112,Cash on Delivery,Electronics,0
34,3491.06,7,1,1,5,13.69,1041,0,1,0.2655,0.1461,UPI,Grocery,1
33,926.25,14,0,0,4,23.69,1071,3,0,0.0086,0.0521,UPI,Fashion,1
36,3404.02,4,1,1,4,39.14,581,5,3,0.3154,0.2774,Cash on Delivery,Grocery,1
33,940.42,3,0,0,3,14.57,908,5,0,0.1375,0.0762,Credit Card,Fashion,0
30,794.62,7,2,1,5,19.34,751,5,3,0.3109,0.152,UPI,Electronics,1
34,330.15,6,2,0,2,12.02,477,6,0,0.2724,0.0791,Credit Card,Fashion,1
26,1231.39,8,0,0,3,4.83,793,1,0,0.0004,0.029,Credit Card,Grocery,0
37,1005.37,5,0,0,3,11.87,537,0,0,0.048,0.0542,Credit Card,Electronics,0
21,1116.9,10,0,0,2,34.3,1671,2,1,0.104,0.051,UPI,Fashion,0
28,1698.51,11,0,0,3,19.41,165,0,1,0.1263,0.0416,UPI,Electronics,0
33,642.32,8,2,0,3,8.83,702,1,1,0.2798,0.0104,Cash on Delivery,Home,0
18,1075.4,5,0,0,3,5.42,868,2,2,0.18,0.0576,Debit Card,Fashion,0
41,2708.94,13,0,0,1,0.91,507,2,0,0.0421,0.023,UPI,Home,0
46,952.85,3,1,0,3,16.87,812,3,2,0.3249,0.1046,UPI,Home,0
18,1348.47,8,0,0,2,13.62,1381,2,0,0.0334,0.0,UPI,Fashion,1
38,1887.22,7,1,1,4,34.24,336,3,3,0.3063,0.1806,UPI,Electronics,0
40,1197.46,6,0,0,2,4.84,1073,2,0,0.084,0.0586,Cash on Delivery,Electronics,0
22,1303.77,9,1,0,4,5.58,1305,2,1,0.1468,0.0056,Credit Card,Beauty,0
30,1252.14,10,2,2,5,16.74,1114,1,1,0.221,0.206,Debit Card,Beauty,1
39,1269.47,13,1,1,5,1.0,457,0,0,0.1002,0.0715,Credit Card,Electronics,0
54,1207.56,7,0,0,1,1.41,395,2,0,0.0763,0.036,Net Banking,Fashion,0
35,1045.72,7,0,0,1,9.14,307,3,1,0.1139,0.0445,Credit Card,Home,0
18,1562.34,6,0,0,1,3.45,442,1,1,0.1162,0.042,Net Banking,Electronics,0
33,3858.51,8,1,0,5,11.89,323,5,6,0.2806,0.0191,UPI,Home,1
43,721.34,11,0,0,2,14.43,594,4,1,0.0109,0.0196,Credit Card,Home,0
32,1256.13,9,1,0,4,17.73,1111,0,0,0.1356,0.0451,Debit Card,Home,0
35,729.15,7,1,1,1,15.17,484,3,0,0.1376,0.1516,UPI,Accessories,0
39,2207.33,6,0,0,3,7.29,919,4,1,0.1021,0.0,UPI,Fashion,0
18,1700.78,10,2,1,4,9.2,664,4,1,0.2132,0.1216,UPI,Electronics,0
34,687.31,12,1,0,5,5.46,1018,2,1,0.1381,0.07,UPI,Beauty,1
30,2071.94,5,0,0,3,10.94,1231,1,1,0.1331,0.0492,UPI,Beauty,1
45,1628.43,12,0,0,4,10.58,846,2,0,0.0113,0.0316,UPI,Grocery,0
41,1957.68,4,2,0,1,8.6,352,3,1,0.4544,0.0653,Cash on Delivery,Beauty,1
19,1253.13,11,2,1,3,7.95,885,2,0,0.1593,0.0684,UPI,Beauty,0
45,1900.13,7,0,0,3,5.24,1528,4,0,0.0881,0.053,Cash on Delivery,Beauty,0
38,1293.04,6,0,0,4,3.5,432,3,0,0.0701,0.0439,UPI,Home,0
20,628.97,7,0,0,4,20.6,1467,2,0,0.0478,0.0559,UPI,Accessories,0
35,1713.68,7,1,0,3,13.21,516,7,0,0.1649,0.0378,Credit Card,Accessories,0
43,758.18,5,1,0,2,7.18,745,2,0,0.1808,0.0345,Net Banking,Home,0
23,1289.27,3,0,0,3,14.39,460,1,2,0.1977,0.0448,Credit Card,Beauty,0
46,2286.91,10,0,0,4,27.52,683,2,1,0.0959,0.0,Cash on Delivery,Fashion,1
20,1198.8,6,0,0,4,6.36,1611,1,0,0.0596,0.0811,Cash on Delivery,Beauty,0
27,355.33,3,1,0,4,15.59,308,1,0,0.2651,0.0828,UPI,Electronics,0
26,1190.49,5,1,0,3,2.34,1425,2,0,0.1651,0.0593,UPI,Fashion,0
46,465.55,5,3,0,4,17.33,604,1,2,0.5562,0.054,Credit Card,Fashion,0
30,629.8,7,2,0,2,17.02,650,1,1,0.2665,0.0403,UPI,Beauty,0
24,1941.22,8,1,0,3,19.06,302,2,1,0.1616,0.035,Credit Card,Beauty,0
38,3681.27,6,0,0,3,19.57,439,1,0,0.063,0.0551,Debit Card,Home,0
40,817.81,4,1,1,5,7.17,1058,2,0,0.2282,0.2195,Credit Card,Beauty,0
40,2017.02,7,0,0,2,11.95,954,3,0,0.0982,0.0409,UPI,Home,0
32,1754.7,12,0,0,1,12.61,1431,0,0,0.0172,0.0,UPI,Beauty,0
36,931.62,5,0,0,1,23.14,405,5,0,0.0849,0.0276,Cash on Delivery,Electronics,0
28,2764.86,11,0,0,4,9.24,946,4,0,0.0264,0.0416,Credit Card,Grocery,0
49,1127.93,4,0,0,3,17.88,682,2,0,0.081,0.0853,Net Banking,Beauty,0
44,1144.62,5,0,0,1,7.37,1137,0,0,0.0801,0.0979,UPI,Fashion,0
44,1212.19,12,3,1,4,22.85,168,0,0,0.2045,0.0713,UPI,Fashion,0
22,3021.26,6,0,0,5,14.76,281,3,0,0.0372,0.0375,UPI,Fashion,1
41,3901.82,8,0,0,2,22.46,725,2,0,0.0412,0.026,Debit Card,Fashion,0
39,1490.64,10,0,0,3,18.98,826,1,0,0.0488,0.0088,UPI,Beauty,0
23,681.51,6,1,0,3,21.62,760,2,0,0.183,0.0018,UPI,Home,0
28,587.32,9,2,2,2,25.13,370,2,0,0.1827,0.2404,Credit Card,Accessories,0
33,2646.27,12,5,5,5,39.22,895,2,3,0.5074,0.4215,Credit Card,Beauty,1
40,1732.33,6,1,0,3,20.8,471,3,2,0.2485,0.0627,UPI,Electronics,0
22,4684.46,6,1,0,6,19.26,696,0,1,0.2296,0.0366,UPI,Electronics,0
35,1395.31,8,0,0,3,4.04,1017,2,0,0.0693,0.0336,UPI,Electronics,0
45,1414.74,7,0,0,2,2.99,795,0,1,0.0754,0.0158,UPI,Fashion,0
41,2069.78,10,0,0,3,7.13,326,1,1,0.0299,0.0182,Cash on Delivery,Electronics,1
39,2864.21,10,0,0,4,5.85,248,1,0,0.0248,0.0667,UPI,Fashion,0
19,1237.41,6,0,0,4,8.64,824,2,0,0.0119,0.0738,UPI,Grocery,0
33,620.51,6,1,0,4,11.3,374,1,0,0.1612,0.025,Cash on Delivery,Fashion,1
29,1040.19,6,2,1,5,7.42,782,4,0,0.2832,0.2005,UPI,Home,1
36,6303.52,9,0,0,5,2.75,941,2,0,0.0913,0.0488,Credit Card,Fashion,0
39,2645.16,10,0,0,5,37.14,298,3,4,0.224,0.0064,Debit Card,Fashion,0
30,1764.3,9,0,0,4,14.55,174,1,2,0.1863,0.0304,Cash on Delivery,Fashion,0
32,2424.19,6,0,0,3,4.63,614,1,0,0.0978,0.0087,UPI,Electronics,0
38,654.31,6,1,0,1,4.8,534,2,0,0.1992,0.0868,Credit Card,Accessories,0
30,1757.97,8,1,1,4,3.3,569,2,1,0.2342,0.0985,Credit Card,Grocery,0
35,1635.77,17,0,0,5,10.89,413,2,0,0.0276,0.0442,UPI,Accessories,0
21,392.66,7,0,0,5,40.22,356,7,4,0.1687,0.0296,Cash on Delivery,Fashion,1
24,1340.45,3,0,0,1,24.69,139,5,1,0.1042,0.0666,Credit Card,Beauty,1
25,1415.92,6,3,3,4,35.19,737,5,3,0.4967,0.5113,Cash on Delivery,Fashion,1
20,1250.57,7,0,0,3,15.41,1197,3,3,0.1402,0.0449,UPI,Fashion,0
27,771.79,11,0,0,5,6.0,1311,1,1,0.082,0.0078,Cash on Delivery,Accessories,0
40,1133.57,8,2,0,4,7.9,478,4,1,0.2068,0.0112,Debit Card,Home,0
23,1887.78,5,0,0,1,14.32,456,4,0,0.0458,0.0343,Credit Card,Home,0
45,1639.19,8,0,0,3,15.76,189,4,1,0.0657,0.0417,Credit Card,Grocery,0
43,1646.03,10,0,0,3,9.89,439,1,2,0.1482,0.0264,UPI,Electronics,0
35,3283.28,7,0,0,3,10.75,244,5,5,0.1724,0.0625,Net Banking,Grocery,1
32,1389.73,12,1,1,3,29.15,602,0,0,0.0805,0.0783,Cash on Delivery,Home,0
61,1704.8,7,0,0,1,8.21,411,5,0,0.0048,0.0461,UPI,Beauty,0
45,1737.9,9,0,0,3,27.02,298,1,1,0.0975,0.0274,Credit Card,Home,0
25,1931.95,4,2,0,4,3.9,1399,1,0,0.3716,0.0051,UPI,Beauty,0
23,1818.63,3,0,0,5,9.89,259,3,3,0.2134,0.0773,UPI,Fashion,0
41,1631.78,7,0,0,4,17.44,822,1,0,0.0768,0.0402,UPI,Grocery,1
35,1301.41,6,1,1,4,20.7,1153,5,0,0.1499,0.1574,UPI,Home,1
27,897.76,17,1,0,3,14.92,618,0,2,0.2417,0.0249,Credit Card,Fashion,0
24,516.15,8,0,0,2,5.87,490,3,0,0.0,0.0133,UPI,Accessories,0
43,1091.7,12,1,1,5,11.42,1024,5,1,0.1335,0.1247,UPI,Accessories,0
18,1538.95,4,2,1,4,21.92,239,6,1,0.4084,0.2466,Debit Card,Home,0
29,1166.86,11,1,0,2,17.84,964,2,0,0.0762,0.0271,Cash on Delivery,Beauty,0
33,1543.0,10,2,0,3,9.65,383,3,1,0.2126,0.0,UPI,Electronics,0
26,1057.88,10,1,0,5,20.77,100,1,1,0.1739,0.0543,Credit Card,Fashion,0
27,547.24,6,0,0,6,4.94,973,0,3,0.3507,0.0518,Debit Card,Home,1
33,597.37,7,1,0,2,17.82,817,1,1,0.2399,0.0567,UPI,Fashion,0
37,1562.16,6,0,0,2,16.93,728,2,0,0.0716,0.0262,Debit Card,Fashion,0
18,2213.97,12,2,0,4,22.16,566,2,0,0.1204,0.0402,UPI,Accessories,0
38,540.77,4,2,2,5,33.19,617,6,1,0.3979,0.4778,Cash on Delivery,Grocery,1
34,394.5,8,3,0,2,4.67,750,8,1,0.3457,0.0,Debit Card,Fashion,0
25,3067.76,6,2,1,3,8.7,432,0,1,0.3499,0.2039,Cash on Delivery,Accessories,1
20,1376.94,6,1,0,4,14.25,93,4,2,0.2366,0.0712,Credit Card,Fashion,1
27,1731.61,9,0,0,2,13.49,807,0,1,0.0917,0.0341,Debit Card,Home,0
47,2144.52,6,0,0,3,21.31,967,2,0,0.0107,0.0369,UPI,Accessories,0
23,1615.7,7,1,0,3,10.77,297,7,1,0.1665,0.0562,UPI,Electronics,1
43,1005.23,4,2,1,6,44.13,135,2,1,0.3967,0.2712,Credit Card,Grocery,1
60,1460.96,8,1,0,4,19.85,931,1,1,0.1646,0.0156,Cash on Delivery,Electronics,0
31,636.41,8,3,0,2,21.97,750,3,1,0.3157,0.0576,UPI,Home,0
24,926.6,10,1,1,4,24.06,1067,3,9,0.4613,0.1031,Credit Card,Accessories,1
18,1366.82,6,1,0,4,10.16,507,4,1,0.2398,0.0795,Net Banking,Grocery,0
28,2040.33,5,2,0,5,28.34,33,7,1,0.3017,0.0511,UPI,Home,0
35,2261.3,7,0,0,2,10.27,194,1,0,0.0667,0.0418,UPI,Home,0
32,2062.68,7,1,0,3,21.92,969,2,1,0.1858,0.0493,Cash on Delivery,Grocery,0
52,5809.42,5,1,0,4,5.9,723,2,1,0.2302,0.0292,UPI,Electronics,0
49,846.93,7,0,0,1,2.46,711,2,1,0.1075,0.0341,UPI,Fashion,0
42,633.54,10,0,0,3,15.93,262,2,1,0.1057,0.0179,UPI,Fashion,0
29,1649.59,7,0,0,1,4.63,1268,3,1,0.0378,0.0528,Debit Card,Beauty,0
40,632.35,3,0,0,5,4.56,540,2,0,0.0742,0.055,Net Banking,Electronics,0
25,1660.76,8,1,0,4,19.88,96,4,4,0.2678,0.0453,Debit Card,Accessories,1
36,2513.62,8,0,0,2,15.0,955,1,0,0.0269,0.0603,Credit Card,Accessories,0
36,6953.84,10,2,1,3,10.59,202,2,0,0.1479,0.0954,UPI,Beauty,0
20,3040.11,10,1,0,5,27.63,449,2,0,0.1253,0.0152,UPI,Fashion,0
44,720.83,9,0,0,3,14.88,304,1,0,0.0203,0.0613,Debit Card,Accessories,0
35,2219.27,9,0,0,4,10.95,872,0,0,0.0743,0.0402,Debit Card,Beauty,0
33,3033.35,5,0,0,5,14.74,753,0,0,0.086,0.0459,Cash on Delivery,Home,0
29,2818.91,6,0,0,5,6.37,592,3,0,0.0562,0.0109,Credit Card,Home,0
27,646.71,11,0,0,4,19.35,318,1,0,0.0338,0.0528,UPI,Fashion,0
37,1588.73,3,0,0,2,9.98,1709,1,1,0.1746,0.049,UPI,Grocery,1
18,1467.79,9,2,0,2,4.1,392,3,0,0.1538,0.0438,Debit Card,Fashion,1
41,1205.65,8,1,0,3,9.19,604,1,1,0.167,0.0636,Debit Card,Fashion,1
19,1773.41,5,1,0,4,24.87,123,5,3,0.2792,0.0695,Debit Card,Fashion,1
23,484.28,8,1,0,2,21.99,181,5,4,0.2028,0.0193,Debit Card,Fashion,0
19,4991.38,5,0,0,3,35.37,101,1,3,0.2802,0.0219,Credit Card,Fashion,0
37,3273.17,6,0,0,6,18.32,327,6,2,0.1137,0.0335,UPI,Grocery,1
25,1006.38,6,2,1,4,15.98,1710,6,1,0.3076,0.1775,UPI,Accessories,0
18,726.39,8,1,0,3,17.28,582,5,0,0.0979,0.0482,UPI,Grocery,0
50,2657.07,6,0,0,3,16.58,1399,4,2,0.0966,0.0245,Net Banking,Fashion,0
30,1844.42,6,4,1,6,37.65,163,2,1,0.5337,0.1728,Debit Card,Electronics,1
49,990.68,8,5,2,6,41.02,190,2,3,0.5972,0.2338,UPI,Fashion,1
23,598.12,4,1,0,3,32.76,66,5,4,0.3646,0.0583,Net Banking,Grocery,0
26,2245.58,7,1,0,4,0.93,815,2,1,0.2007,0.068,Net Banking,Accessories,0
28,612.4,7,0,0,5,19.61,1291,1,0,0.0293,0.0206,UPI,Fashion,0
44,1408.92,6,0,0,2,27.54,1315,4,1,0.1265,0.0627,Credit Card,Home,0
51,2137.73,5,0,0,1,3.83,365,1,0,0.0859,0.0402,Credit Card,Grocery,0
20,1170.99,9,1,1,5,23.54,2273,3,0,0.1512,0.128,Credit Card,Grocery,0
25,983.48,9,0,0,3,26.74,1395,3,2,0.1444,0.0464,UPI,Electronics,0
22,927.78,3,2,1,7,3.88,263,4,3,0.5807,0.3041,Cash on Delivery,Home,1
26,640.17,6,2,0,2,13.11,647,0,0,0.267,0.0408,Cash on Delivery,Grocery,0
41,1200.74,10,5,0,6,30.62,484,6,4,0.4732,0.0407,Credit Card,Fashion,1
42,1600.18,12,0,0,2,7.45,1240,6,2,0.0784,0.022,Debit Card,Electronics,1
37,1780.73,3,1,0,4,11.43,574,4,1,0.3404,0.0848,UPI,Fashion,1
32,1691.23,6,4,2,5,17.76,295,2,1,0.5146,0.3201,UPI,Accessories,1
20,941.65,9,2,2,4,21.16,354,8,3,0.2463,0.2246,Cash on Delivery,Electronics,0
49,1560.93,9,0,0,2,31.39,604,1,2,0.1792,0.0481,Cash on Delivery,Accessories,0
43,952.79,7,1,1,4,41.48,293,9,1,0.2248,0.1358,UPI,Fashion,1
24,1089.5,12,0,0,5,9.16,1253,1,0,0.0069,0.047,Credit Card,Grocery,0
47,1567.87,8,1,0,2,17.23,611,3,1,0.1446,0.0262,Credit Card,Fashion,0
28,959.5,9,0,0,2,13.83,1163,3,0,0.0523,0.0672,Credit Card,Fashion,0
28,5617.07,4,2,1,5,34.92,356,4,4,0.5416,0.2454,UPI,Accessories,0
37,446.16,3,0,0,3,29.78,784,0,1,0.1386,0.0661,UPI,Fashion,0
26,994.17,5,1,1,5,28.44,711,6,2,0.2698,0.2332,UPI,Accessories,1
23,1282.8,13,1,0,2,20.23,1232,1,0,0.0553,0.0188,Debit Card,Beauty,0
33,1800.12,6,0,0,5,29.57,664,5,1,0.1097,0.0476,Credit Card,Beauty,1
38,2100.07,6,3,1,4,14.25,812,2,2,0.5063,0.1657,Debit Card,Electronics,0
33,648.27,7,0,0,3,2.98,1144,4,2,0.1161,0.0272,Debit Card,Accessories,0
29,723.55,4,2,2,7,13.0,71,2,4,0.6031,0.4613,Debit Card,Fashion,1
31,1108.14,5,1,0,4,7.92,771,0,0,0.1827,0.0703,Credit Card,Electronics,0
37,1006.88,7,0,0,3,18.26,889,1,2,0.1917,0.0101,Cash on Delivery,Grocery,0
25,1074.99,8,0,0,3,9.32,422,2,0,0.0764,0.0098,Cash on Delivery,Home,0
26,1162.96,6,1,0,3,12.97,640,1,1,0.217,0.0445,Net Banking,Accessories,0
38,2648.51,12,0,0,5,6.64,1343,1,0,0.0,0.0,Cash on Delivery,Electronics,0
46,1481.59,9,0,0,1,9.56,641,0,0,0.0262,0.0319,UPI,Beauty,0
34,877.32,10,0,0,3,7.02,788,2,1,0.127,0.0186,Cash on Delivery,Fashion,1
39,894.23,7,0,0,3,22.96,682,4,1,0.0989,0.0365,Credit Card,Home,0
41,1708.77,4,0,0,2,18.17,852,1,0,0.0393,0.0718,Credit Card,Electronics,0
41,2217.2,7,1,0,4,11.79,351,2,0,0.1123,0.0264,Cash on Delivery,Electronics,0
25,1645.3,8,2,0,2,2.96,617,2,1,0.2324,0.034,Credit Card,Grocery,0
20,895.84,7,2,2,3,2.21,445,4,2,0.2894,0.3098,Cash on Delivery,Beauty,0
27,638.37,10,1,0,1,16.78,738,1,2,0.2016,0.0,Credit Card,Home,0
28,1684.04,9,1,0,1,22.72,262,4,0,0.1617,0.0368,Cash on Delivery,Electronics,0
51,1571.49,13,0,0,3,7.11,2067,1,2,0.1688,0.028,UPI,Electronics,0
39,1326.21,3,0,0,5,3.89,969,0,0,0.1062,0.0528,Cash on Delivery,Grocery,0
38,3031.65,11,0,0,3,9.58,1083,2,2,0.1474,0.0152,Net Banking,Electronics,0
37,1073.63,4,1,0,3,18.26,1162,2,0,0.1799,0.046,UPI,Electronics,0
29,926.85,6,3,3,7,31.08,607,5,3,0.5115,0.4574,Cash on Delivery,Fashion,1
22,1141.98,7,0,0,4,9.22,914,4,0,0.0808,0.0381,UPI,Fashion,0
51,3302.79,12,0,0,3,13.58,1911,1,0,0.061,0.0,Credit Card,Fashion,0
38,1617.43,5,0,0,1,19.7,524,1,0,0.0623,0.053,Cash on Delivery,Electronics,1
41,1643.71,11,0,0,3,12.03,283,3,1,0.1093,0.053,UPI,Grocery,0
18,4121.02,11,1,1,5,15.69,600,2,0,0.1051,0.1108,UPI,Fashion,0
41,1278.17,13,0,0,3,14.73,1326,1,0,0.0352,0.0125,Debit Card,Beauty,1
31,2123.92,5,0,0,3,13.44,297,4,1,0.0674,0.0565,Cash on Delivery,Fashion,0
22,921.25,3,0,0,5,17.02,736,1,1,0.208,0.0728,UPI,Fashion,0
23,3350.89,7,1,0,6,4.37,260,3,5,0.3745,0.0227,UPI,Electronics,1
25,648.08,16,0,0,4,16.28,497,3,1,0.0929,0.0595,Debit Card,Fashion,0
23,4183.77,5,0,0,3,9.65,1320,1,0,0.0921,0.0605,Credit Card,Grocery,0
22,747.25,15,0,0,5,3.34,1236,2,1,0.081,0.0407,Credit Card,Accessories,1
35,2424.31,11,1,1,3,6.05,267,0,0,0.1194,0.1024,Net Banking,Home,0
31,1220.45,6,0,0,4,15.65,197,4,0,0.0889,0.0434,UPI,Fashion,0
37,723.43,9,1,1,1,19.58,743,3,0,0.1154,0.1089,Credit Card,Fashion,0
49,307.18,7,4,0,1,14.68,756,5,1,0.4201,0.033,UPI,Fashion,0
33,1937.19,7,2,0,4,31.47,625,1,0,0.2207,0.0551,Cash on Delivery,Accessories,0
18,2687.45,8,0,0,1,19.93,343,0,0,0.037,0.0354,Debit Card,Fashion,0
32,1865.54,10,0,0,3,25.74,487,3,0,0.0267,0.0421,UPI,Accessories,0
45,2021.47,4,0,0,2,3.42,1088,3,1,0.0865,0.0897,Cash on Delivery,Beauty,0
33,634.52,7,3,0,3,17.1,239,0,1,0.4292,0.0242,UPI,Electronics,1
48,1243.75,5,1,0,2,12.39,1371,0,1,0.2589,0.1073,Debit Card,Beauty,0
38,2910.75,2,0,0,4,8.09,525,3,0,0.1383,0.0923,UPI,Home,0
18,972.41,6,1,0,3,18.3,2241,2,1,0.2348,0.0415,UPI,Fashion,0
35,1748.09,4,0,0,2,33.55,410,2,0,0.0704,0.0439,Net Banking,Electronics,0
37,1168.74,9,0,0,4,12.71,1000,3,1,0.0941,0.0189,Debit Card,Accessories,0
44,2545.74,7,0,0,3,8.18,2806,2,2,0.1428,0.0487,UPI,Beauty,1
50,2120.84,8,1,1,4,10.94,551,4,0,0.1506,0.1568,UPI,Fashion,0
42,2374.68,9,0,0,2,6.46,719,1,2,0.1593,0.0316,UPI,Grocery,0
38,502.23,5,0,0,2,17.11,1399,0,0,0.0807,0.04,UPI,Accessories,0
18,727.59,6,4,2,6,34.25,479,4,1,0.4926,0.3133,Credit Card,Electronics,1
40,956.36,10,0,0,2,16.85,1174,1,0,0.016,0.028,UPI,Beauty,0
32,3538.78,13,1,0,4,25.26,1360,6,0,0.0393,0.0362,Credit Card,Accessories,0
21,1906.95,6,0,0,3,7.69,1525,3,1,0.0868,0.0008,Cash on Delivery,Fashion,0
34,1952.01,3,0,0,2,9.74,294,4,0,0.1403,0.0748,Net Banking,Home,0
37,917.84,7,0,0,3,11.28,897,7,4,0.1382,0.0409,Cash on Delivery,Home,0
22,1335.81,5,1,0,4,2.49,458,5,2,0.2513,0.0777,Credit Card,Beauty,0
25,1458.01,7,2,1,2,16.84,301,2,2,0.315,0.1471,Credit Card,Fashion,1
23,1556.08,11,0,0,3,10.13,1508,1,2,0.1544,0.0078,UPI,Home,1
46,482.85,12,0,0,3,8.42,670,1,0,0.0357,0.0283,Net Banking,Grocery,0
43,2440.91,4,1,0,4,24.38,913,1,1,0.2798,0.0552,UPI,Electronics,0
22,494.26,12,0,0,1,18.95,902,0,1,0.1274,0.0466,Debit Card,Fashion,0
46,1358.07,11,1,0,5,16.16,605,2,0,0.1117,0.0,UPI,Electronics,0
31,562.38,6,1,0,3,9.18,677,0,1,0.2163,0.0533,Cash on Delivery,Home,1
27,1168.24,8,0,0,3,39.1,441,5,1,0.0413,0.0064,Debit Card,Accessories,0
44,979.31,6,1,0,5,32.82,756,3,1,0.1779,0.055,Credit Card,Home,0
34,689.0,6,0,0,3,7.81,1570,6,0,0.0959,0.0382,Credit Card,Fashion,0
20,2797.23,7,4,0,3,33.06,417,6,4,0.535,0.012,UPI,Electronics,1
51,599.16,13,0,0,3,22.17,1539,4,1,0.0701,0.0399,Credit Card,Electronics,0
34,806.84,5,1,1,4,5.15,228,4,2,0.2887,0.2169,Net Banking,Fashion,1
26,1930.84,6,0,0,2,9.24,556,1,1,0.132,0.0287,UPI,Home,0
18,1798.29,9,0,0,4,5.12,235,1,0,0.0246,0.0657,Debit Card,Electronics,0
31,1034.31,1,0,0,4,14.96,775,2,0,0.2209,0.1939,Cash on Delivery,Accessories,0
41,550.44,9,1,0,3,31.85,246,1,1,0.1857,0.0362,UPI,Fashion,1
26,835.75,8,1,0,4,12.76,583,3,1,0.1546,0.026,Net Banking,Fashion,0
23,1681.14,6,4,1,5,23.45,165,3,1,0.5128,0.2055,Debit Card,Grocery,1
33,1387.91,7,1,1,4,37.37,272,4,1,0.1463,0.1581,Debit Card,Accessories,1
22,490.69,9,2,0,5,13.18,1335,0,0,0.1652,0.0572,Cash on Delivery,Beauty,0
36,601.15,8,0,0,3,7.68,591,0,0,0.0521,0.0116,UPI,Home,0
21,894.23,5,0,0,4,26.13,1073,0,0,0.0484,0.0245,UPI,Grocery,0
37,1622.85,10,0,0,4,22.0,375,1,0,0.0094,0.0,UPI,Accessories,0
31,523.76,8,0,0,1,6.93,1417,1,1,0.0907,0.0272,Debit Card,Electronics,0
38,2225.96,7,0,0,3,21.86,594,2,0,0.0415,0.0368,Debit Card,Fashion,1
22,1274.28,7,1,0,2,14.42,1285,2,0,0.1216,0.0368,UPI,Fashion,1
46,797.91,3,0,0,2,7.92,1422,4,0,0.0632,0.0973,Net Banking,Accessories,0
32,1610.91,12,0,0,2,10.25,617,3,1,0.0821,0.0019,Credit Card,Fashion,0
41,787.67,7,1,0,4,5.83,346,1,1,0.2262,0.0546,UPI,Electronics,1
43,962.14,6,1,0,4,8.35,763,4,1,0.1516,0.036,UPI,Fashion,0
19,2826.17,12,2,1,4,14.53,289,4,6,0.37,0.0785,UPI,Grocery,0
24,899.52,5,0,0,4,8.99,376,1,0,0.0395,0.0651,UPI,Home,0
36,1616.6,6,3,1,4,2.25,260,2,2,0.4516,0.1638,Credit Card,Beauty,0
19,1365.13,4,1,1,2,4.59,95,0,3,0.4935,0.2429,Credit Card,Electronics,0
18,8077.16,3,0,0,5,4.76,298,5,2,0.1312,0.0867,Cash on Delivery,Fashion,0
42,461.63,11,0,0,4,9.11,626,2,1,0.1024,0.0442,Credit Card,Fashion,0
21,3943.73,10,1,1,1,16.08,783,6,1,0.1762,0.1261,Debit Card,Electronics,1
39,492.47,6,0,0,5,26.92,349,8,0,0.0503,0.0415,Debit Card,Electronics,1
22,739.39,6,0,0,1,2.53,735,1,0,0.0583,0.0237,UPI,Electronics,0
52,1667.39,4,0,0,3,23.65,318,4,0,0.047,0.0286,UPI,Home,0
22,3016.98,3,1,0,7,35.18,679,3,2,0.347,0.0985,Credit Card,Accessories,0
44,1132.14,13,0,0,4,18.3,1288,1,1,0.0959,0.0044,Debit Card,Electronics,1
43,515.12,9,3,0,4,37.87,524,4,1,0.2826,0.0009,Debit Card,Electronics,0
53,2160.16,8,0,0,4,6.98,761,2,1,0.1038,0.0386,Net Banking,Accessories,0
34,1274.19,7,3,1,5,17.22,554,3,2,0.375,0.1496,UPI,Home,0
31,1642.65,9,0,0,2,2.8,1412,1,0,0.0166,0.0159,Credit Card,Electronics,0
35,679.99,12,0,0,2,7.67,1338,3,0,0.0561,0.0242,UPI,Beauty,0
39,1293.74,7,0,0,3,14.18,1209,5,1,0.1014,0.075,Credit Card,Fashion,0
35,1184.74,1,1,0,3,27.17,149,2,3,0.7396,0.1669,UPI,Electronics,1
37,947.23,13,2,2,1,37.42,533,5,3,0.2321,0.1191,Credit Card,Home,0
30,759.91,8,4,2,5,32.97,392,8,4,0.4696,0.2266,UPI,Fashion,1
34,718.92,8,1,0,4,27.69,2148,1,1,0.1567,0.0333,Cash on Delivery,Fashion,0
27,1513.15,10,0,0,3,15.64,596,0,0,0.0485,0.0215,UPI,Home,0
26,3227.36,9,1,1,2,29.26,564,4,0,0.1165,0.1121,Cash on Delivery,Accessories,1
30,1219.16,2,0,0,4,51.57,445,8,2,0.1771,0.0918,UPI,Home,1
36,1671.15,7,0,0,3,18.1,1210,3,1,0.0588,0.0222,UPI,Fashion,0
24,1161.64,9,1,0,4,6.87,448,2,0,0.074,0.018,UPI,Accessories,0
24,1204.08,7,0,0,4,2.43,728,2,0,0.0503,0.016,Debit Card,Fashion,0
39,1415.36,5,1,1,3,8.63,133,2,6,0.4668,0.2304,UPI,Beauty,0
30,947.21,7,2,2,2,40.82,549,6,1,0.2837,0.2859,Cash on Delivery,Electronics,0
23,1240.43,3,0,0,2,16.31,397,5,2,0.1029,0.0512,Cash on Delivery,Home,1
38,494.52,6,0,0,2,22.17,1031,0,0,0.0412,0.0257,Credit Card,Home,0
33,397.93,10,0,0,3,13.69,1372,7,0,0.0411,0.0,Debit Card,Accessories,0
42,736.91,7,2,1,2,7.4,742,1,1,0.2594,0.16,Credit Card,Grocery,0
30,1355.31,8,1,1,5,4.81,98,4,0,0.1725,0.1061,Debit Card,Grocery,1
34,1397.6,6,4,0,4,38.24,235,5,2,0.5582,0.0782,UPI,Accessories,1
29,1849.51,7,1,0,3,15.59,1329,2,0,0.1948,0.0208,Credit Card,Fashion,0
38,2279.32,7,0,0,3,13.9,1395,3,0,0.092,0.0312,Credit Card,Beauty,0
27,1526.94,9,0,0,3,37.08,613,3,2,0.0998,0.0262,Credit Card,Electronics,0
28,1743.51,8,0,0,3,27.43,1071,0,0,0.0652,0.0314,Debit Card,Home,0
18,1365.95,4,1,1,2,26.41,255,9,2,0.2867,0.2942,Credit Card,Electronics,1
28,574.12,14,3,0,2,14.96,1501,2,1,0.2141,0.004,Debit Card,Electronics,0
32,1225.78,7,0,0,3,18.12,1375,1,1,0.0834,0.0413,Credit Card,Home,0
50,1219.02,8,0,0,3,10.99,1183,3,0,0.0317,0.0253,Credit Card,Fashion,0
22,1708.03,7,0,0,3,3.44,940,1,1,0.0686,0.0442,Credit Card,Beauty,1
46,1932.84,9,0,0,4,4.71,2234,1,0,0.046,0.0227,UPI,Electronics,0
41,2188.2,7,1,0,5,12.1,844,4,1,0.2249,0.0047,Debit Card,Electronics,1
48,2542.82,11,0,0,5,6.18,182,1,0,0.007,0.0433,Debit Card,Home,0
62,1530.7,6,0,0,2,8.01,642,2,1,0.0705,0.058,UPI,Fashion,0
47,2705.15,7,1,0,3,16.73,763,2,1,0.1779,0.0201,UPI,Electronics,0
42,915.13,5,1,0,5,13.0,999,2,0,0.1665,0.0289,Credit Card,Beauty,0
22,1876.53,5,0,0,4,13.76,581,1,0,0.018,0.0431,Credit Card,Electronics,0
40,1910.71,8,2,1,4,8.1,314,2,6,0.5169,0.1647,UPI,Accessories,0
23,2067.08,3,0,0,4,3.28,816,3,0,0.0641,0.062,Cash on Delivery,Fashion,0
37,1377.79,10,1,0,5,15.17,1323,3,1,0.1252,0.0513,Credit Card,Electronics,0
19,2112.32,9,1,0,4,14.56,2026,1,2,0.2412,0.0394,UPI,Accessories,0
40,1135.46,6,0,0,3,16.02,358,4,0,0.0443,0.0343,Debit Card,Accessories,1
18,1137.03,8,0,0,5,22.52,751,1,1,0.0965,0.055,Debit Card,Electronics,0
44,2364.25,9,0,0,2,4.79,344,0,0,0.026,0.0689,Credit Card,Fashion,0
31,2629.99,9,0,0,3,12.42,661,1,0,0.0439,0.0,Credit Card,Home,0
35,1208.2,6,0,0,3,4.67,493,2,0,0.0664,0.0578,Debit Card,Fashion,0
27,884.19,6,0,0,4,9.12,1013,1,0,0.0758,0.0578,Credit Card,Beauty,0
40,1155.17,9,0,0,3,12.55,333,3,2,0.1003,0.0554,UPI,Grocery,1
18,2198.99,8,0,0,2,24.13,913,3,1,0.0893,0.025,UPI,Home,0
39,1653.74,3,1,0,3,20.58,82,4,5,0.4151,0.0888,Debit Card,Electronics,1
45,2402.77,4,0,0,1,12.29,557,4,1,0.0885,0.0626,UPI,Accessories,0
46,2471.28,11,3,2,4,5.98,778,4,1,0.2416,0.1844,Credit Card,Beauty,0
31,1899.11,10,0,0,3,25.63,479,0,1,0.1332,0.0329,UPI,Electronics,0
40,1313.57,12,1,1,2,6.7,1133,2,1,0.1377,0.12,Cash on Delivery,Beauty,1
30,1530.44,2,1,0,3,11.11,898,3,0,0.3675,0.1342,UPI,Grocery,0
37,3588.67,3,0,0,4,19.44,876,1,0,0.0683,0.0588,UPI,Beauty,0
41,538.86,8,1,0,4,5.7,223,2,0,0.1345,0.033,Debit Card,Grocery,0
39,3374.81,2,1,0,3,16.17,2199,1,0,0.3252,0.0771,UPI,Fashion,0
46,1305.04,9,1,0,4,25.79,348,0,1,0.2033,0.0022,Cash on Delivery,Electronics,0
38,2003.34,5,3,2,7,21.16,254,6,1,0.4825,0.395,UPI,Fashion,1
28,2762.25,7,1,1,3,32.7,338,5,3,0.2655,0.1291,Credit Card,Beauty,0
39,1685.74,9,2,2,2,7.06,433,1,1,0.2254,0.2338,UPI,Accessories,0
28,1241.44,10,2,2,4,20.49,471,1,6,0.5639,0.2031,UPI,Fashion,1
19,1474.38,6,1,1,5,43.86,246,5,1,0.1696,0.1612,UPI,Electronics,1
34,613.6,6,0,0,3,4.14,1997,1,1,0.1198,0.0712,UPI,Home,0
27,636.01,7,0,0,3,22.88,556,4,0,0.0668,0.0562,Debit Card,Electronics,0
30,1144.27,12,0,0,4,14.75,2182,2,0,0.0305,0.0058,UPI,Grocery,0
41,1082.86,7,0,0,6,9.35,1000,0,2,0.2597,0.0131,UPI,Electronics,0
20,2650.13,12,0,0,3,10.5,321,2,0,0.0,0.0,Cash on Delivery,Home,0
44,796.75,7,0,0,5,26.15,1082,1,0,0.0616,0.038,UPI,Home,0
31,884.26,8,0,0,4,12.19,444,1,0,0.0423,0.0281,Net Banking,Electronics,0
27,1080.29,9,2,1,3,3.65,1987,5,2,0.2712,0.1067,Debit Card,Home,1
43,4265.84,4,0,0,3,21.63,133,4,2,0.1715,0.0796,Debit Card,Beauty,1
24,651.67,9,1,0,5,11.92,575,1,0,0.0974,0.0088,Credit Card,Electronics,0
40,851.97,8,0,0,3,17.6,431,3,2,0.1136,0.0144,UPI,Fashion,0
25,2649.21,9,1,1,4,23.48,413,5,3,0.2291,0.1323,Cash on Delivery,Home,0
34,1389.06,9,1,1,3,2.74,935,2,1,0.1662,0.0839,Cash on Delivery,Grocery,0
48,602.28,11,1,0,4,15.57,686,3,1,0.1416,0.0241,Cash on Delivery,Electronics,0
32,609.73,3,1,1,4,28.87,79,4,1,0.342,0.3285,Cash on Delivery,Home,0
31,533.35,3,0,0,3,34.47,529,8,0,0.069,0.0252,UPI,Fashion,0
23,586.62,9,0,0,3,28.73,1226,2,1,0.1017,0.048,UPI,Electronics,1
29,1910.59,6,0,0,5,5.67,1291,1,0,0.0967,0.0092,Debit Card,Home,0
18,715.78,12,2,2,5,17.06,720,3,2,0.2345,0.174,Cash on Delivery,Accessories,1
33,591.07,7,0,0,4,4.59,672,0,0,0.0828,0.0036,UPI,Electronics,0
27,1992.29,7,1,0,4,25.42,799,2,1,0.1931,0.048,Cash on Delivery,Home,0
34,1234.02,7,0,0,5,16.38,1265,3,1,0.0792,0.04,Credit Card,Beauty,0
37,3006.18,7,1,0,3,4.65,1652,3,0,0.0975,0.0171,Debit Card,Electronics,0
38,952.17,15,0,0,4,12.71,955,1,1,0.0333,0.0,Debit Card,Fashion,0
48,632.39,7,0,0,2,28.78,907,3,1,0.0698,0.0483,UPI,Fashion,0
18,709.21,3,1,1,6,21.22,243,8,1,0.3129,0.3257,Cash on Delivery,Electronics,0
22,2627.4,10,1,0,4,12.21,983,4,2,0.1289,0.0316,UPI,Home,1
37,2463.24,8,4,1,2,3.78,1018,2,1,0.4273,0.1574,UPI,Fashion,0
28,1141.45,5,0,0,3,18.43,779,1,1,0.124,0.0368,Credit Card,Accessories,0
29,1668.04,10,3,2,7,41.89,477,7,3,0.3631,0.205,Debit Card,Beauty,1
38,2653.2,3,0,0,2,14.11,2969,4,1,0.1072,0.0693,Credit Card,Beauty,0
38,786.9,6,2,0,4,21.36,929,2,0,0.2485,0.0754,Net Banking,Home,0
25,883.68,8,3,0,3,21.5,317,4,1,0.3105,0.0447,UPI,Fashion,1
25,322.22,10,0,0,5,9.62,185,3,0,0.0386,0.0063,Debit Card,Fashion,0
26,1288.34,13,0,0,1,15.33,507,3,1,0.0768,0.0091,Debit Card,Fashion,0
28,3707.07,5,1,0,3,20.31,148,5,4,0.3566,0.0249,Credit Card,Fashion,0
38,1241.37,8,3,2,8,38.47,676,6,0,0.3051,0.2835,Credit Card,Accessories,1
39,1657.3,11,0,0,3,13.96,629,2,1,0.1227,0.0314,UPI,Beauty,0
31,718.3,11,0,0,4,20.46,86,3,2,0.1428,0.0124,Cash on Delivery,Beauty,0
34,1552.91,6,0,0,2,7.92,325,1,0,0.0703,0.0421,Net Banking,Fashion,0
32,2952.16,7,0,0,4,11.93,394,0,0,0.06,0.0176,Debit Card,Grocery,0
35,958.86,9,0,0,3,39.35,358,3,2,0.1277,0.0388,UPI,Home,0
33,1215.57,6,0,0,6,24.82,571,4,3,0.1226,0.0327,UPI,Electronics,1
40,1109.99,3,0,0,3,14.0,904,2,1,0.1221,0.0627,Credit Card,Electronics,0
41,3490.32,10,1,1,2,7.06,365,3,1,0.1543,0.1084,Debit Card,Electronics,0
29,2379.17,6,0,0,2,8.77,578,3,0,0.0592,0.0004,Cash on Delivery,Electronics,0
26,1554.86,4,1,0,2,27.34,520,1,0,0.2077,0.0452,UPI,Electronics,1
23,1839.55,14,4,1,4,2.84,489,3,0,0.2224,0.0548,UPI,Home,1
34,1885.49,7,0,0,2,9.75,726,1,0,0.0,0.0408,UPI,Electronics,0
21,931.68,7,0,0,5,3.07,635,2,1,0.0802,0.0187,UPI,Home,1
35,2191.9,5,1,0,3,11.69,432,0,0,0.1716,0.0877,Debit Card,Electronics,0
45,2172.01,8,2,0,3,18.76,1699,1,0,0.2503,0.0105,Cash on Delivery,Beauty,0
26,1354.78,8,1,1,3,50.53,670,2,5,0.3904,0.1488,Net Banking,Beauty,1
31,633.86,11,1,0,3,4.08,1244,0,0,0.0953,0.0,Debit Card,Home,0
29,1341.79,13,2,0,5,17.62,627,2,0,0.157,0.0074,Credit Card,Electronics,0
21,418.61,6,2,1,3,31.28,657,2,1,0.3395,0.2183,Credit Card,Accessories,1
52,2554.21,2,0,0,2,9.12,1130,1,1,0.1791,0.0817,UPI,Beauty,1
48,1267.05,10,1,0,2,5.36,1828,3,0,0.0962,0.0307,Credit Card,Home,0
27,2067.24,6,0,0,3,19.05,381,2,1,0.1296,0.0416,UPI,Home,0
35,964.14,9,1,0,5,25.23,711,4,0,0.0722,0.0567,Credit Card,Fashion,0
37,1210.19,9,0,0,3,9.2,491,1,0,0.0429,0.0484,Debit Card,Grocery,0
36,1717.15,9,0,0,3,25.61,595,5,0,0.006,0.0047,UPI,Accessories,0
50,2589.84,13,1,0,6,6.85,1661,0,0,0.0718,0.0223,Debit Card,Fashion,0
35,1158.54,9,1,0,5,23.52,746,1,0,0.1403,0.0267,UPI,Grocery,0
36,538.31,3,0,0,1,3.95,1731,2,0,0.0573,0.047,Credit Card,Accessories,0
40,1283.53,5,0,0,3,6.28,776,0,0,0.0506,0.0482,UPI,Fashion,0
31,1498.61,6,1,1,2,31.24,157,1,3,0.3101,0.177,Credit Card,Accessories,1
45,1958.61,4,0,0,2,18.83,744,4,0,0.056,0.0684,Debit Card,Fashion,0
42,819.21,12,1,1,1,12.02,566,3,2,0.1566,0.1106,Credit Card,Fashion,0
39,633.44,6,0,0,2,13.51,797,3,2,0.1235,0.0608,UPI,Accessories,0
20,2209.65,7,1,0,2,11.49,1117,8,0,0.136,0.0282,Credit Card,Grocery,0
30,1257.62,6,1,1,2,8.48,336,10,2,0.2045,0.1857,Credit Card,Accessories,1
30,2404.99,4,0,0,3,18.82,231,4,0,0.0724,0.0407,UPI,Grocery,0
36,391.83,2,0,0,5,33.04,403,4,3,0.2553,0.1209,Credit Card,Accessories,1
41,426.41,7,0,0,2,18.22,1370,1,0,0.0614,0.0516,Net Banking,Home,0
28,2717.23,8,1,1,5,34.44,198,6,1,0.1901,0.1334,Credit Card,Home,1
36,1731.39,9,0,0,1,16.38,193,4,0,0.0984,0.0024,UPI,Grocery,1
41,5681.72,13,1,1,4,7.44,598,1,0,0.0942,0.1211,Net Banking,Accessories,0
51,2555.04,7,0,0,3,4.42,359,5,0,0.0549,0.0394,UPI,Fashion,1
23,1114.69,10,2,0,2,7.0,592,2,1,0.1992,0.0456,Credit Card,Fashion,1
44,1044.09,4,1,0,3,24.54,856,3,1,0.2899,0.073,UPI,Beauty,0
31,1485.01,11,0,0,5,4.12,1315,3,1,0.0811,0.0049,Debit Card,Accessories,0
42,2948.94,6,0,0,4,18.95,1269,3,0,0.1023,0.0567,UPI,Home,0
27,3927.98,5,1,1,6,37.4,998,8,5,0.2584,0.224,Debit Card,Grocery,1
34,1152.86,4,0,0,5,27.5,347,0,2,0.2594,0.0677,Credit Card,Home,0
53,1634.74,12,1,1,2,8.55,857,2,0,0.0603,0.0906,Credit Card,Accessories,0
27,781.02,5,5,1,2,45.11,417,5,4,0.827,0.2242,Debit Card,Accessories,1
22,830.69,5,0,0,5,12.14,218,3,5,0.2712,0.0354,Credit Card,Beauty,0
35,1324.25,8,0,0,1,22.78,1467,1,0,0.0575,0.0252,Credit Card,Grocery,0
28,876.45,9,1,0,2,1.7,897,2,0,0.1107,0.0192,Credit Card,Home,0
38,1706.76,9,1,1,3,13.61,1125,1,1,0.1951,0.1303,UPI,Beauty,0
37,2841.08,9,1,0,5,1.78,588,1,1,0.1528,0.0286,UPI,Home,0
44,1549.66,8,1,1,4,7.39,702,1,0,0.1348,0.1077,UPI,Electronics,0
41,2541.42,6,1,1,3,40.58,76,3,2,0.2808,0.1336,UPI,Fashion,0
38,983.26,6,0,0,4,18.87,128,5,0,0.0214,0.0527,UPI,Electronics,0
56,764.84,7,1,0,2,27.02,604,0,1,0.259,0.0375,Cash on Delivery,Grocery,0
38,1273.94,5,1,0,5,43.56,81,4,3,0.31,0.0568,Credit Card,Accessories,1
33,2141.13,8,1,0,3,15.1,586,3,0,0.1643,0.043,Credit Card,Fashion,1
33,1582.11,10,0,0,5,6.36,400,0,0,0.0166,0.0263,UPI,Accessories,1
29,1391.73,9,1,1,5,12.43,240,0,0,0.1119,0.0935,Net Banking,Fashion,0
35,1879.32,7,0,0,6,7.17,1149,3,1,0.0996,0.0465,Debit Card,Home,0
36,657.71,10,0,0,3,3.46,1628,1,0,0.0357,0.0375,UPI,Fashion,0
37,1344.08,8,0,0,3,8.74,796,1,0,0.0583,0.0177,UPI,Beauty,0
19,3919.41,4,1,0,6,18.84,943,2,6,0.5522,0.0632,UPI,Beauty,1
35,1636.31,4,0,0,2,6.02,583,1,0,0.0496,0.0663,UPI,Grocery,0
29,2756.32,8,0,0,4,11.03,585,0,0,0.0632,0.054,UPI,Beauty,0
26,869.88,7,0,0,3,6.1,1881,1,0,0.0382,0.0188,UPI,Grocery,0
31,859.15,8,0,0,2,7.62,865,1,0,0.0395,0.0033,Credit Card,Fashion,0
44,1744.25,8,0,0,5,19.93,706,2,2,0.1051,0.022,UPI,Electronics,1
46,1479.38,8,3,0,1,10.14,2129,2,1,0.3009,0.0389,Net Banking,Home,0
33,342.77,8,1,0,4,13.37,1211,1,1,0.1886,0.0491,Credit Card,Home,0
26,2210.25,10,2,0,5,10.23,1400,4,1,0.1818,0.0164,UPI,Home,1
33,1873.8,10,0,0,2,11.25,649,3,0,0.0374,0.009,Credit Card,Electronics,0
53,1698.49,6,0,0,1,7.55,1323,0,1,0.1559,0.0443,Debit Card,Beauty,0
43,1339.3,8,0,0,3,14.17,585,1,1,0.1291,0.0514,UPI,Accessories,0
39,2916.43,6,0,0,5,7.31,785,1,2,0.1614,0.0295,Credit Card,Grocery,0
43,951.38,7,0,0,3,18.1,1208,3,0,0.0747,0.0493,Net Banking,Home,0
48,754.51,8,0,0,2,6.79,1207,2,1,0.1326,0.0737,UPI,Beauty,0
35,864.27,7,0,0,4,35.13,334,4,3,0.1172,0.039,UPI,Home,0
24,2081.66,6,0,0,5,7.58,1143,5,1,0.0835,0.0562,UPI,Home,0
30,1464.53,13,0,0,5,17.08,177,2,2,0.1176,0.0119,UPI,Accessories,0
29,525.07,14,1,1,2,7.05,458,1,0,0.0776,0.1019,Credit Card,Beauty,0
39,2801.63,12,0,0,1,5.09,603,3,1,0.1068,0.0708,Debit Card,Accessories,0
35,2133.96,5,2,0,4,1.72,1198,2,0,0.357,0.0323,Cash on Delivery,Beauty,0
41,2852.73,12,0,0,3,20.1,717,0,0,0.0623,0.0,UPI,Electronics,0
29,558.57,2,0,0,1,9.93,352,2,0,0.1657,0.098,Credit Card,Grocery,0
46,2759.1,8,0,0,4,24.54,926,2,1,0.0845,0.0574,Credit Card,Fashion,0
33,1196.54,10,1,0,4,16.34,1283,3,3,0.2399,0.0038,UPI,Grocery,0
18,1116.75,6,1,1,6,15.22,41,1,2,0.2517,0.1842,Cash on Delivery,Fashion,1
40,1367.4,14,0,0,2,2.86,316,2,0,0.0786,0.0091,Debit Card,Beauty,0
45,808.27,11,0,0,3,11.11,446,2,0,0.0225,0.0372,UPI,Home,0
37,1461.08,9,0,0,6,9.9,150,3,0,0.0864,0.0245,Debit Card,Electronics,1
23,1204.06,11,0,0,4,15.39,699,3,3,0.1313,0.0152,Net Banking,Accessories,0
44,2591.63,5,1,0,2,2.9,498,3,0,0.2018,0.0547,UPI,Home,1
37,3447.09,12,1,1,1,13.62,756,1,0,0.0672,0.1158,UPI,Grocery,0
41,1079.0,8,1,0,2,8.84,1003,2,0,0.1062,0.0342,UPI,Beauty,0
32,3265.55,6,1,1,5,34.83,497,3,3,0.2933,0.1694,Credit Card,Electronics,1
50,478.37,5,0,0,3,2.75,964,0,0,0.051,0.04,Cash on Delivery,Home,0
18,593.61,3,1,1,3,36.03,105,6,4,0.3873,0.3199,UPI,Home,0
39,1473.67,6,1,1,3,17.71,669,2,0,0.1499,0.178,UPI,Grocery,0
27,1235.98,6,0,0,4,28.5,740,3,0,0.0857,0.0586,Debit Card,Home,1
19,570.53,4,2,0,6,22.03,276,4,2,0.4328,0.0558,Cash on Delivery,Beauty,1
39,495.69,7,1,1,1,3.58,835,0,0,0.1367,0.1715,Cash on Delivery,Electronics,0
34,1472.25,5,0,0,3,23.27,1487,4,0,0.0879,0.0554,Cash on Delivery,Accessories,0
18,623.5,5,0,0,2,25.25,1494,1,2,0.2019,0.0536,Debit Card,Grocery,0
38,2123.22,9,0,0,4,1.77,1276,3,2,0.1042,0.0012,UPI,Fashion,0
35,521.95,16,0,0,5,2.25,609,2,3,0.1462,0.0331,UPI,Beauty,0
44,463.61,6,0,0,2,3.81,341,2,0,0.0488,0.0427,UPI,Home,0
27,2296.96,9,0,0,3,8.87,1140,2,1,0.078,0.0518,UPI,Grocery,0
20,1397.82,11,1,1,2,19.84,637,2,0,0.0716,0.085,Credit Card,Home,0
36,1286.61,16,0,0,2,2.33,1681,3,0,0.0564,0.0051,Credit Card,Fashion,0
33,1089.48,4,1,1,5,25.62,135,5,2,0.275,0.2738,UPI,Grocery,0
37,1344.02,10,1,0,3,9.97,273,3,0,0.0726,0.0235,UPI,Beauty,1
35,974.64,8,4,3,3,4.62,667,2,1,0.4884,0.3685,Credit Card,Electronics,0
34,678.74,8,1,0,4,26.7,2051,0,1,0.2537,0.01,Net Banking,Fashion,0
24,1613.81,7,1,0,4,31.82,985,1,1,0.1892,0.038,Credit Card,Fashion,0
23,410.48,6,1,1,5,12.26,278,2,2,0.2487,0.1909,Credit Card,Grocery,1
22,1981.04,8,2,2,3,6.98,533,7,2,0.3011,0.277,UPI,Electronics,1
33,891.51,10,1,0,3,26.32,433,4,2,0.1611,0.0172,Debit Card,Electronics,0
31,1169.87,10,1,0,3,19.47,150,1,1,0.2237,0.0317,UPI,Fashion,0
40,1773.18,10,5,3,3,32.44,87,4,3,0.4989,0.2629,Cash on Delivery,Electronics,1
47,1177.26,9,6,2,8,9.93,191,3,1,0.543,0.2349,UPI,Electronics,1
36,1305.92,7,2,1,2,17.51,142,2,2,0.3688,0.16,Net Banking,Fashion,1
44,865.13,9,1,0,4,7.71,901,1,1,0.1623,0.0698,Debit Card,Fashion,0
20,1583.16,3,1,0,2,36.95,81,2,1,0.3497,0.0916,UPI,Home,0
37,1188.14,7,0,0,2,8.18,1318,1,0,0.0502,0.0161,Cash on Delivery,Fashion,0
31,1147.79,6,0,0,3,26.2,1831,4,1,0.0695,0.0799,UPI,Home,0
50,691.13,4,0,0,5,13.4,328,1,2,0.1962,0.0431,UPI,Fashion,0
32,1732.11,15,2,0,4,14.44,1199,1,1,0.2198,0.0243,Credit Card,Fashion,0
39,466.56,6,0,0,5,8.52,342,2,0,0.0869,0.0221,Credit Card,Grocery,0
43,1152.93,5,0,0,4,11.07,969,6,1,0.0949,0.0313,Cash on Delivery,Fashion,0
32,2386.85,13,3,2,4,3.75,984,1,1,0.2368,0.1564,UPI,Beauty,1
49,2304.49,6,0,0,4,14.19,358,6,0,0.0466,0.0506,Debit Card,Fashion,0
35,2049.92,9,0,0,5,25.49,972,3,2,0.1196,0.075,UPI,Grocery,0
35,698.21,4,0,0,4,3.98,233,0,2,0.2266,0.0855,UPI,Grocery,0
33,1334.71,12,0,0,1,5.63,1234,9,0,0.0074,0.0092,Credit Card,Accessories,0
18,1080.17,9,3,0,4,37.88,186,3,1,0.321,0.0348,Net Banking,Home,1
36,1120.43,9,0,0,3,2.33,1123,4,1,0.0837,0.0271,Credit Card,Fashion,0
45,902.18,9,0,0,4,12.68,1039,5,1,0.0531,0.0465,Credit Card,Fashion,0
42,1095.41,6,1,0,2,3.14,568,3,0,0.1419,0.0528,Net Banking,Grocery,1
27,597.31,3,2,1,5,18.48,79,3,1,0.4914,0.3414,Credit Card,Fashion,1
34,2260.2,9,0,0,4,13.77,741,5,2,0.0805,0.0541,UPI,Electronics,0
49,2196.9,7,1,0,3,23.95,1124,5,1,0.1556,0.0197,Debit Card,Electronics,0
42,1404.96,9,1,1,1,8.47,1108,3,0,0.1592,0.1332,UPI,Fashion,1
30,1132.28,8,1,0,4,4.86,1911,0,0,0.1389,0.008,UPI,Electronics,0
29,688.0,6,3,2,3,31.21,353,6,2,0.4361,0.3296,UPI,Beauty,0
22,1148.02,4,0,0,3,14.65,1079,2,0,0.0466,0.0593,Cash on Delivery,Fashion,0
30,952.49,7,0,0,4,12.49,1820,4,1,0.0829,0.0398,Cash on Delivery,Fashion,0
44,3895.47,6,0,0,7,4.33,312,6,2,0.1323,0.0841,UPI,Fashion,0
38,679.81,8,0,0,4,14.8,1628,4,1,0.0679,0.0639,Net Banking,Home,0
39,706.19,7,1,0,4,8.2,669,5,0,0.1028,0.037,Cash on Delivery,Beauty,0
46,1691.07,9,0,0,2,16.92,354,1,0,0.0496,0.0121,Debit Card,Grocery,0
24,1579.5,4,2,0,2,8.62,624,1,1,0.4643,0.0727,UPI,Electronics,0
30,1655.67,13,1,1,4,12.45,190,0,2,0.2304,0.1177,Debit Card,Home,1
23,1647.4,10,0,0,6,4.86,586,1,3,0.208,0.0135,Debit Card,Accessories,0
36,1246.88,9,1,1,2,17.67,625,7,2,0.1142,0.1229,Credit Card,Grocery,1
22,1242.5,6,0,0,3,22.96,815,2,0,0.0381,0.0256,Cash on Delivery,Beauty,0
28,1908.78,5,1,0,2,29.29,1027,1,0,0.1286,0.0927,UPI,Electronics,0
37,2238.73,9,0,0,5,13.89,639,2,0,0.0,0.0,Cash on Delivery,Accessories,0
41,426.29,7,0,0,5,8.07,1265,3,0,0.0461,0.0403,Debit Card,Home,0
25,684.11,4,1,0,2,4.24,1610,0,0,0.2161,0.0817,Net Banking,Fashion,0
27,782.0,12,1,1,3,19.08,1185,4,2,0.1662,0.1632,UPI,Home,1
18,1048.42,7,2,0,3,10.85,1296,0,0,0.2512,0.0581,Debit Card,Fashion,0
36,2460.5,12,1,1,3,21.24,804,1,0,0.0797,0.1118,Credit Card,Grocery,0
27,2843.73,8,1,1,3,20.74,1606,2,0,0.1154,0.1809,Credit Card,Electronics,0
49,3223.6,8,2,0,3,13.97,1146,3,2,0.3056,0.037,Credit Card,Electronics,0
38,799.04,6,2,0,3,0.26,590,2,0,0.2691,0.0437,UPI,Electronics,0
32,570.82,11,0,0,5,18.69,1595,3,1,0.0635,0.0,UPI,Fashion,0
28,2155.21,8,3,0,4,12.72,329,0,1,0.3753,0.0323,UPI,Grocery,0
21,1580.93,5,0,0,4,21.53,899,0,0,0.0827,0.0699,Credit Card,Fashion,0
22,1347.85,9,0,0,5,17.66,1184,2,0,0.0238,0.0273,Debit Card,Grocery,0
25,1657.26,9,2,2,4,10.14,292,3,5,0.3998,0.2475,UPI,Electronics,1
28,1067.99,6,0,0,3,17.71,580,0,0,0.0553,0.0451,Net Banking,Beauty,0
21,1152.9,10,0,0,7,10.16,176,0,2,0.1835,0.0405,UPI,Fashion,0
28,1106.24,7,0,0,4,11.9,476,1,1,0.0945,0.0293,UPI,Beauty,0
25,1087.67,5,0,0,4,1.11,1708,4,0,0.0831,0.0555,UPI,Electronics,1
37,1035.05,10,2,0,4,18.18,103,3,2,0.284,0.011,UPI,Accessories,0
39,1068.6,7,0,0,2,19.24,230,0,2,0.1861,0.0,Credit Card,Electronics,0
30,1766.48,7,1,0,5,3.84,1320,2,2,0.2277,0.042,Debit Card,Electronics,0
51,1464.71,5,1,0,4,18.3,501,0,0,0.2043,0.0525,Debit Card,Electronics,0
37,1401.66,6,1,0,3,5.53,420,8,0,0.1683,0.0205,Debit Card,Fashion,0
18,1242.6,9,1,1,4,20.3,563,0,1,0.201,0.1218,UPI,Home,0
35,806.24,10,0,0,3,19.06,476,4,0,0.0185,0.0866,Debit Card,Fashion,0
32,1960.01,8,0,0,3,2.13,484,3,0,0.0001,0.0133,UPI,Fashion,0
25,1276.29,3,3,3,5,23.32,431,5,3,0.7185,0.8197,UPI,Beauty,1
31,10060.19,4,1,1,7,35.76,256,2,2,0.3246,0.2617,Credit Card,Accessories,0
29,3157.93,11,1,0,2,7.0,733,5,0,0.086,0.0079,UPI,Home,0
28,1651.64,10,1,1,1,4.81,1897,2,2,0.2291,0.0886,Credit Card,Electronics,0
34,2590.21,11,0,0,5,22.59,1013,1,2,0.1467,0.0369,UPI,Beauty,0
32,1544.85,11,0,0,4,36.09,1126,1,0,0.0129,0.0556,Debit Card,Grocery,1
30,972.38,9,0,0,2,17.02,1053,3,0,0.0598,0.0402,Credit Card,Fashion,0
22,1473.14,4,1,0,4,8.73,150,0,1,0.303,0.0283,Credit Card,Grocery,0
19,980.61,10,0,0,4,9.58,610,3,1,0.0765,0.0329,Debit Card,Fashion,0
31,2317.92,6,0,0,3,11.54,1085,3,1,0.1326,0.0365,Credit Card,Beauty,1
30,657.9,6,0,0,1,5.94,763,2,0,0.0537,0.0188,Cash on Delivery,Fashion,0
32,944.65,6,0,0,5,14.81,336,5,0,0.0584,0.0511,Cash on Delivery,Electronics,0
18,1103.61,6,1,1,5,16.24,804,3,0,0.1585,0.1547,Debit Card,Beauty,0
33,2017.82,7,0,0,3,11.0,275,4,0,0.0506,0.0534,Debit Card,Electronics,0
29,2943.38,7,1,1,4,21.6,469,3,0,0.1166,0.1729,Cash on Delivery,Fashion,1
32,1434.53,9,0,0,3,3.41,591,1,1,0.1178,0.0231,Credit Card,Grocery,0
26,2565.35,10,1,0,3,10.29,846,1,0,0.0807,0.0434,Credit Card,Accessories,0
48,3853.73,6,0,0,4,23.91,294,0,0,0.026,0.0445,Cash on Delivery,Accessories,0
27,2516.88,15,2,0,3,8.22,185,2,0,0.0811,0.0225,Net Banking,Home,0
31,654.5,10,0,0,3,11.71,724,3,1,0.0146,0.024,UPI,Fashion,1
34,2595.46,2,1,1,7,34.6,188,8,1,0.3933,0.4121,UPI,Electronics,1
27,1359.65,7,1,1,3,12.72,948,1,1,0.1697,0.177,UPI,Beauty,0
27,1091.23,6,1,0,3,2.34,421,2,1,0.2293,0.0294,Credit Card,Electronics,1
34,2305.43,7,0,0,4,17.64,754,1,0,0.0076,0.041,Cash on Delivery,Fashion,0
33,412.39,7,0,0,5,14.96,1529,1,2,0.177,0.0326,Debit Card,Electronics,0
30,1198.08,6,0,0,2,10.38,411,3,2,0.1267,0.0588,Debit Card,Home,0
31,1157.47,6,0,0,5,5.33,1380,1,1,0.0701,0.0615,UPI,Electronics,1
28,2028.5,4,1,0,4,3.74,521,4,0,0.194,0.0685,Debit Card,Home,0
38,1435.46,7,0,0,4,12.17,321,4,1,0.0543,0.0741,Credit Card,Fashion,0
33,5208.03,9,5,0,5,10.53,384,3,2,0.5201,0.003,Cash on Delivery,Home,0
52,1688.94,10,0,0,3,19.26,474,3,1,0.0862,0.0299,UPI,Home,1
19,1717.55,5,2,0,6,38.97,41,2,2,0.4191,0.0541,Credit Card,Fashion,0
26,1137.37,9,1,0,2,7.97,1208,0,1,0.1486,0.0278,Debit Card,Home,0
37,2590.69,7,3,1,3,10.12,617,6,1,0.37,0.1587,Cash on Delivery,Electronics,1
38,3598.39,13,1,0,5,22.93,494,0,0,0.0895,0.0347,Cash on Delivery,Electronics,0
34,698.24,11,0,0,3,18.89,1322,1,1,0.0778,0.0489,Debit Card,Fashion,0
40,1446.5,6,0,0,1,10.64,685,0,0,0.0307,0.0346,Debit Card,Grocery,0
40,1412.26,8,0,0,2,16.17,336,3,0,0.0009,0.0251,UPI,Fashion,0
36,1303.31,8,1,1,1,7.49,467,3,0,0.1286,0.1307,UPI,Accessories,0
34,1187.5,4,0,0,4,21.9,823,1,1,0.1404,0.0756,Credit Card,Accessories,1
30,1909.51,10,0,0,1,10.84,509,5,0,0.0314,0.0359,UPI,Beauty,0
33,1527.61,2,1,1,4,36.73,93,4,4,0.5335,0.4227,UPI,Fashion,1
27,1010.15,9,0,0,5,15.1,590,0,2,0.159,0.0542,Net Banking,Home,0
33,3286.01,3,2,1,4,21.16,212,4,0,0.51,0.3263,UPI,Accessories,0
22,518.25,6,2,0,2,8.03,678,5,0,0.2398,0.0483,UPI,Beauty,0
35,6773.56,4,0,0,5,22.9,359,3,4,0.2623,0.0354,Credit Card,Accessories,0
29,2191.99,7,0,0,4,31.36,698,2,0,0.0712,0.03,Credit Card,Home,0
44,680.76,12,0,0,5,5.28,342,1,0,0.041,0.0699,UPI,Home,0
35,780.54,8,0,0,3,10.87,939,1,0,0.0721,0.0016,Debit Card,Beauty,0
42,1908.76,8,0,0,4,5.83,1212,0,2,0.1995,0.0862,Debit Card,Beauty,1
47,791.07,8,0,0,4,13.94,1538,1,1,0.1301,0.0339,Cash on Delivery,Accessories,0
32,962.85,9,2,0,2,3.31,834,4,1,0.1982,0.0498,UPI,Electronics,0
36,1856.31,10,0,0,1,19.4,1140,3,0,0.0211,0.0442,Credit Card,Accessories,0
31,2629.08,10,0,0,4,0.22,1131,0,0,0.0066,0.044,UPI,Electronics,0
27,1679.95,8,0,0,2,10.47,1014,4,1,0.0715,0.0308,Net Banking,Grocery,0
25,1912.88,9,2,0,4,14.43,959,1,1,0.2544,0.0127,Credit Card,Fashion,0
42,2982.79,9,2,0,2,22.23,301,2,0,0.1594,0.0533,UPI,Accessories,0
26,1427.52,5,1,1,4,17.83,277,1,2,0.3213,0.1967,UPI,Accessories,1
30,1047.7,3,1,1,4,22.83,353,4,1,0.3058,0.2961,UPI,Home,0
36,4146.75,10,0,0,1,14.65,312,4,0,0.027,0.0177,Credit Card,Fashion,0
51,782.54,4,1,0,1,21.79,1235,1,0,0.1899,0.0495,UPI,Fashion,0
43,1679.77,14,0,0,3,17.16,2038,5,0,0.0337,0.0107,Debit Card,Fashion,0
27,1383.79,7,0,0,1,6.33,609,3,0,0.026,0.0137,Credit Card,Home,0
42,937.34,9,2,1,5,9.7,1188,5,0,0.217,0.1526,UPI,Electronics,0
31,1974.69,7,0,0,1,4.77,860,1,0,0.0411,0.0354,UPI,Fashion,0
30,2045.93,6,3,3,3,22.38,305,5,3,0.4352,0.4803,Cash on Delivery,Grocery,1
28,1804.94,6,0,0,4,31.74,356,1,2,0.1628,0.0121,Debit Card,Grocery,0
45,1660.5,7,0,0,3,10.35,696,1,0,0.0644,0.0599,Cash on Delivery,Home,0
30,2604.9,6,0,0,1,34.89,1143,3,1,0.1105,0.0321,Credit Card,Beauty,0
30,6354.96,3,3,3,3,18.16,339,4,2,0.7266,0.8075,Cash on Delivery,Electronics,1
39,1938.16,5,0,0,4,25.4,229,5,2,0.1268,0.0321,UPI,Beauty,1
38,1436.3,4,1,1,4,18.14,209,5,3,0.3018,0.2501,UPI,Grocery,1
25,846.77,10,2,1,3,6.55,597,1,1,0.2328,0.1183,Credit Card,Grocery,0
27,2322.44,2,0,0,3,18.35,1033,1,1,0.1879,0.0967,Net Banking,Grocery,0
27,2940.89,8,0,0,4,22.85,929,1,2,0.1568,0.0447,Debit Card,Electronics,0
26,2670.05,14,0,0,2,8.16,905,1,0,0.0013,0.0319,UPI,Electronics,0
29,1653.33,4,2,0,3,15.96,1415,4,0,0.369,0.084,Cash on Delivery,Beauty,0
42,959.34,6,0,0,1,5.26,424,0,2,0.2256,0.0475,Credit Card,Accessories,1
20,384.89,4,1,1,6,4.32,648,2,2,0.3318,0.2437,Debit Card,Home,1
37,4315.2,5,2,1,3,48.81,301,8,1,0.3505,0.2304,Debit Card,Fashion,1
50,1138.15,9,0,0,4,4.11,426,1,0,0.1,0.0414,UPI,Grocery,0
39,4197.46,4,0,0,3,36.57,619,4,3,0.1879,0.0753,UPI,Electronics,0
22,1277.63,7,0,0,2,7.01,706,2,1,0.0995,0.0293,Cash on Delivery,Fashion,0
28,1523.77,3,2,0,1,15.36,385,4,1,0.4723,0.0734,Cash on Delivery,Electronics,0
45,1936.33,10,0,0,3,1.9,506,2,1,0.0782,0.0382,Debit Card,Grocery,0
30,985.07,2,0,0,5,21.35,742,6,0,0.118,0.1229,UPI,Fashion,0
37,893.95,12,2,0,1,26.81,614,1,0,0.1354,0.0,UPI,Beauty,0
19,662.28,8,0,0,4,5.2,792,1,1,0.093,0.0358,UPI,Beauty,0
39,414.53,7,1,0,3,18.24,1263,1,0,0.1392,0.0846,Net Banking,Electronics,0
18,1466.48,8,0,0,4,22.35,462,1,1,0.0703,0.0036,Debit Card,Fashion,0
33,4098.1,6,2,2,4,17.75,85,3,2,0.3597,0.3177,UPI,Electronics,0
37,973.87,6,0,0,2,1.28,428,3,1,0.1183,0.0375,Net Banking,Fashion,0
36,1244.23,9,0,0,3,21.97,1023,1,0,0.0126,0.0409,UPI,Accessories,0
36,1844.08,7,2,0,2,11.47,399,2,0,0.225,0.0518,UPI,Home,0
27,1128.64,8,0,0,2,35.95,1706,0,0,0.0306,0.0411,Debit Card,Electronics,1
39,1565.72,8,4,0,3,8.76,1450,3,1,0.4194,0.017,UPI,Beauty,0
38,1982.08,9,0,0,3,6.16,1727,4,0,0.0377,0.038,Debit Card,Accessories,0
32,1049.38,14,0,0,3,11.35,365,3,1,0.0447,0.0093,UPI,Home,1
40,1264.94,7,0,0,3,9.85,865,0,0,0.0159,0.057,Credit Card,Electronics,0
33,990.86,12,1,0,2,8.72,431,0,2,0.2655,0.0346,UPI,Fashion,1
39,1578.9,5,0,0,4,4.42,1795,3,1,0.0965,0.0671,Credit Card,Electronics,0
33,1796.17,9,0,0,3,28.6,731,1,1,0.086,0.0145,Credit Card,Fashion,0
33,2731.75,6,2,0,3,9.89,152,4,2,0.3522,0.0322,Cash on Delivery,Beauty,1
36,1162.74,2,0,0,4,9.8,896,0,0,0.1183,0.1298,UPI,Electronics,0
39,1214.56,8,0,0,3,2.41,610,0,0,0.0432,0.0457,Credit Card,Fashion,0
22,1589.23,5,0,0,4,23.46,339,8,1,0.0588,0.0529,Cash on Delivery,Home,1
30,2151.51,9,0,0,5,9.46,1047,2,1,0.084,0.0078,Credit Card,Electronics,0
23,1210.62,5,0,0,3,11.42,739,1,0,0.0667,0.037,UPI,Accessories,0
26,5432.75,2,0,0,3,23.74,585,5,3,0.1986,0.0825,Debit Card,Fashion,1
36,1560.26,3,0,0,4,21.45,1309,1,2,0.1795,0.0691,Net Banking,Fashion,0
45,2073.33,11,0,0,5,5.31,1054,4,0,0.0,0.0281,UPI,Electronics,0
35,3068.46,2,0,0,3,23.5,532,5,2,0.1815,0.113,UPI,Home,1
25,1756.39,6,0,0,3,28.7,358,10,0,0.035,0.0203,Debit Card,Home,1
37,553.06,10,2,1,2,12.3,837,4,1,0.212,0.1166,Net Banking,Home,0
37,1289.43,10,1,1,6,17.91,1270,3,0,0.0808,0.1307,Credit Card,Fashion,0
37,2372.57,4,1,1,3,20.33,238,9,1,0.2733,0.2529,Credit Card,Fashion,0
34,2409.89,10,0,0,3,8.04,1155,4,1,0.0443,0.0045,UPI,Beauty,0
41,1391.49,11,3,0,1,25.16,1851,2,0,0.1932,0.0325,UPI,Fashion,0
32,2183.87,6,0,0,4,3.18,574,3,0,0.0638,0.0608,Debit Card,Fashion,0
30,812.53,7,0,0,3,28.3,1292,3,0,0.0425,0.0718,UPI,Grocery,0
39,1520.66,8,2,1,2,32.74,270,6,1,0.222,0.1456,UPI,Beauty,1
38,4002.09,3,0,0,2,10.14,146,8,5,0.1969,0.091,Cash on Delivery,Electronics,1
45,2748.89,5,1,0,4,36.88,290,6,1,0.2296,0.065,Credit Card,Accessories,0
28,649.34,13,4,1,5,38.75,79,7,0,0.2338,0.1224,Cash on Delivery,Electronics,0
44,1805.76,9,0,0,2,10.14,817,4,0,0.0641,0.0596,Credit Card,Fashion,0
29,2157.1,10,0,0,5,6.79,1204,2,1,0.033,0.0286,UPI,Home,0
42,309.52,6,0,0,3,28.99,622,3,1,0.1052,0.0475,Net Banking,Home,0
44,1386.34,11,0,0,5,5.71,400,1,1,0.1024,0.0208,Credit Card,Electronics,0
39,581.11,5,0,0,2,19.41,1055,2,1,0.1015,0.0928,UPI,Grocery,0
23,853.46,11,0,0,2,24.65,587,0,2,0.2186,0.0466,Credit Card,Accessories,0
30,929.22,4,0,0,6,19.34,243,3,2,0.1365,0.049,Debit Card,Home,0
34,1001.94,8,0,0,2,32.76,446,0,0,0.1244,0.0536,UPI,Fashion,0
32,893.48,13,0,0,5,4.01,689,2,1,0.1236,0.0457,UPI,Home,0
30,3226.8,4,0,0,6,25.32,1036,5,1,0.1075,0.0584,Net Banking,Electronics,0
35,1692.98,12,0,0,2,26.9,1893,3,0,0.0548,0.0182,Cash on Delivery,Accessories,0
41,1111.41,9,0,0,3,15.3,732,2,0,0.0581,0.0138,Debit Card,Electronics,0
32,2627.14,4,1,0,5,32.48,1157,2,2,0.3497,0.0854,UPI,Electronics,1
30,1294.2,9,0,0,3,8.13,787,3,4,0.1837,0.0,Credit Card,Home,0
32,1819.22,6,0,0,1,13.26,718,5,0,0.0431,0.0676,Credit Card,Home,0
32,1339.91,7,2,1,3,10.84,710,2,0,0.2494,0.1442,Credit Card,Home,0
44,1068.49,7,2,1,3,4.12,712,1,0,0.2359,0.179,Cash on Delivery,Beauty,1
29,1325.24,8,3,2,3,18.29,170,5,3,0.3568,0.2286,Net Banking,Fashion,1
33,874.51,6,1,1,4,14.42,116,6,4,0.2573,0.1867,Debit Card,Home,1
18,1987.91,9,4,3,6,23.69,86,5,2,0.3904,0.3308,UPI,Fashion,1
32,688.99,5,0,0,2,7.17,913,1,1,0.1004,0.0516,UPI,Grocery,1
23,469.91,5,2,0,3,14.07,680,2,0,0.2825,0.0608,UPI,Beauty,0
20,3654.07,14,0,0,3,10.42,1318,5,0,0.0154,0.0359,Credit Card,Home,0
37,752.58,3,1,0,5,12.12,922,3,0,0.2738,0.0366,UPI,Electronics,0
31,1435.69,9,3,1,1,33.14,191,3,4,0.4099,0.1386,Net Banking,Electronics,1
27,439.46,7,0,0,3,39.98,638,3,0,0.0,0.0172,Credit Card,Fashion,0
18,969.93,2,0,0,2,20.26,148,5,4,0.2648,0.1201,UPI,Accessories,0
40,2679.63,9,0,0,5,17.82,968,3,1,0.0681,0.0079,UPI,Grocery,1
22,668.25,5,0,0,4,7.97,1502,3,0,0.0865,0.0682,Cash on Delivery,Beauty,0
29,1263.5,8,1,1,3,9.53,1449,2,0,0.1326,0.1726,Debit Card,Beauty,0
22,486.38,7,2,2,4,13.33,1069,1,0,0.2124,0.3,UPI,Grocery,0
38,1433.4,4,0,0,4,13.84,1781,1,0,0.0894,0.0225,UPI,Grocery,0
40,1517.61,8,0,0,4,22.13,1836,3,0,0.0558,0.0327,UPI,Fashion,0
37,697.89,8,0,0,1,19.75,537,4,1,0.0895,0.0225,Debit Card,Home,0
24,1479.97,13,2,2,5,9.75,884,2,0,0.1907,0.1561,Debit Card,Fashion,0
27,2575.5,12,2,0,3,18.73,1806,3,0,0.1279,0.01,UPI,Fashion,0
36,579.41,10,0,0,3,4.01,631,2,0,0.0216,0.0489,Credit Card,Accessories,0
19,1404.85,7,0,0,2,21.29,1098,3,0,0.076,0.0642,UPI,Fashion,0
32,1888.72,6,0,0,5,7.72,681,6,1,0.1203,0.0219,Net Banking,Accessories,0
48,948.56,8,3,0,4,7.69,435,0,0,0.3047,0.0134,Cash on Delivery,Grocery,0
32,1418.48,6,0,0,3,10.08,601,3,3,0.2148,0.0134,Debit Card,Fashion,0
21,3185.96,10,0,0,5,4.29,618,0,0,0.0049,0.0239,UPI,Fashion,0
29,377.47,8,0,0,3,4.97,1403,3,2,0.1252,0.0222,UPI,Home,0
28,911.86,7,2,0,1,13.01,1598,1,0,0.224,0.0039,Credit Card,Grocery,0
53,2828.56,9,0,0,4,7.26,559,3,0,0.0403,0.0838,Cash on Delivery,Fashion,0
49,551.51,11,1,1,3,23.14,181,1,2,0.2208,0.09,Debit Card,Accessories,0
21,2564.74,7,3,2,4,19.51,276,5,5,0.4521,0.3013,Debit Card,Electronics,1
41,1739.0,15,1,1,4,26.25,1643,2,1,0.1406,0.106,Credit Card,Fashion,1
31,1630.87,8,0,0,4,8.75,323,0,0,0.0447,0.0088,Debit Card,Accessories,0
35,4484.11,8,4,1,4,8.79,869,6,1,0.4058,0.1429,Debit Card,Grocery,0
45,741.79,5,0,0,4,6.88,1017,3,0,0.0426,0.0897,Credit Card,Beauty,0
24,1336.0,7,1,0,4,12.91,1895,0,1,0.218,0.0345,Debit Card,Home,0
44,1122.09,8,1,0,4,12.55,311,2,1,0.1996,0.0423,UPI,Grocery,0
42,661.38,9,1,1,2,17.54,1198,0,0,0.1229,0.1477,Cash on Delivery,Electronics,0
33,1315.74,3,0,0,4,20.8,717,3,1,0.1224,0.078,Net Banking,Beauty,0
44,904.03,9,0,0,4,24.83,845,3,1,0.0536,0.0022,Cash on Delivery,Beauty,0
30,535.48,7,0,0,2,7.85,724,3,1,0.0635,0.0408,Cash on Delivery,Grocery,0
23,1586.08,10,0,0,3,15.88,433,3,0,0.0287,0.032,Credit Card,Home,0
43,1007.37,8,0,0,3,16.56,1212,4,1,0.0954,0.0139,Credit Card,Electronics,0
33,1384.51,6,1,0,2,6.03,817,3,0,0.1835,0.0453,Debit Card,Grocery,0
39,4037.01,7,0,0,4,19.55,413,1,2,0.1175,0.0,Credit Card,Fashion,1
50,1277.59,17,1,1,4,35.44,2418,7,2,0.1073,0.0712,Debit Card,Electronics,0
27,3338.79,2,0,0,2,12.98,649,3,0,0.1001,0.091,UPI,Beauty,0
33,1197.04,9,0,0,2,14.62,475,1,0,0.0258,0.0295,UPI,Electronics,0
27,2164.07,6,0,0,4,12.22,823,5,5,0.1978,0.0485,UPI,Electronics,1
48,748.46,7,0,0,1,4.25,882,3,0,0.0335,0.0414,UPI,Grocery,0
40,960.1,10,0,0,4,10.31,176,3,2,0.132,0.0359,Credit Card,Grocery,0
35,1809.45,5,1,1,7,13.6,193,4,1,0.2567,0.2087,Cash on Delivery,Grocery,1
28,1424.58,12,3,0,2,3.85,430,2,0,0.2042,0.026,Credit Card,Beauty,0
25,1821.29,8,0,0,3,21.13,995,1,2,0.1623,0.0597,Net Banking,Fashion,0
29,728.69,8,1,0,4,14.47,682,5,3,0.2284,0.0495,Credit Card,Electronics,0
27,809.02,5,0,0,2,8.32,48,3,1,0.064,0.0356,UPI,Accessories,0
27,991.4,4,0,0,5,23.38,413,3,2,0.1394,0.051,Net Banking,Accessories,1
36,1626.17,10,0,0,3,10.95,552,2,0,0.0508,0.0283,Cash on Delivery,Home,0
35,1001.97,11,0,0,4,30.26,617,2,0,0.0342,0.0371,Credit Card,Electronics,0
37,1728.83,13,1,0,4,7.93,938,3,1,0.0876,0.0541,Cash on Delivery,Home,0
38,3414.41,8,0,0,2,17.02,290,4,3,0.1888,0.0486,Cash on Delivery,Grocery,1
26,1123.89,6,0,0,3,9.1,1061,1,0,0.0663,0.0138,Credit Card,Grocery,0
33,1195.87,12,1,0,3,0.69,972,3,1,0.1601,0.0378,Credit Card,Fashion,1
18,2371.1,8,1,0,3,7.5,1262,2,1,0.1533,0.0255,Cash on Delivery,Beauty,0
35,634.51,6,0,0,3,5.69,811,4,2,0.1199,0.0425,Credit Card,Electronics,1
45,3921.09,9,0,0,4,14.92,463,2,1,0.0845,0.0251,Debit Card,Beauty,0
21,1542.31,11,0,0,2,10.38,1078,3,0,0.0233,0.0423,Debit Card,Beauty,0
38,1733.58,4,0,0,3,5.65,315,1,1,0.117,0.0806,UPI,Home,0
29,2020.04,7,0,0,3,10.61,1134,5,0,0.0627,0.0343,Credit Card,Home,0
41,1022.2,8,0,0,5,6.86,345,0,1,0.0921,0.0816,Credit Card,Electronics,0
35,1695.95,3,0,0,6,3.99,669,0,0,0.0978,0.0911,UPI,Electronics,0
38,642.85,4,0,0,4,4.43,1087,2,0,0.1127,0.052,UPI,Beauty,1
35,753.08,9,1,0,2,10.58,479,5,2,0.1317,0.0425,UPI,Home,0
46,1440.97,8,3,2,4,2.79,1659,2,0,0.2761,0.2393,UPI,Electronics,0
37,681.35,7,0,0,2,18.09,326,0,0,0.017,0.0528,UPI,Beauty,0
28,1668.33,2,0,0,4,21.97,874,3,1,0.1484,0.0915,Credit Card,Electronics,0
35,1223.71,7,0,0,4,12.5,752,4,1,0.0503,0.0312,Cash on Delivery,Fashion,0
31,586.32,7,1,0,3,37.19,952,2,0,0.1229,0.0423,Credit Card,Home,1
27,2744.6,12,3,1,7,26.47,62,2,2,0.3048,0.0982,Credit Card,Home,1
35,2861.56,11,2,0,3,13.9,718,1,0,0.1119,0.0389,UPI,Home,0
30,667.8,8,0,0,5,6.92,2523,0,1,0.1363,0.0289,Cash on Delivery,Fashion,1
18,1955.06,10,6,0,5,17.86,693,3,6,0.6472,0.0155,UPI,Grocery,1
28,667.53,6,2,0,3,15.77,1452,3,0,0.2322,0.043,UPI,Accessories,0
36,2195.77,9,0,0,4,10.26,979,0,0,0.0119,0.05,UPI,Fashion,0
35,1000.18,7,0,0,3,7.84,1725,2,1,0.0841,0.0406,Credit Card,Grocery,0
44,497.18,11,0,0,4,11.01,1059,1,2,0.1179,0.0,UPI,Accessories,0
31,1253.45,5,0,0,3,10.08,79,7,2,0.1265,0.0426,Cash on Delivery,Grocery,1
30,653.77,5,1,1,3,23.12,930,2,1,0.2378,0.1918,Credit Card,Electronics,0
18,3425.92,3,1,0,4,18.08,428,1,0,0.2697,0.0564,Credit Card,Fashion,0
18,1806.48,10,0,0,3,34.09,454,3,3,0.1616,0.0533,UPI,Beauty,0
18,4290.19,7,1,0,3,25.53,465,6,3,0.2241,0.0555,UPI,Fashion,1
31,1101.68,5,0,0,3,33.94,1667,0,2,0.2456,0.0621,Credit Card,Home,0
19,790.04,15,0,0,1,12.13,215,2,1,0.1119,0.0304,Net Banking,Beauty,0
38,1567.55,12,0,0,4,9.17,1261,1,0,0.0,0.0332,Cash on Delivery,Fashion,1
19,988.17,3,0,0,6,15.05,1169,3,0,0.0941,0.0693,Credit Card,Home,0
25,733.83,11,0,0,4,13.56,1115,6,3,0.1312,0.0385,Debit Card,Fashion,0
31,1753.17,6,1,0,3,18.29,248,2,2,0.2668,0.0413,Cash on Delivery,Home,1
48,1648.61,8,1,0,2,6.09,715,0,0,0.14,0.0258,UPI,Home,0
24,1286.35,6,1,1,3,13.33,722,4,0,0.1846,0.1833,Credit Card,Electronics,0
34,2042.36,6,0,0,3,14.97,626,4,0,0.0725,0.0415,Credit Card,Electronics,0
39,1809.65,3,1,0,4,14.08,221,1,1,0.3414,0.0663,UPI,Electronics,0
47,1857.39,8,0,0,6,13.06,696,3,1,0.0706,0.0839,UPI,Grocery,1
41,349.73,7,0,0,3,3.82,451,7,1,0.1043,0.0288,UPI,Fashion,0
44,656.12,6,0,0,2,13.77,994,1,1,0.0928,0.0607,UPI,Electronics,1
42,973.81,6,0,0,5,27.6,1099,3,0,0.0543,0.0317,Cash on Delivery,Accessories,0
23,1902.29,8,1,0,4,15.16,771,1,1,0.206,0.026,Debit Card,Fashion,0
22,1350.14,6,2,2,4,20.03,163,5,0,0.2569,0.324,UPI,Grocery,1
37,1129.34,6,0,0,1,10.77,637,2,0,0.0251,0.0359,Debit Card,Fashion,1
42,931.55,6,0,0,3,3.3,384,3,0,0.0621,0.0417,UPI,Beauty,0
25,2184.59,11,0,0,1,7.7,450,2,1,0.0717,0.0529,Credit Card,Grocery,1
29,1862.14,6,0,0,3,14.71,1117,3,2,0.1256,0.038,UPI,Accessories,0
27,2140.14,8,0,0,4,1.57,419,3,0,0.0857,0.0093,Credit Card,Accessories,0
41,1510.24,8,0,0,2,22.95,1485,1,0,0.0106,0.0078,Cash on Delivery,Electronics,0
33,2291.17,13,1,0,3,12.04,1057,0,1,0.1637,0.0,UPI,Fashion,0
31,1728.78,7,0,0,2,6.02,807,0,0,0.0472,0.0553,UPI,Electronics,0
22,2221.46,7,0,0,3,22.31,1045,3,1,0.127,0.0515,UPI,Grocery,0
33,742.98,6,0,0,2,10.18,582,0,1,0.1454,0.0613,UPI,Electronics,1
29,2341.54,11,0,0,3,10.61,1555,3,1,0.0788,0.0,Debit Card,Home,0
36,1428.81,7,0,0,3,23.39,219,3,1,0.1221,0.0254,UPI,Electronics,0
24,1387.44,10,0,0,4,23.13,861,0,2,0.2233,0.0263,UPI,Grocery,0
36,2062.24,7,1,0,3,22.37,310,2,0,0.1514,0.0412,Credit Card,Electronics,0
30,2829.31,3,0,0,2,6.87,1109,2,0,0.1013,0.0831,Credit Card,Grocery,0
21,817.75,7,3,1,7,29.79,278,2,0,0.3483,0.1636,UPI,Electronics,1
25,4245.79,9,0,0,6,22.07,357,7,1,0.0621,0.0,Credit Card,Accessories,0
23,2248.77,3,0,0,4,7.84,789,3,1,0.1569,0.0379,UPI,Fashion,0
22,389.21,6,0,0,4,8.8,1078,3,1,0.0721,0.0349,UPI,Accessories,0
23,1045.49,9,1,0,6,6.54,303,4,0,0.1125,0.0232,Credit Card,Electronics,0
21,1900.44,4,1,0,4,25.71,507,5,0,0.1846,0.0736,UPI,Electronics,1
32,1393.64,3,0,0,5,7.99,1629,3,0,0.0939,0.0902,UPI,Electronics,0
35,1463.91,12,0,0,2,9.17,355,2,1,0.0692,0.0267,UPI,Accessories,0
36,851.46,7,0,0,1,12.52,544,1,1,0.106,0.0252,Debit Card,Accessories,1
37,1814.0,5,1,0,2,6.61,1268,1,1,0.2902,0.0562,Net Banking,Grocery,0
27,1450.17,6,2,0,6,12.45,996,2,0,0.2277,0.0218,Debit Card,Fashion,0
44,2734.45,9,2,0,4,18.24,931,4,0,0.2275,0.0011,Debit Card,Grocery,0
30,2133.41,10,0,0,2,14.73,970,4,0,0.0375,0.0019,UPI,Home,0
38,3043.06,9,0,0,5,13.31,171,3,0,0.017,0.0173,Credit Card,Fashion,0
18,1428.02,3,2,2,5,50.12,413,2,2,0.5197,0.5417,Credit Card,Fashion,1
33,767.47,7,0,0,2,9.41,309,3,1,0.0856,0.0485,UPI,Fashion,0
41,868.02,6,3,0,2,37.52,668,1,2,0.4828,0.0689,Cash on Delivery,Electronics,0
37,1104.61,7,1,0,4,2.01,406,2,1,0.2305,0.025,Cash on Delivery,Grocery,0
32,1846.13,9,0,0,1,9.48,503,1,0,0.0562,0.0395,Cash on Delivery,Grocery,0
38,1363.89,15,0,0,1,2.56,731,0,1,0.1394,0.0228,UPI,Electronics,0
34,525.06,3,0,0,3,17.62,270,1,0,0.1442,0.0893,UPI,Accessories,1
41,3205.86,9,3,2,2,20.55,174,2,1,0.3526,0.2468,Credit Card,Fashion,1
27,758.4,8,1,0,3,14.68,282,3,0,0.1519,0.0335,Credit Card,Accessories,0
18,3301.52,8,0,0,3,6.8,1320,3,0,0.0599,0.0096,UPI,Electronics,0
24,1491.09,7,1,1,6,8.41,154,5,1,0.1633,0.1322,Cash on Delivery,Accessories,0
25,880.39,12,0,0,4,18.31,208,1,0,0.0023,0.0053,UPI,Home,0
44,431.69,8,0,0,3,34.91,421,0,0,0.0515,0.0164,Debit Card,Home,0
33,1607.15,8,0,0,2,6.6,685,0,0,0.0692,0.0463,UPI,Beauty,0
35,1986.13,7,0,0,1,5.95,679,1,1,0.1155,0.055,Credit Card,Beauty,0
25,501.13,6,2,0,3,25.11,1065,2,1,0.3279,0.0491,Debit Card,Accessories,0
35,1925.37,8,1,1,4,12.71,528,1,2,0.2944,0.1524,UPI,Fashion,0
25,998.3,9,0,0,6,7.68,606,4,0,0.0369,0.037,Debit Card,Fashion,0
26,2302.72,5,0,0,4,13.16,679,0,0,0.0498,0.0745,Credit Card,Accessories,0
30,2997.36,9,0,0,5,0.74,823,1,1,0.1363,0.0325,Debit Card,Fashion,1
38,1202.19,7,0,0,3,32.33,877,2,0,0.0337,0.0556,Debit Card,Fashion,0
18,942.3,10,1,1,4,37.89,411,5,2,0.1863,0.1033,Debit Card,Grocery,1
26,5583.25,7,3,1,4,33.52,134,4,3,0.4391,0.1762,UPI,Grocery,1
39,1263.73,9,0,0,4,10.28,404,4,0,0.068,0.0354,Cash on Delivery,Home,0
39,1549.0,13,0,0,3,10.87,626,0,1,0.0718,0.0264,Debit Card,Beauty,0
20,1435.81,11,2,0,3,9.23,734,4,0,0.1413,0.0415,Debit Card,Electronics,1
34,485.41,6,0,0,2,30.16,1189,3,1,0.1069,0.0687,Debit Card,Electronics,0
20,1922.81,5,1,1,3,25.34,524,6,4,0.2943,0.2262,Credit Card,Fashion,1
32,825.08,4,0,0,2,19.0,349,2,1,0.1322,0.0094,Cash on Delivery,Grocery,1
20,1152.99,12,3,0,4,5.63,1608,0,1,0.3242,0.0339,UPI,Accessories,0
34,2292.66,12,0,0,3,4.93,587,2,1,0.0582,0.0245,Credit Card,Fashion,0
32,1085.9,5,0,0,5,16.44,628,4,2,0.1502,0.0514,UPI,Home,1
39,807.46,10,0,0,3,22.31,309,2,0,0.0304,0.0,UPI,Home,0
35,2166.3,10,1,0,2,8.4,682,2,2,0.2113,0.058,UPI,Accessories,0
29,883.81,7,1,0,2,12.93,248,0,1,0.2144,0.0303,Debit Card,Home,0
22,3681.83,8,0,0,3,16.56,378,4,1,0.0635,0.0187,Cash on Delivery,Beauty,0
42,2388.51,10,1,1,3,23.05,1187,2,0,0.1113,0.1312,Net Banking,Electronics,0
18,2288.89,8,0,0,5,18.8,1800,3,0,0.0616,0.0101,UPI,Fashion,0
33,2547.5,8,1,0,3,11.89,982,5,0,0.1129,0.0283,Debit Card,Home,0
18,625.2,6,0,0,2,19.1,1304,1,0,0.1241,0.0366,UPI,Accessories,0
26,1099.43,6,0,0,4,18.58,1262,0,2,0.2119,0.0345,Net Banking,Fashion,0
39,621.37,3,0,0,3,10.2,976,6,1,0.1393,0.0906,Debit Card,Beauty,0
23,648.99,10,0,0,4,21.24,1086,1,0,0.0856,0.0013,Credit Card,Beauty,0
21,860.92,7,0,0,3,23.31,803,2,0,0.0405,0.0484,UPI,Home,0
55,1853.17,3,0,0,4,22.74,1015,1,1,0.1787,0.0934,Credit Card,Home,0
22,1013.11,6,0,0,4,20.85,963,0,0,0.0809,0.0432,UPI,Accessories,0
49,3331.66,10,0,0,1,1.52,1418,5,0,0.0,0.0272,UPI,Fashion,0
35,1345.49,3,1,0,4,33.68,382,8,4,0.3571,0.0767,UPI,Home,1
32,1783.81,12,2,1,3,16.19,762,5,1,0.2073,0.1066,Cash on Delivery,Grocery,1
29,2676.33,11,3,1,4,4.44,1805,1,0,0.1861,0.0887,UPI,Fashion,1
39,1678.85,10,0,0,5,11.21,745,3,1,0.0872,0.0,UPI,Home,0
46,951.34,1,0,0,5,16.53,635,0,0,0.1943,0.1617,Credit Card,Fashion,0
24,1868.09,8,0,0,4,21.36,1329,1,1,0.1038,0.0,Debit Card,Electronics,0
29,1360.57,6,0,0,4,5.42,773,3,0,0.0457,0.0435,Debit Card,Accessories,0
25,1469.43,5,0,0,4,9.28,177,3,0,0.0483,0.0039,Credit Card,Fashion,0
20,3371.58,11,0,0,3,31.42,650,5,0,0.0,0.0255,UPI,Fashion,0
42,827.44,4,0,0,2,20.14,579,1,0,0.092,0.0989,UPI,Electronics,1
37,1536.63,9,1,0,2,7.71,482,2,1,0.1764,0.0197,Cash on Delivery,Accessories,0
44,492.04,8,0,0,2,17.31,748,2,0,0.0514,0.0346,UPI,Fashion,0
39,721.37,9,0,0,2,5.44,602,2,1,0.0503,0.0267,Debit Card,Electronics,0
50,692.34,10,2,0,3,10.51,1333,5,1,0.2287,0.0564,Credit Card,Home,0
36,1778.81,7,1,1,1,9.51,1113,1,0,0.1529,0.1958,UPI,Fashion,0
36,4056.2,8,2,0,4,25.69,947,3,1,0.2096,0.017,UPI,Beauty,0
37,1499.64,9,0,0,3,5.66,2326,5,0,0.0579,0.0274,Net Banking,Accessories,1
33,3458.89,8,0,0,4,22.45,1437,1,0,0.0712,0.0532,Cash on Delivery,Electronics,0
